regime,scope,system,seed,t,l1_from_matched,prior_neg,prior_neu,prior_pos,macro_f1
lodo,Finance,full,s100,0.0,0.0,0.348,0.294,0.358,0.746979709135406
lodo,Finance,full,s100,0.1,0.0512,0.3412,0.3196,0.3392,0.748811047382436
lodo,Finance,full,s100,0.2,0.1024,0.3344,0.3452,0.3204,0.7498455487069675
lodo,Finance,full,s100,0.3,0.1536,0.3276,0.3708,0.3016,0.7501404326797169
lodo,Finance,full,s100,0.4,0.2048,0.3208,0.3964,0.2828,0.7497264695505176
lodo,Finance,full,s100,0.5,0.256,0.314,0.422,0.264,0.7486107244839952
lodo,Finance,full,s100,0.6,0.3072,0.3072,0.4476,0.2452,0.7467772181714653
lodo,Finance,full,s100,0.7,0.3584,0.3004,0.4732,0.2264,0.7441856084312856
lodo,Finance,full,s100,0.8,0.4096,0.2936,0.4988,0.2076,0.7407676722824391
lodo,Finance,full,s100,0.9,0.4608,0.2868,0.5244,0.1888,0.7364209820524926
lodo,Finance,full,s100,1.0,0.512,0.28,0.55,0.17,0.7309986087368818
lodo,Finance,full,s13,0.0,0.0,0.348,0.294,0.358,0.7572560844294672
lodo,Finance,full,s13,0.1,0.0512,0.3412,0.3196,0.3392,0.7604903381849923
lodo,Finance,full,s13,0.2,0.1024,0.3344,0.3452,0.3204,0.7630158569988552
lodo,Finance,full,s13,0.3,0.1536,0.3276,0.3708,0.3016,0.7649080219674526
lodo,Finance,full,s13,0.4,0.2048,0.3208,0.3964,0.2828,0.7662176673721323
lodo,Finance,full,s13,0.5,0.256,0.314,0.422,0.264,0.766974571749488
lodo,Finance,full,s13,0.6,0.3072,0.3072,0.4476,0.2452,0.767188939873768
lodo,Finance,full,s13,0.7,0.3584,0.3004,0.4732,0.2264,0.7668510098165995
lodo,Finance,full,s13,0.8,0.4096,0.2936,0.4988,0.2076,0.7659285665252152
lodo,Finance,full,s13,0.9,0.4608,0.2868,0.5244,0.1888,0.7643616929854077
lodo,Finance,full,s13,1.0,0.512,0.28,0.55,0.17,0.7620533717354595
lodo,Finance,full,s21,0.0,0.0,0.348,0.294,0.358,0.739961846413748
lodo,Finance,full,s21,0.1,0.0512,0.3412,0.3196,0.3392,0.7409635575290121
lodo,Finance,full,s21,0.2,0.1024,0.3344,0.3452,0.3204,0.7411887864727268
lodo,Finance,full,s21,0.3,0.1536,0.3276,0.3708,0.3016,0.7406877150962149
lodo,Finance,full,s21,0.4,0.2048,0.3208,0.3964,0.2828,0.739484374952457
lodo,Finance,full,s21,0.5,0.256,0.314,0.422,0.264,0.7375793970366953
lodo,Finance,full,s21,0.6,0.3072,0.3072,0.4476,0.2452,0.7349506813761318
lodo,Finance,full,s21,0.7,0.3584,0.3004,0.4732,0.2264,0.73155213823639
lodo,Finance,full,s21,0.8,0.4096,0.2936,0.4988,0.2076,0.7273103394855399
lodo,Finance,full,s21,0.9,0.4608,0.2868,0.5244,0.1888,0.7221185689604707
lodo,Finance,full,s21,1.0,0.512,0.28,0.55,0.17,0.7158272774271639
lodo,Finance,full,s42,0.0,0.0,0.348,0.294,0.358,0.727028058499192
lodo,Finance,full,s42,0.1,0.0512,0.3412,0.3196,0.3392,0.7298177316262112
lodo,Finance,full,s42,0.2,0.1024,0.3344,0.3452,0.3204,0.7317670165993286
lodo,Finance,full,s42,0.3,0.1536,0.3276,0.3708,0.3016,0.7329376025743691
lodo,Finance,full,s42,0.4,0.2048,0.3208,0.3964,0.2828,0.733365683422594
lodo,Finance,full,s42,0.5,0.256,0.314,0.422,0.264,0.7330643562856644
lodo,Finance,full,s42,0.6,0.3072,0.3072,0.4476,0.2452,0.7320241465232936
lodo,Finance,full,s42,0.7,0.3584,0.3004,0.4732,0.2264,0.7302116912559701
lodo,Finance,full,s42,0.8,0.4096,0.2936,0.4988,0.2076,0.7275663240245418
lodo,Finance,full,s42,0.9,0.4608,0.2868,0.5244,0.1888,0.7239939380536956
lodo,Finance,full,s42,1.0,0.512,0.28,0.55,0.17,0.7193569571271518
lodo,Finance,full,s87,0.0,0.0,0.348,0.294,0.358,0.761222918088083
lodo,Finance,full,s87,0.1,0.0512,0.3412,0.3196,0.3392,0.7646755538728863
lodo,Finance,full,s87,0.2,0.1024,0.3344,0.3452,0.3204,0.7674214285661968
lodo,Finance,full,s87,0.3,0.1536,0.3276,0.3708,0.3016,0.7695418778918398
lodo,Finance,full,s87,0.4,0.2048,0.3208,0.3964,0.2828,0.7710943613643048
lodo,Finance,full,s87,0.5,0.256,0.314,0.422,0.264,0.7721162381285348
lodo,Finance,full,s87,0.6,0.3072,0.3072,0.4476,0.2452,0.7726266358548713
lodo,Finance,full,s87,0.7,0.3584,0.3004,0.4732,0.2264,0.7726265830654128
lodo,Finance,full,s87,0.8,0.4096,0.2936,0.4988,0.2076,0.7720972461956425
lodo,Finance,full,s87,0.9,0.4608,0.2868,0.5244,0.1888,0.7709956955000369
lodo,Finance,full,s87,1.0,0.512,0.28,0.55,0.17,0.7692469539848034
lodo,Finance,full_midinject,s100,0.0,0.0,0.348,0.294,0.358,0.7634997842303144
lodo,Finance,full_midinject,s100,0.1,0.0512,0.3412,0.3196,0.3392,0.7652677258344248
lodo,Finance,full_midinject,s100,0.2,0.1024,0.3344,0.3452,0.3204,0.7663024768755525
lodo,Finance,full_midinject,s100,0.3,0.1536,0.3276,0.3708,0.3016,0.7666616704066417
lodo,Finance,full_midinject,s100,0.4,0.2048,0.3208,0.3964,0.2828,0.766376897865062
lodo,Finance,full_midinject,s100,0.5,0.256,0.314,0.422,0.264,0.7654566393800898
lodo,Finance,full_midinject,s100,0.6,0.3072,0.3072,0.4476,0.2452,0.7638870080550424
lodo,Finance,full_midinject,s100,0.7,0.3584,0.3004,0.4732,0.2264,0.7616304268461779
lodo,Finance,full_midinject,s100,0.8,0.4096,0.2936,0.4988,0.2076,0.7586219903032286
lodo,Finance,full_midinject,s100,0.9,0.4608,0.2868,0.5244,0.1888,0.7547628216224661
lodo,Finance,full_midinject,s100,1.0,0.512,0.28,0.55,0.17,0.7499090759963479
lodo,Finance,full_midinject,s13,0.0,0.0,0.348,0.294,0.358,0.759208457172412
lodo,Finance,full_midinject,s13,0.1,0.0512,0.3412,0.3196,0.3392,0.76327586823461
lodo,Finance,full_midinject,s13,0.2,0.1024,0.3344,0.3452,0.3204,0.7666215259437172
lodo,Finance,full_midinject,s13,0.3,0.1536,0.3276,0.3708,0.3016,0.7693274027112224
lodo,Finance,full_midinject,s13,0.4,0.2048,0.3208,0.3964,0.2828,0.7714512328772264
lodo,Finance,full_midinject,s13,0.5,0.256,0.314,0.422,0.264,0.7730301256906769
lodo,Finance,full_midinject,s13,0.6,0.3072,0.3072,0.4476,0.2452,0.7740822641763705
lodo,Finance,full_midinject,s13,0.7,0.3584,0.3004,0.4732,0.2264,0.7746068246258161
lodo,Finance,full_midinject,s13,0.8,0.4096,0.2936,0.4988,0.2076,0.7745819183218486
lodo,Finance,full_midinject,s13,0.9,0.4608,0.2868,0.5244,0.1888,0.7739599249593834
lodo,Finance,full_midinject,s13,1.0,0.512,0.28,0.55,0.17,0.7726588870449062
lodo,Finance,full_midinject,s21,0.0,0.0,0.348,0.294,0.358,0.7505718599706933
lodo,Finance,full_midinject,s21,0.1,0.0512,0.3412,0.3196,0.3392,0.7535268109313927
lodo,Finance,full_midinject,s21,0.2,0.1024,0.3344,0.3452,0.3204,0.755806380221354
lodo,Finance,full_midinject,s21,0.3,0.1536,0.3276,0.3708,0.3016,0.7574875889386785
lodo,Finance,full_midinject,s21,0.4,0.2048,0.3208,0.3964,0.2828,0.7586240637511037
lodo,Finance,full_midinject,s21,0.5,0.256,0.314,0.422,0.264,0.7592497511819504
lodo,Finance,full_midinject,s21,0.6,0.3072,0.3072,0.4476,0.2452,0.7593807150110853
lodo,Finance,full_midinject,s21,0.7,0.3584,0.3004,0.4732,0.2264,0.7590151943795811
lodo,Finance,full_midinject,s21,0.8,0.4096,0.2936,0.4988,0.2076,0.7581317656772449
lodo,Finance,full_midinject,s21,0.9,0.4608,0.2868,0.5244,0.1888,0.7566850313305759
lodo,Finance,full_midinject,s21,1.0,0.512,0.28,0.55,0.17,0.7545975876897124
lodo,Finance,full_midinject,s42,0.0,0.0,0.348,0.294,0.358,0.7616075429790752
lodo,Finance,full_midinject,s42,0.1,0.0512,0.3412,0.3196,0.3392,0.7643560665083671
lodo,Finance,full_midinject,s42,0.2,0.1024,0.3344,0.3452,0.3204,0.7663688525072921
lodo,Finance,full_midinject,s42,0.3,0.1536,0.3276,0.3708,0.3016,0.7677158483555003
lodo,Finance,full_midinject,s42,0.4,0.2048,0.3208,0.3964,0.2828,0.7684412133027031
lodo,Finance,full_midinject,s42,0.5,0.256,0.314,0.422,0.264,0.7685666012528062
lodo,Finance,full_midinject,s42,0.6,0.3072,0.3072,0.4476,0.2452,0.7680922989936348
lodo,Finance,full_midinject,s42,0.7,0.3584,0.3004,0.4732,0.2264,0.7669963322047201
lodo,Finance,full_midinject,s42,0.8,0.4096,0.2936,0.4988,0.2076,0.7652312763795273
lodo,Finance,full_midinject,s42,0.9,0.4608,0.2868,0.5244,0.1888,0.7627180347280494
lodo,Finance,full_midinject,s42,1.0,0.512,0.28,0.55,0.17,0.7593351003903016
lodo,Finance,full_midinject,s87,0.0,0.0,0.348,0.294,0.358,0.7693114336588955
lodo,Finance,full_midinject,s87,0.1,0.0512,0.3412,0.3196,0.3392,0.771865395571686
lodo,Finance,full_midinject,s87,0.2,0.1024,0.3344,0.3452,0.3204,0.7737170646655572
lodo,Finance,full_midinject,s87,0.3,0.1536,0.3276,0.3708,0.3016,0.7749382824689904
lodo,Finance,full_midinject,s87,0.4,0.2048,0.3208,0.3964,0.2828,0.7755763013244215
lodo,Finance,full_midinject,s87,0.5,0.256,0.314,0.422,0.264,0.7756572201609829
lodo,Finance,full_midinject,s87,0.6,0.3072,0.3072,0.4476,0.2452,0.7751873602116214
lodo,Finance,full_midinject,s87,0.7,0.3584,0.3004,0.4732,0.2264,0.7741527129038994
lodo,Finance,full_midinject,s87,0.8,0.4096,0.2936,0.4988,0.2076,0.772516224273445
lodo,Finance,full_midinject,s87,0.9,0.4608,0.2868,0.5244,0.1888,0.7702122108472569
lodo,Finance,full_midinject,s87,1.0,0.512,0.28,0.55,0.17,0.7671364530411187
lodo,Finance,mdeberta_dapt,s100,0.0,0.0,0.348,0.294,0.358,0.7609989288672105
lodo,Finance,mdeberta_dapt,s100,0.1,0.0512,0.3412,0.3196,0.3392,0.7626459578337851
lodo,Finance,mdeberta_dapt,s100,0.2,0.1024,0.3344,0.3452,0.3204,0.7636490209531139
lodo,Finance,mdeberta_dapt,s100,0.3,0.1536,0.3276,0.3708,0.3016,0.7640744836304227
lodo,Finance,mdeberta_dapt,s100,0.4,0.2048,0.3208,0.3964,0.2828,0.7639653782862807
lodo,Finance,mdeberta_dapt,s100,0.5,0.256,0.314,0.422,0.264,0.7633448202446136
lodo,Finance,mdeberta_dapt,s100,0.6,0.3072,0.3072,0.4476,0.2452,0.762217387260494
lodo,Finance,mdeberta_dapt,s100,0.7,0.3584,0.3004,0.4732,0.2264,0.7605686186430957
lodo,Finance,mdeberta_dapt,s100,0.8,0.4096,0.2936,0.4988,0.2076,0.758362417901807
lodo,Finance,mdeberta_dapt,s100,0.9,0.4608,0.2868,0.5244,0.1888,0.7555356748043237
lodo,Finance,mdeberta_dapt,s100,1.0,0.512,0.28,0.55,0.17,0.7519886767297268
lodo,Finance,mdeberta_dapt,s13,0.0,0.0,0.348,0.294,0.358,0.7899697711510735
lodo,Finance,mdeberta_dapt,s13,0.1,0.0512,0.3412,0.3196,0.3392,0.7909305907199354
lodo,Finance,mdeberta_dapt,s13,0.2,0.1024,0.3344,0.3452,0.3204,0.7912247811431352
lodo,Finance,mdeberta_dapt,s13,0.3,0.1536,0.3276,0.3708,0.3016,0.7909027693554683
lodo,Finance,mdeberta_dapt,s13,0.4,0.2048,0.3208,0.3964,0.2828,0.7899900300322193
lodo,Finance,mdeberta_dapt,s13,0.5,0.256,0.314,0.422,0.264,0.7884898884404872
lodo,Finance,mdeberta_dapt,s13,0.6,0.3072,0.3072,0.4476,0.2452,0.7863840898535589
lodo,Finance,mdeberta_dapt,s13,0.7,0.3584,0.3004,0.4732,0.2264,0.7836312520817185
lodo,Finance,mdeberta_dapt,s13,0.8,0.4096,0.2936,0.4988,0.2076,0.7801629189357725
lodo,Finance,mdeberta_dapt,s13,0.9,0.4608,0.2868,0.5244,0.1888,0.7758764468822162
lodo,Finance,mdeberta_dapt,s13,1.0,0.512,0.28,0.55,0.17,0.7706232191867319
lodo,Finance,mdeberta_dapt,s21,0.0,0.0,0.348,0.294,0.358,0.7886983429076152
lodo,Finance,mdeberta_dapt,s21,0.1,0.0512,0.3412,0.3196,0.3392,0.7912440838272973
lodo,Finance,mdeberta_dapt,s21,0.2,0.1024,0.3344,0.3452,0.3204,0.7931128594862867
lodo,Finance,mdeberta_dapt,s21,0.3,0.1536,0.3276,0.3708,0.3016,0.7943714702942879
lodo,Finance,mdeberta_dapt,s21,0.4,0.2048,0.3208,0.3964,0.2828,0.7950614717924157
lodo,Finance,mdeberta_dapt,s21,0.5,0.256,0.314,0.422,0.264,0.7952025545342915
lodo,Finance,mdeberta_dapt,s21,0.6,0.3072,0.3072,0.4476,0.2452,0.7947937267313239
lodo,Finance,mdeberta_dapt,s21,0.7,0.3584,0.3004,0.4732,0.2264,0.7938124418129675
lodo,Finance,mdeberta_dapt,s21,0.8,0.4096,0.2936,0.4988,0.2076,0.792211418214972
lodo,Finance,mdeberta_dapt,s21,0.9,0.4608,0.2868,0.5244,0.1888,0.7899124057273045
lodo,Finance,mdeberta_dapt,s21,1.0,0.512,0.28,0.55,0.17,0.786795380432574
lodo,Finance,mdeberta_dapt,s42,0.0,0.0,0.348,0.294,0.358,0.7532333656236636
lodo,Finance,mdeberta_dapt,s42,0.1,0.0512,0.3412,0.3196,0.3392,0.7548916538894912
lodo,Finance,mdeberta_dapt,s42,0.2,0.1024,0.3344,0.3452,0.3204,0.755844878270317
lodo,Finance,mdeberta_dapt,s42,0.3,0.1536,0.3276,0.3708,0.3016,0.7561549548734311
lodo,Finance,mdeberta_dapt,s42,0.4,0.2048,0.3208,0.3964,0.2828,0.7558590830294983
lodo,Finance,mdeberta_dapt,s42,0.5,0.256,0.314,0.422,0.264,0.7549727426374261
lodo,Finance,mdeberta_dapt,s42,0.6,0.3072,0.3072,0.4476,0.2452,0.7534905897027828
lodo,Finance,mdeberta_dapt,s42,0.7,0.3584,0.3004,0.4732,0.2264,0.7513853450080598
lodo,Finance,mdeberta_dapt,s42,0.8,0.4096,0.2936,0.4988,0.2076,0.7486043962723055
lodo,Finance,mdeberta_dapt,s42,0.9,0.4608,0.2868,0.5244,0.1888,0.7450633584401279
lodo,Finance,mdeberta_dapt,s42,1.0,0.512,0.28,0.55,0.17,0.7406350899452327
lodo,Finance,mdeberta_dapt,s87,0.0,0.0,0.348,0.294,0.358,0.7723721402601281
lodo,Finance,mdeberta_dapt,s87,0.1,0.0512,0.3412,0.3196,0.3392,0.7731976093094319
lodo,Finance,mdeberta_dapt,s87,0.2,0.1024,0.3344,0.3452,0.3204,0.7733180041187492
lodo,Finance,mdeberta_dapt,s87,0.3,0.1536,0.3276,0.3708,0.3016,0.7727809132261775
lodo,Finance,mdeberta_dapt,s87,0.4,0.2048,0.3208,0.3964,0.2828,0.7716084445282817
lodo,Finance,mdeberta_dapt,s87,0.5,0.256,0.314,0.422,0.264,0.7697998634904287
lodo,Finance,mdeberta_dapt,s87,0.6,0.3072,0.3072,0.4476,0.2452,0.7673320317239539
lodo,Finance,mdeberta_dapt,s87,0.7,0.3584,0.3004,0.4732,0.2264,0.7641577588270175
lodo,Finance,mdeberta_dapt,s87,0.8,0.4096,0.2936,0.4988,0.2076,0.7602018078843494
lodo,Finance,mdeberta_dapt,s87,0.9,0.4608,0.2868,0.5244,0.1888,0.7553538517296001
lodo,Finance,mdeberta_dapt,s87,1.0,0.512,0.28,0.55,0.17,0.749457022869847
lodo,Finance,mdeberta_ft,s100,0.0,0.0,0.348,0.294,0.358,0.7786895934861303
lodo,Finance,mdeberta_ft,s100,0.1,0.0512,0.3412,0.3196,0.3392,0.7794028949507353
lodo,Finance,mdeberta_ft,s100,0.2,0.1024,0.3344,0.3452,0.3204,0.7795523149405826
lodo,Finance,mdeberta_ft,s100,0.3,0.1536,0.3276,0.3708,0.3016,0.7791911152090475
lodo,Finance,mdeberta_ft,s100,0.4,0.2048,0.3208,0.3964,0.2828,0.7783508629349029
lodo,Finance,mdeberta_ft,s100,0.5,0.256,0.314,0.422,0.264,0.7770444640228713
lodo,Finance,mdeberta_ft,s100,0.6,0.3072,0.3072,0.4476,0.2452,0.7752671727019523
lodo,Finance,mdeberta_ft,s100,0.7,0.3584,0.3004,0.4732,0.2264,0.7729957260927384
lodo,Finance,mdeberta_ft,s100,0.8,0.4096,0.2936,0.4988,0.2076,0.7701853669325512
lodo,Finance,mdeberta_ft,s100,0.9,0.4608,0.2868,0.5244,0.1888,0.7667640379906363
lodo,Finance,mdeberta_ft,s100,1.0,0.512,0.28,0.55,0.17,0.762622270966555
lodo,Finance,mdeberta_ft,s13,0.0,0.0,0.348,0.294,0.358,0.8001789437027234
lodo,Finance,mdeberta_ft,s13,0.1,0.0512,0.3412,0.3196,0.3392,0.800254145981801
lodo,Finance,mdeberta_ft,s13,0.2,0.1024,0.3344,0.3452,0.3204,0.7997203400243955
lodo,Finance,mdeberta_ft,s13,0.3,0.1536,0.3276,0.3708,0.3016,0.7986164671576876
lodo,Finance,mdeberta_ft,s13,0.4,0.2048,0.3208,0.3964,0.2828,0.7969581375283344
lodo,Finance,mdeberta_ft,s13,0.5,0.256,0.314,0.422,0.264,0.7947400233694135
lodo,Finance,mdeberta_ft,s13,0.6,0.3072,0.3072,0.4476,0.2452,0.7919360829695283
lodo,Finance,mdeberta_ft,s13,0.7,0.3584,0.3004,0.4732,0.2264,0.7884977165653849
lodo,Finance,mdeberta_ft,s13,0.8,0.4096,0.2936,0.4988,0.2076,0.7843495584612429
lodo,Finance,mdeberta_ft,s13,0.9,0.4608,0.2868,0.5244,0.1888,0.7793821295396243
lodo,Finance,mdeberta_ft,s13,1.0,0.512,0.28,0.55,0.17,0.7734398476781
lodo,Finance,mdeberta_ft,s42,0.0,0.0,0.348,0.294,0.358,0.7715563730955305
lodo,Finance,mdeberta_ft,s42,0.1,0.0512,0.3412,0.3196,0.3392,0.7723266550940019
lodo,Finance,mdeberta_ft,s42,0.2,0.1024,0.3344,0.3452,0.3204,0.7723772193885793
lodo,Finance,mdeberta_ft,s42,0.3,0.1536,0.3276,0.3708,0.3016,0.771756729149458
lodo,Finance,mdeberta_ft,s42,0.4,0.2048,0.3208,0.3964,0.2828,0.7704881855122903
lodo,Finance,mdeberta_ft,s42,0.5,0.256,0.314,0.422,0.264,0.7685716527413762
lodo,Finance,mdeberta_ft,s42,0.6,0.3072,0.3072,0.4476,0.2452,0.7659847991013805
lodo,Finance,mdeberta_ft,s42,0.7,0.3584,0.3004,0.4732,0.2264,0.7626813845361861
lodo,Finance,mdeberta_ft,s42,0.8,0.4096,0.2936,0.4988,0.2076,0.7585874654677575
lodo,Finance,mdeberta_ft,s42,0.9,0.4608,0.2868,0.5244,0.1888,0.753594665572065
lodo,Finance,mdeberta_ft,s42,1.0,0.512,0.28,0.55,0.17,0.747549249339109
lodo,Finance,xlmr_dapt,s100,0.0,0.0,0.348,0.294,0.358,0.7793618019252229
lodo,Finance,xlmr_dapt,s100,0.1,0.0512,0.3412,0.3196,0.3392,0.7821809568378372
lodo,Finance,xlmr_dapt,s100,0.2,0.1024,0.3344,0.3452,0.3204,0.7843438836876784
lodo,Finance,xlmr_dapt,s100,0.3,0.1536,0.3276,0.3708,0.3016,0.7859223788229541
lodo,Finance,xlmr_dapt,s100,0.4,0.2048,0.3208,0.3964,0.2828,0.7869640427199128
lodo,Finance,xlmr_dapt,s100,0.5,0.256,0.314,0.422,0.264,0.7874958865447921
lodo,Finance,xlmr_dapt,s100,0.6,0.3072,0.3072,0.4476,0.2452,0.7875258567872429
lodo,Finance,xlmr_dapt,s100,0.7,0.3584,0.3004,0.4732,0.2264,0.7870424449016887
lodo,Finance,xlmr_dapt,s100,0.8,0.4096,0.2936,0.4988,0.2076,0.7860121733720021
lodo,Finance,xlmr_dapt,s100,0.9,0.4608,0.2868,0.5244,0.1888,0.7843742781587567
lodo,Finance,xlmr_dapt,s100,1.0,0.512,0.28,0.55,0.17,0.7820311571582548
lodo,Finance,xlmr_dapt,s13,0.0,0.0,0.348,0.294,0.358,0.7953457497362781
lodo,Finance,xlmr_dapt,s13,0.1,0.0512,0.3412,0.3196,0.3392,0.7961403730060207
lodo,Finance,xlmr_dapt,s13,0.2,0.1024,0.3344,0.3452,0.3204,0.7963620622803044
lodo,Finance,xlmr_dapt,s13,0.3,0.1536,0.3276,0.3708,0.3016,0.7960653962167301
lodo,Finance,xlmr_dapt,s13,0.4,0.2048,0.3208,0.3964,0.2828,0.795282846758944
lodo,Finance,xlmr_dapt,s13,0.5,0.256,0.314,0.422,0.264,0.7940278921164182
lodo,Finance,xlmr_dapt,s13,0.6,0.3072,0.3072,0.4476,0.2452,0.7922960664922999
lodo,Finance,xlmr_dapt,s13,0.7,0.3584,0.3004,0.4732,0.2264,0.7900641010355063
lodo,Finance,xlmr_dapt,s13,0.8,0.4096,0.2936,0.4988,0.2076,0.7872869174383411
lodo,Finance,xlmr_dapt,s13,0.9,0.4608,0.2868,0.5244,0.1888,0.7838917469846693
lodo,Finance,xlmr_dapt,s13,1.0,0.512,0.28,0.55,0.17,0.779767872850046
lodo,Finance,xlmr_dapt,s42,0.0,0.0,0.348,0.294,0.358,0.7729323068954822
lodo,Finance,xlmr_dapt,s42,0.1,0.0512,0.3412,0.3196,0.3392,0.7753998093360961
lodo,Finance,xlmr_dapt,s42,0.2,0.1024,0.3344,0.3452,0.3204,0.7771616956590993
lodo,Finance,xlmr_dapt,s42,0.3,0.1536,0.3276,0.3708,0.3016,0.778285068216964
lodo,Finance,xlmr_dapt,s42,0.4,0.2048,0.3208,0.3964,0.2828,0.7788116108072121
lodo,Finance,xlmr_dapt,s42,0.5,0.256,0.314,0.422,0.264,0.7787608540300323
lodo,Finance,xlmr_dapt,s42,0.6,0.3072,0.3072,0.4476,0.2452,0.7781312712897296
lodo,Finance,xlmr_dapt,s42,0.7,0.3584,0.3004,0.4732,0.2264,0.7768993229954089
lodo,Finance,xlmr_dapt,s42,0.8,0.4096,0.2936,0.4988,0.2076,0.7750161789453435
lodo,Finance,xlmr_dapt,s42,0.9,0.4608,0.2868,0.5244,0.1888,0.7724013584689581
lodo,Finance,xlmr_dapt,s42,1.0,0.512,0.28,0.55,0.17,0.7689317561233519
lodo,Finance,xlmr_ft,s100,0.0,0.0,0.348,0.294,0.358,0.7754566483602968
lodo,Finance,xlmr_ft,s100,0.1,0.0512,0.3412,0.3196,0.3392,0.7771284016044709
lodo,Finance,xlmr_ft,s100,0.2,0.1024,0.3344,0.3452,0.3204,0.7781334070986725
lodo,Finance,xlmr_ft,s100,0.3,0.1536,0.3276,0.3708,0.3016,0.7785335038375926
lodo,Finance,xlmr_ft,s100,0.4,0.2048,0.3208,0.3964,0.2828,0.7783661132252413
lodo,Finance,xlmr_ft,s100,0.5,0.256,0.314,0.422,0.264,0.777647424150017
lodo,Finance,xlmr_ft,s100,0.6,0.3072,0.3072,0.4476,0.2452,0.7763734348603424
lodo,Finance,xlmr_ft,s100,0.7,0.3584,0.3004,0.4732,0.2264,0.774518979870033
lodo,Finance,xlmr_ft,s100,0.8,0.4096,0.2936,0.4988,0.2076,0.7720344808592522
lodo,Finance,xlmr_ft,s100,0.9,0.4608,0.2868,0.5244,0.1888,0.7688396722553338
lodo,Finance,xlmr_ft,s100,1.0,0.512,0.28,0.55,0.17,0.7648127849812161
lodo,Finance,xlmr_ft,s13,0.0,0.0,0.348,0.294,0.358,0.7984171366383189
lodo,Finance,xlmr_ft,s13,0.1,0.0512,0.3412,0.3196,0.3392,0.7989132032383565
lodo,Finance,xlmr_ft,s13,0.2,0.1024,0.3344,0.3452,0.3204,0.7988982138179735
lodo,Finance,xlmr_ft,s13,0.3,0.1536,0.3276,0.3708,0.3016,0.7984149663566248
lodo,Finance,xlmr_ft,s13,0.4,0.2048,0.3208,0.3964,0.2828,0.7974855768579591
lodo,Finance,xlmr_ft,s13,0.5,0.256,0.314,0.422,0.264,0.7961140938100085
lodo,Finance,xlmr_ft,s13,0.6,0.3072,0.3072,0.4476,0.2452,0.7942870965423875
lodo,Finance,xlmr_ft,s13,0.7,0.3584,0.3004,0.4732,0.2264,0.7919724009040077
lodo,Finance,xlmr_ft,s13,0.8,0.4096,0.2936,0.4988,0.2076,0.7891156002270775
lodo,Finance,xlmr_ft,s13,0.9,0.4608,0.2868,0.5244,0.1888,0.7856336785542473
lodo,Finance,xlmr_ft,s13,1.0,0.512,0.28,0.55,0.17,0.7814041576329038
lodo,Finance,xlmr_ft,s21,0.0,0.0,0.348,0.294,0.358,0.7562264898838453
lodo,Finance,xlmr_ft,s21,0.1,0.0512,0.3412,0.3196,0.3392,0.7571107845607553
lodo,Finance,xlmr_ft,s21,0.2,0.1024,0.3344,0.3452,0.3204,0.7573691138292986
lodo,Finance,xlmr_ft,s21,0.3,0.1536,0.3276,0.3708,0.3016,0.757053352103629
lodo,Finance,xlmr_ft,s21,0.4,0.2048,0.3208,0.3964,0.2828,0.7561918361207608
lodo,Finance,xlmr_ft,s21,0.5,0.256,0.314,0.422,0.264,0.7547922386527318
lodo,Finance,xlmr_ft,s21,0.6,0.3072,0.3072,0.4476,0.2452,0.7528423116796376
lodo,Finance,xlmr_ft,s21,0.7,0.3584,0.3004,0.4732,0.2264,0.7503086236256905
lodo,Finance,xlmr_ft,s21,0.8,0.4096,0.2936,0.4988,0.2076,0.7471330264766635
lodo,Finance,xlmr_ft,s21,0.9,0.4608,0.2868,0.5244,0.1888,0.7432261104394939
lodo,Finance,xlmr_ft,s21,1.0,0.512,0.28,0.55,0.17,0.7384561654697691
lodo,Finance,xlmr_ft,s42,0.0,0.0,0.348,0.294,0.358,0.7706342886324672
lodo,Finance,xlmr_ft,s42,0.1,0.0512,0.3412,0.3196,0.3392,0.7741714917209074
lodo,Finance,xlmr_ft,s42,0.2,0.1024,0.3344,0.3452,0.3204,0.777009513875591
lodo,Finance,xlmr_ft,s42,0.3,0.1536,0.3276,0.3708,0.3016,0.7792272831530989
lodo,Finance,xlmr_ft,s42,0.4,0.2048,0.3208,0.3964,0.2828,0.7808790617644755
lodo,Finance,xlmr_ft,s42,0.5,0.256,0.314,0.422,0.264,0.7819981630621312
lodo,Finance,xlmr_ft,s42,0.6,0.3072,0.3072,0.4476,0.2452,0.7825986351157525
lodo,Finance,xlmr_ft,s42,0.7,0.3584,0.3004,0.4732,0.2264,0.782675068477217
lodo,Finance,xlmr_ft,s42,0.8,0.4096,0.2936,0.4988,0.2076,0.7822003258475032
lodo,Finance,xlmr_ft,s42,0.9,0.4608,0.2868,0.5244,0.1888,0.7811205325805486
lodo,Finance,xlmr_ft,s42,1.0,0.512,0.28,0.55,0.17,0.779345930010703
lodo,Finance,xlmr_ft,s87,0.0,0.0,0.348,0.294,0.358,0.7785145498822956
lodo,Finance,xlmr_ft,s87,0.1,0.0512,0.3412,0.3196,0.3392,0.7821676704578281
lodo,Finance,xlmr_ft,s87,0.2,0.1024,0.3344,0.3452,0.3204,0.7851190817261138
lodo,Finance,xlmr_ft,s87,0.3,0.1536,0.3276,0.3708,0.3016,0.7874489142915512
lodo,Finance,xlmr_ft,s87,0.4,0.2048,0.3208,0.3964,0.2828,0.7892127696134003
lodo,Finance,xlmr_ft,s87,0.5,0.256,0.314,0.422,0.264,0.7904454601820636
lodo,Finance,xlmr_ft,s87,0.6,0.3072,0.3072,0.4476,0.2452,0.791162745165047
lodo,Finance,xlmr_ft,s87,0.7,0.3584,0.3004,0.4732,0.2264,0.7913612204325843
lodo,Finance,xlmr_ft,s87,0.8,0.4096,0.2936,0.4988,0.2076,0.7910161685274048
lodo,Finance,xlmr_ft,s87,0.9,0.4608,0.2868,0.5244,0.1888,0.7900767228602118
lodo,Finance,xlmr_ft,s87,1.0,0.512,0.28,0.55,0.17,0.7884569737683641
lodo,Finance,xlmr_supcon,s100,0.0,0.0,0.348,0.294,0.358,0.7734075223628821
lodo,Finance,xlmr_supcon,s100,0.1,0.0512,0.3412,0.3196,0.3392,0.7765417229314201
lodo,Finance,xlmr_supcon,s100,0.2,0.1024,0.3344,0.3452,0.3204,0.7789855933156208
lodo,Finance,xlmr_supcon,s100,0.3,0.1536,0.3276,0.3708,0.3016,0.780812503741129
lodo,Finance,xlmr_supcon,s100,0.4,0.2048,0.3208,0.3964,0.2828,0.7820708056587905
lodo,Finance,xlmr_supcon,s100,0.5,0.256,0.314,0.422,0.264,0.7827873865509275
lodo,Finance,xlmr_supcon,s100,0.6,0.3072,0.3072,0.4476,0.2452,0.7829691131534336
lodo,Finance,xlmr_supcon,s100,0.7,0.3584,0.3004,0.4732,0.2264,0.782602313223586
lodo,Finance,xlmr_supcon,s100,0.8,0.4096,0.2936,0.4988,0.2076,0.7816500717035214
lodo,Finance,xlmr_supcon,s100,0.9,0.4608,0.2868,0.5244,0.1888,0.7800466461585868
lodo,Finance,xlmr_supcon,s100,1.0,0.512,0.28,0.55,0.17,0.777687561946285
lodo,Finance,xlmr_supcon,s13,0.0,0.0,0.348,0.294,0.358,0.7453597286961714
lodo,Finance,xlmr_supcon,s13,0.1,0.0512,0.3412,0.3196,0.3392,0.750406385593089
lodo,Finance,xlmr_supcon,s13,0.2,0.1024,0.3344,0.3452,0.3204,0.7547113197684493
lodo,Finance,xlmr_supcon,s13,0.3,0.1536,0.3276,0.3708,0.3016,0.7583634615487606
lodo,Finance,xlmr_supcon,s13,0.4,0.2048,0.3208,0.3964,0.2828,0.7614281902065473
lodo,Finance,xlmr_supcon,s13,0.5,0.256,0.314,0.422,0.264,0.7639510230892487
lodo,Finance,xlmr_supcon,s13,0.6,0.3072,0.3072,0.4476,0.2452,0.7659595554015448
lodo,Finance,xlmr_supcon,s13,0.7,0.3584,0.3004,0.4732,0.2264,0.7674637903922922
lodo,Finance,xlmr_supcon,s13,0.8,0.4096,0.2936,0.4988,0.2076,0.7684547064954007
lodo,Finance,xlmr_supcon,s13,0.9,0.4608,0.2868,0.5244,0.1888,0.7689005254960395
lodo,Finance,xlmr_supcon,s13,1.0,0.512,0.28,0.55,0.17,0.7687395219028761
lodo,Finance,xlmr_supcon,s21,0.0,0.0,0.348,0.294,0.358,0.7531710469236655
lodo,Finance,xlmr_supcon,s21,0.1,0.0512,0.3412,0.3196,0.3392,0.7574438002765095
lodo,Finance,xlmr_supcon,s21,0.2,0.1024,0.3344,0.3452,0.3204,0.7609851967666437
lodo,Finance,xlmr_supcon,s21,0.3,0.1536,0.3276,0.3708,0.3016,0.7638799163483853
lodo,Finance,xlmr_supcon,s21,0.4,0.2048,0.3208,0.3964,0.2828,0.7661887677534321
lodo,Finance,xlmr_supcon,s21,0.5,0.256,0.314,0.422,0.264,0.7679523457402934
lodo,Finance,xlmr_supcon,s21,0.6,0.3072,0.3072,0.4476,0.2452,0.7691928469388286
lodo,Finance,xlmr_supcon,s21,0.7,0.3584,0.3004,0.4732,0.2264,0.769914181713706
lodo,Finance,xlmr_supcon,s21,0.8,0.4096,0.2936,0.4988,0.2076,0.7701002020134179
lodo,Finance,xlmr_supcon,s21,0.9,0.4608,0.2868,0.5244,0.1888,0.7697104509693166
lodo,Finance,xlmr_supcon,s21,1.0,0.512,0.28,0.55,0.17,0.768672164140214
lodo,Finance,xlmr_supcon,s42,0.0,0.0,0.348,0.294,0.358,0.7751773461912439
lodo,Finance,xlmr_supcon,s42,0.1,0.0512,0.3412,0.3196,0.3392,0.7777230662419385
lodo,Finance,xlmr_supcon,s42,0.2,0.1024,0.3344,0.3452,0.3204,0.779552240470195
lodo,Finance,xlmr_supcon,s42,0.3,0.1536,0.3276,0.3708,0.3016,0.780730549081052
lodo,Finance,xlmr_supcon,s42,0.4,0.2048,0.3208,0.3964,0.2828,0.7812979337720556
lodo,Finance,xlmr_supcon,s42,0.5,0.256,0.314,0.422,0.264,0.7812717702440747
lodo,Finance,xlmr_supcon,s42,0.6,0.3072,0.3072,0.4476,0.2452,0.7806478633042714
lodo,Finance,xlmr_supcon,s42,0.7,0.3584,0.3004,0.4732,0.2264,0.779399376709089
lodo,Finance,xlmr_supcon,s42,0.8,0.4096,0.2936,0.4988,0.2076,0.7774734280920829
lodo,Finance,xlmr_supcon,s42,0.9,0.4608,0.2868,0.5244,0.1888,0.7747846005846529
lodo,Finance,xlmr_supcon,s42,1.0,0.512,0.28,0.55,0.17,0.7712038788381567
lodo,Finance,xlmr_supcon,s87,0.0,0.0,0.348,0.294,0.358,0.7378396602486709
lodo,Finance,xlmr_supcon,s87,0.1,0.0512,0.3412,0.3196,0.3392,0.7404849912901453
lodo,Finance,xlmr_supcon,s87,0.2,0.1024,0.3344,0.3452,0.3204,0.7423491101879006
lodo,Finance,xlmr_supcon,s87,0.3,0.1536,0.3276,0.3708,0.3016,0.7434998348479218
lodo,Finance,xlmr_supcon,s87,0.4,0.2048,0.3208,0.3964,0.2828,0.7439798187517038
lodo,Finance,xlmr_supcon,s87,0.5,0.256,0.314,0.422,0.264,0.7438093580068905
lodo,Finance,xlmr_supcon,s87,0.6,0.3072,0.3072,0.4476,0.2452,0.7429872112156212
lodo,Finance,xlmr_supcon,s87,0.7,0.3584,0.3004,0.4732,0.2264,0.7414894747200526
lodo,Finance,xlmr_supcon,s87,0.8,0.4096,0.2936,0.4988,0.2076,0.7392662125249405
lodo,Finance,xlmr_supcon,s87,0.9,0.4608,0.2868,0.5244,0.1888,0.7362350897609024
lodo,Finance,xlmr_supcon,s87,1.0,0.512,0.28,0.55,0.17,0.7322705442678497
lodo,Public,full,s100,0.0,0.0,0.348,0.294,0.358,0.7080607439952623
lodo,Public,full,s100,0.1,0.0512,0.3412,0.3196,0.3392,0.7117681920479436
lodo,Public,full,s100,0.2,0.1024,0.3344,0.3452,0.3204,0.7146241681324614
lodo,Public,full,s100,0.3,0.1536,0.3276,0.3708,0.3016,0.7166942211945558
lodo,Public,full,s100,0.4,0.2048,0.3208,0.3964,0.2828,0.7180213343991233
lodo,Public,full,s100,0.5,0.256,0.314,0.422,0.264,0.7186278367527912
lodo,Public,full,s100,0.6,0.3072,0.3072,0.4476,0.2452,0.7185157685832015
lodo,Public,full,s100,0.7,0.3584,0.3004,0.4732,0.2264,0.7176656455030318
lodo,Public,full,s100,0.8,0.4096,0.2936,0.4988,0.2076,0.7160333113748888
lodo,Public,full,s100,0.9,0.4608,0.2868,0.5244,0.1888,0.713544217175096
lodo,Public,full,s100,1.0,0.512,0.28,0.55,0.17,0.71008389448654
lodo,Public,full,s13,0.0,0.0,0.348,0.294,0.358,0.7304048285959827
lodo,Public,full,s13,0.1,0.0512,0.3412,0.3196,0.3392,0.7343902395821532
lodo,Public,full,s13,0.2,0.1024,0.3344,0.3452,0.3204,0.737520416601248
lodo,Public,full,s13,0.3,0.1536,0.3276,0.3708,0.3016,0.7398639248979628
lodo,Public,full,s13,0.4,0.2048,0.3208,0.3964,0.2828,0.7414658814941394
lodo,Public,full,s13,0.5,0.256,0.314,0.422,0.264,0.7423500660708903
lodo,Public,full,s13,0.6,0.3072,0.3072,0.4476,0.2452,0.7425193953996804
lodo,Public,full,s13,0.7,0.3584,0.3004,0.4732,0.2264,0.7419547183844261
lodo,Public,full,s13,0.8,0.4096,0.2936,0.4988,0.2076,0.7406116179249617
lodo,Public,full,s13,0.9,0.4608,0.2868,0.5244,0.1888,0.7384145314254308
lodo,Public,full,s13,1.0,0.512,0.28,0.55,0.17,0.7352469002291597
lodo,Public,full,s21,0.0,0.0,0.348,0.294,0.358,0.7402268999895562
lodo,Public,full,s21,0.1,0.0512,0.3412,0.3196,0.3392,0.744388284981666
lodo,Public,full,s21,0.2,0.1024,0.3344,0.3452,0.3204,0.7477460104821488
lodo,Public,full,s21,0.3,0.1536,0.3276,0.3708,0.3016,0.7503789371527377
lodo,Public,full,s21,0.4,0.2048,0.3208,0.3964,0.2828,0.752343304021614
lodo,Public,full,s21,0.5,0.256,0.314,0.422,0.264,0.7536754934092645
lodo,Public,full,s21,0.6,0.3072,0.3072,0.4476,0.2452,0.7543931858004059
lodo,Public,full,s21,0.7,0.3584,0.3004,0.4732,0.2264,0.7544949230162862
lodo,Public,full,s21,0.8,0.4096,0.2936,0.4988,0.2076,0.7539578194175914
lodo,Public,full,s21,0.9,0.4608,0.2868,0.5244,0.1888,0.7527327725102934
lodo,Public,full,s21,1.0,0.512,0.28,0.55,0.17,0.7507358787217048
lodo,Public,full,s42,0.0,0.0,0.348,0.294,0.358,0.7258708261891265
lodo,Public,full,s42,0.1,0.0512,0.3412,0.3196,0.3392,0.7297027019605437
lodo,Public,full,s42,0.2,0.1024,0.3344,0.3452,0.3204,0.7327020660704889
lodo,Public,full,s42,0.3,0.1536,0.3276,0.3708,0.3016,0.734939879922163
lodo,Public,full,s42,0.4,0.2048,0.3208,0.3964,0.2828,0.736463374624349
lodo,Public,full,s42,0.5,0.256,0.314,0.422,0.264,0.7372984623115079
lodo,Public,full,s42,0.6,0.3072,0.3072,0.4476,0.2452,0.7374504540835614
lodo,Public,full,s42,0.7,0.3584,0.3004,0.4732,0.2264,0.7369030782510989
lodo,Public,full,s42,0.8,0.4096,0.2936,0.4988,0.2076,0.7356155131150243
lodo,Public,full,s42,0.9,0.4608,0.2868,0.5244,0.1888,0.7335167698907331
lodo,Public,full,s42,1.0,0.512,0.28,0.55,0.17,0.7304961566878508
lodo,Public,full,s87,0.0,0.0,0.348,0.294,0.358,0.7164095991535842
lodo,Public,full,s87,0.1,0.0512,0.3412,0.3196,0.3392,0.7215840351005918
lodo,Public,full,s87,0.2,0.1024,0.3344,0.3452,0.3204,0.7259203474166416
lodo,Public,full,s87,0.3,0.1536,0.3276,0.3708,0.3016,0.7294916149061512
lodo,Public,full,s87,0.4,0.2048,0.3208,0.3964,0.2828,0.7323481194672908
lodo,Public,full,s87,0.5,0.256,0.314,0.422,0.264,0.7345194475345713
lodo,Public,full,s87,0.6,0.3072,0.3072,0.4476,0.2452,0.7360150119094425
lodo,Public,full,s87,0.7,0.3584,0.3004,0.4732,0.2264,0.7368229307140367
lodo,Public,full,s87,0.8,0.4096,0.2936,0.4988,0.2076,0.7369069264630358
lodo,Public,full,s87,0.9,0.4608,0.2868,0.5244,0.1888,0.736200516245586
lodo,Public,full,s87,1.0,0.512,0.28,0.55,0.17,0.734597115331001
lodo,Public,full_midinject,s100,0.0,0.0,0.348,0.294,0.358,0.72189582370732
lodo,Public,full_midinject,s100,0.1,0.0512,0.3412,0.3196,0.3392,0.7247827707673031
lodo,Public,full_midinject,s100,0.2,0.1024,0.3344,0.3452,0.3204,0.7268271648784399
lodo,Public,full_midinject,s100,0.3,0.1536,0.3276,0.3708,0.3016,0.7280925640533562
lodo,Public,full_midinject,s100,0.4,0.2048,0.3208,0.3964,0.2828,0.7286189223790225
lodo,Public,full_midinject,s100,0.5,0.256,0.314,0.422,0.264,0.7284246722437869
lodo,Public,full_midinject,s100,0.6,0.3072,0.3072,0.4476,0.2452,0.7275071222143475
lodo,Public,full_midinject,s100,0.7,0.3584,0.3004,0.4732,0.2264,0.7258411386761988
lodo,Public,full_midinject,s100,0.8,0.4096,0.2936,0.4988,0.2076,0.7233758038519836
lodo,Public,full_midinject,s100,0.9,0.4608,0.2868,0.5244,0.1888,0.7200283697812356
lodo,Public,full_midinject,s100,1.0,0.512,0.28,0.55,0.17,0.7156742376949823
lodo,Public,full_midinject,s13,0.0,0.0,0.348,0.294,0.358,0.7412476419752941
lodo,Public,full_midinject,s13,0.1,0.0512,0.3412,0.3196,0.3392,0.742611074109698
lodo,Public,full_midinject,s13,0.2,0.1024,0.3344,0.3452,0.3204,0.7431690637004444
lodo,Public,full_midinject,s13,0.3,0.1536,0.3276,0.3708,0.3016,0.7429764621897448
lodo,Public,full_midinject,s13,0.4,0.2048,0.3208,0.3964,0.2828,0.7420627187870042
lodo,Public,full_midinject,s13,0.5,0.256,0.314,0.422,0.264,0.7404344408142586
lodo,Public,full_midinject,s13,0.6,0.3072,0.3072,0.4476,0.2452,0.73807602015891
lodo,Public,full_midinject,s13,0.7,0.3584,0.3004,0.4732,0.2264,0.7349484201790387
lodo,Public,full_midinject,s13,0.8,0.4096,0.2936,0.4988,0.2076,0.7309859258049229
lodo,Public,full_midinject,s13,0.9,0.4608,0.2868,0.5244,0.1888,0.7260903152698702
lodo,Public,full_midinject,s13,1.0,0.512,0.28,0.55,0.17,0.7201214173188276
lodo,Public,full_midinject,s21,0.0,0.0,0.348,0.294,0.358,0.738232662053607
lodo,Public,full_midinject,s21,0.1,0.0512,0.3412,0.3196,0.3392,0.7400367941447241
lodo,Public,full_midinject,s21,0.2,0.1024,0.3344,0.3452,0.3204,0.7409709820162953
lodo,Public,full_midinject,s21,0.3,0.1536,0.3276,0.3708,0.3016,0.7410902943637576
lodo,Public,full_midinject,s21,0.4,0.2048,0.3208,0.3964,0.2828,0.7404245016058436
lodo,Public,full_midinject,s21,0.5,0.256,0.314,0.422,0.264,0.7389803125802401
lodo,Public,full_midinject,s21,0.6,0.3072,0.3072,0.4476,0.2452,0.736741819444081
lodo,Public,full_midinject,s21,0.7,0.3584,0.3004,0.4732,0.2264,0.7336692016581997
lodo,Public,full_midinject,s21,0.8,0.4096,0.2936,0.4988,0.2076,0.7296954833472187
lodo,Public,full_midinject,s21,0.9,0.4608,0.2868,0.5244,0.1888,0.7247208292895468
lodo,Public,full_midinject,s21,1.0,0.512,0.28,0.55,0.17,0.7186034208982255
lodo,Public,full_midinject,s42,0.0,0.0,0.348,0.294,0.358,0.770922615977217
lodo,Public,full_midinject,s42,0.1,0.0512,0.3412,0.3196,0.3392,0.7741490508168654
lodo,Public,full_midinject,s42,0.2,0.1024,0.3344,0.3452,0.3204,0.7765640886114679
lodo,Public,full_midinject,s42,0.3,0.1536,0.3276,0.3708,0.3016,0.7782387941123622
lodo,Public,full_midinject,s42,0.4,0.2048,0.3208,0.3964,0.2828,0.7792184885746293
lodo,Public,full_midinject,s42,0.5,0.256,0.314,0.422,0.264,0.7795256173425417
lodo,Public,full_midinject,s42,0.6,0.3072,0.3072,0.4476,0.2452,0.7791606331176536
lodo,Public,full_midinject,s42,0.7,0.3584,0.3004,0.4732,0.2264,0.7781009416837028
lodo,Public,full_midinject,s42,0.8,0.4096,0.2936,0.4988,0.2076,0.7762976231262924
lodo,Public,full_midinject,s42,0.9,0.4608,0.2868,0.5244,0.1888,0.7736692066563512
lodo,Public,full_midinject,s42,1.0,0.512,0.28,0.55,0.17,0.7700910935483064
lodo,Public,full_midinject,s87,0.0,0.0,0.348,0.294,0.358,0.7541061667466643
lodo,Public,full_midinject,s87,0.1,0.0512,0.3412,0.3196,0.3392,0.7565303315725579
lodo,Public,full_midinject,s87,0.2,0.1024,0.3344,0.3452,0.3204,0.7581232205099658
lodo,Public,full_midinject,s87,0.3,0.1536,0.3276,0.3708,0.3016,0.7589477050476078
lodo,Public,full_midinject,s87,0.4,0.2048,0.3208,0.3964,0.2828,0.7590414644564437
lodo,Public,full_midinject,s87,0.5,0.256,0.314,0.422,0.264,0.7584193751973495
lodo,Public,full_midinject,s87,0.6,0.3072,0.3072,0.4476,0.2452,0.7570740023934223
lodo,Public,full_midinject,s87,0.7,0.3584,0.3004,0.4732,0.2264,0.7549741997056838
lodo,Public,full_midinject,s87,0.8,0.4096,0.2936,0.4988,0.2076,0.7520615116492154
lodo,Public,full_midinject,s87,0.9,0.4608,0.2868,0.5244,0.1888,0.74824366342597
lodo,Public,full_midinject,s87,1.0,0.512,0.28,0.55,0.17,0.7433837868296793
lodo,Public,mdeberta_dapt,s100,0.0,0.0,0.348,0.294,0.358,0.7194403416138556
lodo,Public,mdeberta_dapt,s100,0.1,0.0512,0.3412,0.3196,0.3392,0.7233349914147862
lodo,Public,mdeberta_dapt,s100,0.2,0.1024,0.3344,0.3452,0.3204,0.726394349090575
lodo,Public,mdeberta_dapt,s100,0.3,0.1536,0.3276,0.3708,0.3016,0.7286869924353313
lodo,Public,mdeberta_dapt,s100,0.4,0.2048,0.3208,0.3964,0.2828,0.7302582621943592
lodo,Public,mdeberta_dapt,s100,0.5,0.256,0.314,0.422,0.264,0.731132397267069
lodo,Public,mdeberta_dapt,s100,0.6,0.3072,0.3072,0.4476,0.2452,0.7313130182955166
lodo,Public,mdeberta_dapt,s100,0.7,0.3584,0.3004,0.4732,0.2264,0.7307819115779823
lodo,Public,mdeberta_dapt,s100,0.8,0.4096,0.2936,0.4988,0.2076,0.7294957832918434
lodo,Public,mdeberta_dapt,s100,0.9,0.4608,0.2868,0.5244,0.1888,0.727380259567787
lodo,Public,mdeberta_dapt,s100,1.0,0.512,0.28,0.55,0.17,0.7243197658179473
lodo,Public,mdeberta_dapt,s13,0.0,0.0,0.348,0.294,0.358,0.7590810372909776
lodo,Public,mdeberta_dapt,s13,0.1,0.0512,0.3412,0.3196,0.3392,0.7612331393169204
lodo,Public,mdeberta_dapt,s13,0.2,0.1024,0.3344,0.3452,0.3204,0.7625699897718973
lodo,Public,mdeberta_dapt,s13,0.3,0.1536,0.3276,0.3708,0.3016,0.763155381815012
lodo,Public,mdeberta_dapt,s13,0.4,0.2048,0.3208,0.3964,0.2828,0.7630276660588985
lodo,Public,mdeberta_dapt,s13,0.5,0.256,0.314,0.422,0.264,0.762202374097572
lodo,Public,mdeberta_dapt,s13,0.6,0.3072,0.3072,0.4476,0.2452,0.7606728852114274
lodo,Public,mdeberta_dapt,s13,0.7,0.3584,0.3004,0.4732,0.2264,0.758409177726891
lodo,Public,mdeberta_dapt,s13,0.8,0.4096,0.2936,0.4988,0.2076,0.7553543852775157
lodo,Public,mdeberta_dapt,s13,0.9,0.4608,0.2868,0.5244,0.1888,0.7514184667475012
lodo,Public,mdeberta_dapt,s13,1.0,0.512,0.28,0.55,0.17,0.7464676647121568
lodo,Public,mdeberta_dapt,s21,0.0,0.0,0.348,0.294,0.358,0.7342037818668632
lodo,Public,mdeberta_dapt,s21,0.1,0.0512,0.3412,0.3196,0.3392,0.7372831296675547
lodo,Public,mdeberta_dapt,s21,0.2,0.1024,0.3344,0.3452,0.3204,0.739508834759953
lodo,Public,mdeberta_dapt,s21,0.3,0.1536,0.3276,0.3708,0.3016,0.7409455937067243
lodo,Public,mdeberta_dapt,s21,0.4,0.2048,0.3208,0.3964,0.2828,0.7416348843878765
lodo,Public,mdeberta_dapt,s21,0.5,0.256,0.314,0.422,0.264,0.7415969148080387
lodo,Public,mdeberta_dapt,s21,0.6,0.3072,0.3072,0.4476,0.2452,0.7408309280108206
lodo,Public,mdeberta_dapt,s21,0.7,0.3584,0.3004,0.4732,0.2264,0.7393137998473587
lodo,Public,mdeberta_dapt,s21,0.8,0.4096,0.2936,0.4988,0.2076,0.7369965878783676
lodo,Public,mdeberta_dapt,s21,0.9,0.4608,0.2868,0.5244,0.1888,0.7337983002369781
lodo,Public,mdeberta_dapt,s21,1.0,0.512,0.28,0.55,0.17,0.729595523017728
lodo,Public,mdeberta_dapt,s42,0.0,0.0,0.348,0.294,0.358,0.7667221205765339
lodo,Public,mdeberta_dapt,s42,0.1,0.0512,0.3412,0.3196,0.3392,0.7693397978169086
lodo,Public,mdeberta_dapt,s42,0.2,0.1024,0.3344,0.3452,0.3204,0.7711609674824643
lodo,Public,mdeberta_dapt,s42,0.3,0.1536,0.3276,0.3708,0.3016,0.7722553089192613
lodo,Public,mdeberta_dapt,s42,0.4,0.2048,0.3208,0.3964,0.2828,0.7726678440407292
lodo,Public,mdeberta_dapt,s42,0.5,0.256,0.314,0.422,0.264,0.7724216745210168
lodo,Public,mdeberta_dapt,s42,0.6,0.3072,0.3072,0.4476,0.2452,0.7715188100190935
lodo,Public,mdeberta_dapt,s42,0.7,0.3584,0.3004,0.4732,0.2264,0.7699391101741391
lodo,Public,mdeberta_dapt,s42,0.8,0.4096,0.2936,0.4988,0.2076,0.7676370299331553
lodo,Public,mdeberta_dapt,s42,0.9,0.4608,0.2868,0.5244,0.1888,0.7645354105358533
lodo,Public,mdeberta_dapt,s42,1.0,0.512,0.28,0.55,0.17,0.7605148379020216
lodo,Public,mdeberta_dapt,s87,0.0,0.0,0.348,0.294,0.358,0.7112339242786977
lodo,Public,mdeberta_dapt,s87,0.1,0.0512,0.3412,0.3196,0.3392,0.7149283941793945
lodo,Public,mdeberta_dapt,s87,0.2,0.1024,0.3344,0.3452,0.3204,0.7177968639647788
lodo,Public,mdeberta_dapt,s87,0.3,0.1536,0.3276,0.3708,0.3016,0.7199076203227928
lodo,Public,mdeberta_dapt,s87,0.4,0.2048,0.3208,0.3964,0.2828,0.7213073694333022
lodo,Public,mdeberta_dapt,s87,0.5,0.256,0.314,0.422,0.264,0.722023219643043
lodo,Public,mdeberta_dapt,s87,0.6,0.3072,0.3072,0.4476,0.2452,0.7220631765750842
lodo,Public,mdeberta_dapt,s87,0.7,0.3584,0.3004,0.4732,0.2264,0.7214150902493525
lodo,Public,mdeberta_dapt,s87,0.8,0.4096,0.2936,0.4988,0.2076,0.7200437361090799
lodo,Public,mdeberta_dapt,s87,0.9,0.4608,0.2868,0.5244,0.1888,0.7178853424307275
lodo,Public,mdeberta_dapt,s87,1.0,0.512,0.28,0.55,0.17,0.7148382649330539
lodo,Public,mdeberta_ft,s100,0.0,0.0,0.348,0.294,0.358,0.7596886541943094
lodo,Public,mdeberta_ft,s100,0.1,0.0512,0.3412,0.3196,0.3392,0.7629918530412635
lodo,Public,mdeberta_ft,s100,0.2,0.1024,0.3344,0.3452,0.3204,0.7654933936164424
lodo,Public,mdeberta_ft,s100,0.3,0.1536,0.3276,0.3708,0.3016,0.7672680499072128
lodo,Public,mdeberta_ft,s100,0.4,0.2048,0.3208,0.3964,0.2828,0.7683670834816269
lodo,Public,mdeberta_ft,s100,0.5,0.256,0.314,0.422,0.264,0.7688209641036797
lodo,Public,mdeberta_ft,s100,0.6,0.3072,0.3072,0.4476,0.2452,0.7686403394774541
lodo,Public,mdeberta_ft,s100,0.7,0.3584,0.3004,0.4732,0.2264,0.7678152615987589
lodo,Public,mdeberta_ft,s100,0.8,0.4096,0.2936,0.4988,0.2076,0.766312367044839
lodo,Public,mdeberta_ft,s100,0.9,0.4608,0.2868,0.5244,0.1888,0.7640692780687433
lodo,Public,mdeberta_ft,s100,1.0,0.512,0.28,0.55,0.17,0.7609847789628325
lodo,Public,mdeberta_ft,s13,0.0,0.0,0.348,0.294,0.358,0.7539588041357693
lodo,Public,mdeberta_ft,s13,0.1,0.0512,0.3412,0.3196,0.3392,0.7558309820307145
lodo,Public,mdeberta_ft,s13,0.2,0.1024,0.3344,0.3452,0.3204,0.7569347327856918
lodo,Public,mdeberta_ft,s13,0.3,0.1536,0.3276,0.3708,0.3016,0.7573343187248035
lodo,Public,mdeberta_ft,s13,0.4,0.2048,0.3208,0.3964,0.2828,0.7570696403010503
lodo,Public,mdeberta_ft,s13,0.5,0.256,0.314,0.422,0.264,0.7561588774492224
lodo,Public,mdeberta_ft,s13,0.6,0.3072,0.3072,0.4476,0.2452,0.7545991978658129
lodo,Public,mdeberta_ft,s13,0.7,0.3584,0.3004,0.4732,0.2264,0.7523655596369926
lodo,Public,mdeberta_ft,s13,0.8,0.4096,0.2936,0.4988,0.2076,0.749407297297223
lodo,Public,mdeberta_ft,s13,0.9,0.4608,0.2868,0.5244,0.1888,0.7456417320080146
lodo,Public,mdeberta_ft,s13,1.0,0.512,0.28,0.55,0.17,0.7409433307984875
lodo,Public,mdeberta_ft,s42,0.0,0.0,0.348,0.294,0.358,0.7669644557540418
lodo,Public,mdeberta_ft,s42,0.1,0.0512,0.3412,0.3196,0.3392,0.7651058797966982
lodo,Public,mdeberta_ft,s42,0.2,0.1024,0.3344,0.3452,0.3204,0.7625204779757161
lodo,Public,mdeberta_ft,s42,0.3,0.1536,0.3276,0.3708,0.3016,0.75923317372848
lodo,Public,mdeberta_ft,s42,0.4,0.2048,0.3208,0.3964,0.2828,0.7552454093520197
lodo,Public,mdeberta_ft,s42,0.5,0.256,0.314,0.422,0.264,0.7505372883308669
lodo,Public,mdeberta_ft,s42,0.6,0.3072,0.3072,0.4476,0.2452,0.7450678365802134
lodo,Public,mdeberta_ft,s42,0.7,0.3584,0.3004,0.4732,0.2264,0.7387735651547928
lodo,Public,mdeberta_ft,s42,0.8,0.4096,0.2936,0.4988,0.2076,0.7315652466494525
lodo,Public,mdeberta_ft,s42,0.9,0.4608,0.2868,0.5244,0.1888,0.7233225453201833
lodo,Public,mdeberta_ft,s42,1.0,0.512,0.28,0.55,0.17,0.7138857981864146
lodo,Public,xlmr_dapt,s100,0.0,0.0,0.348,0.294,0.358,0.7464192428326767
lodo,Public,xlmr_dapt,s100,0.1,0.0512,0.3412,0.3196,0.3392,0.7500473455316922
lodo,Public,xlmr_dapt,s100,0.2,0.1024,0.3344,0.3452,0.3204,0.7528642972977152
lodo,Public,xlmr_dapt,s100,0.3,0.1536,0.3276,0.3708,0.3016,0.7549411437742384
lodo,Public,xlmr_dapt,s100,0.4,0.2048,0.3208,0.3964,0.2828,0.7563242854150681
lodo,Public,xlmr_dapt,s100,0.5,0.256,0.314,0.422,0.264,0.7570380816359074
lodo,Public,xlmr_dapt,s100,0.6,0.3072,0.3072,0.4476,0.2452,0.7570856052724767
lodo,Public,xlmr_dapt,s100,0.7,0.3584,0.3004,0.4732,0.2264,0.7564475524276708
lodo,Public,xlmr_dapt,s100,0.8,0.4096,0.2936,0.4988,0.2076,0.7550789962851386
lodo,Public,xlmr_dapt,s100,0.9,0.4608,0.2868,0.5244,0.1888,0.7529032459462948
lodo,Public,xlmr_dapt,s100,1.0,0.512,0.28,0.55,0.17,0.7498013843121752
lodo,Public,xlmr_dapt,s13,0.0,0.0,0.348,0.294,0.358,0.7423964981274432
lodo,Public,xlmr_dapt,s13,0.1,0.0512,0.3412,0.3196,0.3392,0.7455611166493264
lodo,Public,xlmr_dapt,s13,0.2,0.1024,0.3344,0.3452,0.3204,0.7478924001714855
lodo,Public,xlmr_dapt,s13,0.3,0.1536,0.3276,0.3708,0.3016,0.7494571127454476
lodo,Public,xlmr_dapt,s13,0.4,0.2048,0.3208,0.3964,0.2828,0.750297136248696
lodo,Public,xlmr_dapt,s13,0.5,0.256,0.314,0.422,0.264,0.7504319130554488
lodo,Public,xlmr_dapt,s13,0.6,0.3072,0.3072,0.4476,0.2452,0.7498590520468764
lodo,Public,xlmr_dapt,s13,0.7,0.3584,0.3004,0.4732,0.2264,0.7485531043356346
lodo,Public,xlmr_dapt,s13,0.8,0.4096,0.2936,0.4988,0.2076,0.7464622145547128
lodo,Public,xlmr_dapt,s13,0.9,0.4608,0.2868,0.5244,0.1888,0.7435019570046156
lodo,Public,xlmr_dapt,s13,1.0,0.512,0.28,0.55,0.17,0.7395450451980752
lodo,Public,xlmr_dapt,s42,0.0,0.0,0.348,0.294,0.358,0.7467761715691535
lodo,Public,xlmr_dapt,s42,0.1,0.0512,0.3412,0.3196,0.3392,0.7502649480931237
lodo,Public,xlmr_dapt,s42,0.2,0.1024,0.3344,0.3452,0.3204,0.7528975740924843
lodo,Public,xlmr_dapt,s42,0.3,0.1536,0.3276,0.3708,0.3016,0.7547413489241804
lodo,Public,xlmr_dapt,s42,0.4,0.2048,0.3208,0.3964,0.2828,0.7558392447938692
lodo,Public,xlmr_dapt,s42,0.5,0.256,0.314,0.422,0.264,0.7562121369046215
lodo,Public,xlmr_dapt,s42,0.6,0.3072,0.3072,0.4476,0.2452,0.7558592933624947
lodo,Public,xlmr_dapt,s42,0.7,0.3584,0.3004,0.4732,0.2264,0.7547570989857283
lodo,Public,xlmr_dapt,s42,0.8,0.4096,0.2936,0.4988,0.2076,0.7528557014966658
lodo,Public,xlmr_dapt,s42,0.9,0.4608,0.2868,0.5244,0.1888,0.7500728818652217
lodo,Public,xlmr_dapt,s42,1.0,0.512,0.28,0.55,0.17,0.7462838373467745
lodo,Public,xlmr_ft,s100,0.0,0.0,0.348,0.294,0.358,0.7287904617068829
lodo,Public,xlmr_ft,s100,0.1,0.0512,0.3412,0.3196,0.3392,0.7332176744679665
lodo,Public,xlmr_ft,s100,0.2,0.1024,0.3344,0.3452,0.3204,0.7368604374371827
lodo,Public,xlmr_ft,s100,0.3,0.1536,0.3276,0.3708,0.3016,0.7397987450513103
lodo,Public,xlmr_ft,s100,0.4,0.2048,0.3208,0.3964,0.2828,0.7420902244675017
lodo,Public,xlmr_ft,s100,0.5,0.256,0.314,0.422,0.264,0.7437729753884454
lodo,Public,xlmr_ft,s100,0.6,0.3072,0.3072,0.4476,0.2452,0.7448668100387937
lodo,Public,xlmr_ft,s100,0.7,0.3584,0.3004,0.4732,0.2264,0.7453729187365724
lodo,Public,xlmr_ft,s100,0.8,0.4096,0.2936,0.4988,0.2076,0.7452717061740451
lodo,Public,xlmr_ft,s100,0.9,0.4608,0.2868,0.5244,0.1888,0.7445181507687657
lodo,Public,xlmr_ft,s100,1.0,0.512,0.28,0.55,0.17,0.7430333805537397
lodo,Public,xlmr_ft,s13,0.0,0.0,0.348,0.294,0.358,0.7638093887250476
lodo,Public,xlmr_ft,s13,0.1,0.0512,0.3412,0.3196,0.3392,0.7663316326302171
lodo,Public,xlmr_ft,s13,0.2,0.1024,0.3344,0.3452,0.3204,0.7680452869683584
lodo,Public,xlmr_ft,s13,0.3,0.1536,0.3276,0.3708,0.3016,0.7690152144089007
lodo,Public,xlmr_ft,s13,0.4,0.2048,0.3208,0.3964,0.2828,0.7692803433243706
lodo,Public,xlmr_ft,s13,0.5,0.256,0.314,0.422,0.264,0.7688563952267152
lodo,Public,xlmr_ft,s13,0.6,0.3072,0.3072,0.4476,0.2452,0.767736592541524
lodo,Public,xlmr_ft,s13,0.7,0.3584,0.3004,0.4732,0.2264,0.7658903983388486
lodo,Public,xlmr_ft,s13,0.8,0.4096,0.2936,0.4988,0.2076,0.7632600063267395
lodo,Public,xlmr_ft,s13,0.9,0.4608,0.2868,0.5244,0.1888,0.7597538747615514
lodo,Public,xlmr_ft,s13,1.0,0.512,0.28,0.55,0.17,0.7552359446456037
lodo,Public,xlmr_ft,s21,0.0,0.0,0.348,0.294,0.358,0.7473718931580101
lodo,Public,xlmr_ft,s21,0.1,0.0512,0.3412,0.3196,0.3392,0.751053109872147
lodo,Public,xlmr_ft,s21,0.2,0.1024,0.3344,0.3452,0.3204,0.7539682353905901
lodo,Public,xlmr_ft,s21,0.3,0.1536,0.3276,0.3708,0.3016,0.7561953482998552
lodo,Public,xlmr_ft,s21,0.4,0.2048,0.3208,0.3964,0.2828,0.757788913261127
lodo,Public,xlmr_ft,s21,0.5,0.256,0.314,0.422,0.264,0.7587828852789685
lodo,Public,xlmr_ft,s21,0.6,0.3072,0.3072,0.4476,0.2452,0.7591920250019748
lodo,Public,xlmr_ft,s21,0.7,0.3584,0.3004,0.4732,0.2264,0.7590114888592473
lodo,Public,xlmr_ft,s21,0.8,0.4096,0.2936,0.4988,0.2076,0.7582144457870572
lodo,Public,xlmr_ft,s21,0.9,0.4608,0.2868,0.5244,0.1888,0.7567470518343303
lodo,Public,xlmr_ft,s21,1.0,0.512,0.28,0.55,0.17,0.7545194246618699
lodo,Public,xlmr_ft,s42,0.0,0.0,0.348,0.294,0.358,0.728572182923016
lodo,Public,xlmr_ft,s42,0.1,0.0512,0.3412,0.3196,0.3392,0.7315108617716154
lodo,Public,xlmr_ft,s42,0.2,0.1024,0.3344,0.3452,0.3204,0.7336196397969236
lodo,Public,xlmr_ft,s42,0.3,0.1536,0.3276,0.3708,0.3016,0.7349634541526111
lodo,Public,xlmr_ft,s42,0.4,0.2048,0.3208,0.3964,0.2828,0.7355832496112954
lodo,Public,xlmr_ft,s42,0.5,0.256,0.314,0.422,0.264,0.7354981745000458
lodo,Public,xlmr_ft,s42,0.6,0.3072,0.3072,0.4476,0.2452,0.7347060153053596
lodo,Public,xlmr_ft,s42,0.7,0.3584,0.3004,0.4732,0.2264,0.7331818372558532
lodo,Public,xlmr_ft,s42,0.8,0.4096,0.2936,0.4988,0.2076,0.7308744999629866
lodo,Public,xlmr_ft,s42,0.9,0.4608,0.2868,0.5244,0.1888,0.72770030979447
lodo,Public,xlmr_ft,s42,1.0,0.512,0.28,0.55,0.17,0.7235324178953157
lodo,Public,xlmr_ft,s87,0.0,0.0,0.348,0.294,0.358,0.7561465359630134
lodo,Public,xlmr_ft,s87,0.1,0.0512,0.3412,0.3196,0.3392,0.7580147352929263
lodo,Public,xlmr_ft,s87,0.2,0.1024,0.3344,0.3452,0.3204,0.7590783520108157
lodo,Public,xlmr_ft,s87,0.3,0.1536,0.3276,0.3708,0.3016,0.7593950500082269
lodo,Public,xlmr_ft,s87,0.4,0.2048,0.3208,0.3964,0.2828,0.7589966387808759
lodo,Public,xlmr_ft,s87,0.5,0.256,0.314,0.422,0.264,0.7578915766831117
lodo,Public,xlmr_ft,s87,0.6,0.3072,0.3072,0.4476,0.2452,0.7560654546625939
lodo,Public,xlmr_ft,s87,0.7,0.3584,0.3004,0.4732,0.2264,0.7534795089969624
lodo,Public,xlmr_ft,s87,0.8,0.4096,0.2936,0.4988,0.2076,0.750066884781767
lodo,Public,xlmr_ft,s87,0.9,0.4608,0.2868,0.5244,0.1888,0.7457259630733751
lodo,Public,xlmr_ft,s87,1.0,0.512,0.28,0.55,0.17,0.7403094477155737
lodo,Public,xlmr_supcon,s100,0.0,0.0,0.348,0.294,0.358,0.7601029950481341
lodo,Public,xlmr_supcon,s100,0.1,0.0512,0.3412,0.3196,0.3392,0.7634630566163264
lodo,Public,xlmr_supcon,s100,0.2,0.1024,0.3344,0.3452,0.3204,0.7660157096565584
lodo,Public,xlmr_supcon,s100,0.3,0.1536,0.3276,0.3708,0.3016,0.7678323962563227
lodo,Public,xlmr_supcon,s100,0.4,0.2048,0.3208,0.3964,0.2828,0.7689593385846013
lodo,Public,xlmr_supcon,s100,0.5,0.256,0.314,0.422,0.264,0.7694202910899389
lodo,Public,xlmr_supcon,s100,0.6,0.3072,0.3072,0.4476,0.2452,0.769217354194773
lodo,Public,xlmr_supcon,s100,0.7,0.3584,0.3004,0.4732,0.2264,0.7683298686584686
lodo,Public,xlmr_supcon,s100,0.8,0.4096,0.2936,0.4988,0.2076,0.7667110741593478
lodo,Public,xlmr_supcon,s100,0.9,0.4608,0.2868,0.5244,0.1888,0.7642817655019467
lodo,Public,xlmr_supcon,s100,1.0,0.512,0.28,0.55,0.17,0.7609194567827208
lodo,Public,xlmr_supcon,s13,0.0,0.0,0.348,0.294,0.358,0.7546519169498823
lodo,Public,xlmr_supcon,s13,0.1,0.0512,0.3412,0.3196,0.3392,0.7562532207607614
lodo,Public,xlmr_supcon,s13,0.2,0.1024,0.3344,0.3452,0.3204,0.7570068747872939
lodo,Public,xlmr_supcon,s13,0.3,0.1536,0.3276,0.3708,0.3016,0.7569682005501467
lodo,Public,xlmr_supcon,s13,0.4,0.2048,0.3208,0.3964,0.2828,0.7561661327195827
lodo,Public,xlmr_supcon,s13,0.5,0.256,0.314,0.422,0.264,0.754605755624668
lodo,Public,xlmr_supcon,s13,0.6,0.3072,0.3072,0.4476,0.2452,0.7522688692405062
lodo,Public,xlmr_supcon,s13,0.7,0.3584,0.3004,0.4732,0.2264,0.7491126749872281
lodo,Public,xlmr_supcon,s13,0.8,0.4096,0.2936,0.4988,0.2076,0.7450663814706137
lodo,Public,xlmr_supcon,s13,0.9,0.4608,0.2868,0.5244,0.1888,0.7400251894041278
lodo,Public,xlmr_supcon,s13,1.0,0.512,0.28,0.55,0.17,0.7338406299743215
lodo,Public,xlmr_supcon,s21,0.0,0.0,0.348,0.294,0.358,0.6456817150567846
lodo,Public,xlmr_supcon,s21,0.1,0.0512,0.3412,0.3196,0.3392,0.6520374809190749
lodo,Public,xlmr_supcon,s21,0.2,0.1024,0.3344,0.3452,0.3204,0.6575757365411895
lodo,Public,xlmr_supcon,s21,0.3,0.1536,0.3276,0.3708,0.3016,0.6623600505879961
lodo,Public,xlmr_supcon,s21,0.4,0.2048,0.3208,0.3964,0.2828,0.6664359749209479
lodo,Public,xlmr_supcon,s21,0.5,0.256,0.314,0.422,0.264,0.6698321002457059
lodo,Public,xlmr_supcon,s21,0.6,0.3072,0.3072,0.4476,0.2452,0.6725599673488148
lodo,Public,xlmr_supcon,s21,0.7,0.3584,0.3004,0.4732,0.2264,0.6746126740112114
lodo,Public,xlmr_supcon,s21,0.8,0.4096,0.2936,0.4988,0.2076,0.675961796148895
lodo,Public,xlmr_supcon,s21,0.9,0.4608,0.2868,0.5244,0.1888,0.6765518919579847
lodo,Public,xlmr_supcon,s21,1.0,0.512,0.28,0.55,0.17,0.67629124841288
lodo,Public,xlmr_supcon,s42,0.0,0.0,0.348,0.294,0.358,0.737188149988295
lodo,Public,xlmr_supcon,s42,0.1,0.0512,0.3412,0.3196,0.3392,0.740769060820523
lodo,Public,xlmr_supcon,s42,0.2,0.1024,0.3344,0.3452,0.3204,0.7435075891717494
lodo,Public,xlmr_supcon,s42,0.3,0.1536,0.3276,0.3708,0.3016,0.7454710167537651
lodo,Public,xlmr_supcon,s42,0.4,0.2048,0.3208,0.3964,0.2828,0.7467023855763543
lodo,Public,xlmr_supcon,s42,0.5,0.256,0.314,0.422,0.264,0.7472226957705872
lodo,Public,xlmr_supcon,s42,0.6,0.3072,0.3072,0.4476,0.2452,0.7470313401195816
lodo,Public,xlmr_supcon,s42,0.7,0.3584,0.3004,0.4732,0.2264,0.7461047334478436
lodo,Public,xlmr_supcon,s42,0.8,0.4096,0.2936,0.4988,0.2076,0.7443927951230872
lodo,Public,xlmr_supcon,s42,0.9,0.4608,0.2868,0.5244,0.1888,0.7418125294415243
lodo,Public,xlmr_supcon,s42,1.0,0.512,0.28,0.55,0.17,0.7382372822852007
lodo,Public,xlmr_supcon,s87,0.0,0.0,0.348,0.294,0.358,0.7343995002063909
lodo,Public,xlmr_supcon,s87,0.1,0.0512,0.3412,0.3196,0.3392,0.7380535360615558
lodo,Public,xlmr_supcon,s87,0.2,0.1024,0.3344,0.3452,0.3204,0.7408821181177112
lodo,Public,xlmr_supcon,s87,0.3,0.1536,0.3276,0.3708,0.3016,0.7429548014275117
lodo,Public,xlmr_supcon,s87,0.4,0.2048,0.3208,0.3964,0.2828,0.7443169794994907
lodo,Public,xlmr_supcon,s87,0.5,0.256,0.314,0.422,0.264,0.7449922640833361
lodo,Public,xlmr_supcon,s87,0.6,0.3072,0.3072,0.4476,0.2452,0.7449830903414161
lodo,Public,xlmr_supcon,s87,0.7,0.3584,0.3004,0.4732,0.2264,0.7442695254150751
lodo,Public,xlmr_supcon,s87,0.8,0.4096,0.2936,0.4988,0.2076,0.7428059548977647
lodo,Public,xlmr_supcon,s87,0.9,0.4608,0.2868,0.5244,0.1888,0.7405149052810175
lodo,Public,xlmr_supcon,s87,1.0,0.512,0.28,0.55,0.17,0.7372765876052837
lodo,Retail,full,s100,0.0,0.0,0.348,0.294,0.358,0.7235663579573558
lodo,Retail,full,s100,0.1,0.0512,0.3412,0.3196,0.3392,0.7241130305576662
lodo,Retail,full,s100,0.2,0.1024,0.3344,0.3452,0.3204,0.7238673079140936
lodo,Retail,full,s100,0.3,0.1536,0.3276,0.3708,0.3016,0.7228815996588979
lodo,Retail,full,s100,0.4,0.2048,0.3208,0.3964,0.2828,0.7211837609634529
lodo,Retail,full,s100,0.5,0.256,0.314,0.422,0.264,0.7187792428908842
lodo,Retail,full,s100,0.6,0.3072,0.3072,0.4476,0.2452,0.7156513294858273
lodo,Retail,full,s100,0.7,0.3584,0.3004,0.4732,0.2264,0.7117594705454229
lodo,Retail,full,s100,0.8,0.4096,0.2936,0.4988,0.2076,0.7070354041667247
lodo,Retail,full,s100,0.9,0.4608,0.2868,0.5244,0.1888,0.7013763592974445
lodo,Retail,full,s100,1.0,0.512,0.28,0.55,0.17,0.6946340103789609
lodo,Retail,full,s13,0.0,0.0,0.348,0.294,0.358,0.6568785732934401
lodo,Retail,full,s13,0.1,0.0512,0.3412,0.3196,0.3392,0.6581950178325616
lodo,Retail,full,s13,0.2,0.1024,0.3344,0.3452,0.3204,0.6586280096640319
lodo,Retail,full,s13,0.3,0.1536,0.3276,0.3708,0.3016,0.6582236116505257
lodo,Retail,full,s13,0.4,0.2048,0.3208,0.3964,0.2828,0.6570044521979879
lodo,Retail,full,s13,0.5,0.256,0.314,0.422,0.264,0.6549715434396279
lodo,Retail,full,s13,0.6,0.3072,0.3072,0.4476,0.2452,0.6521045883386329
lodo,Retail,full,s13,0.7,0.3584,0.3004,0.4732,0.2264,0.6483608264873443
lodo,Retail,full,s13,0.8,0.4096,0.2936,0.4988,0.2076,0.6436722774991814
lodo,Retail,full,s13,0.9,0.4608,0.2868,0.5244,0.1888,0.6379410208537856
lodo,Retail,full,s13,1.0,0.512,0.28,0.55,0.17,0.631031851722247
lodo,Retail,full,s21,0.0,0.0,0.348,0.294,0.358,0.6816580555168383
lodo,Retail,full,s21,0.1,0.0512,0.3412,0.3196,0.3392,0.6820933038688404
lodo,Retail,full,s21,0.2,0.1024,0.3344,0.3452,0.3204,0.6816767879627864
lodo,Retail,full,s21,0.3,0.1536,0.3276,0.3708,0.3016,0.6804526592415737
lodo,Retail,full,s21,0.4,0.2048,0.3208,0.3964,0.2828,0.6784413731852013
lodo,Retail,full,s21,0.5,0.256,0.314,0.422,0.264,0.6756414871653256
lodo,Retail,full,s21,0.6,0.3072,0.3072,0.4476,0.2452,0.6720298240833639
lodo,Retail,full,s21,0.7,0.3584,0.3004,0.4732,0.2264,0.6675600355127255
lodo,Retail,full,s21,0.8,0.4096,0.2936,0.4988,0.2076,0.6621593732438659
lodo,Retail,full,s21,0.9,0.4608,0.2868,0.5244,0.1888,0.6557232104881031
lodo,Retail,full,s21,1.0,0.512,0.28,0.55,0.17,0.6481064769183394
lodo,Retail,full,s42,0.0,0.0,0.348,0.294,0.358,0.688104456340445
lodo,Retail,full,s42,0.1,0.0512,0.3412,0.3196,0.3392,0.6890277909045751
lodo,Retail,full,s42,0.2,0.1024,0.3344,0.3452,0.3204,0.689099170986678
lodo,Retail,full,s42,0.3,0.1536,0.3276,0.3708,0.3016,0.6883665112908354
lodo,Retail,full,s42,0.4,0.2048,0.3208,0.3964,0.2828,0.6868530728831864
lodo,Retail,full,s42,0.5,0.256,0.314,0.422,0.264,0.6845595920222481
lodo,Retail,full,s42,0.6,0.3072,0.3072,0.4476,0.2452,0.6814646760045183
lodo,Retail,full,s42,0.7,0.3584,0.3004,0.4732,0.2264,0.6775235390991887
lodo,Retail,full,s42,0.8,0.4096,0.2936,0.4988,0.2076,0.6726649140749442
lodo,Retail,full,s42,0.9,0.4608,0.2868,0.5244,0.1888,0.6667857006892189
lodo,Retail,full,s42,1.0,0.512,0.28,0.55,0.17,0.6597425333704817
lodo,Retail,full,s87,0.0,0.0,0.348,0.294,0.358,0.6914159815961175
lodo,Retail,full,s87,0.1,0.0512,0.3412,0.3196,0.3392,0.6909662844657367
lodo,Retail,full,s87,0.2,0.1024,0.3344,0.3452,0.3204,0.6896824254523727
lodo,Retail,full,s87,0.3,0.1536,0.3276,0.3708,0.3016,0.6876047457471226
lodo,Retail,full,s87,0.4,0.2048,0.3208,0.3964,0.2828,0.6847495156362564
lodo,Retail,full,s87,0.5,0.256,0.314,0.422,0.264,0.6811109716593883
lodo,Retail,full,s87,0.6,0.3072,0.3072,0.4476,0.2452,0.6766616481832188
lodo,Retail,full,s87,0.7,0.3584,0.3004,0.4732,0.2264,0.6713510968635125
lodo,Retail,full,s87,0.8,0.4096,0.2936,0.4988,0.2076,0.6651028585239988
lodo,Retail,full,s87,0.9,0.4608,0.2868,0.5244,0.1888,0.6578092978521994
lodo,Retail,full,s87,1.0,0.512,0.28,0.55,0.17,0.649323571025651
lodo,Retail,full_midinject,s100,0.0,0.0,0.348,0.294,0.358,0.6811226952561293
lodo,Retail,full_midinject,s100,0.1,0.0512,0.3412,0.3196,0.3392,0.6811623755343437
lodo,Retail,full_midinject,s100,0.2,0.1024,0.3344,0.3452,0.3204,0.6803424033574106
lodo,Retail,full_midinject,s100,0.3,0.1536,0.3276,0.3708,0.3016,0.6787049391012236
lodo,Retail,full_midinject,s100,0.4,0.2048,0.3208,0.3964,0.2828,0.6762678492971018
lodo,Retail,full_midinject,s100,0.5,0.256,0.314,0.422,0.264,0.6730268836864225
lodo,Retail,full_midinject,s100,0.6,0.3072,0.3072,0.4476,0.2452,0.6689561932775548
lodo,Retail,full_midinject,s100,0.7,0.3584,0.3004,0.4732,0.2264,0.6640073100278098
lodo,Retail,full_midinject,s100,0.8,0.4096,0.2936,0.4988,0.2076,0.6581064987376383
lodo,Retail,full_midinject,s100,0.9,0.4608,0.2868,0.5244,0.1888,0.6511501682508097
lodo,Retail,full_midinject,s100,1.0,0.512,0.28,0.55,0.17,0.6429977416226741
lodo,Retail,full_midinject,s13,0.0,0.0,0.348,0.294,0.358,0.6696879580637561
lodo,Retail,full_midinject,s13,0.1,0.0512,0.3412,0.3196,0.3392,0.6700476541489082
lodo,Retail,full_midinject,s13,0.2,0.1024,0.3344,0.3452,0.3204,0.6695416652159188
lodo,Retail,full_midinject,s13,0.3,0.1536,0.3276,0.3708,0.3016,0.6682132383018629
lodo,Retail,full_midinject,s13,0.4,0.2048,0.3208,0.3964,0.2828,0.6660821250722829
lodo,Retail,full_midinject,s13,0.5,0.256,0.314,0.422,0.264,0.6631465376453559
lodo,Retail,full_midinject,s13,0.6,0.3072,0.3072,0.4476,0.2452,0.6593835507008894
lodo,Retail,full_midinject,s13,0.7,0.3584,0.3004,0.4732,0.2264,0.6547480316891182
lodo,Retail,full_midinject,s13,0.8,0.4096,0.2936,0.4988,0.2076,0.6491699854394354
lodo,Retail,full_midinject,s13,0.9,0.4608,0.2868,0.5244,0.1888,0.6425499827985485
lodo,Retail,full_midinject,s13,1.0,0.512,0.28,0.55,0.17,0.6347520562442955
lodo,Retail,full_midinject,s21,0.0,0.0,0.348,0.294,0.358,0.6869901761643183
lodo,Retail,full_midinject,s21,0.1,0.0512,0.3412,0.3196,0.3392,0.6845988323740944
lodo,Retail,full_midinject,s21,0.2,0.1024,0.3344,0.3452,0.3204,0.6814429263728857
lodo,Retail,full_midinject,s21,0.3,0.1536,0.3276,0.3708,0.3016,0.6775502308542437
lodo,Retail,full_midinject,s21,0.4,0.2048,0.3208,0.3964,0.2828,0.6729264148566023
lodo,Retail,full_midinject,s21,0.5,0.256,0.314,0.422,0.264,0.6675571118887325
lodo,Retail,full_midinject,s21,0.6,0.3072,0.3072,0.4476,0.2452,0.6614083911358613
lodo,Retail,full_midinject,s21,0.7,0.3584,0.3004,0.4732,0.2264,0.6544258008633371
lodo,Retail,full_midinject,s21,0.8,0.4096,0.2936,0.4988,0.2076,0.6465319480208509
lodo,Retail,full_midinject,s21,0.9,0.4608,0.2868,0.5244,0.1888,0.6376223779645321
lodo,Retail,full_midinject,s21,1.0,0.512,0.28,0.55,0.17,0.6275592779392434
lodo,Retail,full_midinject,s42,0.0,0.0,0.348,0.294,0.358,0.696207912229771
lodo,Retail,full_midinject,s42,0.1,0.0512,0.3412,0.3196,0.3392,0.6948983422383396
lodo,Retail,full_midinject,s42,0.2,0.1024,0.3344,0.3452,0.3204,0.6927792529025049
lodo,Retail,full_midinject,s42,0.3,0.1536,0.3276,0.3708,0.3016,0.6898864584367397
lodo,Retail,full_midinject,s42,0.4,0.2048,0.3208,0.3964,0.2828,0.686231940227449
lodo,Retail,full_midinject,s42,0.5,0.256,0.314,0.422,0.264,0.6818059933949171
lodo,Retail,full_midinject,s42,0.6,0.3072,0.3072,0.4476,0.2452,0.6765776464193826
lodo,Retail,full_midinject,s42,0.7,0.3584,0.3004,0.4732,0.2264,0.6704934900028295
lodo,Retail,full_midinject,s42,0.8,0.4096,0.2936,0.4988,0.2076,0.6634748218329235
lodo,Retail,full_midinject,s42,0.9,0.4608,0.2868,0.5244,0.1888,0.6554127728420654
lodo,Retail,full_midinject,s42,1.0,0.512,0.28,0.55,0.17,0.6461607711322033
lodo,Retail,full_midinject,s87,0.0,0.0,0.348,0.294,0.358,0.6919281906444678
lodo,Retail,full_midinject,s87,0.1,0.0512,0.3412,0.3196,0.3392,0.691337295981771
lodo,Retail,full_midinject,s87,0.2,0.1024,0.3344,0.3452,0.3204,0.6899388968998593
lodo,Retail,full_midinject,s87,0.3,0.1536,0.3276,0.3708,0.3016,0.6877724653448497
lodo,Retail,full_midinject,s87,0.4,0.2048,0.3208,0.3964,0.2828,0.684853340681728
lodo,Retail,full_midinject,s87,0.5,0.256,0.314,0.422,0.264,0.6811749009435868
lodo,Retail,full_midinject,s87,0.6,0.3072,0.3072,0.4476,0.2452,0.6767089701079395
lodo,Retail,full_midinject,s87,0.7,0.3584,0.3004,0.4732,0.2264,0.6714045801399743
lodo,Retail,full_midinject,s87,0.8,0.4096,0.2936,0.4988,0.2076,0.665184965652667
lodo,Retail,full_midinject,s87,0.9,0.4608,0.2868,0.5244,0.1888,0.6579424071768339
lodo,Retail,full_midinject,s87,1.0,0.512,0.28,0.55,0.17,0.6495301922596407
lodo,Retail,mdeberta_dapt,s100,0.0,0.0,0.348,0.294,0.358,0.6551811105793823
lodo,Retail,mdeberta_dapt,s100,0.1,0.0512,0.3412,0.3196,0.3392,0.6563245715176301
lodo,Retail,mdeberta_dapt,s100,0.2,0.1024,0.3344,0.3452,0.3204,0.6565602092740379
lodo,Retail,mdeberta_dapt,s100,0.3,0.1536,0.3276,0.3708,0.3016,0.6559312729335026
lodo,Retail,mdeberta_dapt,s100,0.4,0.2048,0.3208,0.3964,0.2828,0.6544574707054034
lodo,Retail,mdeberta_dapt,s100,0.5,0.256,0.314,0.422,0.264,0.6521367192422289
lodo,Retail,mdeberta_dapt,s100,0.6,0.3072,0.3072,0.4476,0.2452,0.6489454166412622
lodo,Retail,mdeberta_dapt,s100,0.7,0.3584,0.3004,0.4732,0.2264,0.6448372947880587
lodo,Retail,mdeberta_dapt,s100,0.8,0.4096,0.2936,0.4988,0.2076,0.639740728208367
lodo,Retail,mdeberta_dapt,s100,0.9,0.4608,0.2868,0.5244,0.1888,0.633554175346543
lodo,Retail,mdeberta_dapt,s100,1.0,0.512,0.28,0.55,0.17,0.6261391608496079
lodo,Retail,mdeberta_dapt,s13,0.0,0.0,0.348,0.294,0.358,0.7065985956597819
lodo,Retail,mdeberta_dapt,s13,0.1,0.0512,0.3412,0.3196,0.3392,0.7054186930194509
lodo,Retail,mdeberta_dapt,s13,0.2,0.1024,0.3344,0.3452,0.3204,0.703427495715923
lodo,Retail,mdeberta_dapt,s13,0.3,0.1536,0.3276,0.3708,0.3016,0.7006601827330904
lodo,Retail,mdeberta_dapt,s13,0.4,0.2048,0.3208,0.3964,0.2828,0.697127891443499
lodo,Retail,mdeberta_dapt,s13,0.5,0.256,0.314,0.422,0.264,0.6928199559862936
lodo,Retail,mdeberta_dapt,s13,0.6,0.3072,0.3072,0.4476,0.2452,0.6877044015516397
lodo,Retail,mdeberta_dapt,s13,0.7,0.3584,0.3004,0.4732,0.2264,0.6817268517184738
lodo,Retail,mdeberta_dapt,s13,0.8,0.4096,0.2936,0.4988,0.2076,0.6748077767067254
lodo,Retail,mdeberta_dapt,s13,0.9,0.4608,0.2868,0.5244,0.1888,0.6668377758071639
lodo,Retail,mdeberta_dapt,s13,1.0,0.512,0.28,0.55,0.17,0.6576702927345311
lodo,Retail,mdeberta_dapt,s21,0.0,0.0,0.348,0.294,0.358,0.6883499385063928
lodo,Retail,mdeberta_dapt,s21,0.1,0.0512,0.3412,0.3196,0.3392,0.686118904492821
lodo,Retail,mdeberta_dapt,s21,0.2,0.1024,0.3344,0.3452,0.3204,0.6831431097883175
lodo,Retail,mdeberta_dapt,s21,0.3,0.1536,0.3276,0.3708,0.3016,0.6794510188604047
lodo,Retail,mdeberta_dapt,s21,0.4,0.2048,0.3208,0.3964,0.2828,0.6750485990005385
lodo,Retail,mdeberta_dapt,s21,0.5,0.256,0.314,0.422,0.264,0.6699213037165008
lodo,Retail,mdeberta_dapt,s21,0.6,0.3072,0.3072,0.4476,0.2452,0.6640343592092511
lodo,Retail,mdeberta_dapt,s21,0.7,0.3584,0.3004,0.4732,0.2264,0.6573314955101298
lodo,Retail,mdeberta_dapt,s21,0.8,0.4096,0.2936,0.4988,0.2076,0.6497320313397097
lodo,Retail,mdeberta_dapt,s21,0.9,0.4608,0.2868,0.5244,0.1888,0.6411259810851243
lodo,Retail,mdeberta_dapt,s21,1.0,0.512,0.28,0.55,0.17,0.6313665455047558
lodo,Retail,mdeberta_dapt,s42,0.0,0.0,0.348,0.294,0.358,0.7137205807498397
lodo,Retail,mdeberta_dapt,s42,0.1,0.0512,0.3412,0.3196,0.3392,0.7129234968260203
lodo,Retail,mdeberta_dapt,s42,0.2,0.1024,0.3344,0.3452,0.3204,0.7113073377762354
lodo,Retail,mdeberta_dapt,s42,0.3,0.1536,0.3276,0.3708,0.3016,0.7089113517559844
lodo,Retail,mdeberta_dapt,s42,0.4,0.2048,0.3208,0.3964,0.2828,0.7057501688753112
lodo,Retail,mdeberta_dapt,s42,0.5,0.256,0.314,0.422,0.264,0.7018161692687532
lodo,Retail,mdeberta_dapt,s42,0.6,0.3072,0.3072,0.4476,0.2452,0.6970800493731518
lodo,Retail,mdeberta_dapt,s42,0.7,0.3584,0.3004,0.4732,0.2264,0.691489745103605
lodo,Retail,mdeberta_dapt,s42,0.8,0.4096,0.2936,0.4988,0.2076,0.6849676300946618
lodo,Retail,mdeberta_dapt,s42,0.9,0.4608,0.2868,0.5244,0.1888,0.6774056576097832
lodo,Retail,mdeberta_dapt,s42,1.0,0.512,0.28,0.55,0.17,0.6686577966828241
lodo,Retail,mdeberta_dapt,s87,0.0,0.0,0.348,0.294,0.358,0.7021318398289264
lodo,Retail,mdeberta_dapt,s87,0.1,0.0512,0.3412,0.3196,0.3392,0.7024067494453369
lodo,Retail,mdeberta_dapt,s87,0.2,0.1024,0.3344,0.3452,0.3204,0.7018203395303049
lodo,Retail,mdeberta_dapt,s87,0.3,0.1536,0.3276,0.3708,0.3016,0.7004173744952796
lodo,Retail,mdeberta_dapt,s87,0.4,0.2048,0.3208,0.3964,0.2828,0.6982178563048067
lodo,Retail,mdeberta_dapt,s87,0.5,0.256,0.314,0.422,0.264,0.6952192674202248
lodo,Retail,mdeberta_dapt,s87,0.6,0.3072,0.3072,0.4476,0.2452,0.6913970925249231
lodo,Retail,mdeberta_dapt,s87,0.7,0.3584,0.3004,0.4732,0.2264,0.6867037340581859
lodo,Retail,mdeberta_dapt,s87,0.8,0.4096,0.2936,0.4988,0.2076,0.6810657122003551
lodo,Retail,mdeberta_dapt,s87,0.9,0.4608,0.2868,0.5244,0.1888,0.6743787961625746
lodo,Retail,mdeberta_dapt,s87,1.0,0.512,0.28,0.55,0.17,0.6665003933245832
lodo,Retail,mdeberta_ft,s100,0.0,0.0,0.348,0.294,0.358,0.6451707493031665
lodo,Retail,mdeberta_ft,s100,0.1,0.0512,0.3412,0.3196,0.3392,0.6436893023687322
lodo,Retail,mdeberta_ft,s100,0.2,0.1024,0.3344,0.3452,0.3204,0.6413566951542932
lodo,Retail,mdeberta_ft,s100,0.3,0.1536,0.3276,0.3708,0.3016,0.6382073501139679
lodo,Retail,mdeberta_ft,s100,0.4,0.2048,0.3208,0.3964,0.2828,0.6342542378036415
lodo,Retail,mdeberta_ft,s100,0.5,0.256,0.314,0.422,0.264,0.629491079449041
lodo,Retail,mdeberta_ft,s100,0.6,0.3072,0.3072,0.4476,0.2452,0.6238932257166966
lodo,Retail,mdeberta_ft,s100,0.7,0.3584,0.3004,0.4732,0.2264,0.6174173894139453
lodo,Retail,mdeberta_ft,s100,0.8,0.4096,0.2936,0.4988,0.2076,0.6100002677604731
lodo,Retail,mdeberta_ft,s100,0.9,0.4608,0.2868,0.5244,0.1888,0.6015559622817036
lodo,Retail,mdeberta_ft,s100,1.0,0.512,0.28,0.55,0.17,0.591971966900834
lodo,Retail,mdeberta_ft,s13,0.0,0.0,0.348,0.294,0.358,0.720083505923924
lodo,Retail,mdeberta_ft,s13,0.1,0.0512,0.3412,0.3196,0.3392,0.7192112740471733
lodo,Retail,mdeberta_ft,s13,0.2,0.1024,0.3344,0.3452,0.3204,0.7175506330367654
lodo,Retail,mdeberta_ft,s13,0.3,0.1536,0.3276,0.3708,0.3016,0.7151399537609623
lodo,Retail,mdeberta_ft,s13,0.4,0.2048,0.3208,0.3964,0.2828,0.7119930115270775
lodo,Retail,mdeberta_ft,s13,0.5,0.256,0.314,0.422,0.264,0.7081012479692533
lodo,Retail,mdeberta_ft,s13,0.6,0.3072,0.3072,0.4476,0.2452,0.7034341503860028
lodo,Retail,mdeberta_ft,s13,0.7,0.3584,0.3004,0.4732,0.2264,0.6979378794714447
lodo,Retail,mdeberta_ft,s13,0.8,0.4096,0.2936,0.4988,0.2076,0.691532007689164
lodo,Retail,mdeberta_ft,s13,0.9,0.4608,0.2868,0.5244,0.1888,0.6841039379599497
lodo,Retail,mdeberta_ft,s13,1.0,0.512,0.28,0.55,0.17,0.6755001811345314
lodo,Retail,mdeberta_ft,s42,0.0,0.0,0.348,0.294,0.358,0.7165544187006612
lodo,Retail,mdeberta_ft,s42,0.1,0.0512,0.3412,0.3196,0.3392,0.7155314008824781
lodo,Retail,mdeberta_ft,s42,0.2,0.1024,0.3344,0.3452,0.3204,0.7137143996592407
lodo,Retail,mdeberta_ft,s42,0.3,0.1536,0.3276,0.3708,0.3016,0.7111408560082305
lodo,Retail,mdeberta_ft,s42,0.4,0.2048,0.3208,0.3964,0.2828,0.7078239448878358
lodo,Retail,mdeberta_ft,s42,0.5,0.256,0.314,0.422,0.264,0.7037547581003311
lodo,Retail,mdeberta_ft,s42,0.6,0.3072,0.3072,0.4476,0.2452,0.698902661264777
lodo,Retail,mdeberta_ft,s42,0.7,0.3584,0.3004,0.4732,0.2264,0.6932139495361779
lodo,Retail,mdeberta_ft,s42,0.8,0.4096,0.2936,0.4988,0.2076,0.6866086706347966
lodo,Retail,mdeberta_ft,s42,0.9,0.4608,0.2868,0.5244,0.1888,0.6789752055479372
lodo,Retail,mdeberta_ft,s42,1.0,0.512,0.28,0.55,0.17,0.6701618273133638
lodo,Retail,xlmr_dapt,s100,0.0,0.0,0.348,0.294,0.358,0.7068679397799591
lodo,Retail,xlmr_dapt,s100,0.1,0.0512,0.3412,0.3196,0.3392,0.706529348920205
lodo,Retail,xlmr_dapt,s100,0.2,0.1024,0.3344,0.3452,0.3204,0.7053583331827805
lodo,Retail,xlmr_dapt,s100,0.3,0.1536,0.3276,0.3708,0.3016,0.7033966771073685
lodo,Retail,xlmr_dapt,s100,0.4,0.2048,0.3208,0.3964,0.2828,0.7006616081302347
lodo,Retail,xlmr_dapt,s100,0.5,0.256,0.314,0.422,0.264,0.6971479073219444
lodo,Retail,xlmr_dapt,s100,0.6,0.3072,0.3072,0.4476,0.2452,0.6928282414661711
lodo,Retail,xlmr_dapt,s100,0.7,0.3584,0.3004,0.4732,0.2264,0.6876518096068627
lodo,Retail,xlmr_dapt,s100,0.8,0.4096,0.2936,0.4988,0.2076,0.6815411516181992
lodo,Retail,xlmr_dapt,s100,0.9,0.4608,0.2868,0.5244,0.1888,0.6743866906124282
lodo,Retail,xlmr_dapt,s100,1.0,0.512,0.28,0.55,0.17,0.6660382067265713
lodo,Retail,xlmr_dapt,s13,0.0,0.0,0.348,0.294,0.358,0.6677574027592028
lodo,Retail,xlmr_dapt,s13,0.1,0.0512,0.3412,0.3196,0.3392,0.6685780336892958
lodo,Retail,xlmr_dapt,s13,0.2,0.1024,0.3344,0.3452,0.3204,0.668526600263441
lodo,Retail,xlmr_dapt,s13,0.3,0.1536,0.3276,0.3708,0.3016,0.6676473402001678
lodo,Retail,xlmr_dapt,s13,0.4,0.2048,0.3208,0.3964,0.2828,0.6659607813633487
lodo,Retail,xlmr_dapt,s13,0.5,0.256,0.314,0.422,0.264,0.6634654921808807
lodo,Retail,xlmr_dapt,s13,0.6,0.3072,0.3072,0.4476,0.2452,0.6601382447800431
lodo,Retail,xlmr_dapt,s13,0.7,0.3584,0.3004,0.4732,0.2264,0.655932623936189
lodo,Retail,xlmr_dapt,s13,0.8,0.4096,0.2936,0.4988,0.2076,0.6507759036668838
lodo,Retail,xlmr_dapt,s13,0.9,0.4608,0.2868,0.5244,0.1888,0.6445637635486178
lodo,Retail,xlmr_dapt,s13,1.0,0.512,0.28,0.55,0.17,0.6371520686774591
lodo,Retail,xlmr_dapt,s42,0.0,0.0,0.348,0.294,0.358,0.7000182629315151
lodo,Retail,xlmr_dapt,s42,0.1,0.0512,0.3412,0.3196,0.3392,0.6971661127815381
lodo,Retail,xlmr_dapt,s42,0.2,0.1024,0.3344,0.3452,0.3204,0.6936150553211636
lodo,Retail,xlmr_dapt,s42,0.3,0.1536,0.3276,0.3708,0.3016,0.6893869737972212
lodo,Retail,xlmr_dapt,s42,0.4,0.2048,0.3208,0.3964,0.2828,0.6844820282198101
lodo,Retail,xlmr_dapt,s42,0.5,0.256,0.314,0.422,0.264,0.6788804851300666
lodo,Retail,xlmr_dapt,s42,0.6,0.3072,0.3072,0.4476,0.2452,0.6725428365498406
lodo,Retail,xlmr_dapt,s42,0.7,0.3584,0.3004,0.4732,0.2264,0.6654083519722974
lodo,Retail,xlmr_dapt,s42,0.8,0.4096,0.2936,0.4988,0.2076,0.6573919636272577
lodo,Retail,xlmr_dapt,s42,0.9,0.4608,0.2868,0.5244,0.1888,0.6483791347695425
lodo,Retail,xlmr_dapt,s42,1.0,0.512,0.28,0.55,0.17,0.6382180411783737
lodo,Retail,xlmr_ft,s100,0.0,0.0,0.348,0.294,0.358,0.6846729981019615
lodo,Retail,xlmr_ft,s100,0.1,0.0512,0.3412,0.3196,0.3392,0.6853848144215068
lodo,Retail,xlmr_ft,s100,0.2,0.1024,0.3344,0.3452,0.3204,0.6852448549072253
lodo,Retail,xlmr_ft,s100,0.3,0.1536,0.3276,0.3708,0.3016,0.6842990415664287
lodo,Retail,xlmr_ft,s100,0.4,0.2048,0.3208,0.3964,0.2828,0.6825688327767766
lodo,Retail,xlmr_ft,s100,0.5,0.256,0.314,0.422,0.264,0.6800531918367132
lodo,Retail,xlmr_ft,s100,0.6,0.3072,0.3072,0.4476,0.2452,0.6767288324693963
lodo,Retail,xlmr_ft,s100,0.7,0.3584,0.3004,0.4732,0.2264,0.6725487914895879
lodo,Retail,xlmr_ft,s100,0.8,0.4096,0.2936,0.4988,0.2076,0.6674391388823652
lodo,Retail,xlmr_ft,s100,0.9,0.4608,0.2868,0.5244,0.1888,0.6612933527582922
lodo,Retail,xlmr_ft,s100,1.0,0.512,0.28,0.55,0.17,0.6539634895751392
lodo,Retail,xlmr_ft,s13,0.0,0.0,0.348,0.294,0.358,0.701938254716604
lodo,Retail,xlmr_ft,s13,0.1,0.0512,0.3412,0.3196,0.3392,0.7013607410245597
lodo,Retail,xlmr_ft,s13,0.2,0.1024,0.3344,0.3452,0.3204,0.6999591451741228
lodo,Retail,xlmr_ft,s13,0.3,0.1536,0.3276,0.3708,0.3016,0.6977727502757886
lodo,Retail,xlmr_ft,s13,0.4,0.2048,0.3208,0.3964,0.2828,0.6948164807562932
lodo,Retail,xlmr_ft,s13,0.5,0.256,0.314,0.422,0.264,0.691083107290925
lodo,Retail,xlmr_ft,s13,0.6,0.3072,0.3072,0.4476,0.2452,0.6865436956617698
lodo,Retail,xlmr_ft,s13,0.7,0.3584,0.3004,0.4732,0.2264,0.68114642817096
lodo,Retail,xlmr_ft,s13,0.8,0.4096,0.2936,0.4988,0.2076,0.6748136917055518
lodo,Retail,xlmr_ft,s13,0.9,0.4608,0.2868,0.5244,0.1888,0.6674370758728561
lodo,Retail,xlmr_ft,s13,1.0,0.512,0.28,0.55,0.17,0.6588695981116774
lodo,Retail,xlmr_ft,s21,0.0,0.0,0.348,0.294,0.358,0.6706277857219182
lodo,Retail,xlmr_ft,s21,0.1,0.0512,0.3412,0.3196,0.3392,0.6712212674111416
lodo,Retail,xlmr_ft,s21,0.2,0.1024,0.3344,0.3452,0.3204,0.6709384890965472
lodo,Retail,xlmr_ft,s21,0.3,0.1536,0.3276,0.3708,0.3016,0.6698225870108284
lodo,Retail,xlmr_ft,s21,0.4,0.2048,0.3208,0.3964,0.2828,0.6678930907683603
lodo,Retail,xlmr_ft,s21,0.5,0.256,0.314,0.422,0.264,0.6651476785988034
lodo,Retail,xlmr_ft,s21,0.6,0.3072,0.3072,0.4476,0.2452,0.6615623678320964
lodo,Retail,xlmr_ft,s21,0.7,0.3584,0.3004,0.4732,0.2264,0.6570901828893382
lodo,Retail,xlmr_ft,s21,0.8,0.4096,0.2936,0.4988,0.2076,0.6516581391430996
lodo,Retail,xlmr_ft,s21,0.9,0.4608,0.2868,0.5244,0.1888,0.6451621436547336
lodo,Retail,xlmr_ft,s21,1.0,0.512,0.28,0.55,0.17,0.6374590874707401
lodo,Retail,xlmr_ft,s42,0.0,0.0,0.348,0.294,0.358,0.6757310538652311
lodo,Retail,xlmr_ft,s42,0.1,0.0512,0.3412,0.3196,0.3392,0.6737089046262206
lodo,Retail,xlmr_ft,s42,0.2,0.1024,0.3344,0.3452,0.3204,0.6709192438403139
lodo,Retail,xlmr_ft,s42,0.3,0.1536,0.3276,0.3708,0.3016,0.6673908935660592
lodo,Retail,xlmr_ft,s42,0.4,0.2048,0.3208,0.3964,0.2828,0.6631303372271674
lodo,Retail,xlmr_ft,s42,0.5,0.256,0.314,0.422,0.264,0.6581237311242071
lodo,Retail,xlmr_ft,s42,0.6,0.3072,0.3072,0.4476,0.2452,0.6523373004647318
lodo,Retail,xlmr_ft,s42,0.7,0.3584,0.3004,0.4732,0.2264,0.6457162714426049
lodo,Retail,xlmr_ft,s42,0.8,0.4096,0.2936,0.4988,0.2076,0.6381822809045229
lodo,Retail,xlmr_ft,s42,0.9,0.4608,0.2868,0.5244,0.1888,0.6296289942292187
lodo,Retail,xlmr_ft,s42,1.0,0.512,0.28,0.55,0.17,0.6199154020430407
lodo,Retail,xlmr_ft,s87,0.0,0.0,0.348,0.294,0.358,0.6853485802599502
lodo,Retail,xlmr_ft,s87,0.1,0.0512,0.3412,0.3196,0.3392,0.684412481029241
lodo,Retail,xlmr_ft,s87,0.2,0.1024,0.3344,0.3452,0.3204,0.6826265029752641
lodo,Retail,xlmr_ft,s87,0.3,0.1536,0.3276,0.3708,0.3016,0.6800279026826214
lodo,Retail,xlmr_ft,s87,0.4,0.2048,0.3208,0.3964,0.2828,0.6766303242096668
lodo,Retail,xlmr_ft,s87,0.5,0.256,0.314,0.422,0.264,0.672425986235743
lodo,Retail,xlmr_ft,s87,0.6,0.3072,0.3072,0.4476,0.2452,0.6673862697785834
lodo,Retail,xlmr_ft,s87,0.7,0.3584,0.3004,0.4732,0.2264,0.6614608552350115
lodo,Retail,xlmr_ft,s87,0.8,0.4096,0.2936,0.4988,0.2076,0.654575361924003
lodo,Retail,xlmr_ft,s87,0.9,0.4608,0.2868,0.5244,0.1888,0.6466272462521546
lodo,Retail,xlmr_ft,s87,1.0,0.512,0.28,0.55,0.17,0.6374794734541352
lodo,Retail,xlmr_supcon,s100,0.0,0.0,0.348,0.294,0.358,0.6465326655058167
lodo,Retail,xlmr_supcon,s100,0.1,0.0512,0.3412,0.3196,0.3392,0.64568884095174
lodo,Retail,xlmr_supcon,s100,0.2,0.1024,0.3344,0.3452,0.3204,0.6440046033348626
lodo,Retail,xlmr_supcon,s100,0.3,0.1536,0.3276,0.3708,0.3016,0.6415169091031413
lodo,Retail,xlmr_supcon,s100,0.4,0.2048,0.3208,0.3964,0.2828,0.6382400846062403
lodo,Retail,xlmr_supcon,s100,0.5,0.256,0.314,0.422,0.264,0.6341680541040339
lodo,Retail,xlmr_supcon,s100,0.6,0.3072,0.3072,0.4476,0.2452,0.6292750915307049
lodo,Retail,xlmr_supcon,s100,0.7,0.3584,0.3004,0.4732,0.2264,0.6235152623302458
lodo,Retail,xlmr_supcon,s100,0.8,0.4096,0.2936,0.4988,0.2076,0.6168205511324909
lodo,Retail,xlmr_supcon,s100,0.9,0.4608,0.2868,0.5244,0.1888,0.6090975077225677
lodo,Retail,xlmr_supcon,s100,1.0,0.512,0.28,0.55,0.17,0.6002220542363853
lodo,Retail,xlmr_supcon,s13,0.0,0.0,0.348,0.294,0.358,0.6658510552733367
lodo,Retail,xlmr_supcon,s13,0.1,0.0512,0.3412,0.3196,0.3392,0.6671794863114471
lodo,Retail,xlmr_supcon,s13,0.2,0.1024,0.3344,0.3452,0.3204,0.6676032238170543
lodo,Retail,xlmr_supcon,s13,0.3,0.1536,0.3276,0.3708,0.3016,0.6671669614547615
lodo,Retail,xlmr_supcon,s13,0.4,0.2048,0.3208,0.3964,0.2828,0.6658920067505439
lodo,Retail,xlmr_supcon,s13,0.5,0.256,0.314,0.422,0.264,0.6637779460589637
lodo,Retail,xlmr_supcon,s13,0.6,0.3072,0.3072,0.4476,0.2452,0.6608028307287236
lodo,Retail,xlmr_supcon,s13,0.7,0.3584,0.3004,0.4732,0.2264,0.6569219162439764
lodo,Retail,xlmr_supcon,s13,0.8,0.4096,0.2936,0.4988,0.2076,0.6520648009153472
lodo,Retail,xlmr_supcon,s13,0.9,0.4608,0.2868,0.5244,0.1888,0.6461305941145458
lodo,Retail,xlmr_supcon,s13,1.0,0.512,0.28,0.55,0.17,0.6389804473995492
lodo,Retail,xlmr_supcon,s21,0.0,0.0,0.348,0.294,0.358,0.6466786000924188
lodo,Retail,xlmr_supcon,s21,0.1,0.0512,0.3412,0.3196,0.3392,0.6447460155039589
lodo,Retail,xlmr_supcon,s21,0.2,0.1024,0.3344,0.3452,0.3204,0.642006044022719
lodo,Retail,xlmr_supcon,s21,0.3,0.1536,0.3276,0.3708,0.3016,0.6384888900553648
lodo,Retail,xlmr_supcon,s21,0.4,0.2048,0.3208,0.3964,0.2828,0.6342038204893093
lodo,Retail,xlmr_supcon,s21,0.5,0.256,0.314,0.422,0.264,0.629141000840196
lodo,Retail,xlmr_supcon,s21,0.6,0.3072,0.3072,0.4476,0.2452,0.6232719840805275
lodo,Retail,xlmr_supcon,s21,0.7,0.3584,0.3004,0.4732,0.2264,0.616548980777386
lodo,Retail,xlmr_supcon,s21,0.8,0.4096,0.2936,0.4988,0.2076,0.6089028838756424
lodo,Retail,xlmr_supcon,s21,0.9,0.4608,0.2868,0.5244,0.1888,0.6002398685171243
lodo,Retail,xlmr_supcon,s21,1.0,0.512,0.28,0.55,0.17,0.5904362057922391
lodo,Retail,xlmr_supcon,s42,0.0,0.0,0.348,0.294,0.358,0.6604355248866488
lodo,Retail,xlmr_supcon,s42,0.1,0.0512,0.3412,0.3196,0.3392,0.6615528937078596
lodo,Retail,xlmr_supcon,s42,0.2,0.1024,0.3344,0.3452,0.3204,0.6618033425650944
lodo,Retail,xlmr_supcon,s42,0.3,0.1536,0.3276,0.3708,0.3016,0.6612310865392841
lodo,Retail,xlmr_supcon,s42,0.4,0.2048,0.3208,0.3964,0.2828,0.6598570626980682
lodo,Retail,xlmr_supcon,s42,0.5,0.256,0.314,0.422,0.264,0.6576804444139618
lodo,Retail,xlmr_supcon,s42,0.6,0.3072,0.3072,0.4476,0.2452,0.6546785916471068
lodo,Retail,xlmr_supcon,s42,0.7,0.3584,0.3004,0.4732,0.2264,0.6508054242009752
lodo,Retail,xlmr_supcon,s42,0.8,0.4096,0.2936,0.4988,0.2076,0.645987986771204
lodo,Retail,xlmr_supcon,s42,0.9,0.4608,0.2868,0.5244,0.1888,0.6401207027445994
lodo,Retail,xlmr_supcon,s42,1.0,0.512,0.28,0.55,0.17,0.6330564195639342
lodo,Retail,xlmr_supcon,s87,0.0,0.0,0.348,0.294,0.358,0.6731299915441015
lodo,Retail,xlmr_supcon,s87,0.1,0.0512,0.3412,0.3196,0.3392,0.6731544255824179
lodo,Retail,xlmr_supcon,s87,0.2,0.1024,0.3344,0.3452,0.3204,0.6723185069352636
lodo,Retail,xlmr_supcon,s87,0.3,0.1536,0.3276,0.3708,0.3016,0.6706633694455023
lodo,Retail,xlmr_supcon,s87,0.4,0.2048,0.3208,0.3964,0.2828,0.6682064847023629
lodo,Retail,xlmr_supcon,s87,0.5,0.256,0.314,0.422,0.264,0.6649436012760305
lodo,Retail,xlmr_supcon,s87,0.6,0.3072,0.3072,0.4476,0.2452,0.6608490945659277
lodo,Retail,xlmr_supcon,s87,0.7,0.3584,0.3004,0.4732,0.2264,0.6558748114326857
lodo,Retail,xlmr_supcon,s87,0.8,0.4096,0.2936,0.4988,0.2076,0.6499472913985429
lodo,Retail,xlmr_supcon,s87,0.9,0.4608,0.2868,0.5244,0.1888,0.6429630225687463
lodo,Retail,xlmr_supcon,s87,1.0,0.512,0.28,0.55,0.17,0.6347810947622953
lodo,Social,full,s100,0.0,0.0,0.348,0.294,0.358,0.6942965294050029
lodo,Social,full,s100,0.1,0.0512,0.3412,0.3196,0.3392,0.6926522592486782
lodo,Social,full,s100,0.2,0.1024,0.3344,0.3452,0.3204,0.6901444141881146
lodo,Social,full,s100,0.3,0.1536,0.3276,0.3708,0.3016,0.6868087310692141
lodo,Social,full,s100,0.4,0.2048,0.3208,0.3964,0.2828,0.6826582857364203
lodo,Social,full,s100,0.5,0.256,0.314,0.422,0.264,0.6776859526005898
lodo,Social,full,s100,0.6,0.3072,0.3072,0.4476,0.2452,0.6718654062745908
lodo,Social,full,s100,0.7,0.3584,0.3004,0.4732,0.2264,0.6651508773280382
lodo,Social,full,s100,0.8,0.4096,0.2936,0.4988,0.2076,0.6574757121256445
lodo,Social,full,s100,0.9,0.4608,0.2868,0.5244,0.1888,0.6487496440824165
lodo,Social,full,s100,1.0,0.512,0.28,0.55,0.17,0.6388545320597807
lodo,Social,full,s13,0.0,0.0,0.348,0.294,0.358,0.7024781071859522
lodo,Social,full,s13,0.1,0.0512,0.3412,0.3196,0.3392,0.7012059662079232
lodo,Social,full,s13,0.2,0.1024,0.3344,0.3452,0.3204,0.6990700532727264
lodo,Social,full,s13,0.3,0.1536,0.3276,0.3708,0.3016,0.6961075341093617
lodo,Social,full,s13,0.4,0.2048,0.3208,0.3964,0.2828,0.6923321887108062
lodo,Social,full,s13,0.5,0.256,0.314,0.422,0.264,0.6877368668325564
lodo,Social,full,s13,0.6,0.3072,0.3072,0.4476,0.2452,0.6822944021506561
lodo,Social,full,s13,0.7,0.3584,0.3004,0.4732,0.2264,0.6759571878481277
lodo,Social,full,s13,0.8,0.4096,0.2936,0.4988,0.2076,0.6686554391302127
lodo,Social,full,s13,0.9,0.4608,0.2868,0.5244,0.1888,0.6602940058677684
lodo,Social,full,s13,1.0,0.512,0.28,0.55,0.17,0.6507474179653006
lodo,Social,full,s21,0.0,0.0,0.348,0.294,0.358,0.7021092225770597
lodo,Social,full,s21,0.1,0.0512,0.3412,0.3196,0.3392,0.7009358131188707
lodo,Social,full,s21,0.2,0.1024,0.3344,0.3452,0.3204,0.6988915540436936
lodo,Social,full,s21,0.3,0.1536,0.3276,0.3708,0.3016,0.6960149749666656
lodo,Social,full,s21,0.4,0.2048,0.3208,0.3964,0.2828,0.6923216991416519
lodo,Social,full,s21,0.5,0.256,0.314,0.422,0.264,0.6878070410426794
lodo,Social,full,s21,0.6,0.3072,0.3072,0.4476,0.2452,0.6824471429312587
lodo,Social,full,s21,0.7,0.3584,0.3004,0.4732,0.2264,0.6761988762473442
lodo,Social,full,s21,0.8,0.4096,0.2936,0.4988,0.2076,0.6689985735595347
lodo,Social,full,s21,0.9,0.4608,0.2868,0.5244,0.1888,0.6607595187959082
lodo,Social,full,s21,1.0,0.512,0.28,0.55,0.17,0.65136798023949
lodo,Social,full,s42,0.0,0.0,0.348,0.294,0.358,0.6751940422492272
lodo,Social,full,s42,0.1,0.0512,0.3412,0.3196,0.3392,0.6723509670519418
lodo,Social,full,s42,0.2,0.1024,0.3344,0.3452,0.3204,0.6686718460661943
lodo,Social,full,s42,0.3,0.1536,0.3276,0.3708,0.3016,0.6641874841253768
lodo,Social,full,s42,0.4,0.2048,0.3208,0.3964,0.2828,0.6589089026190588
lodo,Social,full,s42,0.5,0.256,0.314,0.422,0.264,0.6528297993319803
lodo,Social,full,s42,0.6,0.3072,0.3072,0.4476,0.2452,0.6459278153439465
lodo,Social,full,s42,0.7,0.3584,0.3004,0.4732,0.2264,0.638164841799245
lodo,Social,full,s42,0.8,0.4096,0.2936,0.4988,0.2076,0.6294864770201704
lodo,Social,full,s42,0.9,0.4608,0.2868,0.5244,0.1888,0.6198206504733336
lodo,Social,full,s42,1.0,0.512,0.28,0.55,0.17,0.6090753462810848
lodo,Social,full,s87,0.0,0.0,0.348,0.294,0.358,0.700396179958726
lodo,Social,full,s87,0.1,0.0512,0.3412,0.3196,0.3392,0.6987847001945919
lodo,Social,full,s87,0.2,0.1024,0.3344,0.3452,0.3204,0.6963065337136193
lodo,Social,full,s87,0.3,0.1536,0.3276,0.3708,0.3016,0.6929976675901129
lodo,Social,full,s87,0.4,0.2048,0.3208,0.3964,0.2828,0.6888713993289123
lodo,Social,full,s87,0.5,0.256,0.314,0.422,0.264,0.683920789756515
lodo,Social,full,s87,0.6,0.3072,0.3072,0.4476,0.2452,0.6781196600685909
lodo,Social,full,s87,0.7,0.3584,0.3004,0.4732,0.2264,0.6714223428592693
lodo,Social,full,s87,0.8,0.4096,0.2936,0.4988,0.2076,0.6637622353939635
lodo,Social,full,s87,0.9,0.4608,0.2868,0.5244,0.1888,0.6550490607581346
lodo,Social,full,s87,1.0,0.512,0.28,0.55,0.17,0.6451645904574274
lodo,Social,full_midinject,s100,0.0,0.0,0.348,0.294,0.358,0.6622684579194927
lodo,Social,full_midinject,s100,0.1,0.0512,0.3412,0.3196,0.3392,0.6590850550439122
lodo,Social,full_midinject,s100,0.2,0.1024,0.3344,0.3452,0.3204,0.6550922476051851
lodo,Social,full_midinject,s100,0.3,0.1536,0.3276,0.3708,0.3016,0.6503198891025944
lodo,Social,full_midinject,s100,0.4,0.2048,0.3208,0.3964,0.2828,0.6447782846355906
lodo,Social,full_midinject,s100,0.5,0.256,0.314,0.422,0.264,0.6384607546664184
lodo,Social,full_midinject,s100,0.6,0.3072,0.3072,0.4476,0.2452,0.6313449786929781
lodo,Social,full_midinject,s100,0.7,0.3584,0.3004,0.4732,0.2264,0.6233933734646823
lodo,Social,full_midinject,s100,0.8,0.4096,0.2936,0.4988,0.2076,0.6145526312284275
lodo,Social,full_midinject,s100,0.9,0.4608,0.2868,0.5244,0.1888,0.6047524470899486
lodo,Social,full_midinject,s100,1.0,0.512,0.28,0.55,0.17,0.5939033812756764
lodo,Social,full_midinject,s13,0.0,0.0,0.348,0.294,0.358,0.6790575924087872
lodo,Social,full_midinject,s13,0.1,0.0512,0.3412,0.3196,0.3392,0.6788670046613836
lodo,Social,full_midinject,s13,0.2,0.1024,0.3344,0.3452,0.3204,0.6778115331310941
lodo,Social,full_midinject,s13,0.3,0.1536,0.3276,0.3708,0.3016,0.6759310589231888
lodo,Social,full_midinject,s13,0.4,0.2048,0.3208,0.3964,0.2828,0.6732423606629738
lodo,Social,full_midinject,s13,0.5,0.256,0.314,0.422,0.264,0.6697410452062043
lodo,Social,full_midinject,s13,0.6,0.3072,0.3072,0.4476,0.2452,0.6654019711549746
lodo,Social,full_midinject,s13,0.7,0.3584,0.3004,0.4732,0.2264,0.6601782609808867
lodo,Social,full_midinject,s13,0.8,0.4096,0.2936,0.4988,0.2076,0.6539988138938053
lodo,Social,full_midinject,s13,0.9,0.4608,0.2868,0.5244,0.1888,0.6467640342967181
lodo,Social,full_midinject,s13,1.0,0.512,0.28,0.55,0.17,0.6383392370429184
lodo,Social,full_midinject,s21,0.0,0.0,0.348,0.294,0.358,0.7085330017884445
lodo,Social,full_midinject,s21,0.1,0.0512,0.3412,0.3196,0.3392,0.7074018721723578
lodo,Social,full_midinject,s21,0.2,0.1024,0.3344,0.3452,0.3204,0.7054050097235226
lodo,Social,full_midinject,s21,0.3,0.1536,0.3276,0.3708,0.3016,0.7025800335112694
lodo,Social,full_midinject,s21,0.4,0.2048,0.3208,0.3964,0.2828,0.6989408997758334
lodo,Social,full_midinject,s21,0.5,0.256,0.314,0.422,0.264,0.6944802000558083
lodo,Social,full_midinject,s21,0.6,0.3072,0.3072,0.4476,0.2452,0.6891698810864301
lodo,Social,full_midinject,s21,0.7,0.3584,0.3004,0.4732,0.2264,0.6829605558819049
lodo,Social,full_midinject,s21,0.8,0.4096,0.2936,0.4988,0.2076,0.6757793879511852
lodo,Social,full_midinject,s21,0.9,0.4608,0.2868,0.5244,0.1888,0.6675263482382262
lodo,Social,full_midinject,s21,1.0,0.512,0.28,0.55,0.17,0.6580684287559289
lodo,Social,full_midinject,s42,0.0,0.0,0.348,0.294,0.358,0.713718522729109
lodo,Social,full_midinject,s42,0.1,0.0512,0.3412,0.3196,0.3392,0.7143758728558591
lodo,Social,full_midinject,s42,0.2,0.1024,0.3344,0.3452,0.3204,0.7141309603287085
lodo,Social,full_midinject,s42,0.3,0.1536,0.3276,0.3708,0.3016,0.7130297775265725
lodo,Social,full_midinject,s42,0.4,0.2048,0.3208,0.3964,0.2828,0.711093969503353
lodo,Social,full_midinject,s42,0.5,0.256,0.314,0.422,0.264,0.7083228766335732
lodo,Social,full_midinject,s42,0.6,0.3072,0.3072,0.4476,0.2452,0.7046939809478555
lodo,Social,full_midinject,s42,0.7,0.3584,0.3004,0.4732,0.2264,0.7001618404916096
lodo,Social,full_midinject,s42,0.8,0.4096,0.2936,0.4988,0.2076,0.6946553965183199
lodo,Social,full_midinject,s42,0.9,0.4608,0.2868,0.5244,0.1888,0.6880733170515594
lodo,Social,full_midinject,s42,1.0,0.512,0.28,0.55,0.17,0.6802767476334836
lodo,Social,full_midinject,s87,0.0,0.0,0.348,0.294,0.358,0.7020651512152196
lodo,Social,full_midinject,s87,0.1,0.0512,0.3412,0.3196,0.3392,0.7003456909209894
lodo,Social,full_midinject,s87,0.2,0.1024,0.3344,0.3452,0.3204,0.6977756468115398
lodo,Social,full_midinject,s87,0.3,0.1536,0.3276,0.3708,0.3016,0.6943887612035685
lodo,Social,full_midinject,s87,0.4,0.2048,0.3208,0.3964,0.2828,0.6901959026521771
lodo,Social,full_midinject,s87,0.5,0.256,0.314,0.422,0.264,0.6851874068754409
lodo,Social,full_midinject,s87,0.6,0.3072,0.3072,0.4476,0.2452,0.6793339060641341
lodo,Social,full_midinject,s87,0.7,0.3584,0.3004,0.4732,0.2264,0.6725858435595425
lodo,Social,full_midinject,s87,0.8,0.4096,0.2936,0.4988,0.2076,0.6648716965135648
lodo,Social,full_midinject,s87,0.9,0.4608,0.2868,0.5244,0.1888,0.6560947697479046
lodo,Social,full_midinject,s87,1.0,0.512,0.28,0.55,0.17,0.6461282469265889
lodo,Social,mdeberta_dapt,s100,0.0,0.0,0.348,0.294,0.358,0.7435246097972188
lodo,Social,mdeberta_dapt,s100,0.1,0.0512,0.3412,0.3196,0.3392,0.7430628350504648
lodo,Social,mdeberta_dapt,s100,0.2,0.1024,0.3344,0.3452,0.3204,0.7417749093728251
lodo,Social,mdeberta_dapt,s100,0.3,0.1536,0.3276,0.3708,0.3016,0.7397031732280429
lodo,Social,mdeberta_dapt,s100,0.4,0.2048,0.3208,0.3964,0.2828,0.7368646276134788
lodo,Social,mdeberta_dapt,s100,0.5,0.256,0.314,0.422,0.264,0.733253333104339
lodo,Social,mdeberta_dapt,s100,0.6,0.3072,0.3072,0.4476,0.2452,0.7288409147063307
lodo,Social,mdeberta_dapt,s100,0.7,0.3584,0.3004,0.4732,0.2264,0.7235753120011065
lodo,Social,mdeberta_dapt,s100,0.8,0.4096,0.2936,0.4988,0.2076,0.7173776504032015
lodo,Social,mdeberta_dapt,s100,0.9,0.4608,0.2868,0.5244,0.1888,0.7101368242649916
lodo,Social,mdeberta_dapt,s100,1.0,0.512,0.28,0.55,0.17,0.7017010047245682
lodo,Social,mdeberta_dapt,s13,0.0,0.0,0.348,0.294,0.358,0.7178711513889487
lodo,Social,mdeberta_dapt,s13,0.1,0.0512,0.3412,0.3196,0.3392,0.7162472342732387
lodo,Social,mdeberta_dapt,s13,0.2,0.1024,0.3344,0.3452,0.3204,0.7138084913210321
lodo,Social,mdeberta_dapt,s13,0.3,0.1536,0.3276,0.3708,0.3016,0.7105905049027679
lodo,Social,mdeberta_dapt,s13,0.4,0.2048,0.3208,0.3964,0.2828,0.7066049273242084
lodo,Social,mdeberta_dapt,s13,0.5,0.256,0.314,0.422,0.264,0.7018417635317084
lodo,Social,mdeberta_dapt,s13,0.6,0.3072,0.3072,0.4476,0.2452,0.6962699206089044
lodo,Social,mdeberta_dapt,s13,0.7,0.3584,0.3004,0.4732,0.2264,0.6898361886709655
lodo,Social,mdeberta_dapt,s13,0.8,0.4096,0.2936,0.4988,0.2076,0.6824625912669363
lodo,Social,mdeberta_dapt,s13,0.9,0.4608,0.2868,0.5244,0.1888,0.6740418139255553
lodo,Social,mdeberta_dapt,s13,1.0,0.512,0.28,0.55,0.17,0.6644301338554673
lodo,Social,mdeberta_dapt,s21,0.0,0.0,0.348,0.294,0.358,0.7242633143411106
lodo,Social,mdeberta_dapt,s21,0.1,0.0512,0.3412,0.3196,0.3392,0.724225723254154
lodo,Social,mdeberta_dapt,s21,0.2,0.1024,0.3344,0.3452,0.3204,0.7233295818549754
lodo,Social,mdeberta_dapt,s21,0.3,0.1536,0.3276,0.3708,0.3016,0.7216190865135493
lodo,Social,mdeberta_dapt,s21,0.4,0.2048,0.3208,0.3964,0.2828,0.719113312313907
lodo,Social,mdeberta_dapt,s21,0.5,0.256,0.314,0.422,0.264,0.7158084903479045
lodo,Social,mdeberta_dapt,s21,0.6,0.3072,0.3072,0.4476,0.2452,0.7116784975661917
lodo,Social,mdeberta_dapt,s21,0.7,0.3584,0.3004,0.4732,0.2264,0.7066736762540184
lodo,Social,mdeberta_dapt,s21,0.8,0.4096,0.2936,0.4988,0.2076,0.700717861231925
lodo,Social,mdeberta_dapt,s21,0.9,0.4608,0.2868,0.5244,0.1888,0.6937032317669055
lodo,Social,mdeberta_dapt,s21,1.0,0.512,0.28,0.55,0.17,0.6854822591671598
lodo,Social,mdeberta_dapt,s42,0.0,0.0,0.348,0.294,0.358,0.7105924565471705
lodo,Social,mdeberta_dapt,s42,0.1,0.0512,0.3412,0.3196,0.3392,0.7082738734841332
lodo,Social,mdeberta_dapt,s42,0.2,0.1024,0.3344,0.3452,0.3204,0.705140142148549
lodo,Social,mdeberta_dapt,s42,0.3,0.1536,0.3276,0.3708,0.3016,0.7012231007591434
lodo,Social,mdeberta_dapt,s42,0.4,0.2048,0.3208,0.3964,0.2828,0.6965321498419694
lodo,Social,mdeberta_dapt,s42,0.5,0.256,0.314,0.422,0.264,0.6910568207584102
lodo,Social,mdeberta_dapt,s42,0.6,0.3072,0.3072,0.4476,0.2452,0.684767806458216
lodo,Social,mdeberta_dapt,s42,0.7,0.3584,0.3004,0.4732,0.2264,0.6776167015197379
lodo,Social,mdeberta_dapt,s42,0.8,0.4096,0.2936,0.4988,0.2076,0.6695345178737501
lodo,Social,mdeberta_dapt,s42,0.9,0.4608,0.2868,0.5244,0.1888,0.6604288886146642
lodo,Social,mdeberta_dapt,s42,1.0,0.512,0.28,0.55,0.17,0.6501797122083938
lodo,Social,mdeberta_dapt,s87,0.0,0.0,0.348,0.294,0.358,0.742146892810227
lodo,Social,mdeberta_dapt,s87,0.1,0.0512,0.3412,0.3196,0.3392,0.7411003802906458
lodo,Social,mdeberta_dapt,s87,0.2,0.1024,0.3344,0.3452,0.3204,0.7392313944964765
lodo,Social,mdeberta_dapt,s87,0.3,0.1536,0.3276,0.3708,0.3016,0.736577705084437
lodo,Social,mdeberta_dapt,s87,0.4,0.2048,0.3208,0.3964,0.2828,0.7331522765791556
lodo,Social,mdeberta_dapt,s87,0.5,0.256,0.314,0.422,0.264,0.7289457110082064
lodo,Social,mdeberta_dapt,s87,0.6,0.3072,0.3072,0.4476,0.2452,0.723926866510962
lodo,Social,mdeberta_dapt,s87,0.7,0.3584,0.3004,0.4732,0.2264,0.7180418319063596
lodo,Social,mdeberta_dapt,s87,0.8,0.4096,0.2936,0.4988,0.2076,0.7112111955113184
lodo,Social,mdeberta_dapt,s87,0.9,0.4608,0.2868,0.5244,0.1888,0.7033253022760704
lodo,Social,mdeberta_dapt,s87,1.0,0.512,0.28,0.55,0.17,0.694236888945534
lodo,Social,mdeberta_ft,s100,0.0,0.0,0.348,0.294,0.358,0.7190485327411454
lodo,Social,mdeberta_ft,s100,0.1,0.0512,0.3412,0.3196,0.3392,0.7181866497633229
lodo,Social,mdeberta_ft,s100,0.2,0.1024,0.3344,0.3452,0.3204,0.7164680150079393
lodo,Social,mdeberta_ft,s100,0.3,0.1536,0.3276,0.3708,0.3016,0.7139323785612518
lodo,Social,mdeberta_ft,s100,0.4,0.2048,0.3208,0.3964,0.2828,0.7105953580918101
lodo,Social,mdeberta_ft,s100,0.5,0.256,0.314,0.422,0.264,0.7064509286534068
lodo,Social,mdeberta_ft,s100,0.6,0.3072,0.3072,0.4476,0.2452,0.7014722662276514
lodo,Social,mdeberta_ft,s100,0.7,0.3584,0.3004,0.4732,0.2264,0.695611137879831
lodo,Social,mdeberta_ft,s100,0.8,0.4096,0.2936,0.4988,0.2076,0.6887958327352988
lodo,Social,mdeberta_ft,s100,0.9,0.4608,0.2868,0.5244,0.1888,0.6809274376723552
lodo,Social,mdeberta_ft,s100,1.0,0.512,0.28,0.55,0.17,0.6718740387491146
lodo,Social,mdeberta_ft,s13,0.0,0.0,0.348,0.294,0.358,0.7109478168449419
lodo,Social,mdeberta_ft,s13,0.1,0.0512,0.3412,0.3196,0.3392,0.7096877298463987
lodo,Social,mdeberta_ft,s13,0.2,0.1024,0.3344,0.3452,0.3204,0.7075634360140243
lodo,Social,mdeberta_ft,s13,0.3,0.1536,0.3276,0.3708,0.3016,0.7046121861437703
lodo,Social,mdeberta_ft,s13,0.4,0.2048,0.3208,0.3964,0.2828,0.7008476806512945
lodo,Social,mdeberta_ft,s13,0.5,0.256,0.314,0.422,0.264,0.6962623502031323
lodo,Social,mdeberta_ft,s13,0.6,0.3072,0.3072,0.4476,0.2452,0.6908280659513443
lodo,Social,mdeberta_ft,s13,0.7,0.3584,0.3004,0.4732,0.2264,0.6844954473392448
lodo,Social,mdeberta_ft,s13,0.8,0.4096,0.2936,0.4988,0.2076,0.6771917489045239
lodo,Social,mdeberta_ft,s13,0.9,0.4608,0.2868,0.5244,0.1888,0.668817125945662
lodo,Social,mdeberta_ft,s13,1.0,0.512,0.28,0.55,0.17,0.6592388641482846
lodo,Social,mdeberta_ft,s42,0.0,0.0,0.348,0.294,0.358,0.7082318115330537
lodo,Social,mdeberta_ft,s42,0.1,0.0512,0.3412,0.3196,0.3392,0.7059911666732486
lodo,Social,mdeberta_ft,s42,0.2,0.1024,0.3344,0.3452,0.3204,0.7029240424894043
lodo,Social,mdeberta_ft,s42,0.3,0.1536,0.3276,0.3708,0.3016,0.6990626011204353
lodo,Social,mdeberta_ft,s42,0.4,0.2048,0.3208,0.3964,0.2828,0.694416382362375
lodo,Social,mdeberta_ft,s42,0.5,0.256,0.314,0.422,0.264,0.6889746167829434
lodo,Social,mdeberta_ft,s42,0.6,0.3072,0.3072,0.4476,0.2452,0.682707000250569
lodo,Social,mdeberta_ft,s42,0.7,0.3584,0.3004,0.4732,0.2264,0.675563127600629
lodo,Social,mdeberta_ft,s42,0.8,0.4096,0.2936,0.4988,0.2076,0.6674706002431604
lodo,Social,mdeberta_ft,s42,0.9,0.4608,0.2868,0.5244,0.1888,0.6583316539750349
lodo,Social,mdeberta_ft,s42,1.0,0.512,0.28,0.55,0.17,0.6480179635109442
lodo,Social,xlmr_dapt,s100,0.0,0.0,0.348,0.294,0.358,0.710700209881615
lodo,Social,xlmr_dapt,s100,0.1,0.0512,0.3412,0.3196,0.3392,0.7084348265122943
lodo,Social,xlmr_dapt,s100,0.2,0.1024,0.3344,0.3452,0.3204,0.7053607975755919
lodo,Social,xlmr_dapt,s100,0.3,0.1536,0.3276,0.3708,0.3016,0.7015084310978881
lodo,Social,xlmr_dapt,s100,0.4,0.2048,0.3208,0.3964,0.2828,0.6968853283283952
lodo,Social,xlmr_dapt,s100,0.5,0.256,0.314,0.422,0.264,0.6914787320762422
lodo,Social,xlmr_dapt,s100,0.6,0.3072,0.3072,0.4476,0.2452,0.6852562897181755
lodo,Social,xlmr_dapt,s100,0.7,0.3584,0.3004,0.4732,0.2264,0.6781654420576558
lodo,Social,xlmr_dapt,s100,0.8,0.4096,0.2936,0.4988,0.2076,0.6701314563566685
lodo,Social,xlmr_dapt,s100,0.9,0.4608,0.2868,0.5244,0.1888,0.6610539459557362
lodo,Social,xlmr_dapt,s100,1.0,0.512,0.28,0.55,0.17,0.6508015218860144
lodo,Social,xlmr_dapt,s13,0.0,0.0,0.348,0.294,0.358,0.7141825896799099
lodo,Social,xlmr_dapt,s13,0.1,0.0512,0.3412,0.3196,0.3392,0.7143397917909104
lodo,Social,xlmr_dapt,s13,0.2,0.1024,0.3344,0.3452,0.3204,0.7136084069080315
lodo,Social,xlmr_dapt,s13,0.3,0.1536,0.3276,0.3708,0.3016,0.7120325635107596
lodo,Social,xlmr_dapt,s13,0.4,0.2048,0.3208,0.3964,0.2828,0.7096316077370751
lodo,Social,xlmr_dapt,s13,0.5,0.256,0.314,0.422,0.264,0.7064024696193248
lodo,Social,xlmr_dapt,s13,0.6,0.3072,0.3072,0.4476,0.2452,0.7023203738172853
lodo,Social,xlmr_dapt,s13,0.7,0.3584,0.3004,0.4732,0.2264,0.6973380455213691
lodo,Social,xlmr_dapt,s13,0.8,0.4096,0.2936,0.4988,0.2076,0.6913833612729204
lodo,Social,xlmr_dapt,s13,0.9,0.4608,0.2868,0.5244,0.1888,0.6843551895797534
lodo,Social,xlmr_dapt,s13,1.0,0.512,0.28,0.55,0.17,0.6761169130528516
lodo,Social,xlmr_dapt,s42,0.0,0.0,0.348,0.294,0.358,0.7055840878704754
lodo,Social,xlmr_dapt,s42,0.1,0.0512,0.3412,0.3196,0.3392,0.7069044950131383
lodo,Social,xlmr_dapt,s42,0.2,0.1024,0.3344,0.3452,0.3204,0.7073127602103022
lodo,Social,xlmr_dapt,s42,0.3,0.1536,0.3276,0.3708,0.3016,0.7068570841465253
lodo,Social,xlmr_dapt,s42,0.4,0.2048,0.3208,0.3964,0.2828,0.7055612775684299
lodo,Social,xlmr_dapt,s42,0.5,0.256,0.314,0.422,0.264,0.7034266713003365
lodo,Social,xlmr_dapt,s42,0.6,0.3072,0.3072,0.4476,0.2452,0.7004324365651365
lodo,Social,xlmr_dapt,s42,0.7,0.3584,0.3004,0.4732,0.2264,0.6965343661773623
lodo,Social,xlmr_dapt,s42,0.8,0.4096,0.2936,0.4988,0.2076,0.6916619633924291
lodo,Social,xlmr_dapt,s42,0.9,0.4608,0.2868,0.5244,0.1888,0.6857134489887776
lodo,Social,xlmr_dapt,s42,1.0,0.512,0.28,0.55,0.17,0.6785479737462984
lodo,Social,xlmr_ft,s100,0.0,0.0,0.348,0.294,0.358,0.6989168510830156
lodo,Social,xlmr_ft,s100,0.1,0.0512,0.3412,0.3196,0.3392,0.6982004754983682
lodo,Social,xlmr_ft,s100,0.2,0.1024,0.3344,0.3452,0.3204,0.6966149726747614
lodo,Social,xlmr_ft,s100,0.3,0.1536,0.3276,0.3708,0.3016,0.6942010965983587
lodo,Social,xlmr_ft,s100,0.4,0.2048,0.3208,0.3964,0.2828,0.6909758378195642
lodo,Social,xlmr_ft,s100,0.5,0.256,0.314,0.422,0.264,0.6869347601737621
lodo,Social,xlmr_ft,s100,0.6,0.3072,0.3072,0.4476,0.2452,0.6820527603458366
lodo,Social,xlmr_ft,s100,0.7,0.3584,0.3004,0.4732,0.2264,0.6762834139654866
lodo,Social,xlmr_ft,s100,0.8,0.4096,0.2936,0.4988,0.2076,0.6695568844718508
lodo,Social,xlmr_ft,s100,0.9,0.4608,0.2868,0.5244,0.1888,0.6617761861513207
lodo,Social,xlmr_ft,s100,1.0,0.512,0.28,0.55,0.17,0.6528113714610253
lodo,Social,xlmr_ft,s13,0.0,0.0,0.348,0.294,0.358,0.6953697289022318
lodo,Social,xlmr_ft,s13,0.1,0.0512,0.3412,0.3196,0.3392,0.6924965504056901
lodo,Social,xlmr_ft,s13,0.2,0.1024,0.3344,0.3452,0.3204,0.6888295896193624
lodo,Social,xlmr_ft,s13,0.3,0.1536,0.3276,0.3708,0.3016,0.6843978878470706
lodo,Social,xlmr_ft,s13,0.4,0.2048,0.3208,0.3964,0.2828,0.6792088062355575
lodo,Social,xlmr_ft,s13,0.5,0.256,0.314,0.422,0.264,0.6732505014182842
lodo,Social,xlmr_ft,s13,0.6,0.3072,0.3072,0.4476,0.2452,0.6664929070875164
lodo,Social,xlmr_ft,s13,0.7,0.3584,0.3004,0.4732,0.2264,0.6588874657263318
lodo,Social,xlmr_ft,s13,0.8,0.4096,0.2936,0.4988,0.2076,0.6503656784455779
lodo,Social,xlmr_ft,s13,0.9,0.4608,0.2868,0.5244,0.1888,0.6408363920234277
lodo,Social,xlmr_ft,s13,1.0,0.512,0.28,0.55,0.17,0.6301815889619281
lodo,Social,xlmr_ft,s21,0.0,0.0,0.348,0.294,0.358,0.7001927923585085
lodo,Social,xlmr_ft,s21,0.1,0.0512,0.3412,0.3196,0.3392,0.7000782955966679
lodo,Social,xlmr_ft,s21,0.2,0.1024,0.3344,0.3452,0.3204,0.6991502643360575
lodo,Social,xlmr_ft,s21,0.3,0.1536,0.3276,0.3708,0.3016,0.6974556089504791
lodo,Social,xlmr_ft,s21,0.4,0.2048,0.3208,0.3964,0.2828,0.6950175592926479
lodo,Social,xlmr_ft,s21,0.5,0.256,0.314,0.422,0.264,0.6918376913253875
lodo,Social,xlmr_ft,s21,0.6,0.3072,0.3072,0.4476,0.2452,0.6878962347885129
lodo,Social,xlmr_ft,s21,0.7,0.3584,0.3004,0.4732,0.2264,0.6831507119766583
lodo,Social,xlmr_ft,s21,0.8,0.4096,0.2936,0.4988,0.2076,0.6775327086006682
lodo,Social,xlmr_ft,s21,0.9,0.4608,0.2868,0.5244,0.1888,0.6709422801167131
lodo,Social,xlmr_ft,s21,1.0,0.512,0.28,0.55,0.17,0.6632390716003106
lodo,Social,xlmr_ft,s42,0.0,0.0,0.348,0.294,0.358,0.6839708086284708
lodo,Social,xlmr_ft,s42,0.1,0.0512,0.3412,0.3196,0.3392,0.6830935702760342
lodo,Social,xlmr_ft,s42,0.2,0.1024,0.3344,0.3452,0.3204,0.6813602371022466
lodo,Social,xlmr_ft,s42,0.3,0.1536,0.3276,0.3708,0.3016,0.6788108164599395
lodo,Social,xlmr_ft,s42,0.4,0.2048,0.3208,0.3964,0.2828,0.675461887439916
lodo,Social,xlmr_ft,s42,0.5,0.256,0.314,0.422,0.264,0.6713088845662516
lodo,Social,xlmr_ft,s42,0.6,0.3072,0.3072,0.4476,0.2452,0.6663268198951247
lodo,Social,xlmr_ft,s42,0.7,0.3584,0.3004,0.4732,0.2264,0.6604696013101269
lodo,Social,xlmr_ft,s42,0.8,0.4096,0.2936,0.4988,0.2076,0.65366791795346
lodo,Social,xlmr_ft,s42,0.9,0.4608,0.2868,0.5244,0.1888,0.6458254782372225
lodo,Social,xlmr_ft,s42,1.0,0.512,0.28,0.55,0.17,0.6368131622814439
lodo,Social,xlmr_ft,s87,0.0,0.0,0.348,0.294,0.358,0.7130425729435049
lodo,Social,xlmr_ft,s87,0.1,0.0512,0.3412,0.3196,0.3392,0.7122465110595932
lodo,Social,xlmr_ft,s87,0.2,0.1024,0.3344,0.3452,0.3204,0.7105974596552574
lodo,Social,xlmr_ft,s87,0.3,0.1536,0.3276,0.3708,0.3016,0.7081359688236896
lodo,Social,xlmr_ft,s87,0.4,0.2048,0.3208,0.3964,0.2828,0.7048784866861845
lodo,Social,xlmr_ft,s87,0.5,0.256,0.314,0.422,0.264,0.7008197035847985
lodo,Social,xlmr_ft,s87,0.6,0.3072,0.3072,0.4476,0.2452,0.6959332374664084
lodo,Social,xlmr_ft,s87,0.7,0.3584,0.3004,0.4732,0.2264,0.6901708199743197
lodo,Social,xlmr_ft,s87,0.8,0.4096,0.2936,0.4988,0.2076,0.6834599364678926
lodo,Social,xlmr_ft,s87,0.9,0.4608,0.2868,0.5244,0.1888,0.6756996648204739
lodo,Social,xlmr_ft,s87,1.0,0.512,0.28,0.55,0.17,0.6667542012356132
lodo,Social,xlmr_supcon,s100,0.0,0.0,0.348,0.294,0.358,0.6875442066990612
lodo,Social,xlmr_supcon,s100,0.1,0.0512,0.3412,0.3196,0.3392,0.6876473525150129
lodo,Social,xlmr_supcon,s100,0.2,0.1024,0.3344,0.3452,0.3204,0.6868614663863868
lodo,Social,xlmr_supcon,s100,0.3,0.1536,0.3276,0.3708,0.3016,0.6852318122848668
lodo,Social,xlmr_supcon,s100,0.4,0.2048,0.3208,0.3964,0.2828,0.6827797873026519
lodo,Social,xlmr_supcon,s100,0.5,0.256,0.314,0.422,0.264,0.6795054018161929
lodo,Social,xlmr_supcon,s100,0.6,0.3072,0.3072,0.4476,0.2452,0.6753882314178679
lodo,Social,xlmr_supcon,s100,0.7,0.3584,0.3004,0.4732,0.2264,0.6703870171647847
lodo,Social,xlmr_supcon,s100,0.8,0.4096,0.2936,0.4988,0.2076,0.6644379171799746
lodo,Social,xlmr_supcon,s100,0.9,0.4608,0.2868,0.5244,0.1888,0.6574512461140766
lodo,Social,xlmr_supcon,s100,1.0,0.512,0.28,0.55,0.17,0.6493063456368194
lodo,Social,xlmr_supcon,s13,0.0,0.0,0.348,0.294,0.358,0.678601403662561
lodo,Social,xlmr_supcon,s13,0.1,0.0512,0.3412,0.3196,0.3392,0.6776350455056698
lodo,Social,xlmr_supcon,s13,0.2,0.1024,0.3344,0.3452,0.3204,0.6757891268761362
lodo,Social,xlmr_supcon,s13,0.3,0.1536,0.3276,0.3708,0.3016,0.6731039920030271
lodo,Social,xlmr_supcon,s13,0.4,0.2048,0.3208,0.3964,0.2828,0.6695980791488557
lodo,Social,xlmr_supcon,s13,0.5,0.256,0.314,0.422,0.264,0.6652705219751907
lodo,Social,xlmr_supcon,s13,0.6,0.3072,0.3072,0.4476,0.2452,0.6601024316330992
lodo,Social,xlmr_supcon,s13,0.7,0.3584,0.3004,0.4732,0.2264,0.6540570828661232
lodo,Social,xlmr_supcon,s13,0.8,0.4096,0.2936,0.4988,0.2076,0.647079092004723
lodo,Social,xlmr_supcon,s13,0.9,0.4608,0.2868,0.5244,0.1888,0.639092562881002
lodo,Social,xlmr_supcon,s13,1.0,0.512,0.28,0.55,0.17,0.6299980674052486
lodo,Social,xlmr_supcon,s21,0.0,0.0,0.348,0.294,0.358,0.682775384502183
lodo,Social,xlmr_supcon,s21,0.1,0.0512,0.3412,0.3196,0.3392,0.682134047968478
lodo,Social,xlmr_supcon,s21,0.2,0.1024,0.3344,0.3452,0.3204,0.6806089182694498
lodo,Social,xlmr_supcon,s21,0.3,0.1536,0.3276,0.3708,0.3016,0.678240491288799
lodo,Social,xlmr_supcon,s21,0.4,0.2048,0.3208,0.3964,0.2828,0.6750466788420523
lodo,Social,xlmr_supcon,s21,0.5,0.256,0.314,0.422,0.264,0.6710251736319294
lodo,Social,xlmr_supcon,s21,0.6,0.3072,0.3072,0.4476,0.2452,0.6661544220105072
lodo,Social,xlmr_supcon,s21,0.7,0.3584,0.3004,0.4732,0.2264,0.6603933852877332
lodo,Social,xlmr_supcon,s21,0.8,0.4096,0.2936,0.4988,0.2076,0.653680120383622
lodo,Social,xlmr_supcon,s21,0.9,0.4608,0.2868,0.5244,0.1888,0.6459290733919848
lodo,Social,xlmr_supcon,s21,1.0,0.512,0.28,0.55,0.17,0.6370268287496409
lodo,Social,xlmr_supcon,s42,0.0,0.0,0.348,0.294,0.358,0.7045833894674911
lodo,Social,xlmr_supcon,s42,0.1,0.0512,0.3412,0.3196,0.3392,0.7047347879245432
lodo,Social,xlmr_supcon,s42,0.2,0.1024,0.3344,0.3452,0.3204,0.703992438055368
lodo,Social,xlmr_supcon,s42,0.3,0.1536,0.3276,0.3708,0.3016,0.7024011249121388
lodo,Social,xlmr_supcon,s42,0.4,0.2048,0.3208,0.3964,0.2828,0.6999813139722951
lodo,Social,xlmr_supcon,s42,0.5,0.256,0.314,0.422,0.264,0.6967315477982902
lodo,Social,xlmr_supcon,s42,0.6,0.3072,0.3072,0.4476,0.2452,0.6926292597257665
lodo,Social,xlmr_supcon,s42,0.7,0.3584,0.3004,0.4732,0.2264,0.6876301637965535
lodo,Social,xlmr_supcon,s42,0.8,0.4096,0.2936,0.4988,0.2076,0.6816661947853468
lodo,Social,xlmr_supcon,s42,0.9,0.4608,0.2868,0.5244,0.1888,0.6746417877058694
lodo,Social,xlmr_supcon,s42,1.0,0.512,0.28,0.55,0.17,0.666428064084519
lodo,Social,xlmr_supcon,s87,0.0,0.0,0.348,0.294,0.358,0.6759314168861857
lodo,Social,xlmr_supcon,s87,0.1,0.0512,0.3412,0.3196,0.3392,0.6749897350482931
lodo,Social,xlmr_supcon,s87,0.2,0.1024,0.3344,0.3452,0.3204,0.6731817333328309
lodo,Social,xlmr_supcon,s87,0.3,0.1536,0.3276,0.3708,0.3016,0.6705481985735465
lodo,Social,xlmr_supcon,s87,0.4,0.2048,0.3208,0.3964,0.2828,0.6671073706358932
lodo,Social,xlmr_supcon,s87,0.5,0.256,0.314,0.422,0.264,0.6628575776984934
lodo,Social,xlmr_supcon,s87,0.6,0.3072,0.3072,0.4476,0.2452,0.657778453678983
lodo,Social,xlmr_supcon,s87,0.7,0.3584,0.3004,0.4732,0.2264,0.6518309634613567
lodo,Social,xlmr_supcon,s87,0.8,0.4096,0.2936,0.4988,0.2076,0.6449563088333251
lodo,Social,xlmr_supcon,s87,0.9,0.4608,0.2868,0.5244,0.1888,0.6370736575651382
lodo,Social,xlmr_supcon,s87,1.0,0.512,0.28,0.55,0.17,0.6280765043646248
lodo,Tech,full,s100,0.0,0.0,0.348,0.294,0.358,0.7244577953635752
lodo,Tech,full,s100,0.1,0.0512,0.3412,0.3196,0.3392,0.7265162663638743
lodo,Tech,full,s100,0.2,0.1024,0.3344,0.3452,0.3204,0.7277522877785169
lodo,Tech,full,s100,0.3,0.1536,0.3276,0.3708,0.3016,0.7282245567580817
lodo,Tech,full,s100,0.4,0.2048,0.3208,0.3964,0.2828,0.7279663043971102
lodo,Tech,full,s100,0.5,0.256,0.314,0.422,0.264,0.7269876369001099
lodo,Tech,full,s100,0.6,0.3072,0.3072,0.4476,0.2452,0.7252759360395652
lodo,Tech,full,s100,0.7,0.3584,0.3004,0.4732,0.2264,0.722794336756111
lodo,Tech,full,s100,0.8,0.4096,0.2936,0.4988,0.2076,0.719477985554585
lodo,Tech,full,s100,0.9,0.4608,0.2868,0.5244,0.1888,0.7152273807531303
lodo,Tech,full,s100,1.0,0.512,0.28,0.55,0.17,0.7098974801920105
lodo,Tech,full,s13,0.0,0.0,0.348,0.294,0.358,0.7283512735951292
lodo,Tech,full,s13,0.1,0.0512,0.3412,0.3196,0.3392,0.7305794107262762
lodo,Tech,full,s13,0.2,0.1024,0.3344,0.3452,0.3204,0.7319725877406795
lodo,Tech,full,s13,0.3,0.1536,0.3276,0.3708,0.3016,0.7325904327194492
lodo,Tech,full,s13,0.4,0.2048,0.3208,0.3964,0.2828,0.7324668737521223
lodo,Tech,full,s13,0.5,0.256,0.314,0.422,0.264,0.7316125526803722
lodo,Tech,full,s13,0.6,0.3072,0.3072,0.4476,0.2452,0.7300153098768861
lodo,Tech,full,s13,0.7,0.3584,0.3004,0.4732,0.2264,0.7276387757573864
lodo,Tech,full,s13,0.8,0.4096,0.2936,0.4988,0.2076,0.7244188019382746
lodo,Tech,full,s13,0.9,0.4608,0.2868,0.5244,0.1888,0.7202570843836268
lodo,Tech,full,s13,1.0,0.512,0.28,0.55,0.17,0.7150107586617853
lodo,Tech,full,s21,0.0,0.0,0.348,0.294,0.358,0.7248065452695022
lodo,Tech,full,s21,0.1,0.0512,0.3412,0.3196,0.3392,0.7266950119974257
lodo,Tech,full,s21,0.2,0.1024,0.3344,0.3452,0.3204,0.7277586345071505
lodo,Tech,full,s21,0.3,0.1536,0.3276,0.3708,0.3016,0.7280552635229959
lodo,Tech,full,s21,0.4,0.2048,0.3208,0.3964,0.2828,0.7276173317834727
lodo,Tech,full,s21,0.5,0.256,0.314,0.422,0.264,0.7264542141300532
lodo,Tech,full,s21,0.6,0.3072,0.3072,0.4476,0.2452,0.7245526647875694
lodo,Tech,full,s21,0.7,0.3584,0.3004,0.4732,0.2264,0.7218753634315681
lodo,Tech,full,s21,0.8,0.4096,0.2936,0.4988,0.2076,0.7183572970864667
lodo,Tech,full,s21,0.9,0.4608,0.2868,0.5244,0.1888,0.7138993209546483
lodo,Tech,full,s21,1.0,0.512,0.28,0.55,0.17,0.7083576622871764
lodo,Tech,full,s42,0.0,0.0,0.348,0.294,0.358,0.7394283964962739
lodo,Tech,full,s42,0.1,0.0512,0.3412,0.3196,0.3392,0.7407613668907671
lodo,Tech,full,s42,0.2,0.1024,0.3344,0.3452,0.3204,0.741358926653629
lodo,Tech,full,s42,0.3,0.1536,0.3276,0.3708,0.3016,0.7412814706812401
lodo,Tech,full,s42,0.4,0.2048,0.3208,0.3964,0.2828,0.7405649072779146
lodo,Tech,full,s42,0.5,0.256,0.314,0.422,0.264,0.7392233663686442
lodo,Tech,full,s42,0.6,0.3072,0.3072,0.4476,0.2452,0.7372498883804495
lodo,Tech,full,s42,0.7,0.3584,0.3004,0.4732,0.2264,0.73461514630648
lodo,Tech,full,s42,0.8,0.4096,0.2936,0.4988,0.2076,0.7312638976795055
lodo,Tech,full,s42,0.9,0.4608,0.2868,0.5244,0.1888,0.7271084024862208
lodo,Tech,full,s42,1.0,0.512,0.28,0.55,0.17,0.7220173167831087
lodo,Tech,full,s87,0.0,0.0,0.348,0.294,0.358,0.7351293805754467
lodo,Tech,full,s87,0.1,0.0512,0.3412,0.3196,0.3392,0.7374925081377617
lodo,Tech,full,s87,0.2,0.1024,0.3344,0.3452,0.3204,0.7390648280007243
lodo,Tech,full,s87,0.3,0.1536,0.3276,0.3708,0.3016,0.739909861801141
lodo,Tech,full,s87,0.4,0.2048,0.3208,0.3964,0.2828,0.7400656881776785
lodo,Tech,full,s87,0.5,0.256,0.314,0.422,0.264,0.7395476336042148
lodo,Tech,full,s87,0.6,0.3072,0.3072,0.4476,0.2452,0.7383489723002331
lodo,Tech,full,s87,0.7,0.3584,0.3004,0.4732,0.2264,0.736439687340143
lodo,Tech,full,s87,0.8,0.4096,0.2936,0.4988,0.2076,0.7337630150874325
lodo,Tech,full,s87,0.9,0.4608,0.2868,0.5244,0.1888,0.7302290745925163
lodo,Tech,full,s87,1.0,0.512,0.28,0.55,0.17,0.7257042359977294
lodo,Tech,full_midinject,s100,0.0,0.0,0.348,0.294,0.358,0.7361859222394656
lodo,Tech,full_midinject,s100,0.1,0.0512,0.3412,0.3196,0.3392,0.737837539487726
lodo,Tech,full_midinject,s100,0.2,0.1024,0.3344,0.3452,0.3204,0.738692507694597
lodo,Tech,full_midinject,s100,0.3,0.1536,0.3276,0.3708,0.3016,0.73880817586354
lodo,Tech,full_midinject,s100,0.4,0.2048,0.3208,0.3964,0.2828,0.7382160731093489
lodo,Tech,full_midinject,s100,0.5,0.256,0.314,0.422,0.264,0.7369244804251132
lodo,Tech,full_midinject,s100,0.6,0.3072,0.3072,0.4476,0.2452,0.7349189704224264
lodo,Tech,full_midinject,s100,0.7,0.3584,0.3004,0.4732,0.2264,0.7321609782789448
lodo,Tech,full_midinject,s100,0.8,0.4096,0.2936,0.4988,0.2076,0.7285841392278073
lodo,Tech,full_midinject,s100,0.9,0.4608,0.2868,0.5244,0.1888,0.7240877222113699
lodo,Tech,full_midinject,s100,1.0,0.512,0.28,0.55,0.17,0.7185258811288769
lodo,Tech,full_midinject,s13,0.0,0.0,0.348,0.294,0.358,0.7199987100257963
lodo,Tech,full_midinject,s13,0.1,0.0512,0.3412,0.3196,0.3392,0.7222945606685561
lodo,Tech,full_midinject,s13,0.2,0.1024,0.3344,0.3452,0.3204,0.7237489800156697
lodo,Tech,full_midinject,s13,0.3,0.1536,0.3276,0.3708,0.3016,0.724420864169693
lodo,Tech,full_midinject,s13,0.4,0.2048,0.3208,0.3964,0.2828,0.7243440857885384
lodo,Tech,full_midinject,s13,0.5,0.256,0.314,0.422,0.264,0.7235296765363507
lodo,Tech,full_midinject,s13,0.6,0.3072,0.3072,0.4476,0.2452,0.7219661636756829
lodo,Tech,full_midinject,s13,0.7,0.3584,0.3004,0.4732,0.2264,0.7196180597823026
lodo,Tech,full_midinject,s13,0.8,0.4096,0.2936,0.4988,0.2076,0.7164222109906602
lodo,Tech,full_midinject,s13,0.9,0.4608,0.2868,0.5244,0.1888,0.7122813290294054
lodo,Tech,full_midinject,s13,1.0,0.512,0.28,0.55,0.17,0.7070534502866134
lodo,Tech,full_midinject,s21,0.0,0.0,0.348,0.294,0.358,0.7242191407998543
lodo,Tech,full_midinject,s21,0.1,0.0512,0.3412,0.3196,0.3392,0.7269531971676729
lodo,Tech,full_midinject,s21,0.2,0.1024,0.3344,0.3452,0.3204,0.7289110181175916
lodo,Tech,full_midinject,s21,0.3,0.1536,0.3276,0.3708,0.3016,0.7301618846039597
lodo,Tech,full_midinject,s21,0.4,0.2048,0.3208,0.3964,0.2828,0.7307517093393904
lodo,Tech,full_midinject,s21,0.5,0.256,0.314,0.422,0.264,0.730705610437627
lodo,Tech,full_midinject,s21,0.6,0.3072,0.3072,0.4476,0.2452,0.730028703527775
lodo,Tech,full_midinject,s21,0.7,0.3584,0.3004,0.4732,0.2264,0.7287051138230428
lodo,Tech,full_midinject,s21,0.8,0.4096,0.2936,0.4988,0.2076,0.7266948932874365
lodo,Tech,full_midinject,s21,0.9,0.4608,0.2868,0.5244,0.1888,0.7239280928732298
lodo,Tech,full_midinject,s21,1.0,0.512,0.28,0.55,0.17,0.720294526244003
lodo,Tech,full_midinject,s42,0.0,0.0,0.348,0.294,0.358,0.733985561909249
lodo,Tech,full_midinject,s42,0.1,0.0512,0.3412,0.3196,0.3392,0.735565209079723
lodo,Tech,full_midinject,s42,0.2,0.1024,0.3344,0.3452,0.3204,0.7363730378617519
lodo,Tech,full_midinject,s42,0.3,0.1536,0.3276,0.3708,0.3016,0.7364688923061932
lodo,Tech,full_midinject,s42,0.4,0.2048,0.3208,0.3964,0.2828,0.7358874563191886
lodo,Tech,full_midinject,s42,0.5,0.256,0.314,0.422,0.264,0.7346408654984917
lodo,Tech,full_midinject,s42,0.6,0.3072,0.3072,0.4476,0.2452,0.7327192980633122
lodo,Tech,full_midinject,s42,0.7,0.3584,0.3004,0.4732,0.2264,0.7300895904323083
lodo,Tech,full_midinject,s42,0.8,0.4096,0.2936,0.4988,0.2076,0.726691579414112
lodo,Tech,full_midinject,s42,0.9,0.4608,0.2868,0.5244,0.1888,0.7224314328553488
lodo,Tech,full_midinject,s42,1.0,0.512,0.28,0.55,0.17,0.7171705482908367
lodo,Tech,full_midinject,s87,0.0,0.0,0.348,0.294,0.358,0.7334489388854747
lodo,Tech,full_midinject,s87,0.1,0.0512,0.3412,0.3196,0.3392,0.7356689683296135
lodo,Tech,full_midinject,s87,0.2,0.1024,0.3344,0.3452,0.3204,0.7371041752898863
lodo,Tech,full_midinject,s87,0.3,0.1536,0.3276,0.3708,0.3016,0.7378181101616978
lodo,Tech,full_midinject,s87,0.4,0.2048,0.3208,0.3964,0.2828,0.7378493669668152
lodo,Tech,full_midinject,s87,0.5,0.256,0.314,0.422,0.264,0.7372141968019396
lodo,Tech,full_midinject,s87,0.6,0.3072,0.3072,0.4476,0.2452,0.7359071642247311
lodo,Tech,full_midinject,s87,0.7,0.3584,0.3004,0.4732,0.2264,0.733899879313073
lodo,Tech,full_midinject,s87,0.8,0.4096,0.2936,0.4988,0.2076,0.7311375058735751
lodo,Tech,full_midinject,s87,0.9,0.4608,0.2868,0.5244,0.1888,0.7275323135439392
lodo,Tech,full_midinject,s87,1.0,0.512,0.28,0.55,0.17,0.7229528632963577
lodo,Tech,mdeberta_dapt,s100,0.0,0.0,0.348,0.294,0.358,0.7410331126032806
lodo,Tech,mdeberta_dapt,s100,0.1,0.0512,0.3412,0.3196,0.3392,0.7436933044215351
lodo,Tech,mdeberta_dapt,s100,0.2,0.1024,0.3344,0.3452,0.3204,0.745558139126755
lodo,Tech,mdeberta_dapt,s100,0.3,0.1536,0.3276,0.3708,0.3016,0.7466951747321805
lodo,Tech,mdeberta_dapt,s100,0.4,0.2048,0.3208,0.3964,0.2828,0.7471470170160915
lodo,Tech,mdeberta_dapt,s100,0.5,0.256,0.314,0.422,0.264,0.7469339927484114
lodo,Tech,mdeberta_dapt,s100,0.6,0.3072,0.3072,0.4476,0.2452,0.7460548834314705
lodo,Tech,mdeberta_dapt,s100,0.7,0.3584,0.3004,0.4732,0.2264,0.7444857415872361
lodo,Tech,mdeberta_dapt,s100,0.8,0.4096,0.2936,0.4988,0.2076,0.74217647682172
lodo,Tech,mdeberta_dapt,s100,0.9,0.4608,0.2868,0.5244,0.1888,0.7390444539620012
lodo,Tech,mdeberta_dapt,s100,1.0,0.512,0.28,0.55,0.17,0.7349636362382448
lodo,Tech,mdeberta_dapt,s13,0.0,0.0,0.348,0.294,0.358,0.727590908332654
lodo,Tech,mdeberta_dapt,s13,0.1,0.0512,0.3412,0.3196,0.3392,0.7280251717169918
lodo,Tech,mdeberta_dapt,s13,0.2,0.1024,0.3344,0.3452,0.3204,0.7277142970068341
lodo,Tech,mdeberta_dapt,s13,0.3,0.1536,0.3276,0.3708,0.3016,0.7267093999379021
lodo,Tech,mdeberta_dapt,s13,0.4,0.2048,0.3208,0.3964,0.2828,0.7250366564942253
lodo,Tech,mdeberta_dapt,s13,0.5,0.256,0.314,0.422,0.264,0.7226997836140248
lodo,Tech,mdeberta_dapt,s13,0.6,0.3072,0.3072,0.4476,0.2452,0.7196804631043472
lodo,Tech,mdeberta_dapt,s13,0.7,0.3584,0.3004,0.4732,0.2264,0.7159367764423129
lodo,Tech,mdeberta_dapt,s13,0.8,0.4096,0.2936,0.4988,0.2076,0.7113993738485137
lodo,Tech,mdeberta_dapt,s13,0.9,0.4608,0.2868,0.5244,0.1888,0.7059646761744084
lodo,Tech,mdeberta_dapt,s13,1.0,0.512,0.28,0.55,0.17,0.6994837684733911
lodo,Tech,mdeberta_dapt,s21,0.0,0.0,0.348,0.294,0.358,0.7388608223144479
lodo,Tech,mdeberta_dapt,s21,0.1,0.0512,0.3412,0.3196,0.3392,0.7377515100401788
lodo,Tech,mdeberta_dapt,s21,0.2,0.1024,0.3344,0.3452,0.3204,0.7358983879328808
lodo,Tech,mdeberta_dapt,s21,0.3,0.1536,0.3276,0.3708,0.3016,0.7333389653006394
lodo,Tech,mdeberta_dapt,s21,0.4,0.2048,0.3208,0.3964,0.2828,0.7300862511638172
lodo,Tech,mdeberta_dapt,s21,0.5,0.256,0.314,0.422,0.264,0.726131028849168
lodo,Tech,mdeberta_dapt,s21,0.6,0.3072,0.3072,0.4476,0.2452,0.7214421361381941
lodo,Tech,mdeberta_dapt,s21,0.7,0.3584,0.3004,0.4732,0.2264,0.7159648739542511
lodo,Tech,mdeberta_dapt,s21,0.8,0.4096,0.2936,0.4988,0.2076,0.7096173599477106
lodo,Tech,mdeberta_dapt,s21,0.9,0.4608,0.2868,0.5244,0.1888,0.7022842995288606
lodo,Tech,mdeberta_dapt,s21,1.0,0.512,0.28,0.55,0.17,0.6938071707478896
lodo,Tech,mdeberta_dapt,s42,0.0,0.0,0.348,0.294,0.358,0.7504316272311032
lodo,Tech,mdeberta_dapt,s42,0.1,0.0512,0.3412,0.3196,0.3392,0.7528528156535165
lodo,Tech,mdeberta_dapt,s42,0.2,0.1024,0.3344,0.3452,0.3204,0.7544761844158473
lodo,Tech,mdeberta_dapt,s42,0.3,0.1536,0.3276,0.3708,0.3016,0.755367440860688
lodo,Tech,mdeberta_dapt,s42,0.4,0.2048,0.3208,0.3964,0.2828,0.7555668147666786
lodo,Tech,mdeberta_dapt,s42,0.5,0.256,0.314,0.422,0.264,0.7550917442186499
lodo,Tech,mdeberta_dapt,s42,0.6,0.3072,0.3072,0.4476,0.2452,0.753937556277079
lodo,Tech,mdeberta_dapt,s42,0.7,0.3584,0.3004,0.4732,0.2264,0.7520761719635504
lodo,Tech,mdeberta_dapt,s42,0.8,0.4096,0.2936,0.4988,0.2076,0.7494525208763935
lodo,Tech,mdeberta_dapt,s42,0.9,0.4608,0.2868,0.5244,0.1888,0.745977899207321
lodo,Tech,mdeberta_dapt,s42,1.0,0.512,0.28,0.55,0.17,0.741518792346667
lodo,Tech,mdeberta_dapt,s87,0.0,0.0,0.348,0.294,0.358,0.7450341119746647
lodo,Tech,mdeberta_dapt,s87,0.1,0.0512,0.3412,0.3196,0.3392,0.7469911962431107
lodo,Tech,mdeberta_dapt,s87,0.2,0.1024,0.3344,0.3452,0.3204,0.7481441704690921
lodo,Tech,mdeberta_dapt,s87,0.3,0.1536,0.3276,0.3708,0.3016,0.7485540470170479
lodo,Tech,mdeberta_dapt,s87,0.4,0.2048,0.3208,0.3964,0.2828,0.7482559796378601
lodo,Tech,mdeberta_dapt,s87,0.5,0.256,0.314,0.422,0.264,0.7472618949640237
lodo,Tech,mdeberta_dapt,s87,0.6,0.3072,0.3072,0.4476,0.2452,0.7455610945202285
lodo,Tech,mdeberta_dapt,s87,0.7,0.3584,0.3004,0.4732,0.2264,0.7431188791154358
lodo,Tech,mdeberta_dapt,s87,0.8,0.4096,0.2936,0.4988,0.2076,0.7398729140079645
lodo,Tech,mdeberta_dapt,s87,0.9,0.4608,0.2868,0.5244,0.1888,0.7357266321658563
lodo,Tech,mdeberta_dapt,s87,1.0,0.512,0.28,0.55,0.17,0.7305383305980967
lodo,Tech,mdeberta_ft,s100,0.0,0.0,0.348,0.294,0.358,0.7536083498669663
lodo,Tech,mdeberta_ft,s100,0.1,0.0512,0.3412,0.3196,0.3392,0.7530882137951994
lodo,Tech,mdeberta_ft,s100,0.2,0.1024,0.3344,0.3452,0.3204,0.7518290881090959
lodo,Tech,mdeberta_ft,s100,0.3,0.1536,0.3276,0.3708,0.3016,0.7498725241465393
lodo,Tech,mdeberta_ft,s100,0.4,0.2048,0.3208,0.3964,0.2828,0.7472351109320479
lodo,Tech,mdeberta_ft,s100,0.5,0.256,0.314,0.422,0.264,0.7439108256831574
lodo,Tech,mdeberta_ft,s100,0.6,0.3072,0.3072,0.4476,0.2452,0.7398713065027219
lodo,Tech,mdeberta_ft,s100,0.7,0.3584,0.3004,0.4732,0.2264,0.7350641492679654
lodo,Tech,mdeberta_ft,s100,0.8,0.4096,0.2936,0.4988,0.2076,0.7294089958295373
lodo,Tech,mdeberta_ft,s100,0.9,0.4608,0.2868,0.5244,0.1888,0.7227907898195566
lodo,Tech,mdeberta_ft,s100,1.0,0.512,0.28,0.55,0.17,0.7150490146275414
lodo,Tech,mdeberta_ft,s13,0.0,0.0,0.348,0.294,0.358,0.7491385272451806
lodo,Tech,mdeberta_ft,s13,0.1,0.0512,0.3412,0.3196,0.3392,0.7497969787262697
lodo,Tech,mdeberta_ft,s13,0.2,0.1024,0.3344,0.3452,0.3204,0.7496893064024478
lodo,Tech,mdeberta_ft,s13,0.3,0.1536,0.3276,0.3708,0.3016,0.748869285536912
lodo,Tech,mdeberta_ft,s13,0.4,0.2048,0.3208,0.3964,0.2828,0.747365505899877
lodo,Tech,mdeberta_ft,s13,0.5,0.256,0.314,0.422,0.264,0.7451838766602448
lodo,Tech,mdeberta_ft,s13,0.6,0.3072,0.3072,0.4476,0.2452,0.7423080825668893
lodo,Tech,mdeberta_ft,s13,0.7,0.3584,0.3004,0.4732,0.2264,0.7386980491923757
lodo,Tech,mdeberta_ft,s13,0.8,0.4096,0.2936,0.4988,0.2076,0.7342861323339042
lodo,Tech,mdeberta_ft,s13,0.9,0.4608,0.2868,0.5244,0.1888,0.7289703188175914
lodo,Tech,mdeberta_ft,s13,1.0,0.512,0.28,0.55,0.17,0.7226030768548588
lodo,Tech,mdeberta_ft,s42,0.0,0.0,0.348,0.294,0.358,0.7597443932654716
lodo,Tech,mdeberta_ft,s42,0.1,0.0512,0.3412,0.3196,0.3392,0.7609785353498985
lodo,Tech,mdeberta_ft,s42,0.2,0.1024,0.3344,0.3452,0.3204,0.7614377300118865
lodo,Tech,mdeberta_ft,s42,0.3,0.1536,0.3276,0.3708,0.3016,0.7611789360677216
lodo,Tech,mdeberta_ft,s42,0.4,0.2048,0.3208,0.3964,0.2828,0.760233341967622
lodo,Tech,mdeberta_ft,s42,0.5,0.256,0.314,0.422,0.264,0.7586089791441425
lodo,Tech,mdeberta_ft,s42,0.6,0.3072,0.3072,0.4476,0.2452,0.7562912305339742
lodo,Tech,mdeberta_ft,s42,0.7,0.3584,0.3004,0.4732,0.2264,0.7532412894670397
lodo,Tech,mdeberta_ft,s42,0.8,0.4096,0.2936,0.4988,0.2076,0.7493922669703209
lodo,Tech,mdeberta_ft,s42,0.9,0.4608,0.2868,0.5244,0.1888,0.7446421948559389
lodo,Tech,mdeberta_ft,s42,1.0,0.512,0.28,0.55,0.17,0.7388424810908689
lodo,Tech,xlmr_dapt,s100,0.0,0.0,0.348,0.294,0.358,0.7391696210411615
lodo,Tech,xlmr_dapt,s100,0.1,0.0512,0.3412,0.3196,0.3392,0.7409926263951094
lodo,Tech,xlmr_dapt,s100,0.2,0.1024,0.3344,0.3452,0.3204,0.7420498617307482
lodo,Tech,xlmr_dapt,s100,0.3,0.1536,0.3276,0.3708,0.3016,0.7424055884777939
lodo,Tech,xlmr_dapt,s100,0.4,0.2048,0.3208,0.3964,0.2828,0.74209946029287
lodo,Tech,xlmr_dapt,s100,0.5,0.256,0.314,0.422,0.264,0.7411491884168608
lodo,Tech,xlmr_dapt,s100,0.6,0.3072,0.3072,0.4476,0.2452,0.7395512333791093
lodo,Tech,xlmr_dapt,s100,0.7,0.3584,0.3004,0.4732,0.2264,0.7372795500538825
lodo,Tech,xlmr_dapt,s100,0.8,0.4096,0.2936,0.4988,0.2076,0.734282064521896
lodo,Tech,xlmr_dapt,s100,0.9,0.4608,0.2868,0.5244,0.1888,0.7304740987888857
lodo,Tech,xlmr_dapt,s100,1.0,0.512,0.28,0.55,0.17,0.725727219837887
lodo,Tech,xlmr_dapt,s13,0.0,0.0,0.348,0.294,0.358,0.7480587249232699
lodo,Tech,xlmr_dapt,s13,0.1,0.0512,0.3412,0.3196,0.3392,0.7487598804329975
lodo,Tech,xlmr_dapt,s13,0.2,0.1024,0.3344,0.3452,0.3204,0.7486796510514985
lodo,Tech,xlmr_dapt,s13,0.3,0.1536,0.3276,0.3708,0.3016,0.7478693944852349
lodo,Tech,xlmr_dapt,s13,0.4,0.2048,0.3208,0.3964,0.2828,0.7463548177188181
lodo,Tech,xlmr_dapt,s13,0.5,0.256,0.314,0.422,0.264,0.7441384681100192
lodo,Tech,xlmr_dapt,s13,0.6,0.3072,0.3072,0.4476,0.2452,0.7412001645813987
lodo,Tech,xlmr_dapt,s13,0.7,0.3584,0.3004,0.4732,0.2264,0.7374954453457027
lodo,Tech,xlmr_dapt,s13,0.8,0.4096,0.2936,0.4988,0.2076,0.7329517770027496
lodo,Tech,xlmr_dapt,s13,0.9,0.4608,0.2868,0.5244,0.1888,0.7274618681439109
lodo,Tech,xlmr_dapt,s13,1.0,0.512,0.28,0.55,0.17,0.7208728377812248
lodo,Tech,xlmr_dapt,s42,0.0,0.0,0.348,0.294,0.358,0.7349971899783784
lodo,Tech,xlmr_dapt,s42,0.1,0.0512,0.3412,0.3196,0.3392,0.7368205055150506
lodo,Tech,xlmr_dapt,s42,0.2,0.1024,0.3344,0.3452,0.3204,0.7379268964881937
lodo,Tech,xlmr_dapt,s42,0.3,0.1536,0.3276,0.3708,0.3016,0.7383825364032958
lodo,Tech,xlmr_dapt,s42,0.4,0.2048,0.3208,0.3964,0.2828,0.7382299213678899
lodo,Tech,xlmr_dapt,s42,0.5,0.256,0.314,0.422,0.264,0.7374907832750544
lodo,Tech,xlmr_dapt,s42,0.6,0.3072,0.3072,0.4476,0.2452,0.7361670654035889
lodo,Tech,xlmr_dapt,s42,0.7,0.3584,0.3004,0.4732,0.2264,0.7342400246558243
lodo,Tech,xlmr_dapt,s42,0.8,0.4096,0.2936,0.4988,0.2076,0.7316671766933268
lodo,Tech,xlmr_dapt,s42,0.9,0.4608,0.2868,0.5244,0.1888,0.7283763415823655
lodo,Tech,xlmr_dapt,s42,1.0,0.512,0.28,0.55,0.17,0.7242553080645493
lodo,Tech,xlmr_ft,s100,0.0,0.0,0.348,0.294,0.358,0.7256703748542925
lodo,Tech,xlmr_ft,s100,0.1,0.0512,0.3412,0.3196,0.3392,0.7270847231347828
lodo,Tech,xlmr_ft,s100,0.2,0.1024,0.3344,0.3452,0.3204,0.7276979621532815
lodo,Tech,xlmr_ft,s100,0.3,0.1536,0.3276,0.3708,0.3016,0.7275664311343237
lodo,Tech,xlmr_ft,s100,0.4,0.2048,0.3208,0.3964,0.2828,0.7267210187089423
lodo,Tech,xlmr_ft,s100,0.5,0.256,0.314,0.422,0.264,0.7251696395817381
lodo,Tech,xlmr_ft,s100,0.6,0.3072,0.3072,0.4476,0.2452,0.7228977312667002
lodo,Tech,xlmr_ft,s100,0.7,0.3584,0.3004,0.4732,0.2264,0.7198668255084745
lodo,Tech,xlmr_ft,s100,0.8,0.4096,0.2936,0.4988,0.2076,0.7160109321617482
lodo,Tech,xlmr_ft,s100,0.9,0.4608,0.2868,0.5244,0.1888,0.7112300802049215
lodo,Tech,xlmr_ft,s100,1.0,0.512,0.28,0.55,0.17,0.7053797717163319
lodo,Tech,xlmr_ft,s13,0.0,0.0,0.348,0.294,0.358,0.7200374089792042
lodo,Tech,xlmr_ft,s13,0.1,0.0512,0.3412,0.3196,0.3392,0.7208384318923505
lodo,Tech,xlmr_ft,s13,0.2,0.1024,0.3344,0.3452,0.3204,0.7208602190258202
lodo,Tech,xlmr_ft,s13,0.3,0.1536,0.3276,0.3708,0.3016,0.7201557915157751
lodo,Tech,xlmr_ft,s13,0.4,0.2048,0.3208,0.3964,0.2828,0.7187532948651233
lodo,Tech,xlmr_ft,s13,0.5,0.256,0.314,0.422,0.264,0.716658371745828
lodo,Tech,xlmr_ft,s13,0.6,0.3072,0.3072,0.4476,0.2452,0.7138545714705672
lodo,Tech,xlmr_ft,s13,0.7,0.3584,0.3004,0.4732,0.2264,0.7103018449980052
lodo,Tech,xlmr_ft,s13,0.8,0.4096,0.2936,0.4988,0.2076,0.7059328558816188
lodo,Tech,xlmr_ft,s13,0.9,0.4608,0.2868,0.5244,0.1888,0.7006464413877976
lodo,Tech,xlmr_ft,s13,1.0,0.512,0.28,0.55,0.17,0.6942969626759593
lodo,Tech,xlmr_ft,s21,0.0,0.0,0.348,0.294,0.358,0.7268150364433353
lodo,Tech,xlmr_ft,s21,0.1,0.0512,0.3412,0.3196,0.3392,0.7290516492742515
lodo,Tech,xlmr_ft,s21,0.2,0.1024,0.3344,0.3452,0.3204,0.730457185403914
lodo,Tech,xlmr_ft,s21,0.3,0.1536,0.3276,0.3708,0.3016,0.7310929598319301
lodo,Tech,xlmr_ft,s21,0.4,0.2048,0.3208,0.3964,0.2828,0.7309949380067647
lodo,Tech,xlmr_ft,s21,0.5,0.256,0.314,0.422,0.264,0.730176094057871
lodo,Tech,xlmr_ft,s21,0.6,0.3072,0.3072,0.4476,0.2452,0.7286268515262763
lodo,Tech,xlmr_ft,s21,0.7,0.3584,0.3004,0.4732,0.2264,0.7263136144582757
lodo,Tech,xlmr_ft,s21,0.8,0.4096,0.2936,0.4988,0.2076,0.7231750829665113
lodo,Tech,xlmr_ft,s21,0.9,0.4608,0.2868,0.5244,0.1888,0.7191156392330745
lodo,Tech,xlmr_ft,s21,1.0,0.512,0.28,0.55,0.17,0.7139944585942969
lodo,Tech,xlmr_ft,s42,0.0,0.0,0.348,0.294,0.358,0.7149756821610055
lodo,Tech,xlmr_ft,s42,0.1,0.0512,0.3412,0.3196,0.3392,0.7171303949652023
lodo,Tech,xlmr_ft,s42,0.2,0.1024,0.3344,0.3452,0.3204,0.7185382060125415
lodo,Tech,xlmr_ft,s42,0.3,0.1536,0.3276,0.3708,0.3016,0.7192651976017697
lodo,Tech,xlmr_ft,s42,0.4,0.2048,0.3208,0.3964,0.2828,0.7193538579278291
lodo,Tech,xlmr_ft,s42,0.5,0.256,0.314,0.422,0.264,0.7188257567347772
lodo,Tech,xlmr_ft,s42,0.6,0.3072,0.3072,0.4476,0.2452,0.7176823578939464
lodo,Tech,xlmr_ft,s42,0.7,0.3584,0.3004,0.4732,0.2264,0.7159039978593965
lodo,Tech,xlmr_ft,s42,0.8,0.4096,0.2936,0.4988,0.2076,0.7134467293848167
lodo,Tech,xlmr_ft,s42,0.9,0.4608,0.2868,0.5244,0.1888,0.7102362884400907
lodo,Tech,xlmr_ft,s42,1.0,0.512,0.28,0.55,0.17,0.7061577294364983
lodo,Tech,xlmr_ft,s87,0.0,0.0,0.348,0.294,0.358,0.7157971666406326
lodo,Tech,xlmr_ft,s87,0.1,0.0512,0.3412,0.3196,0.3392,0.717739220611004
lodo,Tech,xlmr_ft,s87,0.2,0.1024,0.3344,0.3452,0.3204,0.7188745004410735
lodo,Tech,xlmr_ft,s87,0.3,0.1536,0.3276,0.3708,0.3016,0.7192623267075396
lodo,Tech,xlmr_ft,s87,0.4,0.2048,0.3208,0.3964,0.2828,0.7189367702073602
lodo,Tech,xlmr_ft,s87,0.5,0.256,0.314,0.422,0.264,0.7179091330170374
lodo,Tech,xlmr_ft,s87,0.6,0.3072,0.3072,0.4476,0.2452,0.7161684965289905
lodo,Tech,xlmr_ft,s87,0.7,0.3584,0.3004,0.4732,0.2264,0.7136803810543197
lodo,Tech,xlmr_ft,s87,0.8,0.4096,0.2936,0.4988,0.2076,0.7103832522455091
lodo,Tech,xlmr_ft,s87,0.9,0.4608,0.2868,0.5244,0.1888,0.7061822206027596
lodo,Tech,xlmr_ft,s87,1.0,0.512,0.28,0.55,0.17,0.7009386921626981
lodo,Tech,xlmr_supcon,s100,0.0,0.0,0.348,0.294,0.358,0.7129000405758186
lodo,Tech,xlmr_supcon,s100,0.1,0.0512,0.3412,0.3196,0.3392,0.7148729586704481
lodo,Tech,xlmr_supcon,s100,0.2,0.1024,0.3344,0.3452,0.3204,0.7160365725775022
lodo,Tech,xlmr_supcon,s100,0.3,0.1536,0.3276,0.3708,0.3016,0.7164489309425108
lodo,Tech,xlmr_supcon,s100,0.4,0.2048,0.3208,0.3964,0.2828,0.7161429486576535
lodo,Tech,xlmr_supcon,s100,0.5,0.256,0.314,0.422,0.264,0.7151287635860569
lodo,Tech,xlmr_supcon,s100,0.6,0.3072,0.3072,0.4476,0.2452,0.7133941765732086
lodo,Tech,xlmr_supcon,s100,0.7,0.3584,0.3004,0.4732,0.2264,0.7109032018349963
lodo,Tech,xlmr_supcon,s100,0.8,0.4096,0.2936,0.4988,0.2076,0.7075924464440962
lodo,Tech,xlmr_supcon,s100,0.9,0.4608,0.2868,0.5244,0.1888,0.7033646455411825
lodo,Tech,xlmr_supcon,s100,1.0,0.512,0.28,0.55,0.17,0.6980780835431251
lodo,Tech,xlmr_supcon,s13,0.0,0.0,0.348,0.294,0.358,0.7138951761610338
lodo,Tech,xlmr_supcon,s13,0.1,0.0512,0.3412,0.3196,0.3392,0.716553627460602
lodo,Tech,xlmr_supcon,s13,0.2,0.1024,0.3344,0.3452,0.3204,0.7184155670966837
lodo,Tech,xlmr_supcon,s13,0.3,0.1536,0.3276,0.3708,0.3016,0.7195470851807183
lodo,Tech,xlmr_supcon,s13,0.4,0.2048,0.3208,0.3964,0.2828,0.7199897153676104
lodo,Tech,xlmr_supcon,s13,0.5,0.256,0.314,0.422,0.264,0.7197629834138745
lodo,Tech,xlmr_supcon,s13,0.6,0.3072,0.3072,0.4476,0.2452,0.7188650763925403
lodo,Tech,xlmr_supcon,s13,0.7,0.3584,0.3004,0.4732,0.2264,0.7172716474837477
lodo,Tech,xlmr_supcon,s13,0.8,0.4096,0.2936,0.4988,0.2076,0.7149324519334659
lodo,Tech,xlmr_supcon,s13,0.9,0.4608,0.2868,0.5244,0.1888,0.7117650860588046
lodo,Tech,xlmr_supcon,s13,1.0,0.512,0.28,0.55,0.17,0.7076444294372499
lodo,Tech,xlmr_supcon,s21,0.0,0.0,0.348,0.294,0.358,0.7175963887967659
lodo,Tech,xlmr_supcon,s21,0.1,0.0512,0.3412,0.3196,0.3392,0.7204392605582539
lodo,Tech,xlmr_supcon,s21,0.2,0.1024,0.3344,0.3452,0.3204,0.7224673751474023
lodo,Tech,xlmr_supcon,s21,0.3,0.1536,0.3276,0.3708,0.3016,0.7237464977250537
lodo,Tech,xlmr_supcon,s21,0.4,0.2048,0.3208,0.3964,0.2828,0.7243181298293823
lodo,Tech,xlmr_supcon,s21,0.5,0.256,0.314,0.422,0.264,0.7242018617949454
lodo,Tech,xlmr_supcon,s21,0.6,0.3072,0.3072,0.4476,0.2452,0.7233959077281799
lodo,Tech,xlmr_supcon,s21,0.7,0.3584,0.3004,0.4732,0.2264,0.7218758080614291
lodo,Tech,xlmr_supcon,s21,0.8,0.4096,0.2936,0.4988,0.2076,0.719590974884677
lodo,Tech,xlmr_supcon,s21,0.9,0.4608,0.2868,0.5244,0.1888,0.716458335844882
lodo,Tech,xlmr_supcon,s21,1.0,0.512,0.28,0.55,0.17,0.7123516614058523
lodo,Tech,xlmr_supcon,s42,0.0,0.0,0.348,0.294,0.358,0.7180955606879067
lodo,Tech,xlmr_supcon,s42,0.1,0.0512,0.3412,0.3196,0.3392,0.7209465788761635
lodo,Tech,xlmr_supcon,s42,0.2,0.1024,0.3344,0.3452,0.3204,0.7229907797992632
lodo,Tech,xlmr_supcon,s42,0.3,0.1536,0.3276,0.3708,0.3016,0.7242941072477898
lodo,Tech,xlmr_supcon,s42,0.4,0.2048,0.3208,0.3964,0.2828,0.7248979787438122
lodo,Tech,xlmr_supcon,s42,0.5,0.256,0.314,0.422,0.264,0.7248217294151762
lodo,Tech,xlmr_supcon,s42,0.6,0.3072,0.3072,0.4476,0.2452,0.7240631969714793
lodo,Tech,xlmr_supcon,s42,0.7,0.3584,0.3004,0.4732,0.2264,0.7225974452644324
lodo,Tech,xlmr_supcon,s42,0.8,0.4096,0.2936,0.4988,0.2076,0.720373307069179
lodo,Tech,xlmr_supcon,s42,0.9,0.4608,0.2868,0.5244,0.1888,0.7173070015727193
lodo,Tech,xlmr_supcon,s42,1.0,0.512,0.28,0.55,0.17,0.7132714045545022
lodo,Tech,xlmr_supcon,s87,0.0,0.0,0.348,0.294,0.358,0.7069959673395898
lodo,Tech,xlmr_supcon,s87,0.1,0.0512,0.3412,0.3196,0.3392,0.7095445191014895
lodo,Tech,xlmr_supcon,s87,0.2,0.1024,0.3344,0.3452,0.3204,0.7112938394496163
lodo,Tech,xlmr_supcon,s87,0.3,0.1536,0.3276,0.3708,0.3016,0.7123083936763731
lodo,Tech,xlmr_supcon,s87,0.4,0.2048,0.3208,0.3964,0.2828,0.7126281476788252
lodo,Tech,xlmr_supcon,s87,0.5,0.256,0.314,0.422,0.264,0.7122710445499979
lodo,Tech,xlmr_supcon,s87,0.6,0.3072,0.3072,0.4476,0.2452,0.7112336175042051
lodo,Tech,xlmr_supcon,s87,0.7,0.3584,0.3004,0.4732,0.2264,0.7094897528529618
lodo,Tech,xlmr_supcon,s87,0.8,0.4096,0.2936,0.4988,0.2076,0.7069873043143021
lodo,Tech,xlmr_supcon,s87,0.9,0.4608,0.2868,0.5244,0.1888,0.7036418479712029
lodo,Tech,xlmr_supcon,s87,1.0,0.512,0.28,0.55,0.17,0.6993262190953361
