run_id,system,regime,scope,seed,tag,macro_f1,neg_f1,neu_f1,pos_f1,n_test,backbone,wall_seconds,train_total,silver_frac,pool_mode,strict_lodo,supcon_lambda,supcon_tau,max_temp_c,nn_at_1,nn_at_5,nn_at_10,nn_at_20,nmi,ari,silhouette,davies_bouldin,anisotropy,twonn_id,centroid_within_class_cross_domain,centroid_cross_class,temperature,ece_before,ece_after,mce_before,mce_after,brier_before,brier_after,neu_ece_before
indomain.Finance.allma_ft.s13,allma_ft,indomain,Finance,13,,0.7110495167118019,0.6719367588932806,0.8872987477638641,0.5739130434782609,743,allmalab/bert-base-aze,126.3,54919,1.0,gold+bulk,False,,,45.0,0.7415881561238223,0.7590847913862718,0.7574697173620457,0.7477792732166891,0.288987786620173,0.18609517877577852,0.18336878716945648,2.1760998535877967,0.49755439162254333,21.309339947482,,,0.9200000000000004,0.06272610807362758,0.07026277052182008,0.1383553309845924,0.1573786343213569,0.26024733149834967,0.26275953653872,0.05323334783455798
indomain.Finance.allma_ft.s21,allma_ft,indomain,Finance,21,,0.6904766747413031,0.6052631578947368,0.8820960698689956,0.584070796460177,743,allmalab/bert-base-aze,180.5,54919,1.0,gold+bulk,False,,,48.0,0.756393001345895,0.7601615074024226,0.7620457604306864,0.756864064602961,0.3154377945635164,0.25400220929517786,0.21974001824855804,2.0946502368086386,0.4693581759929657,21.635215335356968,,,1.285,0.1008807370218257,0.07562291910956799,0.21675729974921853,0.18530486672798285,0.2809493884449712,0.26773363859845606,0.10773508056336092
indomain.Finance.allma_ft.s42,allma_ft,indomain,Finance,42,,0.6817442856407655,0.5803571428571429,0.8766404199475065,0.5882352941176471,743,allmalab/bert-base-aze,173.2,54919,1.0,gold+bulk,False,,,50.0,0.7577388963660835,0.7617765814266487,0.7606998654104979,0.7559219380888291,0.29485927997101846,0.24994378950051863,0.2289370745420456,2.120696023245133,0.48367324471473694,20.724893138464974,,,1.2899999999999998,0.10721387821427619,0.08025825939574079,0.2552872445910459,0.20601987649435993,0.28926869046309617,0.2747699967936026,0.10349661101333928
indomain.Finance.berturk_ft.s13,berturk_ft,indomain,Finance,13,,0.7099605430926368,0.6190476190476191,0.8766876687668766,0.6341463414634146,743,dbmdz/bert-base-turkish-128k-cased,221.9,54919,1.0,gold+bulk,False,,,48.0,0.7617765814266487,0.7617765814266487,0.7557200538358008,0.749057873485868,0.3039900247316754,0.22545465459112635,0.19434510171413422,2.097005142055099,0.4699912667274475,20.476142559266485,,,1.3449999999999998,0.10896802677281646,0.08078304148463739,0.23655714511772152,0.18228995347942634,0.29438875732756675,0.2787175904176187,0.1038426362188396
indomain.Finance.berturk_ft.s21,berturk_ft,indomain,Finance,21,,0.6792367641534128,0.5783132530120482,0.8680926916221033,0.591304347826087,743,dbmdz/bert-base-turkish-128k-cased,223.9,54919,1.0,gold+bulk,False,,,47.0,0.7860026917900403,0.765006729475101,0.7567967698519515,0.7492597577388964,0.2861878940784074,0.2732916522074038,0.21302132308483124,2.156703632173233,0.5166320204734802,20.045111489955573,,,1.4249999999999992,0.11114823797682617,0.07361756636048042,0.27258951174447466,0.22113848427468996,0.3031550184922813,0.2838462472443366,0.11549084292626456
indomain.Finance.berturk_ft.s42,berturk_ft,indomain,Finance,42,,0.6465954578728793,0.5217391304347826,0.8606701940035273,0.5573770491803278,743,dbmdz/bert-base-turkish-128k-cased,169.6,54919,1.0,gold+bulk,False,,,47.0,0.7402422611036339,0.746971736204576,0.7417227456258412,0.7334454912516823,0.2768847848525032,0.1917634106619618,0.15534251928329468,2.305526335358068,0.5839614272117615,21.766366372317083,,,0.9900000000000004,0.09808777942499758,0.09926044387367991,0.2095566473488265,0.2121434293278448,0.30924848345513767,0.3099049546826664,0.10328287276345881
indomain.Finance.fasttext_mlp.s100,fasttext_mlp,indomain,Finance,100,,0.6589017572424395,0.4838709677419355,0.8579136690647482,0.6349206349206349,743,,80.0,54919,,,,,,,,,,,,,,,,,,,,,,,,,,
indomain.Finance.fasttext_mlp.s13,fasttext_mlp,indomain,Finance,13,,0.6295168193829133,0.48091603053435117,0.840258541089566,0.5673758865248227,743,,54.2,54919,,,,,,,,,,,,,,,,,,,,,,,,,,
indomain.Finance.fasttext_mlp.s21,fasttext_mlp,indomain,Finance,21,,0.6192791421252379,0.4634146341463415,0.8520499108734403,0.5423728813559322,743,,41.6,54919,,,,,,,,,,,,,,,,,,,,,,,,,,
indomain.Finance.fasttext_mlp.s42,fasttext_mlp,indomain,Finance,42,,0.6217743465616434,0.45081967213114754,0.8453976764968723,0.5691056910569106,743,,34.4,54919,,,,,,,,,,,,,,,,,,,,,,,,,,
indomain.Finance.fasttext_mlp.s87,fasttext_mlp,indomain,Finance,87,,0.6184672998441755,0.4297520661157025,0.8490732568402471,0.5765765765765766,743,,79.2,54919,,,,,,,,,,,,,,,,,,,,,,,,,,
indomain.Finance.full.s100,full,indomain,Finance,100,,0.7386492528995627,0.6814814814814815,0.8773234200743495,0.6571428571428571,743,xlm-roberta-base,159.8,54919,1.0,gold+bulk,False,0.1,0.07,48.0,0.7779273216689099,0.7668909825033647,0.7654104979811575,0.7595558546433379,0.3360372935035881,0.4210939550664141,0.34793969988822937,1.3725062924489804,0.8834037780761719,15.509582440234848,,,1.2099999999999993,0.08009443971785003,0.053993038301316514,0.1681098400676,0.11937747887197747,0.27222273480244275,0.26393865023807483,0.08805444964461534
indomain.Finance.full.s13,full,indomain,Finance,13,,0.7209671529339406,0.6127659574468085,0.8834688346883469,0.6666666666666666,743,xlm-roberta-base,127.2,54919,1.0,gold+bulk,False,0.1,0.07,47.0,0.7173620457604307,0.7006729475100942,0.6959623149394347,0.6890309555854643,0.3074301058890321,0.42146325367096893,0.30086827278137207,1.751086581616928,0.8744596242904663,14.632633773854929,,,1.119999999999999,0.07398637484762492,0.05901946024001782,0.16996706562437736,0.15963674826330343,0.28137251664785634,0.2766842424799538,0.07700882437657117
indomain.Finance.full.s21,full,indomain,Finance,21,,0.7155676579009027,0.6147186147186147,0.8840970350404312,0.647887323943662,743,xlm-roberta-base,206.5,54919,1.0,gold+bulk,False,0.1,0.07,46.0,0.7792732166890982,0.7604306864064603,0.7555854643337819,0.7417900403768506,0.28807404705871553,0.40714053483531987,0.3767995238304138,1.4302087845705966,0.9020447134971619,15.799774308132273,,,1.285,0.09127304674935131,0.059347708302956825,0.1974791572593796,0.15660255323904948,0.2857718738670122,0.2740532236686948,0.09562463848676353
indomain.Finance.full.s42,full,indomain,Finance,42,,0.7076025797017006,0.6490566037735849,0.8737511353315168,0.6,743,xlm-roberta-base,167.4,54919,1.0,gold+bulk,False,0.1,0.07,48.0,0.756393001345895,0.7636608344549125,0.7602960969044414,0.7421265141318977,0.28197344167155375,0.3680773531927824,0.32227423787117004,1.52218097667175,0.904697060585022,15.199045480369152,,,0.9600000000000004,0.0927521910765948,0.0977075432920164,0.25165420182703235,0.2593290625028061,0.29606667628007277,0.2981110283999959,0.10022518202830795
indomain.Finance.full.s87,full,indomain,Finance,87,,0.7038671842066467,0.6448979591836734,0.8820882088208821,0.5846153846153846,743,xlm-roberta-base,139.6,54919,1.0,gold+bulk,False,0.1,0.07,46.0,0.7631224764468372,0.7523553162853297,0.7510094212651414,0.7470390309555854,0.30316421872030447,0.3640357642351332,0.2918761372566223,1.5967377049912044,0.8838405609130859,14.227132640458766,,,0.9750000000000004,0.06690070284003996,0.06915162366527343,0.18103170814776237,0.18579006855978564,0.2779125928850721,0.27886019328079764,0.07384903068148822
indomain.Finance.full_mbert.s13,full_mbert,indomain,Finance,13,,0.6501015119972112,0.5772357723577236,0.8688670829616414,0.5042016806722689,743,bert-base-multilingual-cased,143.2,54919,1.0,gold+bulk,False,0.1,0.07,52.0,0.7254374158815612,0.7329744279946164,0.7352624495289367,0.7384253028263795,0.2518613511629593,0.34265778035856526,0.2872829735279083,1.723228313123651,0.8941429853439331,18.640141064291196,,,1.2049999999999994,0.09700085906904865,0.07191630264742803,0.2643374636471262,0.21020845267961707,0.31110412287115535,0.3011506316341062,0.09848077204410259
indomain.Finance.full_mbert.s21,full_mbert,indomain,Finance,21,,0.6803211678832116,0.576,0.864963503649635,0.6,743,bert-base-multilingual-cased,190.9,54919,1.0,gold+bulk,False,0.1,0.07,47.0,0.7483176312247645,0.7491251682368775,0.7456258411843876,0.7417227456258412,0.2725087159181536,0.37377330210739274,0.28356000781059265,1.854464847427406,0.903593897819519,18.550904046990247,,,1.1849999999999998,0.07674321202735315,0.054875516552187066,0.16298218616013282,0.10533260063281802,0.29942987115742026,0.2922048023757698,0.07721629874509205
indomain.Finance.full_mbert.s42,full_mbert,indomain,Finance,42,,0.692019290944022,0.6148148148148148,0.8644688644688645,0.5967741935483871,743,bert-base-multilingual-cased,285.2,54919,1.0,gold+bulk,False,0.1,0.07,50.0,0.7604306864064603,0.7666218034993271,0.7647375504710633,0.7527590847913863,0.2681814836716791,0.39022152423697887,0.35571616888046265,1.5845558671368842,0.8880611062049866,20.360326091398097,,,1.6549999999999998,0.12704449380358507,0.06839043882247356,0.2994253333936029,0.17681986263803062,0.32456459232306567,0.29482833429197014,0.12048308712890198
indomain.Finance.full_mdeberta.s13,full_mdeberta,indomain,Finance,13,,0.74205204768418,0.6439393939393939,0.8799266727772685,0.7022900763358778,743,microsoft/mdeberta-v3-base,264.3,54919,1.0,gold+bulk,False,0.1,0.07,50.0,0.756393001345895,0.7561238223418574,0.7419919246298788,0.7388963660834454,0.34692179151700564,0.4606674815390109,0.4118797779083252,1.2816018017966149,0.8982650637626648,14.38948372805317,,,1.49,0.09584892757986462,0.0624734281755941,0.29275748225865994,0.16315282405190024,0.287865365525199,0.26905948780032685,0.10652339224952942
indomain.Finance.full_mdeberta.s21,full_mdeberta,indomain,Finance,21,,0.7128493276349768,0.6299212598425197,0.881508078994614,0.6271186440677966,743,microsoft/mdeberta-v3-base,340.8,54919,1.0,gold+bulk,False,0.1,0.07,50.0,0.7402422611036339,0.757200538358008,0.7495289367429341,0.7474427994616419,0.34559599296744625,0.45683092970321154,0.4303412139415741,1.2912370938074045,0.9134175777435303,12.859376335784255,,,1.2549999999999994,0.10239073386426585,0.09328726019199263,0.24125692876666027,0.24291765880391736,0.28681116938586965,0.2756792695393544,0.10799207467119154
indomain.Finance.full_mdeberta.s42,full_mdeberta,indomain,Finance,42,,0.6497548267798808,0.49557522123893805,0.858647936786655,0.5950413223140496,743,microsoft/mdeberta-v3-base,174.4,54919,1.0,gold+bulk,False,0.1,0.07,48.0,0.7375504710632571,0.736742934051144,0.7384925975773889,0.7220726783310901,0.2969224631305287,0.38286111777128135,0.3213699460029602,1.5674795634882466,0.912385106086731,12.849719513801967,,,1.064999999999999,0.10566245950561352,0.09767331961974714,0.25123434202304373,0.23458735115069063,0.3066042161119682,0.30271164240426973,0.10431285663537666
indomain.Finance.full_midinject.s13,full_midinject,indomain,Finance,13,,0.7010054079016127,0.6178861788617886,0.8771300448430494,0.608,743,xlm-roberta-base,301.9,54919,1.0,gold+bulk,False,0.1,0.07,48.0,0.7429340511440108,0.7095558546433378,0.6925975773889637,0.7030282637954239,0.29686764217538175,0.4396523176930726,0.39602789282798767,1.492286233165905,0.8662996888160706,16.602119545677436,,,1.7649999999999997,0.1383939284232499,0.07774239359925093,0.37956803447815035,0.2976914698705776,0.3272368419772723,0.2938886440477039,0.13624835023116572
indomain.Finance.full_midinject.s21,full_midinject,indomain,Finance,21,,0.7063608155508829,0.6060606060606061,0.8799283154121864,0.6330935251798561,743,xlm-roberta-base,213.3,54919,1.0,gold+bulk,False,0.1,0.07,51.0,0.7765814266487214,0.7690444145356662,0.7578734858681023,0.7576043068640647,0.30576998827825774,0.4237490761464166,0.36323490738868713,1.4538186162137052,0.9027542471885681,15.451255895499216,,,1.2449999999999997,0.09528562059224399,0.07462599573355791,0.21542486256994864,0.15371731358440854,0.29190492282249997,0.28049389688908793,0.10688889662483178
indomain.Finance.full_midinject.s42,full_midinject,indomain,Finance,42,,0.7076350121512857,0.6403162055335968,0.8791405550581916,0.603448275862069,743,xlm-roberta-base,178.3,54919,1.0,gold+bulk,False,0.1,0.07,51.0,0.765814266487214,0.7606998654104979,0.7542395693135936,0.738021534320323,0.2788982978935843,0.38404575516412365,0.33784690499305725,1.5301293952011565,0.9129127860069275,15.734312347111556,,,0.9200000000000004,0.0994924393516458,0.10456215310780577,0.23646127806659867,0.24762504166788635,0.2968404819838588,0.3010001836965849,0.09959658193892906
indomain.Finance.mbert_ft.s13,mbert_ft,indomain,Finance,13,,0.6104730242791625,0.425531914893617,0.871404399323181,0.5344827586206896,743,bert-base-multilingual-cased,125.5,54919,1.0,gold+bulk,False,,,49.0,0.756393001345895,0.7456258411843876,0.7422611036339165,0.7391655450874832,0.24613152552711615,0.19842851033512646,0.25646886229515076,1.8327624854566782,0.5736502408981323,21.15707908510786,,,0.8800000000000003,0.10233956666759934,0.11634068794498689,0.28455529768221943,0.30344293332082484,0.3244637185708597,0.33279592050211754,0.11941083526183434
indomain.Finance.mbert_ft.s21,mbert_ft,indomain,Finance,21,,0.668897862175173,0.6122448979591837,0.8734402852049911,0.5210084033613446,743,bert-base-multilingual-cased,161.2,54919,1.0,gold+bulk,False,,,50.0,0.7496635262449529,0.7545087483176313,0.7543741588156124,0.7445491251682369,0.2538685508369804,0.252756601190341,0.25652676820755005,1.7946364985013246,0.4954250752925873,18.724258957338304,,,1.075,0.08554185168867666,0.07834269555090143,0.18288998874670825,0.16634076501056405,0.2895620254991384,0.28616746687739936,0.08120956863973605
indomain.Finance.mbert_ft.s42,mbert_ft,indomain,Finance,42,,0.6244380144194942,0.47342995169082125,0.8620689655172413,0.5378151260504201,743,bert-base-multilingual-cased,135.2,54919,1.0,gold+bulk,False,,,47.0,0.7294751009421265,0.7353970390309555,0.7390309555854644,0.7298115746971736,0.2492282248235536,0.2517528560810238,0.24505311250686646,1.943476317192019,0.5483372211456299,18.010782782886885,,,1.0050000000000003,0.11123293125859107,0.11062818884817627,0.2654450974191055,0.27014461676921486,0.33079668790769856,0.330470408869139,0.11927407247814426
indomain.Finance.mdeberta_ft.s100,mdeberta_ft,indomain,Finance,100,,0.736750011191297,0.648854961832061,0.8842297174111212,0.6771653543307087,743,microsoft/mdeberta-v3-base,215.1,54919,1.0,gold+bulk,False,,,47.0,0.7725437415881561,0.7625841184387617,0.7555854643337819,0.7609017496635262,0.3539454262694137,0.42266055567326954,0.3753986060619354,1.3310373537469664,0.6009608507156372,12.136362616235667,,,1.18,0.09845084167396795,0.082435520304821,0.2962017504816097,0.252188556271009,0.27102595561508913,0.2624528050451862,0.1046026949675654
indomain.Finance.mdeberta_ft.s13,mdeberta_ft,indomain,Finance,13,,0.7445413438275891,0.6468401486988847,0.8827838827838828,0.704,743,microsoft/mdeberta-v3-base,245.8,54919,1.0,gold+bulk,False,,,47.0,0.7860026917900403,0.7779273216689099,0.7698519515477793,0.7629205921938089,0.34454992519534905,0.36422512709793237,0.3337439000606537,1.2787623449737413,0.5022899508476257,11.556941238809006,,,1.2399999999999998,0.09116484414476379,0.07004705897101098,0.23219678845699898,0.15658359962064572,0.267847281235152,0.2574146958124076,0.0915945387078788
indomain.Finance.mdeberta_ft.s21,mdeberta_ft,indomain,Finance,21,,0.7318175198609982,0.5897435897435898,0.8894927536231884,0.7162162162162162,743,microsoft/mdeberta-v3-base,278.4,54919,1.0,gold+bulk,False,,,48.0,0.7873485868102288,0.765006729475101,0.7667563930013459,0.7659488559892328,0.30839544634972715,0.3803787936722103,0.3852914571762085,1.301721424757438,0.5119438767433167,11.748304100054082,,,1.2049999999999994,0.09556705546304092,0.07794898091037616,0.3083521591255548,0.2416566958534112,0.27707220620238315,0.26868021096732175,0.1011334018622373
indomain.Finance.mdeberta_ft.s42,mdeberta_ft,indomain,Finance,42,,0.721625626956457,0.6441947565543071,0.872794800371402,0.647887323943662,743,microsoft/mdeberta-v3-base,149.9,54919,1.0,gold+bulk,False,,,46.0,0.7227456258411844,0.7426648721399731,0.7394347240915209,0.7402422611036339,0.29395816588032736,0.3209929052101132,0.2581958472728729,1.593685188481681,0.5920402407646179,12.613230465997848,,,1.2699999999999991,0.07026638263258969,0.04026229032379948,0.15029533340555878,0.16052686210444744,0.2884744964048883,0.2796811861363705,0.0746827590515464
indomain.Finance.mdeberta_ft.s87,mdeberta_ft,indomain,Finance,87,,0.668140706472227,0.5826086956521739,0.8731408573928259,0.5486725663716814,743,microsoft/mdeberta-v3-base,318.9,54919,1.0,gold+bulk,False,,,48.0,0.7523553162853297,0.7628532974427995,0.7627187079407807,0.7575370121130551,0.3361324633574647,0.4008674656944215,0.3674762547016144,1.3953983348207775,0.5499813556671143,13.00868180436995,,,1.3549999999999995,0.13739875658619913,0.11173831875835451,0.3044316896538548,0.24918039377773127,0.3130146871817033,0.293464353624108,0.13700959310308675
indomain.Finance.tfidf_linear.s100,tfidf_linear,indomain,Finance,100,,0.7075276213114106,0.5966386554621849,0.8807829181494662,0.6451612903225806,743,,101.2,54919,,,,,,,,,,,,,,,,,,,,,,,,,,
indomain.Finance.tfidf_linear.s13,tfidf_linear,indomain,Finance,13,,0.7075276213114106,0.5966386554621849,0.8807829181494662,0.6451612903225806,743,,78.2,54919,,,,,,,,,,,,,,,,,,,,,,,,,,
indomain.Finance.tfidf_linear.s21,tfidf_linear,indomain,Finance,21,,0.7075276213114106,0.5966386554621849,0.8807829181494662,0.6451612903225806,743,,87.8,54919,,,,,,,,,,,,,,,,,,,,,,,,,,
indomain.Finance.tfidf_linear.s42,tfidf_linear,indomain,Finance,42,,0.7075276213114106,0.5966386554621849,0.8807829181494662,0.6451612903225806,743,,122.5,54919,,,,,,,,,,,,,,,,,,,,,,,,,,
indomain.Finance.tfidf_linear.s87,tfidf_linear,indomain,Finance,87,,0.7075276213114106,0.5966386554621849,0.8807829181494662,0.6451612903225806,743,,121.9,54919,,,,,,,,,,,,,,,,,,,,,,,,,,
indomain.Finance.xlmr_add.s13,xlmr_add,indomain,Finance,13,,0.6977817074368798,0.5955555555555555,0.8824049513704686,0.6153846153846154,743,xlm-roberta-base,152.3,54919,1.0,gold+bulk,False,,,46.0,0.7644683714670256,0.765814266487214,0.7573351278600269,0.7428667563930014,0.29243454308856004,0.36655597862839656,0.3024285137653351,1.6634104648257886,0.5787356495857239,15.121167167269569,,,1.0899999999999996,0.0998241793682903,0.09069826316831109,0.27402373853995765,0.25995302354183114,0.29201394514137713,0.28776550405561213,0.10356289644618491
indomain.Finance.xlmr_add.s21,xlmr_add,indomain,Finance,21,,0.6684603669721487,0.5545454545454546,0.8745644599303136,0.576271186440678,743,xlm-roberta-base,295.7,54919,1.0,gold+bulk,False,,,48.0,0.7860026917900403,0.7757738896366083,0.7646029609690445,0.7387617765814266,0.32360496910246306,0.43067680035100925,0.32610100507736206,1.7867438559769235,0.5832154750823975,14.257879003759427,,,1.3499999999999996,0.14681493929498526,0.12366740923987955,0.35526856970874104,0.281048870518713,0.3286609258669535,0.3089765754564412,0.14846924098448075
indomain.Finance.xlmr_add.s42,xlmr_add,indomain,Finance,42,,0.7003665736499762,0.6293103448275862,0.8816254416961131,0.5901639344262295,743,xlm-roberta-base,224.4,54919,1.0,gold+bulk,False,,,48.0,0.7590847913862718,0.7668909825033647,0.7588156123822342,0.7486541049798116,0.307148990298246,0.33577710395714633,0.30257394909858704,1.6324901302738117,0.5710099935531616,14.552918365754742,,,1.1949999999999996,0.11122180970689644,0.09706102499051726,0.26114582941708253,0.2356931604031507,0.3017158097905761,0.29198335722178237,0.11759517196993505
indomain.Finance.xlmr_dapt.s13,xlmr_dapt,indomain,Finance,13,,0.7287246522540641,0.5972850678733032,0.8888888888888888,0.7,743,xlm-roberta-base,150.9,54919,1.0,gold+bulk,False,,,44.0,0.7537012113055181,0.7593539703903096,0.768371467025572,0.7658815612382234,0.3321826263628117,0.3541090697368677,0.2793237864971161,1.672893305374874,0.5750021934509277,13.809879472016526,,,0.9950000000000004,0.08385239934348346,0.08427106685226231,0.26530982478836096,0.2662749957741328,0.27633857010796736,0.27655183828596114,0.10037390624102911
indomain.Finance.xlmr_dapt.s21,xlmr_dapt,indomain,Finance,21,,0.7039612921191868,0.6507936507936508,0.8821428571428571,0.5789473684210527,743,xlm-roberta-base,147.3,54919,1.0,gold+bulk,False,,,45.0,0.7496635262449529,0.7510094212651414,0.7468371467025572,0.7444818304172275,0.29226381100961596,0.2686281117071915,0.271263986825943,1.6573088086602634,0.63716721534729,13.507176235049272,,,0.8750000000000003,0.07621856092817028,0.09070368380174286,0.20588737326022077,0.2556831180844389,0.26993610573055543,0.27646109414279374,0.07981313902727419
indomain.Finance.xlmr_dapt.s42,xlmr_dapt,indomain,Finance,42,,0.7470160312024735,0.648854961832061,0.8854262144821264,0.706766917293233,743,xlm-roberta-base,117.1,54919,1.0,gold+bulk,False,,,49.0,0.7577388963660835,0.7542395693135936,0.7515477792732167,0.7471063257065949,0.31204599280398587,0.3241407604422614,0.2253248393535614,1.642351791706633,0.5067403316497803,13.459856032556829,,,1.075,0.07400978576967839,0.0638589664272763,0.17281580641279726,0.1528627012787782,0.2723644153439776,0.26977654859886185,0.07941090166898898
indomain.Finance.xlmr_dapt_film.s13,xlmr_dapt_film,indomain,Finance,13,,0.7004337669684376,0.6363636363636364,0.8795718108831401,0.5853658536585366,743,xlm-roberta-base,291.9,54919,1.0,gold+bulk,False,,,48.0,0.7604306864064603,0.7687752355316285,0.7532974427994616,0.7434051144010767,0.3187857104750341,0.37457985317776066,0.3212202191352844,1.6334653246671926,0.49354344606399536,13.794181107405537,,,1.5549999999999997,0.13777761033846908,0.1022623241386517,0.3279959270786773,0.25945534811947313,0.30837519728007756,0.2861796096691644,0.13660811976023043
indomain.Finance.xlmr_dapt_film.s21,xlmr_dapt_film,indomain,Finance,21,,0.6905595908973966,0.6532258064516129,0.8814159292035398,0.5370370370370371,743,xlm-roberta-base,154.2,54919,1.0,gold+bulk,False,,,47.0,0.7415881561238223,0.7491251682368775,0.7442799461641992,0.7384253028263795,0.30061202747766913,0.2136901405783899,0.27167776226997375,1.8004943589557625,0.6500888466835022,13.695789658252643,,,0.8700000000000003,0.07925783477244308,0.0939848313700509,0.22286238658887758,0.26753544775322713,0.2762220706141091,0.2827898921462709,0.08100815479641346
indomain.Finance.xlmr_dapt_film.s42,xlmr_dapt_film,indomain,Finance,42,,0.7136554430825689,0.6033057851239669,0.8761220825852782,0.6615384615384615,743,xlm-roberta-base,110.6,54919,1.0,gold+bulk,False,,,48.0,0.7496635262449529,0.7475100942126515,0.7407806191117093,0.7275908479138627,0.2917590224588134,0.284981870984764,0.19875095784664154,1.674880271531502,0.5449246168136597,12.825226540941669,,,0.9300000000000004,0.07582169184254865,0.08410233374713252,0.20089149002026518,0.23306102421915997,0.2834414113018327,0.2864618618190526,0.08508401468632994
indomain.Finance.xlmr_dapt_film_pol.s13,xlmr_dapt_film_pol,indomain,Finance,13,,0.7413392241546936,0.6554621848739496,0.888283378746594,0.6802721088435374,743,xlm-roberta-base,149.3,54919,1.0,gold+bulk,False,,,49.0,0.7321668909825033,0.7553162853297443,0.7514131897711979,0.7455585464333782,0.30181059242248276,0.29235706766519937,0.2769119441509247,1.6119548740871632,0.501520037651062,14.335190676124594,,,1.075,0.08784085173070405,0.08526930187128703,0.23242403179160198,0.2257419900981359,0.2700331369486774,0.2669565042715506,0.08912560866134338
indomain.Finance.xlmr_dapt_film_pol.s21,xlmr_dapt_film_pol,indomain,Finance,21,,0.689293418815795,0.5919282511210763,0.8809106830122592,0.5950413223140496,743,xlm-roberta-base,282.5,54919,1.0,gold+bulk,False,,,48.0,0.7685060565275909,0.7415881561238223,0.7362045760430687,0.7292059219380889,0.3296079747910977,0.41786385038707763,0.34501662850379944,1.6389355722007635,0.5695206522941589,14.395889097026153,,,1.44,0.13864017108188384,0.11179109297679357,0.44738389502751974,0.367485470466548,0.3213518933929948,0.30273343510372813,0.14047321086872028
indomain.Finance.xlmr_dapt_film_pol.s42,xlmr_dapt_film_pol,indomain,Finance,42,,0.7220208236205323,0.6379310344827587,0.8869100623330365,0.6412213740458015,743,xlm-roberta-base,213.5,54919,1.0,gold+bulk,False,,,49.0,0.7927321668909825,0.7695827725437416,0.7637954239569313,0.758950201884253,0.3007907381906647,0.3608202796479393,0.3062589764595032,1.7108286527850034,0.49128302931785583,13.834096489525027,,,1.18,0.11914057381066354,0.10836292676377259,0.3236224324499334,0.2992892480040964,0.30012432684111806,0.2929271177743303,0.11001963534936418
indomain.Finance.xlmr_film.s13,xlmr_film,indomain,Finance,13,,0.7441863562240819,0.6557377049180327,0.8911070780399274,0.6857142857142857,743,xlm-roberta-base,144.7,54919,1.0,gold+bulk,False,,,47.0,0.784656796769852,0.7800807537012113,0.7698519515477793,0.7528263795423957,0.27583648256059906,0.27904439048697566,0.2812850773334503,1.7775840945014643,0.5103211402893066,14.716079067450549,,,1.169999999999999,0.08912218886104967,0.07503929894508042,0.27145023351953435,0.2372712563590812,0.2769774818118013,0.27090517389616614,0.0839179923928883
indomain.Finance.xlmr_film.s21,xlmr_film,indomain,Finance,21,,0.6718683666166783,0.6265060240963856,0.879295154185022,0.5098039215686274,743,xlm-roberta-base,152.9,54919,1.0,gold+bulk,False,,,47.0,0.7698519515477793,0.7596231493943473,0.7545087483176313,0.7411170928667564,0.2383698628583724,0.19519108144775285,0.19842609763145447,1.8956211614397382,0.5811978578567505,14.06977130524228,,,1.0100000000000005,0.10145592193797759,0.10047174894600157,0.26850836822841195,0.26734420966208305,0.2966470772817285,0.29610283774552437,0.09137628518484171
indomain.Finance.xlmr_film.s42,xlmr_film,indomain,Finance,42,,0.6858519336550971,0.6147186147186147,0.8787346221441125,0.5641025641025641,743,xlm-roberta-base,212.5,54919,1.0,gold+bulk,False,,,46.0,0.7496635262449529,0.7725437415881561,0.7740242261103634,0.7660834454912517,0.3189624064779007,0.3795534997566769,0.29309824109077454,1.7825241889893455,0.5735183358192444,14.758603846650272,,,1.219999999999999,0.12453093608565961,0.1117222467673819,0.320679962886659,0.270957128944575,0.30370931294431075,0.29385138001761735,0.1265675148757414
indomain.Finance.xlmr_film_morph.s13,xlmr_film_morph,indomain,Finance,13,,0.6975948963454321,0.5991189427312775,0.8829787234042553,0.6106870229007634,743,xlm-roberta-base,144.8,54919,1.0,gold+bulk,False,,,47.0,0.7819650067294751,0.7698519515477793,0.7577388963660835,0.7477792732166891,0.22076429488525007,0.2118330526735596,0.2527911365032196,1.9477183153659705,0.48107975721359253,13.846975818749431,,,1.2149999999999992,0.09685203134555899,0.07780292131139073,0.2723901291461257,0.2263546798476057,0.2946838606089129,0.28561910476712277,0.10210742479048573
indomain.Finance.xlmr_film_morph.s21,xlmr_film_morph,indomain,Finance,21,,0.6642530067306631,0.625,0.8771929824561403,0.49056603773584906,743,xlm-roberta-base,153.7,54919,1.0,gold+bulk,False,,,48.0,0.7617765814266487,0.7620457604306864,0.7491251682368775,0.7401076716016151,0.24628730928585735,0.2640078957104628,0.2268269658088684,1.9612328781584114,0.6060951948165894,15.280896270252905,,,1.0050000000000003,0.09950243784069857,0.09903721825899642,0.2466348289738014,0.24624205347374228,0.29681101161671186,0.29654844829070465,0.10132271574705723
indomain.Finance.xlmr_film_morph.s42,xlmr_film_morph,indomain,Finance,42,,0.686680241879082,0.6233766233766234,0.8820422535211268,0.5546218487394958,743,xlm-roberta-base,219.0,54919,1.0,gold+bulk,False,,,49.0,0.784656796769852,0.7687752355316285,0.7637954239569313,0.7564602960969045,0.28539187624175155,0.333060983141686,0.3089029788970947,1.8112970169330282,0.6062055230140686,13.896684992061255,,,1.219999999999999,0.11908263350764005,0.10118662884148877,0.30530563165979385,0.2950303796639615,0.30245571075193584,0.29142567064685854,0.11919453906767474
indomain.Finance.xlmr_film_pol.s13,xlmr_film_pol,indomain,Finance,13,,0.6722589807238301,0.5882352941176471,0.8815331010452961,0.5470085470085471,743,xlm-roberta-base,154.8,54919,1.0,gold+bulk,False,,,46.0,0.7483176312247645,0.7547779273216689,0.7356662180349933,0.723956931359354,0.21383118971424966,0.2398103391424125,0.28192195296287537,1.7901485810045763,0.5247052311897278,14.070500261844744,,,1.1399999999999997,0.10424165360628922,0.09006365791654272,0.30065806055177347,0.2314995020496845,0.3022810943145729,0.2952025595454665,0.11698079885625609
indomain.Finance.xlmr_film_pol.s21,xlmr_film_pol,indomain,Finance,21,,0.6629264082488123,0.6141078838174274,0.8746713409290097,0.5,743,xlm-roberta-base,154.1,54919,1.0,gold+bulk,False,,,49.0,0.7779273216689099,0.7585464333781965,0.7523553162853297,0.7417227456258412,0.24340041820873182,0.23184690543485856,0.23579943180084229,1.9332073500732427,0.6184284090995789,14.809669358957672,,,1.0599999999999992,0.10670277400686837,0.10205279645699147,0.2571154688050026,0.24480462223223065,0.30707786992249014,0.303876684579882,0.10654012471433384
indomain.Finance.xlmr_film_pol.s42,xlmr_film_pol,indomain,Finance,42,,0.704966144966145,0.5887445887445888,0.88,0.6461538461538462,743,xlm-roberta-base,112.2,54919,1.0,gold+bulk,False,,,46.0,0.7523553162853297,0.7483176312247645,0.7477792732166891,0.7390982503364738,0.21812424384880216,0.13398395309866284,0.09995221346616745,1.9256671024284646,0.6347755193710327,13.82925302661158,,,0.6800000000000002,0.05328100872193584,0.08438751580206183,0.14786749231384244,0.18308469111353032,0.27977851563513184,0.28990903217731623,0.056967058890967245
indomain.Finance.xlmr_ft.s100,xlmr_ft,indomain,Finance,100,,0.6281352108938315,0.5689655172413793,0.870995670995671,0.4444444444444444,743,xlm-roberta-base,134.0,54919,1.0,gold+bulk,False,,,46.0,0.7577388963660835,0.7445491251682369,0.7356662180349933,0.730349932705249,0.16104204503223613,0.2535172178286429,0.23580095171928406,2.0034962044153843,0.6115297079086304,14.394663695354541,,,1.1399999999999997,0.11619364832187419,0.10374139572839984,0.25897879686394565,0.24515575464074735,0.3175310449291027,0.31075745451005976,0.12232050415390598
indomain.Finance.xlmr_ft.s13,xlmr_ft,indomain,Finance,13,,0.6952193991559846,0.6108786610878661,0.8780053428317008,0.5967741935483871,743,xlm-roberta-base,309.7,54919,1.0,gold+bulk,False,,,45.0,0.7873485868102288,0.7773889636608344,0.77092866756393,0.7654104979811575,0.29326838822222234,0.36391720586193244,0.3065643608570099,1.7030075672936018,0.5174444317817688,14.851255880665693,,,1.385,0.13506769478110642,0.110263789273196,0.3397164246196235,0.25761017873853764,0.31937578333799754,0.3023046121810042,0.1356995400634994
indomain.Finance.xlmr_ft.s21,xlmr_ft,indomain,Finance,21,,0.7064168832749597,0.6356589147286822,0.8770343580470162,0.6065573770491803,743,xlm-roberta-base,142.1,54919,1.0,gold+bulk,False,,,45.0,0.7725437415881561,0.7631224764468372,0.7527590847913863,0.7430686406460296,0.24994700649082127,0.19907024984201696,0.2577345669269562,1.8152731599449725,0.5963029265403748,12.374026922901152,,,1.1849999999999998,0.09725538043158087,0.08031928644505225,0.22549564170071634,0.22762383282003518,0.27374726368817487,0.26560326258932965,0.09202801465786757
indomain.Finance.xlmr_ft.s42,xlmr_ft,indomain,Finance,42,,0.6424867391418517,0.47,0.8665511265164645,0.5909090909090909,743,xlm-roberta-base,113.4,54919,1.0,gold+bulk,False,,,45.0,0.7523553162853297,0.7464333781965007,0.7413189771197847,0.7384925975773889,0.26641137172407964,0.18815482101378672,0.16788920760154724,1.8496536269831791,0.5964389443397522,15.293872630604087,,,0.7150000000000002,0.08915979851726351,0.12306209759624867,0.2622676863832337,0.402128144519422,0.3193029638747551,0.33810362443278114,0.10449489408164646
indomain.Finance.xlmr_ft.s87,xlmr_ft,indomain,Finance,87,,0.6760530027337152,0.6086956521739131,0.8740088105726872,0.5454545454545454,743,xlm-roberta-base,285.8,54919,1.0,gold+bulk,False,,,46.0,0.7806191117092867,0.7685060565275909,0.7611036339165546,0.7522207267833109,0.260659915869658,0.3838151823460799,0.31483492255210876,1.7799132539918368,0.5621355175971985,14.026555101676552,,,1.435,0.13779891335133496,0.10610429349574448,0.3547472714184805,0.27963441074094697,0.3259214231470979,0.30548630378458824,0.13186719791731344
indomain.Finance.xlmr_supcon.s13,xlmr_supcon,indomain,Finance,13,,0.6552075642918666,0.5209302325581395,0.8732638888888888,0.5714285714285714,743,xlm-roberta-base,167.5,54919,1.0,gold+bulk,False,0.1,0.07,50.0,0.756393001345895,0.74185733512786,0.7179004037685061,0.7279273216689098,0.31730472935043236,0.4619038793847167,0.3861195147037506,1.5125148666228458,0.9147371053695679,17.37062125563482,,,1.0799999999999998,0.12437728003811405,0.11605006906088569,0.2783679440228617,0.2862707506877211,0.3148044909931467,0.30956588238815763,0.13193467558197441
indomain.Finance.xlmr_supcon.s21,xlmr_supcon,indomain,Finance,21,,0.7129516862126969,0.5800865800865801,0.8779174147217235,0.6808510638297872,743,xlm-roberta-base,227.3,54919,1.0,gold+bulk,False,0.1,0.07,51.0,0.7590847913862718,0.7598923283983849,0.7526244952893675,0.7369448183041722,0.29638703303398445,0.41904044851867955,0.3646855056285858,1.5131370997435238,0.9015102982521057,17.326129784113085,,,1.3800000000000001,0.10315810344309287,0.06235008397922673,0.25410454936615534,0.20205996878122356,0.3044718587389322,0.2879096885631793,0.10799517663607472
indomain.Finance.xlmr_supcon.s42,xlmr_supcon,indomain,Finance,42,,0.6837310484528762,0.6546762589928058,0.870201096892139,0.5263157894736842,743,xlm-roberta-base,170.2,54919,1.0,gold+bulk,False,0.1,0.07,49.0,0.7496635262449529,0.7496635262449529,0.7524899057873485,0.7347913862718708,0.2664080883715403,0.37271941542229936,0.30365580320358276,1.5023877288104612,0.9007193446159363,16.708771725230495,,,1.1649999999999991,0.09542184112176333,0.07405302658632197,0.23765173268456974,0.2184706435297722,0.3048686458867437,0.296049019030296,0.10299886169313223
indomain.Public.allma_ft.s13,allma_ft,indomain,Public,13,,0.7329902220887495,0.7828655834564254,0.7572815533980582,0.6588235294117647,784,allmalab/bert-base-aze,170.0,28235,1.0,gold+bulk,False,,,50.0,0.6823979591836735,0.7127551020408164,0.7232142857142857,0.7202168367346938,0.3446905821388511,0.40891055455139863,0.22325795888900757,2.2343984827566246,0.27550438046455383,28.029503296118587,,,2.3450000000000006,0.1641313808354182,0.050673375939092366,0.33521690674515303,0.1418076278164826,0.38555275858271665,0.33190618716309295,0.152859052332257
indomain.Public.allma_ft.s21,allma_ft,indomain,Public,21,,0.742377226158243,0.8097281831187411,0.7725947521865889,0.644808743169399,784,allmalab/bert-base-aze,172.5,28235,1.0,gold+bulk,False,,,50.0,0.7423469387755102,0.7369897959183673,0.7340561224489796,0.7295918367346939,0.34720840840430794,0.43235390310161365,0.2690998613834381,1.9370326025330407,0.22714237868785858,28.15312384354784,,,3.0050000000000012,0.17342415412266918,0.04604957778183571,0.350706024060391,0.13028547699855464,0.38273534787526625,0.3164480928700873,0.15235165386626298
indomain.Public.allma_ft.s42,allma_ft,indomain,Public,42,,0.6999926388928895,0.8,0.7496423462088698,0.5503355704697986,784,allmalab/bert-base-aze,91.4,28235,1.0,gold+bulk,False,,,44.0,0.7410714285714286,0.710204081632653,0.6988520408163266,0.6813137755102041,0.34802485266046085,0.42035794605330257,0.18823237717151642,2.6247577301775666,0.4574674665927887,27.190210408988854,,,1.385,0.08884119963862183,0.04117520745445283,0.2047956377720943,0.11188920835766314,0.3575797638065457,0.3434211941638495,0.11494658425696741
indomain.Public.berturk_ft.s13,berturk_ft,indomain,Public,13,,0.7266738578619766,0.7994227994227994,0.7496463932107497,0.6309523809523809,784,dbmdz/bert-base-turkish-128k-cased,154.9,28235,1.0,gold+bulk,False,,,49.0,0.6836734693877551,0.6686224489795919,0.6572704081632653,0.641454081632653,0.34693913943297444,0.41072262117953795,0.18572939932346344,2.4145501048772213,0.39850202202796936,30.112913760140376,,,1.7199999999999995,0.11407846038087228,0.03993394244628961,0.28481339136527883,0.1098237131631451,0.3672334041700853,0.3401336571241047,0.12592822425004993
indomain.Public.berturk_ft.s21,berturk_ft,indomain,Public,21,,0.7295266095273223,0.8017366136034733,0.752112676056338,0.6347305389221557,784,dbmdz/bert-base-turkish-128k-cased,191.8,28235,1.0,gold+bulk,False,,,48.0,0.6951530612244898,0.6790816326530612,0.6784438775510204,0.6760204081632653,0.3764324842866053,0.4339509045702307,0.20479348301887512,2.283200946629958,0.35719504952430725,29.006813166937373,,,2.005,0.15337069577888954,0.057812052111266415,0.3216581364262816,0.14074579581104796,0.38529906626123345,0.3419212052058643,0.1505782879931549
indomain.Public.berturk_ft.s42,berturk_ft,indomain,Public,42,,0.6891444795545785,0.7375201288244766,0.7322121604139715,0.5977011494252874,784,dbmdz/bert-base-turkish-128k-cased,146.2,28235,1.0,gold+bulk,False,,,50.0,0.7053571428571429,0.674234693877551,0.6594387755102041,0.6498724489795918,0.33819099069026887,0.4094981297503037,0.1766200214624405,2.389632506918028,0.4065273106098175,27.06341149518117,,,1.7350000000000003,0.15598774945873106,0.07305620156263769,0.2808199514646037,0.18365080868275996,0.42959496407831355,0.3890215805027146,0.18636599447771665
indomain.Public.fasttext_mlp.s100,fasttext_mlp,indomain,Public,100,,0.6688322607789986,0.7275280898876404,0.6933333333333334,0.585635359116022,784,,28.2,28235,,,,,,,,,,,,,,,,,,,,,,,,,,
indomain.Public.fasttext_mlp.s13,fasttext_mlp,indomain,Public,13,,0.6259682226790603,0.6151202749140894,0.6881987577639752,0.574585635359116,784,,46.4,28235,,,,,,,,,,,,,,,,,,,,,,,,,,
indomain.Public.fasttext_mlp.s21,fasttext_mlp,indomain,Public,21,,0.6579492287153436,0.7069219440353461,0.7033898305084746,0.56353591160221,784,,50.2,28235,,,,,,,,,,,,,,,,,,,,,,,,,,
indomain.Public.fasttext_mlp.s42,fasttext_mlp,indomain,Public,42,,0.6480280568961175,0.7216216216216216,0.6727549467275494,0.5497076023391813,784,,19.0,28235,,,,,,,,,,,,,,,,,,,,,,,,,,
indomain.Public.fasttext_mlp.s87,fasttext_mlp,indomain,Public,87,,0.6552964626182353,0.70995670995671,0.6894586894586895,0.5664739884393064,784,,22.4,28235,,,,,,,,,,,,,,,,,,,,,,,,,,
indomain.Public.full.s100,full,indomain,Public,100,,0.7479105964272085,0.8117647058823529,0.780281690140845,0.651685393258427,784,xlm-roberta-base,166.9,28235,1.0,gold+bulk,False,0.1,0.07,47.0,0.7283163265306123,0.7278061224489796,0.7168367346938775,0.7058035714285714,0.37163818139642407,0.43807998107287355,0.38743358850479126,1.337872475411519,0.8479000926017761,22.086907560502045,,,1.5499999999999998,0.11999048979358845,0.052861187961036574,0.2667569945621331,0.17809000148946375,0.33777821362133426,0.3116378586307426,0.11649343642357762
indomain.Public.full.s13,full,indomain,Public,13,,0.7730841512177921,0.8126888217522659,0.7899860917941586,0.7165775401069518,784,xlm-roberta-base,232.1,28235,1.0,gold+bulk,False,0.1,0.07,47.0,0.7130102040816326,0.7119897959183673,0.7033163265306123,0.7053571428571429,0.388578117227145,0.4477541014015794,0.40060293674468994,1.1960334847976364,0.7816096544265747,18.948999386362598,,,2.325000000000001,0.15419065181141864,0.04378827032298228,0.30115696241560563,0.15685113154166364,0.3601961608993931,0.31425278913600235,0.14716072070635397
indomain.Public.full.s21,full,indomain,Public,21,,0.7589285714285715,0.8214285714285714,0.7767857142857143,0.6785714285714286,784,xlm-roberta-base,127.9,28235,1.0,gold+bulk,False,0.1,0.07,49.0,0.6875,0.6783163265306122,0.6713010204081633,0.6630739795918368,0.38055652854310545,0.4487650414075532,0.36753347516059875,1.511160798780197,0.8405330777168274,18.200334023494197,,,1.6249999999999993,0.10452401762610586,0.05530328146640923,0.25334622343387336,0.11729488968056212,0.3385096298125495,0.31515444415610167,0.10719723538843393
indomain.Public.full.s42,full,indomain,Public,42,,0.7666218752421569,0.8202898550724638,0.7868383404864091,0.6927374301675978,784,xlm-roberta-base,254.9,28235,1.0,gold+bulk,False,0.1,0.07,48.0,0.7589285714285714,0.7280612244897959,0.715688775510204,0.7123086734693878,0.3817841656402056,0.4507460358669065,0.40894925594329834,1.3124083726879106,0.8047552108764648,20.68364103371415,,,2.030000000000001,0.15151598604367356,0.050584342396303744,0.35420442319373024,0.19307363352416462,0.34992072786554207,0.3063090415020983,0.13552946621234543
indomain.Public.full.s87,full,indomain,Public,87,,0.7741921869701166,0.8369565217391305,0.7889908256880734,0.6966292134831461,784,xlm-roberta-base,202.7,28235,1.0,gold+bulk,False,0.1,0.07,48.0,0.6862244897959183,0.6971938775510204,0.7058673469387755,0.7133290816326531,0.38283846087955714,0.46475431166543324,0.42281675338745117,1.2800860059562964,0.8167092204093933,19.18493950477019,,,1.96,0.1327627183420839,0.058522525767582365,0.2839278827774657,0.1235658613801961,0.3246271993521996,0.287370439826456,0.11347721059525723
indomain.Public.full_mbert.s13,full_mbert,indomain,Public,13,,0.7021353887751179,0.7651632970451011,0.7503337783711616,0.5909090909090909,784,bert-base-multilingual-cased,139.4,28235,1.0,gold+bulk,False,0.1,0.07,51.0,0.6479591836734694,0.6821428571428572,0.6871173469387755,0.6737244897959184,0.31567785309940305,0.3911277001424356,0.2805089056491852,1.630214693078617,0.8511641025543213,21.489078616423427,,,1.6599999999999997,0.1285923896351409,0.05521528526968096,0.22440487540243947,0.1119295380117522,0.3990874540634307,0.3691138805344815,0.15578527528163338
indomain.Public.full_mbert.s21,full_mbert,indomain,Public,21,,0.7503825155672059,0.8169838945827232,0.7736131934032984,0.6605504587155964,784,bert-base-multilingual-cased,220.6,28235,1.0,gold+bulk,False,0.1,0.07,54.0,0.7104591836734694,0.7076530612244898,0.7068877551020408,0.7104591836734694,0.3533162770219248,0.4362002966386587,0.34511736035346985,1.4182193655132656,0.8011216521263123,22.394879468487222,,,2.3450000000000006,0.13970305518204446,0.06790179633309766,0.27856189840437895,0.15473724258283506,0.35743584421012403,0.32165520274090176,0.11174547070272482
indomain.Public.full_mbert.s42,full_mbert,indomain,Public,42,,0.7344533573758295,0.7970149253731343,0.7759103641456583,0.6304347826086957,784,bert-base-multilingual-cased,199.6,28235,1.0,gold+bulk,False,0.1,0.07,50.0,0.7283163265306123,0.7306122448979592,0.7193877551020408,0.7072704081632653,0.3423313258138785,0.4079211666642722,0.33659303188323975,1.4692754707764408,0.813758373260498,23.298172727254727,,,2.1950000000000007,0.15456173868328543,0.049740014761316634,0.36115595071400697,0.14458069560581688,0.38336910130189666,0.3357067898779072,0.15298365531181632
indomain.Public.full_mdeberta.s13,full_mdeberta,indomain,Public,13,,0.7520227088418286,0.8267045454545454,0.7769571639586411,0.6524064171122995,784,microsoft/mdeberta-v3-base,350.0,28235,1.0,gold+bulk,False,0.1,0.07,49.0,0.7002551020408163,0.7079081632653061,0.7035714285714286,0.7090561224489796,0.36455958839881397,0.4479539622441301,0.4059620201587677,1.2543725746750143,0.8422554135322571,15.313419980763214,,,1.8450000000000002,0.13670950327073073,0.0594096497758726,0.3885981749344555,0.18631863685202887,0.3414508565829548,0.3041577629245384,0.12484684387662238
indomain.Public.full_mdeberta.s21,full_mdeberta,indomain,Public,21,,0.7456419592809344,0.8005738880918221,0.7623188405797101,0.6740331491712708,784,microsoft/mdeberta-v3-base,302.1,28235,1.0,gold+bulk,False,0.1,0.07,50.0,0.6862244897959183,0.6969387755102041,0.6970663265306123,0.6970663265306123,0.35165400636437844,0.4275527843843592,0.3813822567462921,1.2647626832049577,0.85484778881073,14.987325266249705,,,1.7699999999999996,0.1302124650150945,0.055918757532984344,0.34560595207974854,0.1924675525589119,0.3455072973939363,0.3121874350241398,0.11842225607349496
indomain.Public.full_mdeberta.s42,full_mdeberta,indomain,Public,42,,0.7686257440614522,0.8326745718050066,0.7770700636942676,0.6961325966850829,784,microsoft/mdeberta-v3-base,236.1,28235,1.0,gold+bulk,False,0.1,0.07,48.0,0.7053571428571429,0.6987244897959184,0.6885204081632653,0.6840561224489796,0.37636999454511677,0.45873340106418786,0.3916083872318268,1.3290265421263812,0.8560864329338074,15.373491779078282,,,1.4749999999999992,0.10434942303209839,0.05702204611544002,0.29929697906199315,0.1722664401463857,0.31217561853188336,0.2916200098796,0.08965316393035754
indomain.Public.full_midinject.s13,full_midinject,indomain,Public,13,,0.7630035436618924,0.8078668683812406,0.7837078651685393,0.6974358974358974,784,xlm-roberta-base,228.5,28235,1.0,gold+bulk,False,0.1,0.07,51.0,0.7028061224489796,0.6951530612244898,0.7002551020408163,0.7019132653061224,0.38340419585659574,0.4419069520300278,0.3998146057128906,1.172466490566159,0.7724207639694214,20.754528610724,,,2.4200000000000004,0.1638971099627981,0.04822511873253301,0.31525620363680473,0.07928532372400177,0.36854251179626024,0.3149206715952669,0.1527840529089025
indomain.Public.full_midinject.s21,full_midinject,indomain,Public,21,,0.7587181475570195,0.8244897959183674,0.7771084337349398,0.6745562130177515,784,xlm-roberta-base,123.8,28235,1.0,gold+bulk,False,0.1,0.07,51.0,0.6760204081632653,0.6841836734693878,0.6795918367346939,0.6707270408163265,0.3817309093434636,0.44955516764434555,0.36832356452941895,1.515950578070236,0.8088136911392212,18.729681173487023,,,1.8850000000000005,0.1273783891888593,0.04969361246168782,0.32377772912852154,0.09746931884199961,0.34687685441722427,0.31559094757618555,0.1207459363334755
indomain.Public.full_midinject.s42,full_midinject,indomain,Public,42,,0.7635096745064724,0.8257142857142857,0.7827338129496403,0.6820809248554913,784,xlm-roberta-base,244.7,28235,1.0,gold+bulk,False,0.1,0.07,53.0,0.7206632653061225,0.6994897959183674,0.6923469387755102,0.6892857142857143,0.3862581074500502,0.45603337090269147,0.41207489371299744,1.3377791633489693,0.7953342199325562,20.025786990859217,,,2.130000000000001,0.1513794716498712,0.04792609851864319,0.3152629952925571,0.11359742323068067,0.34803173491933204,0.3038745194836739,0.12988356293000863
indomain.Public.mbert_ft.s13,mbert_ft,indomain,Public,13,,0.7298123994997319,0.76,0.7558620689655172,0.6735751295336787,784,bert-base-multilingual-cased,116.5,28235,1.0,gold+bulk,False,,,47.0,0.7168367346938775,0.7061224489795919,0.6924744897959184,0.672704081632653,0.2992297268840914,0.3747955270277581,0.22854399681091309,1.8596871208761125,0.3678790330886841,23.135836685897797,,,1.4499999999999997,0.08320649192683562,0.03696174912993959,0.18043686157647265,0.08843789963759885,0.3686259940111385,0.3566757094450409,0.11392133634443015
indomain.Public.mbert_ft.s21,mbert_ft,indomain,Public,21,,0.7257697598634879,0.7761194029850746,0.7534626038781164,0.6477272727272727,784,bert-base-multilingual-cased,123.5,28235,1.0,gold+bulk,False,,,49.0,0.6951530612244898,0.6826530612244898,0.6829081632653061,0.6739795918367347,0.3257004906583773,0.3940507096215897,0.23349285125732422,1.8374829865541804,0.39978349208831787,22.592104240536944,,,1.4449999999999998,0.08453524575886609,0.04691996646404882,0.28434428394264966,0.16449696629397825,0.3658403528192536,0.3535994459030676,0.11921156863326304
indomain.Public.mbert_ft.s42,mbert_ft,indomain,Public,42,,0.7356017710451036,0.7945619335347432,0.7681755829903978,0.6440677966101694,784,bert-base-multilingual-cased,188.9,28235,1.0,gold+bulk,False,,,49.0,0.6772959183673469,0.6831632653061225,0.6892857142857143,0.6825255102040816,0.32279686414134795,0.3975050062341563,0.26242902874946594,1.8482843140550855,0.3109467029571533,24.271130679458878,,,2.670000000000001,0.1472187006412338,0.04632728552707106,0.28202436188964664,0.12918755912032842,0.3923383297868493,0.3469207978776714,0.1541765729487779
indomain.Public.mdeberta_ft.s100,mdeberta_ft,indomain,Public,100,,0.7501475615627932,0.806015037593985,0.7705146036161336,0.6739130434782609,784,microsoft/mdeberta-v3-base,198.1,28235,1.0,gold+bulk,False,,,47.0,0.7168367346938775,0.7119897959183673,0.7044642857142858,0.6955357142857143,0.4162361436064113,0.4962761665181017,0.37933218479156494,1.369804114309492,0.512123167514801,12.790054219417682,,,1.485,0.10128460418587967,0.047711009119914875,0.23031112556976985,0.13140296704776833,0.3301288693571649,0.31155367280207175,0.1173814777729854
indomain.Public.mdeberta_ft.s13,mdeberta_ft,indomain,Public,13,,0.766408403298696,0.8147058823529412,0.7798561151079136,0.7046632124352331,784,microsoft/mdeberta-v3-base,287.5,28235,1.0,gold+bulk,False,,,48.0,0.7410714285714286,0.7408163265306122,0.7349489795918367,0.7256377551020409,0.4010820951905666,0.48737541411384766,0.39962640404701233,1.2957932252901851,0.25906726717948914,14.84156397768346,,,2.1950000000000007,0.14274361276972256,0.049755996194949755,0.31915062667151506,0.13815226250364576,0.3450152225846097,0.2991883698999536,0.144368906799448
indomain.Public.mdeberta_ft.s21,mdeberta_ft,indomain,Public,21,,0.7663695452254174,0.8233618233618234,0.780559646539028,0.6951871657754011,784,microsoft/mdeberta-v3-base,299.8,28235,1.0,gold+bulk,False,,,48.0,0.6989795918367347,0.7227040816326531,0.7258928571428571,0.7234693877551021,0.3621080423811749,0.43903781885599047,0.3964731991291046,1.2926546884490595,0.28406426310539246,13.528959932833327,,,2.2150000000000003,0.14592544162468143,0.06781113176357557,0.4285934224596829,0.22870107619344915,0.34735025425153593,0.2966928364672036,0.12861251093350684
indomain.Public.mdeberta_ft.s42,mdeberta_ft,indomain,Public,42,,0.7608965792126797,0.8064992614475628,0.7777777777777778,0.6984126984126984,784,microsoft/mdeberta-v3-base,286.2,28235,1.0,gold+bulk,False,,,47.0,0.6721938775510204,0.710204081632653,0.7091836734693877,0.7051020408163265,0.38385619190952625,0.4475675334023336,0.37849363684654236,1.2885825528045625,0.2969549596309662,13.642326292642075,,,2.3150000000000004,0.15598431300393645,0.06060979750349133,0.37107096984204624,0.18863332935705346,0.3573035485864459,0.3028120858834903,0.13561795788336412
indomain.Public.mdeberta_ft.s87,mdeberta_ft,indomain,Public,87,,0.7475647198094973,0.8274894810659187,0.7719298245614035,0.6432748538011696,784,microsoft/mdeberta-v3-base,153.0,28235,1.0,gold+bulk,False,,,47.0,0.7142857142857143,0.7002551020408163,0.6951530612244898,0.6846301020408163,0.3780922607525037,0.45250877883049284,0.35195186734199524,1.6684974618064894,0.6136179566383362,12.672299056289987,,,1.1899999999999997,0.07791722247001674,0.04648225586112568,0.2289043525066795,0.16262181747120685,0.3204097474902338,0.3140578530527782,0.08176802509094047
indomain.Public.tfidf_linear.s100,tfidf_linear,indomain,Public,100,,0.7357993465893272,0.8167388167388168,0.7663817663817664,0.6242774566473989,784,,31.1,28235,,,,,,,,,,,,,,,,,,,,,,,,,,
indomain.Public.tfidf_linear.s13,tfidf_linear,indomain,Public,13,,0.7357993465893272,0.8167388167388168,0.7663817663817664,0.6242774566473989,784,,34.9,28235,,,,,,,,,,,,,,,,,,,,,,,,,,
indomain.Public.tfidf_linear.s21,tfidf_linear,indomain,Public,21,,0.7357993465893272,0.8167388167388168,0.7663817663817664,0.6242774566473989,784,,40.8,28235,,,,,,,,,,,,,,,,,,,,,,,,,,
indomain.Public.tfidf_linear.s42,tfidf_linear,indomain,Public,42,,0.7357993465893272,0.8167388167388168,0.7663817663817664,0.6242774566473989,784,,28.5,28235,,,,,,,,,,,,,,,,,,,,,,,,,,
indomain.Public.tfidf_linear.s87,tfidf_linear,indomain,Public,87,,0.7357993465893272,0.8167388167388168,0.7663817663817664,0.6242774566473989,784,,32.2,28235,,,,,,,,,,,,,,,,,,,,,,,,,,
indomain.Public.xlmr_add.s13,xlmr_add,indomain,Public,13,,0.7589755822467579,0.804093567251462,0.7762039660056658,0.6966292134831461,784,xlm-roberta-base,185.5,28235,1.0,gold+bulk,False,,,46.0,0.6760204081632653,0.7214285714285714,0.7230867346938775,0.716454081632653,0.37389304396965584,0.43507393959812063,0.3024773597717285,1.6468714437732253,0.43961286544799805,17.63559756532126,,,1.4999999999999998,0.13056235898032859,0.07714105544244046,0.3427783612286033,0.19501956819838773,0.35493650181445985,0.32794023774259223,0.1386280851045087
indomain.Public.xlmr_add.s21,xlmr_add,indomain,Public,21,,0.726315207780725,0.7625,0.7612732095490716,0.6551724137931034,784,xlm-roberta-base,204.8,28235,1.0,gold+bulk,False,,,48.0,0.7270408163265306,0.7048469387755102,0.7028061224489796,0.7033163265306123,0.3502828488977535,0.3924880152360193,0.29233890771865845,1.5523802084114458,0.3873318135738373,18.456530480323902,,,2.16,0.19057074801674415,0.09537111041130976,0.4080250437332883,0.2697903596881104,0.4290923549449285,0.36356310781505174,0.18331746542599708
indomain.Public.xlmr_add.s42,xlmr_add,indomain,Public,42,,0.7456546250211966,0.7940298507462686,0.7724137931034483,0.6705202312138728,784,xlm-roberta-base,214.8,28235,1.0,gold+bulk,False,,,50.0,0.7193877551020408,0.7308673469387755,0.7198979591836735,0.6987882653061225,0.34322036831512115,0.4127294788207018,0.3238673210144043,1.5892809784093591,0.3636486828327179,19.21694139289924,,,2.365,0.17037799419233632,0.07348138709336183,0.3946699560157505,0.20705112090733024,0.3954276577067477,0.3321078815364323,0.15997714010829236
indomain.Public.xlmr_dapt.s13,xlmr_dapt,indomain,Public,13,,0.7817381582139351,0.818830242510699,0.792341678939617,0.7340425531914894,784,xlm-roberta-base,212.9,28235,1.0,gold+bulk,False,,,50.0,0.7397959183673469,0.7311224489795919,0.7293367346938775,0.7237882653061225,0.3654323236231285,0.45111094573654126,0.34421592950820923,1.6128858150903396,0.3726024925708771,16.40196501705985,,,1.8350000000000004,0.12610968199200817,0.05391162279438438,0.2918901385939431,0.1816756516445247,0.330978730590615,0.29463528061213323,0.11529601102375245
indomain.Public.xlmr_dapt.s21,xlmr_dapt,indomain,Public,21,,0.7303203511777047,0.7784615384615384,0.7651006711409396,0.6473988439306358,784,xlm-roberta-base,219.7,28235,1.0,gold+bulk,False,,,47.0,0.7321428571428571,0.7252551020408163,0.7252551020408163,0.7174744897959183,0.36110583827489967,0.4112415020573241,0.30078160762786865,1.6302929789198046,0.34227555990219116,15.583940025326637,,,2.255000000000001,0.18111968798006245,0.07392063425612269,0.39374897377321816,0.18117064202336974,0.4034100018566942,0.34221610930932,0.17863760468254175
indomain.Public.xlmr_dapt.s42,xlmr_dapt,indomain,Public,42,,0.7833135019442007,0.804185351270553,0.790436005625879,0.7553191489361702,784,xlm-roberta-base,201.5,28235,1.0,gold+bulk,False,,,47.0,0.75,0.735204081632653,0.7321428571428571,0.7318239795918368,0.3855412830100999,0.4454353289203621,0.3528277277946472,1.4078249203728659,0.2860802114009857,16.272338491394038,,,2.6200000000000006,0.15836835779433678,0.06588344711469948,0.4112017467992539,0.1967343254334365,0.3698673584791093,0.3109588186512921,0.1567012040741102
indomain.Public.xlmr_dapt_film.s13,xlmr_dapt_film,indomain,Public,13,,0.7817680754529016,0.8333333333333334,0.7915407854984894,0.7204301075268817,784,xlm-roberta-base,185.2,28235,1.0,gold+bulk,False,,,50.0,0.7181122448979592,0.735204081632653,0.727295918367347,0.7238520408163265,0.3508217789310811,0.40501268426388365,0.3174668848514557,1.679297679147151,0.4383591413497925,17.198439009876108,,,1.7749999999999995,0.11287210895647484,0.05825249301960538,0.3074465247550503,0.204947919665057,0.3172217274503567,0.2881475007493868,0.10528625138142848
indomain.Public.xlmr_dapt_film.s21,xlmr_dapt_film,indomain,Public,21,,0.7252034058962638,0.768025078369906,0.7605263157894737,0.6470588235294118,784,xlm-roberta-base,214.0,28235,1.0,gold+bulk,False,,,47.0,0.7257653061224489,0.7002551020408163,0.6985969387755102,0.6946428571428571,0.34003253670611594,0.40359973499524154,0.3055887818336487,1.6344213282950852,0.38095346093177795,16.759497522048303,,,2.290000000000001,0.1840321386008088,0.07742479621299089,0.355515442632516,0.1905880986617715,0.4121531291570148,0.3521357362132886,0.178260945290035
indomain.Public.xlmr_dapt_film.s42,xlmr_dapt_film,indomain,Public,42,,0.7707146679037304,0.8433734939759037,0.7901990811638591,0.6785714285714286,784,xlm-roberta-base,114.6,28235,1.0,gold+bulk,False,,,47.0,0.7066326530612245,0.6795918367346939,0.6784438775510204,0.6769132653061225,0.40202364816592323,0.48516605614733094,0.30268993973731995,1.7772053823425438,0.5102823972702026,17.000766331309382,,,1.4300000000000002,0.08406237766621413,0.03935778752507585,0.26188958438094123,0.10715046761384062,0.30898371465940877,0.2939613298092899,0.08803689947295978
indomain.Public.xlmr_dapt_film_pol.s13,xlmr_dapt_film_pol,indomain,Public,13,,0.77254082844725,0.8170212765957446,0.7840236686390533,0.7165775401069518,784,xlm-roberta-base,183.2,28235,1.0,gold+bulk,False,,,52.0,0.7410714285714286,0.7321428571428571,0.7340561224489796,0.7237882653061225,0.36473382783175734,0.42252123234089034,0.3199542760848999,1.5989133136608975,0.4482109546661377,16.643033105844275,,,1.8400000000000003,0.12659371566246783,0.04341871545221922,0.2844036152380245,0.20564242540666255,0.32562715479767795,0.2910611933616931,0.11119058437718968
indomain.Public.xlmr_dapt_film_pol.s21,xlmr_dapt_film_pol,indomain,Public,21,,0.7530765575137975,0.7813953488372093,0.7713125845737483,0.7065217391304348,784,xlm-roberta-base,216.0,28235,1.0,gold+bulk,False,,,50.0,0.7053571428571429,0.7163265306122449,0.7160714285714286,0.7136479591836735,0.3576305575455865,0.390229542435587,0.3283996284008026,1.4727307133167358,0.32211223244667053,16.195359605002135,,,2.660000000000001,0.17874750774165724,0.07695325199550808,0.4059270178867389,0.21071761480520002,0.4078043138061193,0.33597631326103156,0.17400452057400423
indomain.Public.xlmr_dapt_film_pol.s42,xlmr_dapt_film_pol,indomain,Public,42,,0.7662297991589732,0.7988165680473372,0.7785613540197461,0.7213114754098361,784,xlm-roberta-base,221.2,28235,1.0,gold+bulk,False,,,49.0,0.7308673469387755,0.7260204081632653,0.7275510204081632,0.7251275510204082,0.36886915844167795,0.42440683573517407,0.3459945321083069,1.4966703608126035,0.28574517369270325,17.296765562359255,,,2.4750000000000014,0.17302400742386154,0.07671638553031834,0.36591595956464995,0.16737828703665592,0.3721820152844981,0.3122627667168836,0.1550042828352649
indomain.Public.xlmr_film.s13,xlmr_film,indomain,Public,13,,0.7693150586596076,0.8118811881188119,0.7726597325408618,0.723404255319149,784,xlm-roberta-base,181.0,28235,1.0,gold+bulk,False,,,50.0,0.7334183673469388,0.7364795918367347,0.7343112244897959,0.7258928571428571,0.37437713746138296,0.45246299456389427,0.3114061951637268,1.7216077464405135,0.3932076692581177,17.39034980285434,,,1.7,0.12757809749414933,0.058333610241053664,0.3087843376414572,0.21214899192737602,0.3395281707023403,0.30798608898068563,0.12233423972261769
indomain.Public.xlmr_film.s21,xlmr_film,indomain,Public,21,,0.7303290967800544,0.7802690582959642,0.7707182320441989,0.64,784,xlm-roberta-base,219.4,28235,1.0,gold+bulk,False,,,48.0,0.7002551020408163,0.7066326530612245,0.7086734693877551,0.7021683673469388,0.34082113217912574,0.4033893405343093,0.29608526825904846,1.6470786263154107,0.3313596844673157,18.004238499384382,,,1.9500000000000002,0.17163387028107907,0.08585156909503085,0.3981746604928782,0.18446235026524382,0.39227090495749095,0.33868351623351917,0.15227731198978603
indomain.Public.xlmr_film.s42,xlmr_film,indomain,Public,42,,0.7670714650413534,0.8381962864721485,0.7887323943661971,0.6742857142857143,784,xlm-roberta-base,150.4,28235,1.0,gold+bulk,False,,,46.0,0.6772959183673469,0.6709183673469388,0.6558673469387755,0.6478954081632653,0.271078637599672,0.2755240477768103,0.2464478760957718,1.9573053727093768,0.6406876444816589,18.155774915718585,,,1.2449999999999997,0.05620528724400071,0.03196427068806477,0.1869923064892416,0.08623737657547803,0.30359498299399934,0.29953470503109264,0.04489691669290614
indomain.Public.xlmr_film_morph.s13,xlmr_film_morph,indomain,Public,13,,0.737557394408937,0.7803379416282642,0.7656675749318801,0.6666666666666666,784,xlm-roberta-base,208.9,28235,1.0,gold+bulk,False,,,50.0,0.7206632653061225,0.725,0.7275510204081632,0.7191326530612245,0.35573735864492756,0.42255724594226757,0.30056336522102356,1.6312942182786083,0.34102779626846313,17.982425650345398,,,2.0250000000000012,0.16721806972498546,0.07429126287647923,0.3593837172912706,0.23592521683004952,0.3995007861965933,0.34640264261727316,0.16363504083543287
indomain.Public.xlmr_film_morph.s21,xlmr_film_morph,indomain,Public,21,,0.725215748611975,0.7672955974842768,0.76,0.6483516483516484,784,xlm-roberta-base,209.7,28235,1.0,gold+bulk,False,,,50.0,0.6798469387755102,0.675,0.6822704081632653,0.6871811224489796,0.31034116708131426,0.3762129632102794,0.2658892869949341,1.7263564411372716,0.36349499225616455,17.748084102217447,,,2.130000000000001,0.17740833992051383,0.07392935997298597,0.34215458464269943,0.18997908555313614,0.4192166784605344,0.35913190665714295,0.17423204479813695
indomain.Public.xlmr_film_morph.s42,xlmr_film_morph,indomain,Public,42,,0.7421484478980275,0.7916041979010495,0.775623268698061,0.659217877094972,784,xlm-roberta-base,222.7,28235,1.0,gold+bulk,False,,,46.0,0.7270408163265306,0.7298469387755102,0.7241071428571428,0.7133290816326531,0.3456273659753213,0.39526597895906573,0.3058060109615326,1.6197141092768186,0.33984383940696716,17.51840171399213,,,2.4400000000000013,0.17598129830580705,0.06857935642475567,0.4698900642878766,0.2612602456069337,0.39523885040585255,0.33321361735911115,0.15869743643012427
indomain.Public.xlmr_film_pol.s13,xlmr_film_pol,indomain,Public,13,,0.7605853671095805,0.8130311614730878,0.7790697674418605,0.6896551724137931,784,xlm-roberta-base,202.2,28235,1.0,gold+bulk,False,,,48.0,0.6913265306122449,0.7117346938775511,0.7121173469387755,0.7056122448979592,0.33567012891930686,0.42311441206675127,0.30376705527305603,1.8024651317336264,0.38448578119277954,16.725449404194357,,,1.7350000000000003,0.14102218851124132,0.07410804700122384,0.32536609241322034,0.22198483542506564,0.3521963226380433,0.3159877881173173,0.1355323932396132
indomain.Public.xlmr_film_pol.s21,xlmr_film_pol,indomain,Public,21,,0.7302965543313246,0.7786259541984732,0.7648648648648648,0.6473988439306358,784,xlm-roberta-base,214.8,28235,1.0,gold+bulk,False,,,46.0,0.6862244897959183,0.7183673469387755,0.7181122448979592,0.7121173469387755,0.36535109071780125,0.42048869651763876,0.2848541736602783,1.7613769697195147,0.3840178847312927,17.670516419678478,,,1.9350000000000005,0.17467035619883853,0.08576648589190843,0.3681950229672202,0.22053693653293938,0.4031828946068167,0.3499970224000262,0.17078200491866974
indomain.Public.xlmr_film_pol.s42,xlmr_film_pol,indomain,Public,42,,0.7594111439528503,0.823045267489712,0.7811550151975684,0.6740331491712708,784,xlm-roberta-base,107.5,28235,1.0,gold+bulk,False,,,47.0,0.6530612244897959,0.6630102040816327,0.6707908163265306,0.6605229591836734,0.3061975833150467,0.37740255281218044,0.22308272123336792,1.8905685389871667,0.5549284815788269,17.04779223794645,,,1.2349999999999999,0.07095950298860922,0.046056445296966106,0.16396144881961516,0.11765257913363236,0.31320957437419156,0.30760099848196865,0.07399489688043226
indomain.Public.xlmr_ft.s100,xlmr_ft,indomain,Public,100,,0.7553279819110061,0.8138528138528138,0.7780979827089337,0.6740331491712708,784,xlm-roberta-base,208.8,28235,1.0,gold+bulk,False,,,45.0,0.6798469387755102,0.7076530612244898,0.7176020408163265,0.7128826530612244,0.346039810709808,0.4232722420632084,0.3325382471084595,1.5661556421143004,0.43227604031562805,19.947397290464174,,,1.8599999999999999,0.14899640571035164,0.07254064861577285,0.35924419502039817,0.16649913857351994,0.3599747422050352,0.31623482887957255,0.1424226318246729
indomain.Public.xlmr_ft.s13,xlmr_ft,indomain,Public,13,,0.7461698780285239,0.8175388967468176,0.777292576419214,0.6436781609195402,784,xlm-roberta-base,182.9,28235,1.0,gold+bulk,False,,,45.0,0.7461734693877551,0.713265306122449,0.7049744897959184,0.6989158163265307,0.35132394835115366,0.4267160788639862,0.3046979606151581,1.7695634017882271,0.4524087905883789,16.001365558958476,,,1.695,0.13518005294012106,0.06675346565734809,0.2625757678202494,0.16912266401273524,0.3465479098471817,0.313610593483068,0.12663896971078975
indomain.Public.xlmr_ft.s21,xlmr_ft,indomain,Public,21,,0.727293140157394,0.7704160246533128,0.7677852348993288,0.6436781609195402,784,xlm-roberta-base,277.9,28235,1.0,gold+bulk,False,,,48.0,0.7219387755102041,0.7260204081632653,0.7170918367346939,0.704719387755102,0.33906051796114234,0.38752906254812747,0.2855722904205322,1.6832916227905272,0.4030812382698059,17.85795844052716,,,2.045000000000001,0.17419495910774518,0.09543806279393804,0.4543571079761338,0.25113834671054636,0.41154932831273333,0.3524442999955593,0.1710990449556503
indomain.Public.xlmr_ft.s42,xlmr_ft,indomain,Public,42,,0.7567572419751828,0.8028368794326242,0.7731343283582089,0.694300518134715,784,xlm-roberta-base,147.4,28235,1.0,gold+bulk,False,,,45.0,0.735969387755102,0.7033163265306123,0.688265306122449,0.6815051020408164,0.3421794556961899,0.3313872994046682,0.25968465209007263,1.6275511696132554,0.602776050567627,19.632367062374954,,,1.175,0.06776712943810287,0.04877360441439495,0.20186146789914872,0.1474190411066647,0.3096226954508884,0.3049782985141414,0.0669879045076962
indomain.Public.xlmr_ft.s87,xlmr_ft,indomain,Public,87,,0.7375880714402753,0.7941176470588235,0.7715877437325905,0.6470588235294118,784,xlm-roberta-base,153.9,28235,1.0,gold+bulk,False,,,45.0,0.6862244897959183,0.7038265306122449,0.7051020408163265,0.7010204081632653,0.3145708921166126,0.38703324239292,0.28510409593582153,1.8155927064077595,0.42677250504493713,17.533616409441873,,,1.274999999999999,0.1251441527701448,0.09592808138438358,0.24756142201995723,0.20792142321846885,0.3605501982304975,0.3433297001940799,0.13813149392719132
indomain.Public.xlmr_supcon.s13,xlmr_supcon,indomain,Public,13,,0.7431397044525417,0.789712556732224,0.7730398899587345,0.6666666666666666,784,xlm-roberta-base,219.9,28235,1.0,gold+bulk,False,0.1,0.07,51.0,0.7193877551020408,0.7125,0.7005102040816327,0.7005739795918368,0.3418088553197598,0.3873743780226566,0.36821746826171875,1.3281721846702574,0.8113998770713806,18.867430468776465,,,2.1400000000000006,0.17617584478771886,0.07593980735351422,0.3770227334306727,0.2217263544273531,0.4018187244718842,0.34152852425517277,0.16756645871202883
indomain.Public.xlmr_supcon.s21,xlmr_supcon,indomain,Public,21,,0.7457731399960981,0.789865871833085,0.7732962447844228,0.6741573033707865,784,xlm-roberta-base,228.0,28235,1.0,gold+bulk,False,0.1,0.07,50.0,0.6977040816326531,0.7051020408163265,0.7026785714285714,0.7004464285714286,0.3500304452097138,0.4090843242429745,0.3619216978549957,1.4159856565767164,0.8131529688835144,20.860238224541458,,,1.9800000000000006,0.15660126661194404,0.07120628321437639,0.38249384632830974,0.2050757900674569,0.3818309704160024,0.33328412233945653,0.14704881194833982
indomain.Public.xlmr_supcon.s42,xlmr_supcon,indomain,Public,42,,0.7440720442336847,0.7827426810477658,0.7683923705722071,0.6810810810810811,784,xlm-roberta-base,238.4,28235,1.0,gold+bulk,False,0.1,0.07,51.0,0.7066326530612245,0.7119897959183673,0.7061224489795919,0.704719387755102,0.34308889278427207,0.38038326133519684,0.36336833238601685,1.2758463191155283,0.8181949257850647,21.052210186865256,,,2.225,0.16846329019609402,0.07705933381741847,0.45612480043137427,0.1891259763136406,0.3985079398741602,0.3388699996750916,0.16612852940514566
indomain.Retail.allma_ft.s13,allma_ft,indomain,Retail,13,,0.6145043075736145,0.6270627062706271,0.7619047619047619,0.45454545454545453,553,allmalab/bert-base-aze,179.9,29476,1.0,gold+bulk,False,,,47.0,0.6166365280289331,0.6336347197106691,0.6450271247739602,0.6474683544303798,0.1891217965986182,0.20019945166696626,0.08358662575483322,3.0855222446089727,0.29608485102653503,26.772950902680115,,,2.595000000000001,0.22645337128291168,0.09462557501694116,0.4257012457235204,0.2644081054741041,0.5129610710327105,0.42012686856544645,0.22010040179764392
indomain.Retail.allma_ft.s21,allma_ft,indomain,Retail,21,,0.5990905284085971,0.6060606060606061,0.7521865889212828,0.43902439024390244,553,allmalab/bert-base-aze,179.9,29476,1.0,gold+bulk,False,,,45.0,0.6274864376130199,0.6336347197106691,0.6415913200723328,0.6452983725135624,0.19286721887578187,0.23070980754592593,0.10019926726818085,2.920035363679285,0.30161604285240173,26.58988901196674,,,3.2600000000000016,0.2615942983524334,0.09745439092042014,0.4852024446029288,0.2840326509731775,0.5593895627396892,0.43713785292399265,0.25063070547966726
indomain.Retail.allma_ft.s42,allma_ft,indomain,Retail,42,,0.6097562118364833,0.5405405405405406,0.7641379310344828,0.5245901639344263,553,allmalab/bert-base-aze,119.1,29476,1.0,gold+bulk,False,,,47.0,0.6184448462929476,0.6260397830018083,0.6300180831826402,0.6300180831826402,0.19118383994630136,0.17568537507477217,0.05579598620533943,3.2760936598515955,0.4330536723136902,27.834182834691813,,,1.49,0.1701299587513667,0.10627199138525438,0.30874040882935694,0.22878760540650234,0.47815627974315594,0.4408032850706648,0.17121960225921623
indomain.Retail.berturk_ft.s13,berturk_ft,indomain,Retail,13,,0.5967142816825316,0.5376344086021505,0.7485714285714286,0.5039370078740157,553,dbmdz/bert-base-turkish-128k-cased,152.6,29476,1.0,gold+bulk,False,,,50.0,0.620253164556962,0.6213381555153707,0.6283905967450272,0.6255877034358047,0.2128872985690963,0.22810890480333906,0.07297493517398834,3.2191724470769265,0.4548042118549347,23.056236818245655,,,1.9300000000000006,0.19151860822479713,0.074280613507525,0.37462823761763986,0.18109689205008644,0.4796919679464201,0.42319493590438423,0.1861024332422168
indomain.Retail.berturk_ft.s21,berturk_ft,indomain,Retail,21,,0.6179492612232509,0.609271523178808,0.7576197387518142,0.48695652173913045,553,dbmdz/bert-base-turkish-128k-cased,203.7,29476,1.0,gold+bulk,False,,,46.0,0.6220614828209765,0.6300180831826402,0.6282097649186257,0.6293851717902351,0.2062295536332272,0.2257770636724254,0.08634038269519806,3.001582855945685,0.372092068195343,25.183519924786978,,,2.745000000000001,0.22232135045875787,0.06510933952979164,0.44531779163465235,0.18877006450912814,0.5091655347327462,0.4221760905930056,0.22724296348704184
indomain.Retail.berturk_ft.s42,berturk_ft,indomain,Retail,42,,0.5902205825296122,0.5786163522012578,0.7359050445103857,0.45614035087719296,553,dbmdz/bert-base-turkish-128k-cased,94.9,29476,1.0,gold+bulk,False,,,49.0,0.650994575045208,0.6325497287522603,0.6274864376130199,0.6235985533453888,0.201211946844903,0.16093526918686918,0.048943664878606796,3.4583621137116523,0.5717316269874573,23.313677402462993,,,1.4949999999999999,0.1218125632133305,0.06749383886223498,0.23494495090237388,0.16797808312462714,0.466999982053264,0.44263654393660923,0.13955974473293206
indomain.Retail.fasttext_mlp.s100,fasttext_mlp,indomain,Retail,100,,0.5214294729629829,0.45323741007194246,0.7050359712230215,0.40601503759398494,553,,41.6,29476,,,,,,,,,,,,,,,,,,,,,,,,,,
indomain.Retail.fasttext_mlp.s13,fasttext_mlp,indomain,Retail,13,,0.504385842872833,0.4548736462093863,0.6604938271604939,0.39779005524861877,553,,29.4,29476,,,,,,,,,,,,,,,,,,,,,,,,,,
indomain.Retail.fasttext_mlp.s21,fasttext_mlp,indomain,Retail,21,,0.4863785316835767,0.38345864661654133,0.6627737226277373,0.4129032258064516,553,,24.7,29476,,,,,,,,,,,,,,,,,,,,,,,,,,
indomain.Retail.fasttext_mlp.s42,fasttext_mlp,indomain,Retail,42,,0.5069371683204421,0.4411764705882353,0.6822840409956076,0.3973509933774834,553,,29.0,29476,,,,,,,,,,,,,,,,,,,,,,,,,,
indomain.Retail.fasttext_mlp.s87,fasttext_mlp,indomain,Retail,87,,0.5321257842627277,0.45993031358885017,0.6758409785932722,0.46060606060606063,553,,45.7,29476,,,,,,,,,,,,,,,,,,,,,,,,,,
indomain.Retail.full.s100,full,indomain,Retail,100,,0.6153444689140041,0.6062717770034843,0.7724719101123596,0.4672897196261682,553,xlm-roberta-base,120.0,29476,1.0,gold+bulk,False,0.1,0.07,48.0,0.6329113924050633,0.6332730560578662,0.6301989150090416,0.6384267631103074,0.20754879079950783,0.24094450113735813,0.17018477618694305,2.083013126283077,0.8732025623321533,17.382880138690766,,,1.4300000000000002,0.1805303546072381,0.12134704383230213,0.39123360375398647,0.29889084716430014,0.47082309454419646,0.4325720901000362,0.1840544881283744
indomain.Retail.full.s13,full,indomain,Retail,13,,0.6385658767211341,0.64375,0.7634730538922155,0.5084745762711864,553,xlm-roberta-base,157.3,29476,1.0,gold+bulk,False,0.1,0.07,48.0,0.6365280289330922,0.6423146473779385,0.6477396021699819,0.6536166365280289,0.22890635640806173,0.27151826662839473,0.17699313163757324,1.9820800449267988,0.8759276270866394,17.636204528280143,,,1.5800000000000003,0.16793675384201973,0.08382411294138611,0.32513405851378663,0.18581038593471205,0.44006479465290094,0.3988267653050816,0.17012069605558688
indomain.Retail.full.s21,full,indomain,Retail,21,,0.5807715964914325,0.5782312925170068,0.7482419127988749,0.4158415841584158,553,xlm-roberta-base,126.1,29476,1.0,gold+bulk,False,0.1,0.07,47.0,0.6094032549728752,0.6347197106690777,0.630741410488246,0.6312839059674503,0.21917661024049984,0.22871821143998872,0.10800166428089142,2.124697027415436,0.8647645115852356,17.003242378443964,,,1.3999999999999997,0.18685151746919798,0.12808242257014954,0.31564503488143325,0.252696779191104,0.4902399811818667,0.45485106721290447,0.18937327199975426
indomain.Retail.full.s42,full,indomain,Retail,42,,0.614032349180864,0.5833333333333334,0.7722772277227723,0.4864864864864865,553,xlm-roberta-base,246.2,29476,1.0,gold+bulk,False,0.1,0.07,48.0,0.6148282097649186,0.6303797468354431,0.6419529837251357,0.6505424954792043,0.18335583640196304,0.24046828285492924,0.1871185004711151,2.0679190903171767,0.8092398047447205,19.070700283336265,,,2.5200000000000005,0.24293081954674375,0.10585370976961848,0.47473253538551013,0.3028659849876142,0.5417244941940075,0.4413743077792748,0.24623731944339308
indomain.Retail.full.s87,full,indomain,Retail,87,,0.644562012493397,0.6468646864686468,0.763744427934621,0.5230769230769231,553,xlm-roberta-base,171.1,29476,1.0,gold+bulk,False,0.1,0.07,46.0,0.6220614828209765,0.6383363471971067,0.6450271247739602,0.6499095840867993,0.22377565558553975,0.2500211950542396,0.18573124706745148,1.9585493195861439,0.8658266663551331,16.87463439725196,,,1.6900000000000002,0.18443404488882148,0.08627960517353209,0.39362375504967645,0.21658823644848868,0.45847618008526425,0.4115729683558416,0.17424013653545764
indomain.Retail.full_mbert.s13,full_mbert,indomain,Retail,13,,0.6043605256599376,0.5915492957746479,0.757532281205165,0.464,553,bert-base-multilingual-cased,165.4,29476,1.0,gold+bulk,False,0.1,0.07,53.0,0.6021699819168174,0.6264014466546112,0.6314647377938517,0.6368896925858951,0.2064792274421037,0.2466318891753886,0.14213348925113678,2.244745584988841,0.8562101125717163,21.3420372725974,,,2.0600000000000005,0.20563731740213753,0.07219371899289818,0.3897947103814735,0.2627133806375588,0.508768353823396,0.4386806730562676,0.20181574267271649
indomain.Retail.full_mbert.s21,full_mbert,indomain,Retail,21,,0.5754135519652761,0.56,0.7524475524475525,0.41379310344827586,553,bert-base-multilingual-cased,108.6,29476,1.0,gold+bulk,False,0.1,0.07,49.0,0.5858951175406871,0.6141048824593128,0.6113924050632912,0.6162748643761302,0.16532896694592908,0.15738320459511826,0.06042741984128952,2.5986269063615377,0.8835490942001343,18.948281733825002,,,1.6300000000000003,0.15550515811442464,0.06260457806837318,0.3484999338299597,0.2060293377007486,0.48762312649825407,0.44797904654504467,0.15785165833477519
indomain.Retail.full_mbert.s42,full_mbert,indomain,Retail,42,,0.6012992725545759,0.5815602836879432,0.7661971830985915,0.45614035087719296,553,bert-base-multilingual-cased,213.4,29476,1.0,gold+bulk,False,0.1,0.07,49.0,0.593128390596745,0.6162748643761302,0.6244122965641953,0.633996383363472,0.18249544839874526,0.2356123825077266,0.16860544681549072,2.242232533891606,0.8557447195053101,23.36801224417568,,,2.235000000000001,0.22199075820047262,0.0781737164651566,0.44281037432530157,0.14264675152898465,0.5115071197961879,0.43263800002992453,0.2161062160848891
indomain.Retail.full_mdeberta.s13,full_mdeberta,indomain,Retail,13,,0.6431432741007811,0.6327272727272727,0.7847025495750708,0.512,553,microsoft/mdeberta-v3-base,283.8,29476,1.0,gold+bulk,False,0.1,0.07,48.0,0.6184448462929476,0.6502712477396022,0.6520795660036166,0.6566907775768536,0.21573105755563993,0.25558380479653525,0.21675491333007812,1.8442720434634474,0.8688046932220459,16.019495464094035,,,1.8599999999999999,0.19649465051835227,0.0902689183774262,0.3354516077925438,0.24089788360529873,0.48019899400610294,0.41992748893777126,0.19792290423491218
indomain.Retail.full_mdeberta.s21,full_mdeberta,indomain,Retail,21,,0.6221762323879466,0.6309148264984227,0.7628865979381443,0.4727272727272727,553,microsoft/mdeberta-v3-base,166.9,29476,1.0,gold+bulk,False,0.1,0.07,50.0,0.6238698010849909,0.6325497287522603,0.6424954792043399,0.6443942133815551,0.22421338077432484,0.24547983804813822,0.16183246672153473,2.0439078567642106,0.8962239027023315,14.660134733752265,,,1.485,0.13080809865199158,0.06336110853273007,0.2975343738209307,0.16711010170694562,0.4300197902623577,0.40431336702145027,0.13894338087615477
indomain.Retail.full_mdeberta.s42,full_mdeberta,indomain,Retail,42,,0.6314435559467098,0.6510067114093959,0.776034236804565,0.4672897196261682,553,microsoft/mdeberta-v3-base,282.8,29476,1.0,gold+bulk,False,0.1,0.07,48.0,0.6130198915009042,0.6481012658227848,0.6529837251356239,0.6592224231464738,0.23427364460369987,0.27228017468691407,0.21060287952423096,1.8530065680497927,0.8854272365570068,15.537681172712238,,,1.6350000000000002,0.18663212432048787,0.10079984081659278,0.3578885133899712,0.2759228376735451,0.4581794028647518,0.4077918004381902,0.19983612175538767
indomain.Retail.full_midinject.s13,full_midinject,indomain,Retail,13,,0.6592832092477536,0.6488294314381271,0.7866473149492017,0.5423728813559322,553,xlm-roberta-base,164.8,29476,1.0,gold+bulk,False,0.1,0.07,50.0,0.6292947558770343,0.6412296564195299,0.6448462929475588,0.6512658227848102,0.23641957799970773,0.28727743637918657,0.1775089055299759,2.028242286842678,0.8794352412223816,17.12041693432499,,,1.5350000000000001,0.16558570419342963,0.08770290229360957,0.2812048390967261,0.17101298445395385,0.43606374960298877,0.3998314948792979,0.1495408839827711
indomain.Retail.full_midinject.s21,full_midinject,indomain,Retail,21,,0.6048097379786895,0.6134185303514377,0.7481804949053857,0.4528301886792453,553,xlm-roberta-base,130.3,29476,1.0,gold+bulk,False,0.1,0.07,51.0,0.6292947558770343,0.6343580470162749,0.6386980108499096,0.6342676311030742,0.20653283987639853,0.21324648135570826,0.12369010597467422,2.0802150009604254,0.8693138957023621,16.821527851669504,,,1.4049999999999996,0.17116255912720782,0.12064454434897247,0.2907649597504163,0.22824624276192274,0.4761004328460357,0.4429617176209362,0.17538660269463535
indomain.Retail.full_midinject.s42,full_midinject,indomain,Retail,42,,0.6034748722218368,0.5642857142857143,0.7633802816901408,0.4827586206896552,553,xlm-roberta-base,252.8,29476,1.0,gold+bulk,False,0.1,0.07,51.0,0.6238698010849909,0.6274864376130199,0.6410488245931284,0.6500904159132007,0.16340997867494472,0.21177681980816604,0.17643362283706665,2.0667034712662673,0.8088356256484985,17.635817301621607,,,2.490000000000001,0.25103198641447444,0.10384137280625272,0.4982968098963686,0.28236240337409907,0.5423599394505045,0.44118172660834537,0.2349909717491114
indomain.Retail.mbert_ft.s13,mbert_ft,indomain,Retail,13,,0.6080192253480744,0.6058631921824105,0.7580174927113703,0.46017699115044247,553,bert-base-multilingual-cased,188.4,29476,1.0,gold+bulk,False,,,48.0,0.5913200723327305,0.6119349005424954,0.6150090415913201,0.6187160940325497,0.1810163744041063,0.19109084900570178,0.0782688707113266,2.70139606998101,0.35708382725715637,22.239402059987494,,,2.920000000000001,0.21014563797757438,0.07536999033093303,0.44784295718777345,0.23274514179001238,0.524520878582763,0.4445543683588203,0.20114039815719967
indomain.Retail.mbert_ft.s21,mbert_ft,indomain,Retail,21,,0.5618772809371022,0.5056603773584906,0.7409470752089137,0.43902439024390244,553,bert-base-multilingual-cased,143.4,29476,1.0,gold+bulk,False,,,46.0,0.6057866184448463,0.6043399638336348,0.6037974683544304,0.604882459312839,0.16515041919492995,0.14137472088542377,0.06485984474420547,2.6854730864218954,0.4513340890407562,20.448905770087016,,,1.2999999999999996,0.16113102527057954,0.11423571043360425,0.36150004740423125,0.2986372056181402,0.4892553774398287,0.4651497552968662,0.16524490252367985
indomain.Retail.mbert_ft.s42,mbert_ft,indomain,Retail,42,,0.5949224587551835,0.5760517799352751,0.75,0.45871559633027525,553,bert-base-multilingual-cased,186.2,29476,1.0,gold+bulk,False,,,51.0,0.5804701627486437,0.603254972875226,0.6121157323688969,0.6168173598553346,0.18872677886817102,0.1878115546215052,0.09234769642353058,2.6413176302609034,0.4159325361251831,22.968991119030452,,,2.3400000000000007,0.2168992761462017,0.07738606690508433,0.47912896318985704,0.2374331663486834,0.5290095400246307,0.4455564958962308,0.20854451855167008
indomain.Retail.mdeberta_ft.s100,mdeberta_ft,indomain,Retail,100,,0.6429460718917582,0.6575342465753424,0.7831149927219796,0.4881889763779528,553,microsoft/mdeberta-v3-base,302.8,29476,1.0,gold+bulk,False,,,47.0,0.6311030741410488,0.6499095840867993,0.6517179023508137,0.6597649186256781,0.2562236815150843,0.28593766978026863,0.1964084804058075,1.7797992672534326,0.40294793248176575,11.847729107090657,,,2.245000000000001,0.1989104816047928,0.07291095874881257,0.3259804253799736,0.19922442671493923,0.46537169978542375,0.39713488389769286,0.19198107801737074
indomain.Retail.mdeberta_ft.s13,mdeberta_ft,indomain,Retail,13,,0.6444791362005943,0.6666666666666666,0.7785817655571635,0.4881889763779528,553,microsoft/mdeberta-v3-base,232.9,29476,1.0,gold+bulk,False,,,46.0,0.6311030741410488,0.6538878842676311,0.6596745027124774,0.6574141048824593,0.2784581476355514,0.2947613306061074,0.17331919074058533,1.7386074033791656,0.45802468061447144,12.04694471210602,,,1.5999999999999999,0.16840246521807978,0.08930742889848257,0.31124642540535197,0.2557095714534824,0.43328424580654296,0.39045342710092684,0.16444547722985342
indomain.Retail.mdeberta_ft.s21,mdeberta_ft,indomain,Retail,21,,0.6503140871424753,0.6689655172413793,0.7819767441860465,0.5,553,microsoft/mdeberta-v3-base,293.1,29476,1.0,gold+bulk,False,,,48.0,0.6401446654611211,0.6556962025316456,0.6600361663652803,0.6658227848101266,0.2427446602206855,0.29859425151149305,0.21971477568149567,1.8335094085731864,0.3866633176803589,11.815091494512412,,,2.2000000000000006,0.20908231691426876,0.09815643287272867,0.3221768623846135,0.23506301053238343,0.46885424752086946,0.39639222480678904,0.21448089983081747
indomain.Retail.mdeberta_ft.s42,mdeberta_ft,indomain,Retail,42,,0.6635006006500436,0.6666666666666666,0.7824817518248175,0.5413533834586466,553,microsoft/mdeberta-v3-base,269.9,29476,1.0,gold+bulk,False,,,46.0,0.6528028933092225,0.6596745027124774,0.6613019891500904,0.663381555153707,0.25809948651969683,0.3001300255144489,0.17744004726409912,1.884097469120661,0.427133172750473,11.43488839692955,,,1.8249999999999995,0.18843721852817374,0.0927718646211667,0.3094755744602038,0.2568139001407894,0.4585304960629482,0.4019130447430988,0.19131759425386974
indomain.Retail.mdeberta_ft.s87,mdeberta_ft,indomain,Retail,87,,0.6366368179327853,0.6551724137931034,0.7771260997067448,0.47761194029850745,553,microsoft/mdeberta-v3-base,290.3,29476,1.0,gold+bulk,False,,,48.0,0.6274864376130199,0.6386980108499096,0.644122965641953,0.6529837251356239,0.23590108853469088,0.2901212080680426,0.19358254969120026,1.8237380380196317,0.3806516230106354,14.794302004339418,,,2.670000000000001,0.21863939314637984,0.07009245997086953,0.34171011597940126,0.1692203005130981,0.48675380204652346,0.40067649302831937,0.21296768454049814
indomain.Retail.tfidf_linear.s100,tfidf_linear,indomain,Retail,100,,0.6043214627908001,0.5821917808219178,0.7382352941176471,0.4925373134328358,553,,40.7,29476,,,,,,,,,,,,,,,,,,,,,,,,,,
indomain.Retail.tfidf_linear.s13,tfidf_linear,indomain,Retail,13,,0.6043214627908001,0.5821917808219178,0.7382352941176471,0.4925373134328358,553,,34.2,29476,,,,,,,,,,,,,,,,,,,,,,,,,,
indomain.Retail.tfidf_linear.s21,tfidf_linear,indomain,Retail,21,,0.6043214627908001,0.5821917808219178,0.7382352941176471,0.4925373134328358,553,,38.9,29476,,,,,,,,,,,,,,,,,,,,,,,,,,
indomain.Retail.tfidf_linear.s42,tfidf_linear,indomain,Retail,42,,0.6043214627908001,0.5821917808219178,0.7382352941176471,0.4925373134328358,553,,54.2,29476,,,,,,,,,,,,,,,,,,,,,,,,,,
indomain.Retail.tfidf_linear.s87,tfidf_linear,indomain,Retail,87,,0.6043214627908001,0.5821917808219178,0.7382352941176471,0.4925373134328358,553,,62.6,29476,,,,,,,,,,,,,,,,,,,,,,,,,,
indomain.Retail.xlmr_add.s13,xlmr_add,indomain,Retail,13,,0.6515975345434107,0.604982206405694,0.7867036011080333,0.5631067961165048,553,xlm-roberta-base,210.6,29476,1.0,gold+bulk,False,,,48.0,0.6401446654611211,0.6470162748643762,0.6499095840867993,0.6505424954792043,0.21809268369677642,0.259116909267871,0.16991503536701202,2.155239709095093,0.5794312953948975,17.919877984948943,,,1.6699999999999995,0.19356371238349276,0.13167426974835822,0.37852266889996067,0.22412203812028408,0.47525434824271146,0.42725580040047,0.20212457315048188
indomain.Retail.xlmr_add.s21,xlmr_add,indomain,Retail,21,,0.6130391248308994,0.5789473684210527,0.7786885245901639,0.48148148148148145,553,xlm-roberta-base,233.3,29476,1.0,gold+bulk,False,,,46.0,0.6274864376130199,0.6260397830018083,0.6394213381555154,0.645750452079566,0.22275397094352908,0.2383566255365969,0.15981118381023407,2.283210758069369,0.5339838862419128,16.46263660160996,,,1.6900000000000002,0.20513421238757523,0.12907445305162352,0.4043338409614984,0.32436630534079064,0.4881291667407287,0.4364552000765776,0.20509431737895356
indomain.Retail.xlmr_add.s42,xlmr_add,indomain,Retail,42,,0.6395148279216075,0.608058608058608,0.7824858757062146,0.528,553,xlm-roberta-base,233.2,29476,1.0,gold+bulk,False,,,43.0,0.6347197106690777,0.6473779385171791,0.6520795660036166,0.6594936708860759,0.2023221096227038,0.2297505853664072,0.12809182703495026,2.253723823372692,0.39228764176368713,17.608188812611086,,,1.8750000000000007,0.1984614270376335,0.10636913742974051,0.3782309330745093,0.19759127275291033,0.481423402826241,0.4231680393463162,0.19945752610379452
indomain.Retail.xlmr_dapt.s13,xlmr_dapt,indomain,Retail,13,,0.6631211715447723,0.6381578947368421,0.777292576419214,0.5739130434782609,553,xlm-roberta-base,220.0,29476,1.0,gold+bulk,False,,,47.0,0.6256781193490054,0.6397830018083183,0.6417721518987342,0.6425858951175407,0.22976967743370216,0.15666170024374668,0.11735571920871735,2.110555724134507,0.41365325450897217,15.527693784822546,,,2.185000000000001,0.21178310514617593,0.11773964392447765,0.43302449501913687,0.3318261686623729,0.4884939581197376,0.41271256615389545,0.2050426924645487
indomain.Retail.xlmr_dapt.s21,xlmr_dapt,indomain,Retail,21,,0.6474713036824413,0.6381578947368421,0.775330396475771,0.5289256198347108,553,xlm-roberta-base,193.0,29476,1.0,gold+bulk,False,,,48.0,0.620253164556962,0.630741410488246,0.6330922242314647,0.6310126582278481,0.20199221401547315,0.17219836316068232,0.11338263750076294,2.3467277226267513,0.5027452111244202,16.15746106941292,,,1.3949999999999998,0.14362684410582482,0.10763071271058251,0.30758292342438537,0.24246478317285625,0.4282427815107401,0.40285675925248515,0.14433428795834077
indomain.Retail.xlmr_dapt.s42,xlmr_dapt,indomain,Retail,42,,0.6249720051036273,0.5271317829457365,0.7717842323651453,0.576,553,xlm-roberta-base,292.6,29476,1.0,gold+bulk,False,,,45.0,0.6148282097649186,0.6296564195298372,0.6309222423146473,0.633996383363472,0.1123822684715326,0.12830214183516256,0.08918190747499466,2.5839926806279876,0.530921459197998,15.249594350461498,,,1.5300000000000002,0.19395674531009932,0.11979102431823943,0.3576898609195988,0.22141743731111196,0.48396276684235473,0.43519989675692206,0.1973857326146721
indomain.Retail.xlmr_dapt_film.s13,xlmr_dapt_film,indomain,Retail,13,,0.6272902772902772,0.6013513513513513,0.7714285714285715,0.509090909090909,553,xlm-roberta-base,224.5,29476,1.0,gold+bulk,False,,,48.0,0.6184448462929476,0.6282097649186257,0.637251356238698,0.6454792043399639,0.20419675399495607,0.24551996814172627,0.12465409934520721,2.3201945092034566,0.4073736071586609,16.466329616089414,,,1.9649999999999999,0.22349736959735533,0.1346142257162514,0.39657404481001857,0.2947425468299969,0.5024691830144646,0.4360951734818782,0.21616152009775777
indomain.Retail.xlmr_dapt_film.s21,xlmr_dapt_film,indomain,Retail,21,,0.6576788412091218,0.6602564102564102,0.7828655834564254,0.5299145299145299,553,xlm-roberta-base,148.8,29476,1.0,gold+bulk,False,,,48.0,0.6528028933092225,0.6459312839059674,0.6488245931283906,0.6465641952983725,0.23574951191659332,0.22981275223140293,0.1486656367778778,2.1638138069394315,0.5475492477416992,16.122967279124914,,,1.2149999999999992,0.13440142743890604,0.10649632727662386,0.3126931540204101,0.22937337947275016,0.4154353735487943,0.4004244703187185,0.13836600984794892
indomain.Retail.xlmr_dapt_film.s42,xlmr_dapt_film,indomain,Retail,42,,0.6226120857699805,0.5789473684210527,0.7722222222222223,0.5166666666666667,553,xlm-roberta-base,190.7,29476,1.0,gold+bulk,False,,,48.0,0.6274864376130199,0.6397830018083183,0.6385171790235081,0.6396925858951176,0.2124936841936352,0.25292217722181426,0.14938411116600037,2.287237844204129,0.5046584606170654,16.249260961869922,,,1.745,0.1940293472883402,0.11376288498364355,0.3228837556912457,0.2206637081406928,0.4716523483985916,0.4172554717687482,0.19555821798021325
indomain.Retail.xlmr_dapt_film_pol.s13,xlmr_dapt_film_pol,indomain,Retail,13,,0.6330686172065482,0.62,0.7701149425287356,0.509090909090909,553,xlm-roberta-base,218.2,29476,1.0,gold+bulk,False,,,46.0,0.620253164556962,0.6365280289330922,0.6399638336347198,0.6458408679927667,0.21293919362926747,0.23047923035469187,0.12752632796764374,2.255994711837104,0.39875975251197815,17.316421811690248,,,2.125000000000001,0.2178134192628534,0.12249952454601601,0.47910236108587306,0.3190571282941549,0.5017749008484933,0.428423988591229,0.21980104801944467
indomain.Retail.xlmr_dapt_film_pol.s21,xlmr_dapt_film_pol,indomain,Retail,21,,0.6399200050885444,0.5934065934065934,0.7808988764044944,0.5454545454545454,553,xlm-roberta-base,222.0,29476,1.0,gold+bulk,False,,,49.0,0.64376130198915,0.6549728752260398,0.6622061482820977,0.6659132007233273,0.20247874822488868,0.2504157868290805,0.17657208442687988,2.141856775547087,0.4444577991962433,16.304976830004335,,,1.91,0.21777847719268423,0.13361871644682136,0.35133436680501917,0.3338007353629927,0.49325627079842616,0.43423509916112735,0.21771219815578946
indomain.Retail.xlmr_dapt_film_pol.s42,xlmr_dapt_film_pol,indomain,Retail,42,,0.6360161932208042,0.6357142857142857,0.7723342939481268,0.5,553,xlm-roberta-base,212.2,29476,1.0,gold+bulk,False,,,53.0,0.6383363471971067,0.6477396021699819,0.6504520795660036,0.6594936708860759,0.20141838149873187,0.23801308971060026,0.15237486362457275,2.3380122439265,0.36775562167167664,16.891574918058424,,,2.6300000000000017,0.22999248457332833,0.09939066176617685,0.39566999402757425,0.26325175099441583,0.5040196788315414,0.4130570670849218,0.22514145879228703
indomain.Retail.xlmr_film.s13,xlmr_film,indomain,Retail,13,,0.6593276753821052,0.6312056737588653,0.788218793828892,0.5585585585585585,553,xlm-roberta-base,230.2,29476,1.0,gold+bulk,False,,,46.0,0.6256781193490054,0.6549728752260398,0.6529837251356239,0.6487341772151899,0.17347717903777365,0.1901116287612705,0.12955616414546967,2.522644541208899,0.4165377914905548,16.84666016482144,,,1.645,0.19846382837603807,0.14307893951003037,0.496642622659318,0.42346792058262295,0.4773901791357418,0.4329307863273945,0.1985349207871801
indomain.Retail.xlmr_film.s21,xlmr_film,indomain,Retail,21,,0.6259270588657945,0.5681818181818182,0.7717842323651453,0.5378151260504201,553,xlm-roberta-base,284.7,29476,1.0,gold+bulk,False,,,46.0,0.6256781193490054,0.6285714285714286,0.6301989150090416,0.6333634719710669,0.13891506723624678,0.18401024518973683,0.13407333195209503,2.53883249950549,0.46102994680404663,15.803210737843486,,,1.7599999999999998,0.21456896787667964,0.14588125838500715,0.42353615047762827,0.3239665218585892,0.49360698801167396,0.4397804749351787,0.2269505308306655
indomain.Retail.xlmr_film.s42,xlmr_film,indomain,Retail,42,,0.5831070625049964,0.4765957446808511,0.7690217391304348,0.5037037037037037,553,xlm-roberta-base,179.9,29476,1.0,gold+bulk,False,,,46.0,0.6329113924050633,0.6314647377938517,0.6231464737793851,0.6265822784810127,0.2154339660757578,0.22906653187750156,0.10382077842950821,2.518037939148387,0.5856198072433472,16.77692172122129,,,1.6599999999999997,0.20559030422942268,0.12313633913887687,0.33635125859593695,0.2674516932419143,0.5142508323265338,0.46257511386858186,0.1976248903145286
indomain.Retail.xlmr_film_morph.s13,xlmr_film_morph,indomain,Retail,13,,0.5827332210255592,0.5617977528089888,0.7643835616438356,0.42201834862385323,553,xlm-roberta-base,112.7,29476,1.0,gold+bulk,False,,,48.0,0.6148282097649186,0.6329113924050633,0.6296564195298372,0.6270343580470162,0.10889078675496244,0.10700604180186857,0.07526029646396637,2.891263469029674,0.5555139183998108,16.033138900686367,,,1.2349999999999999,0.1967643463821808,0.1676650593879129,0.40260781026222625,0.35775040887737064,0.5066717223004212,0.48520516386945634,0.19035551112244695
indomain.Retail.xlmr_film_morph.s21,xlmr_film_morph,indomain,Retail,21,,0.6146284672081967,0.5735849056603773,0.7747252747252747,0.49557522123893805,553,xlm-roberta-base,217.8,29476,1.0,gold+bulk,False,,,46.0,0.620253164556962,0.633996383363472,0.6415913200723328,0.6471971066907776,0.20988506676454188,0.21536738613553494,0.1297067105770111,2.472434633515432,0.4611796736717224,17.0838618705794,,,1.7099999999999997,0.21539551403152335,0.14293999785665618,0.4055508016308045,0.3624790567599476,0.49332331809760316,0.44174248414655204,0.2132311032935261
indomain.Retail.xlmr_film_morph.s42,xlmr_film_morph,indomain,Retail,42,,0.6150969597778109,0.6382978723404256,0.7454545454545455,0.46153846153846156,553,xlm-roberta-base,114.0,29476,1.0,gold+bulk,False,,,46.0,0.6057866184448463,0.6144665461121157,0.6184448462929476,0.6226039783001809,0.20981016617589004,0.16150386755512558,0.08058634400367737,2.7330522014840724,0.5712885856628418,14.979538595565035,,,1.44,0.12344172190392512,0.06618979634575693,0.29954057991397787,0.1680088446804212,0.4452592472991539,0.4210572629493538,0.1306289161024344
indomain.Retail.xlmr_film_pol.s13,xlmr_film_pol,indomain,Retail,13,,0.6256369749774868,0.597864768683274,0.7743732590529248,0.5046728971962616,553,xlm-roberta-base,223.9,29476,1.0,gold+bulk,False,,,46.0,0.6238698010849909,0.6401446654611211,0.6412296564195299,0.639873417721519,0.2221838707877275,0.24234524811787914,0.13841959834098816,2.334477374851347,0.4533974230289459,16.464112613852905,,,1.6599999999999997,0.20992863082779228,0.14748501358761462,0.44279441528233454,0.4228658892716748,0.48325463523269885,0.4358970728986739,0.20735034670198224
indomain.Retail.xlmr_film_pol.s21,xlmr_film_pol,indomain,Retail,21,,0.6190578427420533,0.5681818181818182,0.7802197802197802,0.5087719298245614,553,xlm-roberta-base,213.9,29476,1.0,gold+bulk,False,,,47.0,0.6184448462929476,0.6220614828209765,0.6345388788426763,0.6419529837251357,0.21248425346473457,0.25453445872266506,0.13250932097434998,2.524718631703421,0.4751794934272766,17.696396506773674,,,1.7199999999999995,0.21160789749983733,0.14845663025203074,0.48967360953013794,0.2877062731117065,0.4926798619144255,0.44400003783932857,0.20677146874228508
indomain.Retail.xlmr_film_pol.s42,xlmr_film_pol,indomain,Retail,42,,0.624419557589657,0.5944055944055944,0.7750362844702468,0.5038167938931297,553,xlm-roberta-base,236.4,29476,1.0,gold+bulk,False,,,49.0,0.6365280289330922,0.6466546112115732,0.6499095840867993,0.6513562386980108,0.15470255279775816,0.1788260813141478,0.13084334135055542,2.53509189472876,0.45646560192108154,17.967555005831745,,,1.9850000000000005,0.2079085144250659,0.10585018797948184,0.42559130555073965,0.33581715848020677,0.48716635210697895,0.41798677799948547,0.19728602485606653
indomain.Retail.xlmr_ft.s100,xlmr_ft,indomain,Retail,100,,0.5945023252482319,0.6143790849673203,0.7567567567567568,0.41237113402061853,553,xlm-roberta-base,152.3,29476,1.0,gold+bulk,False,,,44.0,0.6256781193490054,0.610126582278481,0.6173598553345389,0.6199819168173598,0.14664934163277216,0.16443692321294584,0.10392390191555023,2.620628896420224,0.5653433799743652,16.659007549983837,,,1.2649999999999992,0.16722695916296773,0.1289462245994836,0.28388292071509014,0.23243171810300478,0.45983038050400343,0.43771953461750657,0.1749081120228186
indomain.Retail.xlmr_ft.s13,xlmr_ft,indomain,Retail,13,,0.6325279437862219,0.6225165562913907,0.7705627705627706,0.5045045045045045,553,xlm-roberta-base,272.4,29476,1.0,gold+bulk,False,,,48.0,0.6166365280289331,0.6336347197106691,0.6415913200723328,0.6494575045207956,0.14160212090238516,0.1772661796859656,0.13312800228595734,2.422612638534756,0.4392048716545105,15.725436835077401,,,1.745,0.21088202846954143,0.13055121869954409,0.37268942828987994,0.2583186091154259,0.4781206449669852,0.421706391558361,0.211865242425186
indomain.Retail.xlmr_ft.s21,xlmr_ft,indomain,Retail,21,,0.6221809252007698,0.5615384615384615,0.7786885245901639,0.5263157894736842,553,xlm-roberta-base,227.2,29476,1.0,gold+bulk,False,,,45.0,0.6238698010849909,0.6433996383363472,0.6495479204339963,0.6481916817359855,0.22664382023289095,0.25339063424876257,0.17087164521217346,2.2291315518697274,0.5458337664604187,16.383059065908014,,,1.6099999999999997,0.2050757987191693,0.13584878627667926,0.5057686104997288,0.38748217352002845,0.4850744502011926,0.4394323271560801,0.20369909294490496
indomain.Retail.xlmr_ft.s42,xlmr_ft,indomain,Retail,42,,0.6281558528910135,0.6325878594249201,0.7518796992481203,0.5,553,xlm-roberta-base,219.4,29476,1.0,gold+bulk,False,,,45.0,0.6256781193490054,0.6390596745027125,0.6419529837251357,0.6472875226039783,0.21973519640324582,0.23796655146166668,0.13680098950862885,2.2902760832419236,0.40170809626579285,18.321602386159284,,,2.2700000000000005,0.23085525494613682,0.11091307717412657,0.3761884489957139,0.2809670528541188,0.5031596951160245,0.42616489170879773,0.22145399851959774
indomain.Retail.xlmr_ft.s87,xlmr_ft,indomain,Retail,87,,0.6884286805990018,0.670926517571885,0.7893175074183977,0.6050420168067226,553,xlm-roberta-base,227.0,29476,1.0,gold+bulk,False,,,47.0,0.6292947558770343,0.64376130198915,0.6520795660036166,0.6528028933092225,0.21770565980748224,0.23891406422527414,0.15398764610290527,2.232566559801636,0.37488314509391785,15.12968268783967,,,2.335000000000001,0.19991446711572503,0.09827690142475791,0.38327715349024516,0.27138712621409034,0.466958169799322,0.4023927854305535,0.19403133376117843
indomain.Retail.xlmr_supcon.s13,xlmr_supcon,indomain,Retail,13,,0.6585033428429007,0.618421052631579,0.7717231222385862,0.5853658536585366,553,xlm-roberta-base,251.1,29476,1.0,gold+bulk,False,0.1,0.07,50.0,0.6256781193490054,0.6538878842676311,0.6634719710669078,0.6676311030741411,0.19968821913625137,0.2475842025228087,0.1991182267665863,1.8974677398620983,0.8306243419647217,19.458994822521184,,,2.0650000000000004,0.21213823282180516,0.11564689610340964,0.4896336269506059,0.29024386965998666,0.49883489010937576,0.42450001052658337,0.21212610815143282
indomain.Retail.xlmr_supcon.s21,xlmr_supcon,indomain,Retail,21,,0.626963220495878,0.621160409556314,0.7723342939481268,0.48739495798319327,553,xlm-roberta-base,238.7,29476,1.0,gold+bulk,False,0.1,0.07,51.0,0.6528028933092225,0.6520795660036166,0.6585895117540688,0.659132007233273,0.18579424093863875,0.2428937141972159,0.17780646681785583,2.1161545123869003,0.8361798524856567,18.82809942751355,,,2.0500000000000007,0.21354839538630777,0.09079871656045496,0.4102732357282145,0.23431251578698586,0.49854408113256704,0.4313137587474579,0.21785327733654467
indomain.Retail.xlmr_supcon.s42,xlmr_supcon,indomain,Retail,42,,0.6470401158763146,0.6329113924050633,0.7582089552238805,0.55,553,xlm-roberta-base,191.7,29476,1.0,gold+bulk,False,0.1,0.07,52.0,0.6112115732368897,0.6289330922242314,0.6414104882459313,0.6496383363471971,0.20201718289549112,0.2317954155599939,0.18273618817329407,1.922448535628762,0.868678867816925,17.949348896605745,,,1.6749999999999994,0.18064774963982913,0.0914422281874149,0.37207875099736765,0.27140765590834326,0.4703602213795444,0.41877569349858645,0.1920468587381409
indomain.Social.allma_ft.s13,allma_ft,indomain,Social,13,,0.625649004197567,0.5142857142857142,0.6683937823834197,0.6942675159235668,420,allmalab/bert-base-aze,144.0,42133,1.0,gold+bulk,False,,,46.0,0.5904761904761905,0.5747619047619048,0.57,0.5703571428571429,0.215823028640321,0.22776087489461544,0.06884496659040451,3.556239408545118,0.44209814071655273,26.860275115623992,,,1.5699999999999994,0.11365199379220328,0.07885299825217545,0.34938491538984745,0.1833271715147582,0.4849192261668274,0.46244184891354595,0.10713505248020015
indomain.Social.allma_ft.s21,allma_ft,indomain,Social,21,,0.6554641793254722,0.5084745762711864,0.6904109589041096,0.7675070028011205,420,allmalab/bert-base-aze,113.4,42133,1.0,gold+bulk,False,,,46.0,0.6142857142857143,0.6204761904761905,0.61,0.5920238095238095,0.20561983356415492,0.22827354882447196,0.10077923536300659,3.3553284566955033,0.43480926752090454,27.135716464255424,,,1.5249999999999992,0.10641551899045301,0.061249252648593336,0.3016261048088127,0.1880767000039415,0.43531539282559495,0.41714356997249413,0.1105547780609163
indomain.Social.allma_ft.s42,allma_ft,indomain,Social,42,,0.6422227762843129,0.5042016806722689,0.6590257879656161,0.7634408602150538,420,allmalab/bert-base-aze,89.1,42133,1.0,gold+bulk,False,,,50.0,0.580952380952381,0.5904761904761905,0.569047619047619,0.564047619047619,0.21810040813103937,0.18368527094563447,0.0706091970205307,3.7875151078295164,0.4710375964641571,25.891954739922085,,,1.3699999999999992,0.06847823870248096,0.05169282951668455,0.17641103192246932,0.15851978247624904,0.43527934059476786,0.43067532632009603,0.05586544437398941
indomain.Social.berturk_ft.s13,berturk_ft,indomain,Social,13,,0.6315505234734,0.4842105263157895,0.6831683168316832,0.7272727272727273,420,dbmdz/bert-base-turkish-128k-cased,191.5,42133,1.0,gold+bulk,False,,,49.0,0.6190476190476191,0.5766666666666667,0.58,0.5751190476190476,0.2235750019431802,0.2306774699855982,0.10640978068113327,3.27326321494855,0.4787006676197052,27.000613698596304,,,1.6649999999999996,0.15866790063155117,0.07884608964029263,0.3688132206957512,0.2789935891972998,0.48331789771740735,0.4431795423078823,0.1710261618911492
indomain.Social.berturk_ft.s21,berturk_ft,indomain,Social,21,,0.637304936406606,0.46153846153846156,0.6952141057934509,0.7551622418879056,420,dbmdz/bert-base-turkish-128k-cased,218.2,42133,1.0,gold+bulk,False,,,48.0,0.5285714285714286,0.5723809523809524,0.5752380952380952,0.5780952380952381,0.26201198275421006,0.22732788946118346,0.12025906145572662,3.181298936041484,0.4254533648490906,23.6924705555663,,,1.5649999999999995,0.14258097689860622,0.07262454209265694,0.24900449219843912,0.23589999799404793,0.4503555197215236,0.4164196489853937,0.1449770315254983
indomain.Social.berturk_ft.s42,berturk_ft,indomain,Social,42,,0.6339131421098634,0.47863247863247865,0.6612021857923497,0.7619047619047619,420,dbmdz/bert-base-turkish-128k-cased,160.8,42133,1.0,gold+bulk,False,,,47.0,0.6285714285714286,0.6176190476190476,0.6107142857142858,0.6007142857142858,0.2343396965169222,0.23311626821860035,0.1012294739484787,3.3437798475210694,0.48965901136398315,23.086852587817916,,,1.3949999999999998,0.1173019961553358,0.060118698099723485,0.24490286505293002,0.24858685524275304,0.4264829029443051,0.40760689319945176,0.11586792335195509
indomain.Social.fasttext_mlp.s100,fasttext_mlp,indomain,Social,100,,0.5203630476381274,0.30612244897959184,0.5979899497487438,0.6569767441860465,420,,30.1,42133,,,,,,,,,,,,,,,,,,,,,,,,,,
indomain.Social.fasttext_mlp.s13,fasttext_mlp,indomain,Social,13,,0.5221652604515249,0.24390243902439024,0.6442307692307693,0.6783625730994152,420,,60.0,42133,,,,,,,,,,,,,,,,,,,,,,,,,,
indomain.Social.fasttext_mlp.s21,fasttext_mlp,indomain,Social,21,,0.5265532644168536,0.24,0.6375321336760925,0.7021276595744681,420,,27.0,42133,,,,,,,,,,,,,,,,,,,,,,,,,,
indomain.Social.fasttext_mlp.s42,fasttext_mlp,indomain,Social,42,,0.5232965337132004,0.23076923076923078,0.6354166666666666,0.7037037037037037,420,,26.3,42133,,,,,,,,,,,,,,,,,,,,,,,,,,
indomain.Social.fasttext_mlp.s87,fasttext_mlp,indomain,Social,87,,0.5323983431313274,0.29545454545454547,0.6054054054054054,0.6963350785340314,420,,25.3,42133,,,,,,,,,,,,,,,,,,,,,,,,,,
indomain.Social.full.s100,full,indomain,Social,100,,0.6573121314908826,0.5321100917431193,0.6898263027295285,0.75,420,xlm-roberta-base,254.6,42133,1.0,gold+bulk,False,0.1,0.07,47.0,0.65,0.66,0.6414285714285715,0.6298809523809524,0.2722564615589152,0.3010662575498985,0.2282666116952896,2.020092373345877,0.8606139421463013,16.525969414871636,,,1.75,0.19698938172981093,0.0969774173064059,0.415420594612833,0.24608027049735348,0.497236869030112,0.44101663987982115,0.20547996685138636
indomain.Social.full.s13,full,indomain,Social,13,,0.6683098619347555,0.5344827586206896,0.684931506849315,0.7855153203342619,420,xlm-roberta-base,326.2,42133,1.0,gold+bulk,False,0.1,0.07,47.0,0.6642857142857143,0.660952380952381,0.6642857142857143,0.6510714285714285,0.27941165705087523,0.3245826469242532,0.2440435141324997,1.975348811649999,0.8062884211540222,19.19103018552263,,,2.12,0.21825823878389852,0.09301394123001808,0.3924131092523885,0.28479265160594125,0.48355919258188546,0.40861929204178027,0.2071511299859444
indomain.Social.full.s21,full,indomain,Social,21,,0.6723414568195286,0.5535714285714286,0.6881720430107527,0.7752808988764045,420,xlm-roberta-base,150.7,42133,1.0,gold+bulk,False,0.1,0.07,47.0,0.6547619047619048,0.6242857142857143,0.6147619047619047,0.6109523809523809,0.26941554397732276,0.3078006345703798,0.21050815284252167,2.0110769072542274,0.8693630695343018,16.382069824823063,,,1.6149999999999995,0.1618653614764326,0.10496883453379548,0.3644262955549964,0.2636043510304029,0.45208491490969227,0.41094213889012626,0.15600380660589203
indomain.Social.full.s42,full,indomain,Social,42,,0.6532621111335081,0.5,0.6829268292682927,0.7768595041322314,420,xlm-roberta-base,213.9,42133,1.0,gold+bulk,False,0.1,0.07,46.0,0.6238095238095238,0.6214285714285714,0.6166666666666667,0.6188095238095238,0.25322538380948606,0.2953702976231594,0.2107468992471695,1.9845991821838547,0.8608036041259766,16.676152283211202,,,1.5999999999999999,0.16106569170966537,0.08783941047085085,0.2991420798247092,0.17896139148090018,0.43930072159684164,0.3998110158781543,0.15652401110665037
indomain.Social.full.s87,full,indomain,Social,87,,0.6181770311425484,0.49572649572649574,0.6346666666666667,0.7241379310344828,420,xlm-roberta-base,137.3,42133,1.0,gold+bulk,False,0.1,0.07,47.0,0.5357142857142857,0.5761904761904761,0.5616666666666666,0.555,0.1988303251116227,0.21361690786088205,0.1147555410861969,2.440304421587109,0.8885458111763,18.717208607579032,,,1.2899999999999998,0.13265382322240796,0.07756945712429507,0.2864356636650607,0.24331357621054506,0.47322419884393274,0.4528399081492787,0.13633484003418994
indomain.Social.full_mbert.s13,full_mbert,indomain,Social,13,,0.6007524170816287,0.4339622641509434,0.6267806267806267,0.741514360313316,420,bert-base-multilingual-cased,152.8,42133,1.0,gold+bulk,False,0.1,0.07,50.0,0.5928571428571429,0.5885714285714285,0.5907142857142857,0.5910714285714286,0.20214151577985293,0.25680661537633637,0.1623949259519577,2.7237208079181308,0.8755260109901428,21.67232211028064,,,1.5649999999999995,0.16204977971498571,0.09220847226332972,0.4353673402052446,0.3212403507511743,0.45329695819706806,0.4205695951726051,0.1413715313493789
indomain.Social.full_mbert.s21,full_mbert,indomain,Social,21,,0.6225985687709849,0.5272727272727272,0.6299212598425197,0.7106017191977078,420,bert-base-multilingual-cased,248.3,42133,1.0,gold+bulk,False,0.1,0.07,51.0,0.6,0.6138095238095238,0.6178571428571429,0.6177380952380952,0.2085559156308509,0.220548579799285,0.17863933742046356,2.209990598627198,0.844070553779602,21.28658606497006,,,2.01,0.21984002824787888,0.10724432874743893,0.44743078273724535,0.24073684385189414,0.4986125393088597,0.42569691974546947,0.20271426550984614
indomain.Social.full_mbert.s42,full_mbert,indomain,Social,42,,0.6205197905353134,0.4925373134328358,0.6449864498644986,0.7240356083086054,420,bert-base-multilingual-cased,149.0,42133,1.0,gold+bulk,False,0.1,0.07,48.0,0.5261904761904762,0.5661904761904762,0.5564285714285714,0.5629761904761905,0.2175306277210105,0.23659063631336083,0.11193200945854187,2.6375848465295086,0.8775062561035156,19.914111161815104,,,1.7800000000000005,0.12901237620746664,0.06306935833507998,0.3513286697467942,0.14310555344793974,0.48504255553897796,0.45573678281560703,0.13229954611505595
indomain.Social.full_mdeberta.s13,full_mdeberta,indomain,Social,13,,0.6265920393029956,0.5106382978723404,0.5974842767295597,0.7716535433070866,420,microsoft/mdeberta-v3-base,169.4,42133,1.0,gold+bulk,False,0.1,0.07,49.0,0.6404761904761904,0.6142857142857143,0.6088095238095238,0.6052380952380952,0.2360608959531131,0.27000797669147697,0.18034492433071136,2.0897087991877767,0.900044858455658,12.301547706509863,,,1.4699999999999993,0.11944384327917074,0.09899274145279932,0.32965101310857164,0.23480643377459393,0.43553332848882265,0.4181416800495618,0.13524504335802234
indomain.Social.full_mdeberta.s21,full_mdeberta,indomain,Social,21,,0.6319541918860866,0.44660194174757284,0.6720867208672087,0.7771739130434783,420,microsoft/mdeberta-v3-base,176.1,42133,1.0,gold+bulk,False,0.1,0.07,49.0,0.5904761904761905,0.6085714285714285,0.6047619047619047,0.5928571428571429,0.2529362320339655,0.29635345097858773,0.16365715861320496,2.3023599573939246,0.9182300567626953,13.674702758655801,,,1.1899999999999997,0.11126860485732423,0.08374289764980226,0.33368304526935283,0.315963765259395,0.43433418226746734,0.4244401937244268,0.11903877745140692
indomain.Social.full_mdeberta.s42,full_mdeberta,indomain,Social,42,,0.6793308754979236,0.6,0.6608187134502924,0.7771739130434783,420,microsoft/mdeberta-v3-base,266.6,42133,1.0,gold+bulk,False,0.1,0.07,49.0,0.6190476190476191,0.6133333333333333,0.6152380952380953,0.6197619047619047,0.270865576844962,0.3114436844061707,0.21572788059711456,1.8370546731621085,0.8622048497200012,11.840625183785761,,,1.7300000000000004,0.1515698436746164,0.055494474165449136,0.38529906955130244,0.15473827768913617,0.43289743658097724,0.3956649913878468,0.13713762164008775
indomain.Social.full_midinject.s13,full_midinject,indomain,Social,13,,0.6589878285476686,0.5391304347826087,0.6892950391644909,0.7485380116959064,420,xlm-roberta-base,331.8,42133,1.0,gold+bulk,False,0.1,0.07,50.0,0.6428571428571429,0.6328571428571429,0.6390476190476191,0.6321428571428571,0.24505066971037798,0.28462135322662035,0.20790721476078033,2.1220078301894847,0.7988728284835815,20.425296779538385,,,2.255000000000001,0.22574350094521825,0.08376880506061145,0.4001336960247809,0.29403116758746467,0.5192929773725233,0.436040304557336,0.20643268521550195
indomain.Social.full_midinject.s21,full_midinject,indomain,Social,21,,0.6535326054765025,0.49504950495049505,0.6794520547945205,0.786096256684492,420,xlm-roberta-base,214.5,42133,1.0,gold+bulk,False,0.1,0.07,49.0,0.6476190476190476,0.6371428571428571,0.6288095238095238,0.6125,0.26458253299583157,0.30133928706504615,0.23055489361286163,2.1505562607423525,0.8475574254989624,16.242293204549533,,,1.7350000000000003,0.18211319076637514,0.08844402958696705,0.392587395374203,0.22129367292433633,0.4646557586200828,0.41164195118678015,0.18212908126612662
indomain.Social.full_midinject.s42,full_midinject,indomain,Social,42,,0.6243000887095866,0.4954128440366973,0.6528497409326425,0.7246376811594203,420,xlm-roberta-base,173.0,42133,1.0,gold+bulk,False,0.1,0.07,51.0,0.5952380952380952,0.5904761904761905,0.5871428571428572,0.5829761904761904,0.2355452330124561,0.26963494800265925,0.18291354179382324,2.1885126246597166,0.8840086460113525,16.66526736188656,,,1.4199999999999993,0.1715718183318327,0.1025615732194071,0.3086041353812483,0.19614209367764485,0.47829472206409807,0.44384090483898286,0.17457177451899286
indomain.Social.mbert_ft.s13,mbert_ft,indomain,Social,13,,0.6586756270576656,0.4918032786885246,0.6956521739130435,0.7885714285714286,420,bert-base-multilingual-cased,224.0,42133,1.0,gold+bulk,False,,,45.0,0.6166666666666667,0.5976190476190476,0.5904761904761905,0.5916666666666667,0.24052732202870106,0.2718182848807332,0.11187677830457687,2.81970120689475,0.39731934666633606,22.39667837364025,,,1.8149999999999997,0.12159009933272445,0.05501246172070123,0.29857888549639666,0.13304723509909,0.4510498327730844,0.42281828702843804,0.1312647503598029
indomain.Social.mbert_ft.s21,mbert_ft,indomain,Social,21,,0.6501071255788237,0.5142857142857142,0.6813186813186813,0.7547169811320755,420,bert-base-multilingual-cased,254.6,42133,1.0,gold+bulk,False,,,49.0,0.5785714285714286,0.6128571428571429,0.6147619047619047,0.6097619047619047,0.24308768111268006,0.26552147727435677,0.13899053633213043,2.5756247809856183,0.3109518587589264,21.576300155602087,,,2.0900000000000007,0.17074466051366627,0.07622433272429927,0.3750501288770214,0.18642611716612417,0.4784354530830011,0.4162557697133717,0.16150353743869633
indomain.Social.mbert_ft.s42,mbert_ft,indomain,Social,42,,0.6110078950992922,0.46511627906976744,0.6422976501305483,0.725609756097561,420,bert-base-multilingual-cased,115.3,42133,1.0,gold+bulk,False,,,49.0,0.530952380952381,0.5242857142857142,0.5321428571428571,0.5384523809523809,0.20687158442516412,0.19491234979013444,0.08724723756313324,2.8407173970271917,0.44030246138572693,20.827238652416643,,,1.4300000000000002,0.08593871200304236,0.04505312601072204,0.18532599447144338,0.11665563193386475,0.47720311016611117,0.4639642774525923,0.11620313212300597
indomain.Social.mdeberta_ft.s100,mdeberta_ft,indomain,Social,100,,0.6835098498935511,0.5396825396825397,0.7096774193548387,0.8011695906432749,420,microsoft/mdeberta-v3-base,229.7,42133,1.0,gold+bulk,False,,,47.0,0.6476190476190476,0.6252380952380953,0.6159523809523809,0.6155952380952381,0.3058594954289623,0.31415584626678644,0.15967810153961182,2.014540247568703,0.5010038614273071,9.601558955906341,,,1.4649999999999994,0.12080536136711896,0.07011505896966311,0.23229986668192815,0.16039437805191692,0.4180963308343434,0.39654850946243325,0.11151340227211592
indomain.Social.mdeberta_ft.s13,mdeberta_ft,indomain,Social,13,,0.6861646198676734,0.5471698113207547,0.7146666666666667,0.7966573816155988,420,microsoft/mdeberta-v3-base,260.6,42133,1.0,gold+bulk,False,,,47.0,0.6142857142857143,0.6366666666666667,0.643095238095238,0.6397619047619048,0.2981483802520405,0.3042881423532624,0.19923631846904755,1.835459522400723,0.4054472744464874,10.609686145795095,,,1.6749999999999994,0.15213676393340866,0.08082923911926962,0.3100491194326024,0.2485357057944182,0.4223252942839835,0.38392034127673647,0.1411129541325666
indomain.Social.mdeberta_ft.s21,mdeberta_ft,indomain,Social,21,,0.7137090057121976,0.5967741935483871,0.7282608695652174,0.8160919540229885,420,microsoft/mdeberta-v3-base,274.1,42133,1.0,gold+bulk,False,,,47.0,0.638095238095238,0.6466666666666666,0.6483333333333333,0.6428571428571429,0.30500889151473753,0.3504260536760276,0.21710754930973053,1.8941824585402964,0.3062988221645355,11.80575753439029,,,1.9149999999999998,0.13846428403599154,0.07074008877370151,0.3842839356660215,0.1697070807525244,0.41525654184247707,0.3776767227740476,0.1325255577239183
indomain.Social.mdeberta_ft.s42,mdeberta_ft,indomain,Social,42,,0.6332707367152419,0.5299145299145299,0.6731234866828087,0.6967741935483871,420,microsoft/mdeberta-v3-base,141.4,42133,1.0,gold+bulk,False,,,44.0,0.6,0.5928571428571429,0.5914285714285714,0.5780952380952381,0.23022296128444325,0.21246313101614425,0.1140226423740387,2.285814316245426,0.633513867855072,11.485023965964638,,,1.1649999999999991,0.12573208644018874,0.09340469409828425,0.3565707169881771,0.27586239493969966,0.48352866646576,0.4696557362652438,0.14812441240655566
indomain.Social.mdeberta_ft.s87,mdeberta_ft,indomain,Social,87,,0.6846636200162641,0.5688073394495413,0.6986666666666667,0.7865168539325843,420,microsoft/mdeberta-v3-base,185.6,42133,1.0,gold+bulk,False,,,46.0,0.6285714285714286,0.6195238095238095,0.6164285714285714,0.6126190476190476,0.2903611541008298,0.31338592377858826,0.16697002947330475,1.9227481385789804,0.5374727845191956,12.666040916489365,,,1.3649999999999993,0.09858499591067542,0.04936391813059105,0.2206507429696174,0.1654092134993832,0.40646415967207905,0.3898037905670538,0.10443765436988979
indomain.Social.tfidf_linear.s100,tfidf_linear,indomain,Social,100,,0.6385868251896961,0.543859649122807,0.6391184573002755,0.7327823691460055,420,,60.8,42133,,,,,,,,,,,,,,,,,,,,,,,,,,
indomain.Social.tfidf_linear.s13,tfidf_linear,indomain,Social,13,,0.6385868251896961,0.543859649122807,0.6391184573002755,0.7327823691460055,420,,109.0,42133,,,,,,,,,,,,,,,,,,,,,,,,,,
indomain.Social.tfidf_linear.s21,tfidf_linear,indomain,Social,21,,0.6385868251896961,0.543859649122807,0.6391184573002755,0.7327823691460055,420,,113.8,42133,,,,,,,,,,,,,,,,,,,,,,,,,,
indomain.Social.tfidf_linear.s42,tfidf_linear,indomain,Social,42,,0.6385868251896961,0.543859649122807,0.6391184573002755,0.7327823691460055,420,,67.0,42133,,,,,,,,,,,,,,,,,,,,,,,,,,
indomain.Social.tfidf_linear.s87,tfidf_linear,indomain,Social,87,,0.6385868251896961,0.543859649122807,0.6391184573002755,0.7327823691460055,420,,61.2,42133,,,,,,,,,,,,,,,,,,,,,,,,,,
indomain.Social.xlmr_add.s13,xlmr_add,indomain,Social,13,,0.661686425490544,0.5054945054945055,0.7074468085106383,0.7721179624664879,420,xlm-roberta-base,290.8,42133,1.0,gold+bulk,False,,,45.0,0.6428571428571429,0.6371428571428571,0.6271428571428571,0.6010714285714286,0.2389206660427735,0.2797418954779874,0.17393241822719574,2.5724023176829633,0.4224669635295868,14.811176124027787,,,1.9749999999999996,0.19730524000150035,0.0975924620480925,0.409229970259009,0.25474612547644815,0.4824391030870648,0.42381673876788317,0.191568324951968
indomain.Social.xlmr_add.s21,xlmr_add,indomain,Social,21,,0.6593092417653822,0.48148148148148145,0.7128205128205128,0.783625730994152,420,xlm-roberta-base,190.2,42133,1.0,gold+bulk,False,,,44.0,0.6404761904761904,0.6361904761904762,0.6211904761904762,0.604047619047619,0.2824289528511802,0.2818455756228714,0.13585348427295685,2.320908907975046,0.47426584362983704,15.416329288625251,,,1.39,0.15322983854674913,0.09592768991859608,0.30595584364275075,0.22462835051188412,0.45178070389392655,0.42400759148986816,0.15521617627106238
indomain.Social.xlmr_add.s42,xlmr_add,indomain,Social,42,,0.6700680272108843,0.5714285714285714,0.6887755102040817,0.75,420,xlm-roberta-base,267.3,42133,1.0,gold+bulk,False,,,49.0,0.6214285714285714,0.6328571428571429,0.6233333333333333,0.611547619047619,0.21486813625228535,0.21766890528043858,0.12070657312870026,2.4491256074305077,0.33834901452064514,16.934177345515725,,,1.7300000000000004,0.18722830972847537,0.10726990308564831,0.3919169888765105,0.21309312589630947,0.48654733698777997,0.4403781693864485,0.18940426682777134
indomain.Social.xlmr_dapt.s13,xlmr_dapt,indomain,Social,13,,0.6729560747187867,0.5405405405405406,0.6986666666666667,0.7796610169491526,420,xlm-roberta-base,307.8,42133,1.0,gold+bulk,False,,,47.0,0.6714285714285714,0.6247619047619047,0.6245238095238095,0.6111904761904762,0.27561446930259514,0.2868015989220946,0.18859387934207916,2.2831161831514053,0.4445705711841583,13.999492493896861,,,1.9400000000000004,0.1822407878509161,0.07825426579929572,0.3831061271709383,0.3173156522448658,0.44995497580871374,0.397815745511595,0.17456998920493574
indomain.Social.xlmr_dapt.s21,xlmr_dapt,indomain,Social,21,,0.6585631990842695,0.5,0.6866485013623979,0.7890410958904109,420,xlm-roberta-base,258.7,42133,1.0,gold+bulk,False,,,44.0,0.611904761904762,0.5895238095238096,0.5969047619047619,0.5926190476190476,0.2690972764472752,0.28053728685455676,0.15773595869541168,2.0806817519243594,0.4618687033653259,14.851011447042932,,,1.39,0.13801672219794175,0.08093550158539127,0.26384430017994875,0.1812225221458148,0.42384965688179027,0.39835999605432454,0.13000029962531715
indomain.Social.xlmr_dapt.s42,xlmr_dapt,indomain,Social,42,,0.6359902455505313,0.4672897196261682,0.6884422110552764,0.7522388059701492,420,xlm-roberta-base,108.8,42133,1.0,gold+bulk,False,,,46.0,0.6095238095238096,0.628095238095238,0.6102380952380952,0.5995238095238096,0.22725252364935544,0.2037645981871289,0.10197704285383224,2.4583170667686067,0.5164340138435364,15.606625941300921,,,1.1999999999999995,0.12563912614786626,0.1046065344086842,0.28895283462625276,0.25869218823271706,0.45472846477742024,0.44057450556372274,0.13486371367419694
indomain.Social.xlmr_dapt_film.s13,xlmr_dapt_film,indomain,Social,13,,0.7026153245903982,0.5688073394495413,0.7223719676549866,0.8166666666666667,420,xlm-roberta-base,216.6,42133,1.0,gold+bulk,False,,,51.0,0.669047619047619,0.6409523809523809,0.6276190476190476,0.6170238095238095,0.26654655427840007,0.3280802678520089,0.17851053178310394,2.3474251285516194,0.43122705817222595,15.692695302134844,,,1.8149999999999997,0.1606950825526006,0.08317869589646416,0.3457750367703074,0.18896045395655703,0.4377833320462123,0.3950203831242223,0.15915526332047578
indomain.Social.xlmr_dapt_film.s21,xlmr_dapt_film,indomain,Social,21,,0.6423639135503542,0.48148148148148145,0.6772486772486772,0.768361581920904,420,xlm-roberta-base,175.2,42133,1.0,gold+bulk,False,,,50.0,0.6619047619047619,0.6223809523809524,0.6126190476190476,0.6042857142857143,0.25138202351287475,0.23508177258814247,0.14751116931438446,2.4821967270367087,0.5067557096481323,14.367346102608803,,,1.435,0.16536771149172497,0.10294841692471787,0.391473561446412,0.3306581916139501,0.43787816304583976,0.4045587388095382,0.15408698763089762
indomain.Social.xlmr_dapt_film.s42,xlmr_dapt_film,indomain,Social,42,,0.6655713966067868,0.5321100917431193,0.7043701799485861,0.7602339181286549,420,xlm-roberta-base,294.8,42133,1.0,gold+bulk,False,,,46.0,0.6428571428571429,0.6385714285714286,0.6207142857142857,0.6005952380952381,0.2553885945197668,0.25216425361576605,0.17060792446136475,2.3842753497334708,0.3668053448200226,16.66691089458879,,,2.3450000000000006,0.20959339922443368,0.08786211254196571,0.3298059064374903,0.18283022603554333,0.48493264526539775,0.4105839984507913,0.2039840220001993
indomain.Social.xlmr_dapt_film_pol.s13,xlmr_dapt_film_pol,indomain,Social,13,,0.669242892647148,0.5384615384615384,0.6914893617021277,0.7777777777777778,420,xlm-roberta-base,289.4,42133,1.0,gold+bulk,False,,,48.0,0.6547619047619048,0.6457142857142857,0.6402380952380953,0.6180952380952381,0.2506267380450564,0.28863209237938225,0.1887984573841095,2.415669101434252,0.3896380364894867,15.60763206702602,,,2.0249999999999995,0.21189449061209745,0.1180499862148657,0.4009072898952818,0.24514737652650953,0.48225309329162697,0.4190341688503365,0.20687789005333934
indomain.Social.xlmr_dapt_film_pol.s21,xlmr_dapt_film_pol,indomain,Social,21,,0.6541760159561206,0.5,0.6910994764397905,0.7714285714285715,420,xlm-roberta-base,189.7,42133,1.0,gold+bulk,False,,,50.0,0.6714285714285714,0.6385714285714286,0.6271428571428571,0.6060714285714286,0.23044653291738035,0.202858071723473,0.14537829160690308,2.4248830798654626,0.5253300666809082,14.121494279927987,,,1.4649999999999994,0.15438635660144198,0.09357596034805289,0.3070538972521957,0.20728563610990408,0.4447084712202016,0.4104291487659152,0.15876292891635496
indomain.Social.xlmr_dapt_film_pol.s42,xlmr_dapt_film_pol,indomain,Social,42,,0.643498206042953,0.5409836065573771,0.6702127659574468,0.7192982456140351,420,xlm-roberta-base,149.4,42133,1.0,gold+bulk,False,,,48.0,0.6238095238095238,0.6009523809523809,0.5871428571428572,0.5726190476190476,0.27274947620437817,0.2296439985651813,0.14574973285198212,2.4828580965818055,0.5724322199821472,15.42300998829262,,,1.3999999999999997,0.141181170470752,0.0839559684990312,0.27926730557703683,0.15736000759923696,0.4683651165900052,0.4409340368516337,0.13807707786434592
indomain.Social.xlmr_film.s13,xlmr_film,indomain,Social,13,,0.6676750394071691,0.5309734513274337,0.6984126984126984,0.7736389684813754,420,xlm-roberta-base,340.0,42133,1.0,gold+bulk,False,,,45.0,0.6619047619047619,0.6304761904761905,0.6192857142857143,0.6055952380952381,0.23873449156608592,0.2673354621329711,0.16827937960624695,2.5413186963324605,0.43598607182502747,15.755720392394961,,,1.7199999999999995,0.18248327392423125,0.1027243436858555,0.36009397273768096,0.2800290236296904,0.46196507460989944,0.41697816220315126,0.1701779857395466
indomain.Social.xlmr_film.s21,xlmr_film,indomain,Social,21,,0.6495040217922031,0.49523809523809526,0.7009803921568627,0.7522935779816514,420,xlm-roberta-base,149.3,42133,1.0,gold+bulk,False,,,46.0,0.6404761904761904,0.6390476190476191,0.616904761904762,0.6138095238095238,0.21305359330431417,0.24720776286680166,0.13994786143302917,2.7760892623655877,0.5357942581176758,15.227914660745244,,,1.485,0.1354934914351056,0.05673295091010177,0.2687755718686923,0.14261997003188076,0.44934741748408413,0.42112655536209387,0.16365837450640175
indomain.Social.xlmr_film.s42,xlmr_film,indomain,Social,42,,0.6553635500409095,0.512396694214876,0.6866485013623979,0.7670454545454546,420,xlm-roberta-base,177.6,42133,1.0,gold+bulk,False,,,48.0,0.6214285714285714,0.6095238095238096,0.6033333333333334,0.6005952380952381,0.209473229696118,0.22362314708810643,0.11997279524803162,2.48953314743178,0.47299590706825256,15.052349378494661,,,1.5350000000000001,0.13930305579120458,0.08229188640463678,0.23499792003133557,0.17203085429434328,0.4403427228559192,0.41260849119749743,0.1323848425545894
indomain.Social.xlmr_film_morph.s13,xlmr_film_morph,indomain,Social,13,,0.6578080977401283,0.5046728971962616,0.6918918918918919,0.7768595041322314,420,xlm-roberta-base,230.0,42133,1.0,gold+bulk,False,,,47.0,0.6142857142857143,0.6295238095238095,0.6321428571428571,0.6248809523809524,0.24025375575731947,0.26586028917797033,0.16762150824069977,2.5670935794898524,0.4297059178352356,15.270293189319569,,,1.7850000000000004,0.18010487296998223,0.0940608381405053,0.34158275732969184,0.265541684349903,0.46245341382078803,0.4127362012295496,0.1802447720940986
indomain.Social.xlmr_film_morph.s21,xlmr_film_morph,indomain,Social,21,,0.644285189130323,0.4672897196261682,0.6963350785340314,0.7692307692307693,420,xlm-roberta-base,188.7,42133,1.0,gold+bulk,False,,,45.0,0.6261904761904762,0.6204761904761905,0.6230952380952381,0.6103571428571428,0.21074653569439072,0.23760875038550133,0.1502954065799713,2.5750322351780564,0.5067105889320374,16.586846552211355,,,1.4149999999999994,0.1636642370655799,0.11694033374031731,0.28687430843980666,0.2680575106317713,0.45152443256220587,0.42391870387380814,0.14985871645877785
indomain.Social.xlmr_film_morph.s42,xlmr_film_morph,indomain,Social,42,,0.625835870205571,0.47761194029850745,0.6591549295774648,0.7407407407407407,420,xlm-roberta-base,117.7,42133,1.0,gold+bulk,False,,,47.0,0.6071428571428571,0.5895238095238096,0.5785714285714286,0.5667857142857143,0.17015581619192527,0.16623663009499906,0.08922142535448074,3.2378512109267477,0.5780141949653625,15.183577468088156,,,1.3949999999999998,0.13034109113181078,0.07564235564569302,0.2810311800547308,0.21352912705942872,0.4621514666237772,0.4387543363502544,0.13882530772983268
indomain.Social.xlmr_film_pol.s13,xlmr_film_pol,indomain,Social,13,,0.6665443080413939,0.5471698113207547,0.6910994764397905,0.7613636363636364,420,xlm-roberta-base,207.9,42133,1.0,gold+bulk,False,,,48.0,0.6738095238095239,0.6442857142857142,0.6416666666666667,0.6408333333333334,0.24270608206934832,0.26806716364171673,0.17109191417694092,2.53109322570818,0.4793718457221985,15.265017483987442,,,1.8599999999999999,0.1726628537209524,0.08077214788197094,0.35320576441315565,0.22684395886570102,0.4516939432334716,0.4043156351883575,0.17099099408440896
indomain.Social.xlmr_film_pol.s21,xlmr_film_pol,indomain,Social,21,,0.6700267949632877,0.5486725663716814,0.6912928759894459,0.7701149425287356,420,xlm-roberta-base,285.9,42133,1.0,gold+bulk,False,,,49.0,0.6547619047619048,0.6423809523809524,0.6371428571428571,0.6296428571428572,0.26305744159692096,0.2860763504816121,0.17302046716213226,2.463915514178047,0.4065442383289337,15.089329500722517,,,2.0149999999999997,0.19038235921583316,0.09436663165805197,0.3144316075470748,0.2142790635289109,0.46458638003516234,0.4134254211082408,0.18178125554364905
indomain.Social.xlmr_film_pol.s42,xlmr_film_pol,indomain,Social,42,,0.6531780182183017,0.5203252032520326,0.6759776536312849,0.7632311977715878,420,xlm-roberta-base,196.2,42133,1.0,gold+bulk,False,,,47.0,0.6333333333333333,0.6104761904761905,0.6026190476190476,0.5967857142857143,0.2020305061698024,0.22454806486649584,0.13852158188819885,2.7972450366912778,0.522711992263794,14.73156231698175,,,1.4599999999999995,0.1419077207692388,0.09151479190139586,0.3161345966147431,0.2740455336586042,0.4432342459775176,0.41563185444285744,0.14038454247140097
indomain.Social.xlmr_ft.s100,xlmr_ft,indomain,Social,100,,0.6665705127760844,0.5370370370370371,0.6961038961038961,0.7665706051873199,420,xlm-roberta-base,239.3,42133,1.0,gold+bulk,False,,,45.0,0.6714285714285714,0.6442857142857142,0.6261904761904762,0.6090476190476191,0.23239315181743223,0.2452679895717672,0.14654596149921417,2.419413059366963,0.4437812566757202,16.31449727790366,,,1.6749999999999994,0.17326566076561162,0.10304267014234432,0.4104803858600803,0.43293801435102536,0.4605206511269963,0.4170106411944233,0.16991085387862445
indomain.Social.xlmr_ft.s13,xlmr_ft,indomain,Social,13,,0.6754072596655494,0.5370370370370371,0.7120418848167539,0.7771428571428571,420,xlm-roberta-base,293.7,42133,1.0,gold+bulk,False,,,45.0,0.6476190476190476,0.6142857142857143,0.6126190476190476,0.6077380952380952,0.2821537271031941,0.32841203551170517,0.18263117969036102,2.4460513593389934,0.3637062907218933,17.052352344084888,,,2.235000000000001,0.2028593776945076,0.08583405087324722,0.44239204305596047,0.2088227920092217,0.4769847076085701,0.4111333020189886,0.19426409271484313
indomain.Social.xlmr_ft.s21,xlmr_ft,indomain,Social,21,,0.6625380758978097,0.5185185185185185,0.7007672634271099,0.7683284457478006,420,xlm-roberta-base,186.3,42133,1.0,gold+bulk,False,,,44.0,0.6238095238095238,0.6223809523809524,0.6116666666666667,0.6032142857142857,0.1783177589753735,0.16170466901361838,0.12077834457159042,3.0365989359340495,0.49716320633888245,15.745848952957191,,,1.2949999999999997,0.14977455672768075,0.1126652657016332,0.3546752966792134,0.2877850689995739,0.45352009357002954,0.4305290787988267,0.14980331735624083
indomain.Social.xlmr_ft.s42,xlmr_ft,indomain,Social,42,,0.6613398035896686,0.5185185185185185,0.6954177897574124,0.7700831024930748,420,xlm-roberta-base,172.2,42133,1.0,gold+bulk,False,,,45.0,0.6023809523809524,0.6109523809523809,0.616904761904762,0.6095238095238096,0.1982122101231932,0.22632300101491373,0.15012574195861816,2.812083035568792,0.420804888010025,14.57344485084616,,,1.5499999999999998,0.14011292623441945,0.09928248299919132,0.35970956043130886,0.20852055794356128,0.44794853474524987,0.4167392765234857,0.13990878615010457
indomain.Social.xlmr_ft.s87,xlmr_ft,indomain,Social,87,,0.6947076934287951,0.631578947368421,0.7111111111111111,0.7414330218068536,420,xlm-roberta-base,291.3,42133,1.0,gold+bulk,False,,,44.0,0.669047619047619,0.6476190476190476,0.6426190476190476,0.6309523809523809,0.26089473848018535,0.2684800359755663,0.17618153989315033,2.322407423534227,0.38415032625198364,17.163233464649068,,,2.125000000000001,0.19766088623846031,0.10282049302051204,0.4077917390704018,0.2828991970522937,0.48838358246106117,0.4242185555997364,0.2098046197095628
indomain.Social.xlmr_supcon.s13,xlmr_supcon,indomain,Social,13,,0.6738620002845354,0.5454545454545454,0.6986666666666667,0.7774647887323943,420,xlm-roberta-base,163.6,42133,1.0,gold+bulk,False,0.1,0.07,53.0,0.6404761904761904,0.6180952380952381,0.6057142857142858,0.5941666666666666,0.2557429008387268,0.3024559058325681,0.19433005154132843,2.0366800369835967,0.8721365928649902,16.7003740092343,,,1.54,0.13025534904015573,0.06792994289758214,0.34498928707436927,0.2476757286307948,0.4419195300440005,0.4129228759165749,0.1328490662914761
indomain.Social.xlmr_supcon.s21,xlmr_supcon,indomain,Social,21,,0.6351798943419414,0.5242718446601942,0.680952380952381,0.7003154574132492,420,xlm-roberta-base,118.7,42133,1.0,gold+bulk,False,0.1,0.07,52.0,0.638095238095238,0.5961904761904762,0.5866666666666667,0.5807142857142857,0.22060763033778738,0.2156798036027738,0.1224903017282486,2.3705146374271817,0.9048631191253662,16.054645087018226,,,1.285,0.12228759745348952,0.08394726937341086,0.27251025944799734,0.24880093920080426,0.4765354205064999,0.45814876200792887,0.15944088577468807
indomain.Social.xlmr_supcon.s42,xlmr_supcon,indomain,Social,42,,0.6833668864621144,0.5785123966942148,0.7105263157894737,0.7610619469026548,420,xlm-roberta-base,324.7,42133,1.0,gold+bulk,False,0.1,0.07,51.0,0.6142857142857143,0.6223809523809524,0.6238095238095238,0.6236904761904762,0.2581271939940459,0.29153044223682917,0.23178936541080475,1.8370196567651942,0.8213704228401184,20.899302215835295,,,2.1500000000000004,0.20146780819454474,0.08145411906362444,0.4270748572283204,0.21740613839617995,0.48453543864792864,0.4075242802190944,0.1873052551516438
indomain.Tech.allma_ft.s13,allma_ft,indomain,Tech,13,,0.6237935827590251,0.5395348837209303,0.7897897897897898,0.5420560747663551,494,allmalab/bert-base-aze,178.2,62682,1.0,gold+bulk,False,,,47.0,0.659919028340081,0.6319838056680162,0.6360323886639676,0.636336032388664,0.22917657807455738,0.20780754583368385,0.07453790307044983,2.9338302563289083,0.4404325485229492,20.133033857483404,,,1.3599999999999994,0.1609744845094168,0.11339110748757485,0.28685744396382074,0.2247786464726792,0.4515143178367889,0.4237515671954546,0.17540701732770678
indomain.Tech.allma_ft.s21,allma_ft,indomain,Tech,21,,0.6298224439871222,0.5161290322580645,0.806966618287373,0.5663716814159292,494,allmalab/bert-base-aze,99.1,62682,1.0,gold+bulk,False,,,49.0,0.6578947368421053,0.6210526315789474,0.6147773279352227,0.6148785425101214,0.19167949965827322,0.14850642713527465,0.08416518568992615,3.312872646815538,0.509916365146637,24.69010608633043,,,1.2599999999999993,0.11058217066798696,0.06859931648544684,0.2811098036151295,0.25368164531008486,0.40983684396523623,0.3962409791379931,0.12624104798033292
indomain.Tech.allma_ft.s42,allma_ft,indomain,Tech,42,,0.5995206214008899,0.4897959183673469,0.7854014598540145,0.5233644859813084,494,allmalab/bert-base-aze,172.5,62682,1.0,gold+bulk,False,,,49.0,0.659919028340081,0.6461538461538462,0.6392712550607288,0.6383603238866397,0.20643803602495606,0.2042176201706453,0.07929354906082153,3.0561375523393193,0.43502503633499146,21.49259230970959,,,1.5049999999999997,0.17647581148549255,0.11249379632762713,0.4436319669960389,0.29085672450064237,0.45645801514857137,0.4173970977173895,0.1811140980981612
indomain.Tech.berturk_ft.s13,berturk_ft,indomain,Tech,13,,0.6164788717980207,0.5541125541125541,0.790273556231003,0.5050505050505051,494,dbmdz/bert-base-turkish-128k-cased,258.4,62682,1.0,gold+bulk,False,,,45.0,0.6619433198380567,0.6663967611336032,0.6552631578947369,0.6502024291497975,0.18286658535628533,0.18183743210028774,0.080176442861557,2.929612533382636,0.449014812707901,22.012594648028262,,,2.115,0.18927611484072027,0.07352635125506993,0.3799367115317547,0.19897779545345762,0.4752386854397234,0.40878494581646974,0.19370782394619335
indomain.Tech.berturk_ft.s21,berturk_ft,indomain,Tech,21,,0.6241482928789431,0.5367965367965368,0.7770897832817337,0.5585585585585585,494,dbmdz/bert-base-turkish-128k-cased,127.5,62682,1.0,gold+bulk,False,,,45.0,0.6417004048582996,0.6340080971659919,0.6255060728744939,0.6242914979757085,0.18709356542903308,0.14558971530637943,0.06459484249353409,3.1925185828225473,0.5780990123748779,18.520569426115777,,,1.335,0.11609206622470931,0.06784258773295142,0.25351195207925536,0.1435339358987443,0.42097385436109724,0.40179925552051,0.14164632271917396
indomain.Tech.berturk_ft.s42,berturk_ft,indomain,Tech,42,,0.5464555533751962,0.5078125,0.7315541601255887,0.4,494,dbmdz/bert-base-turkish-128k-cased,97.7,62682,1.0,gold+bulk,False,,,45.0,0.6639676113360324,0.6441295546558704,0.6277327935222672,0.6151821862348178,0.158811500112172,0.15348797352925322,0.03875744715332985,3.8399991529000963,0.6507109999656677,22.647163270043993,,,1.3599999999999994,0.13399983296557896,0.0686776935399745,0.3121464571152419,0.1807617937105141,0.47566910654310973,0.4547686627370171,0.16796779153701688
indomain.Tech.fasttext_mlp.s100,fasttext_mlp,indomain,Tech,100,,0.5990977334570114,0.4423963133640553,0.7737003058103975,0.5811965811965812,494,,57.6,62682,,,,,,,,,,,,,,,,,,,,,,,,,,
indomain.Tech.fasttext_mlp.s13,fasttext_mlp,indomain,Tech,13,,0.5619483204767486,0.41545893719806765,0.7751479289940828,0.49523809523809526,494,,47.8,62682,,,,,,,,,,,,,,,,,,,,,,,,,,
indomain.Tech.fasttext_mlp.s21,fasttext_mlp,indomain,Tech,21,,0.5536879565131906,0.4423963133640553,0.7696879643387816,0.4489795918367347,494,,40.3,62682,,,,,,,,,,,,,,,,,,,,,,,,,,
indomain.Tech.fasttext_mlp.s42,fasttext_mlp,indomain,Tech,42,,0.568560545093621,0.44954128440366975,0.7609022556390977,0.49523809523809526,494,,24.9,62682,,,,,,,,,,,,,,,,,,,,,,,,,,
indomain.Tech.fasttext_mlp.s87,fasttext_mlp,indomain,Tech,87,,0.5658368669222599,0.4528301886792453,0.767616191904048,0.47706422018348627,494,,50.0,62682,,,,,,,,,,,,,,,,,,,,,,,,,,
indomain.Tech.full.s100,full,indomain,Tech,100,,0.5878336746885134,0.543778801843318,0.7822222222222223,0.4375,494,xlm-roberta-base,160.1,62682,1.0,gold+bulk,False,0.1,0.07,48.0,0.6558704453441295,0.6603238866396761,0.6601214574898785,0.6577935222672064,0.24206486100956104,0.2756231148827799,0.1950569599866867,1.9418380732726817,0.8922997117042542,16.317789926313928,,,1.3999999999999997,0.19811325724790466,0.13905266299685204,0.36250013517276014,0.28816153078743373,0.45904172793129455,0.4213161324093986,0.2019658610146927
indomain.Tech.full.s13,full,indomain,Tech,13,,0.6485608315380049,0.5603448275862069,0.7699530516431925,0.6153846153846154,494,xlm-roberta-base,197.3,62682,1.0,gold+bulk,False,0.1,0.07,48.0,0.6842105263157895,0.682591093117409,0.6783400809716599,0.6719635627530365,0.2584846069958414,0.2836250017280949,0.20975284278392792,1.8796768115725577,0.8902680277824402,16.38675110572917,,,1.8,0.17028310089127568,0.09081805787408426,0.41340526181187054,0.22237004821090262,0.43577551155853733,0.38884782269756,0.19123870997276196
indomain.Tech.full.s21,full,indomain,Tech,21,,0.6123938385813406,0.5676855895196506,0.7792998477929984,0.49019607843137253,494,xlm-roberta-base,264.0,62682,1.0,gold+bulk,False,0.1,0.07,47.0,0.6882591093117408,0.6785425101214575,0.6785425101214575,0.6661943319838056,0.23202064153744,0.2749094578612992,0.22408248484134674,1.8504857878367804,0.8721309900283813,16.321596215169002,,,1.7800000000000005,0.20682082449219372,0.12778519392398355,0.4093361581107725,0.32900244283913976,0.47309822896187304,0.4068522110951332,0.21368164673620266
indomain.Tech.full.s42,full,indomain,Tech,42,,0.645210073206045,0.5925925925925926,0.797583081570997,0.5454545454545454,494,xlm-roberta-base,210.9,62682,1.0,gold+bulk,False,0.1,0.07,47.0,0.6842105263157895,0.6700404858299596,0.6702429149797571,0.6703441295546558,0.2369931772722397,0.25303337546754306,0.2077392339706421,1.909752971457774,0.8896744251251221,16.583965594471522,,,1.5149999999999995,0.14721570442884435,0.07988323936977666,0.28417761522131024,0.1744127119433755,0.42106601811602373,0.39050920858681054,0.16670580348550204
indomain.Tech.full.s87,full,indomain,Tech,87,,0.6465796897163026,0.6233766233766234,0.7900466562986003,0.5263157894736842,494,xlm-roberta-base,244.9,62682,1.0,gold+bulk,False,0.1,0.07,46.0,0.6923076923076923,0.659919028340081,0.6572874493927126,0.6648785425101215,0.2422567080002991,0.28102434046994,0.22321082651615143,1.7669192646269918,0.8665966987609863,15.464393593046758,,,1.7900000000000003,0.17492502326741693,0.0798510647577099,0.34706201146675797,0.21244425406619932,0.42977485667849685,0.3795844700853413,0.18829302648766183
indomain.Tech.full_mbert.s13,full_mbert,indomain,Tech,13,,0.5607775996194917,0.5041322314049587,0.7378335949764521,0.44036697247706424,494,bert-base-multilingual-cased,106.3,62682,1.0,gold+bulk,False,0.1,0.07,53.0,0.5688259109311741,0.5983805668016194,0.5963562753036438,0.5895748987854251,0.1507248376090569,0.15946455569641005,0.07112813740968704,3.016989324221399,0.8937900066375732,18.67369582130559,,,1.5649999999999995,0.1534074074018652,0.06196387384313356,0.29757869054806135,0.2166275042162043,0.5005280866238538,0.4663635270825809,0.17439202401025305
indomain.Tech.full_mbert.s21,full_mbert,indomain,Tech,21,,0.5603671057614286,0.49760765550239233,0.775330396475771,0.40816326530612246,494,bert-base-multilingual-cased,227.9,62682,1.0,gold+bulk,False,0.1,0.07,50.0,0.6295546558704453,0.6344129554655871,0.6301619433198381,0.6245951417004049,0.131720384488868,0.1716257939364646,0.11964737623929977,2.6710933362422242,0.8954715132713318,20.47168980948415,,,1.7699999999999996,0.19016316206675873,0.089523605988208,0.40794514788207625,0.24321544596007982,0.4999501744825338,0.44364162024363035,0.2051055307127554
indomain.Tech.full_mbert.s42,full_mbert,indomain,Tech,42,,0.5432175872451523,0.5108225108225108,0.7534456355283308,0.36538461538461536,494,bert-base-multilingual-cased,107.0,62682,1.0,gold+bulk,False,0.1,0.07,52.0,0.611336032388664,0.6137651821862348,0.6178137651821862,0.6078947368421053,0.1273591138333296,0.10048871352050912,0.037858858704566956,3.1336316641740756,0.8875488042831421,17.313882507092387,,,1.4549999999999996,0.15423382897512253,0.08227113000477554,0.27801508905997463,0.19143092593406041,0.5078153502897123,0.47438628925866616,0.17601119550244787
indomain.Tech.full_mdeberta.s13,full_mdeberta,indomain,Tech,13,,0.6509474984051256,0.5765765765765766,0.7950693374422187,0.5811965811965812,494,microsoft/mdeberta-v3-base,224.3,62682,1.0,gold+bulk,False,0.1,0.07,49.0,0.6902834008097166,0.6465587044534413,0.6479757085020242,0.6569838056680162,0.2187230196808382,0.24247961237113314,0.20300473272800446,1.7926959099677633,0.9074487686157227,13.912760482982815,,,1.174999999999999,0.1323365565115276,0.1085984045517955,0.30401034679022687,0.26379258958519947,0.4111598779849808,0.3970559399557851,0.15414235355805436
indomain.Tech.full_mdeberta.s21,full_mdeberta,indomain,Tech,21,,0.6407323116038712,0.5765765765765766,0.7920489296636085,0.5535714285714286,494,microsoft/mdeberta-v3-base,207.7,62682,1.0,gold+bulk,False,0.1,0.07,50.0,0.6700404858299596,0.6473684210526316,0.6493927125506073,0.6493927125506073,0.22533371104961125,0.25674649401226657,0.1993880271911621,1.8105742480039657,0.9130607843399048,13.57608142613436,,,1.3599999999999994,0.13971990066792603,0.08513718466631955,0.34359515536095164,0.22669246350881433,0.42096162200238113,0.3939563297841348,0.15177204366082137
indomain.Tech.full_mdeberta.s42,full_mdeberta,indomain,Tech,42,,0.630737680591664,0.5581395348837209,0.7840735068912711,0.55,494,microsoft/mdeberta-v3-base,177.3,62682,1.0,gold+bulk,False,0.1,0.07,47.0,0.6558704453441295,0.622672064777328,0.6159919028340081,0.6298582995951417,0.23621482209252612,0.2913904986024407,0.18990711867809296,1.9748616368858052,0.8944398760795593,14.616894144267022,,,1.7750000000000006,0.14144871618515592,0.07696497606350208,0.35601944975124616,0.24466967746083657,0.4169573757750825,0.384739940730263,0.15754060796877012
indomain.Tech.full_midinject.s13,full_midinject,indomain,Tech,13,,0.6603197668960908,0.5665236051502146,0.7811023622047244,0.6333333333333333,494,xlm-roberta-base,216.2,62682,1.0,gold+bulk,False,0.1,0.07,51.0,0.6659919028340081,0.6821862348178138,0.6753036437246963,0.6687246963562753,0.23016656140678934,0.2654986015810941,0.2085065394639969,1.883841749947984,0.8924288749694824,16.339796026318513,,,1.7400000000000002,0.1569393133836012,0.07957306094520387,0.3434343695762465,0.241101261758342,0.4362339628511925,0.391163029463746,0.1792932903733493
indomain.Tech.full_midinject.s21,full_midinject,indomain,Tech,21,,0.618769116690869,0.5652173913043478,0.7860394537177542,0.5050505050505051,494,xlm-roberta-base,257.5,62682,1.0,gold+bulk,False,0.1,0.07,50.0,0.6700404858299596,0.6834008097165992,0.6827935222672065,0.6692307692307692,0.2310939487567662,0.2658509152587629,0.21909672021865845,1.81158052045447,0.8664129972457886,17.354143809976062,,,1.7649999999999997,0.20045378383630955,0.11453252591673754,0.5125936469368896,0.328342415917064,0.46324457657323964,0.39953353309591644,0.2048016912582581
indomain.Tech.full_midinject.s42,full_midinject,indomain,Tech,42,,0.636290028267983,0.5727699530516432,0.796969696969697,0.5391304347826087,494,xlm-roberta-base,205.6,62682,1.0,gold+bulk,False,0.1,0.07,51.0,0.6720647773279352,0.6676113360323886,0.6753036437246963,0.6687246963562753,0.22829225899151784,0.26233005726708863,0.2136186808347702,1.8689939607748407,0.8901304602622986,15.335037835315926,,,1.4999999999999998,0.15320619604554933,0.08493962623678192,0.34332244669743517,0.21070385663210306,0.4179712455689016,0.38562985222141327,0.15849383451822147
indomain.Tech.mbert_ft.s13,mbert_ft,indomain,Tech,13,,0.5982083390025016,0.5070422535211268,0.7650602409638554,0.5225225225225225,494,bert-base-multilingual-cased,246.8,62682,1.0,gold+bulk,False,,,48.0,0.6518218623481782,0.6497975708502024,0.6463562753036437,0.642914979757085,0.17030458729039458,0.1617922238385843,0.09159033745527267,2.556706057925893,0.3959566056728363,21.391539374406662,,,1.9400000000000004,0.19963898049998485,0.09240401483313308,0.4061400514837912,0.18392243956182153,0.4917756840910511,0.4277525395901488,0.2057377055701964
indomain.Tech.mbert_ft.s21,mbert_ft,indomain,Tech,21,,0.5456783427041297,0.5185185185185185,0.7696793002915452,0.3488372093023256,494,bert-base-multilingual-cased,122.0,62682,1.0,gold+bulk,False,,,46.0,0.6720647773279352,0.6408906882591093,0.6402834008097166,0.6345141700404858,0.14497627286897463,0.1329957521344257,0.06188604608178139,2.766687554884857,0.4956997334957123,18.631633456718617,,,1.4149999999999994,0.17342551943581852,0.12051858279497706,0.3689041826630435,0.2696304012896661,0.4851443359634936,0.4520085576499905,0.17535676146544688
indomain.Tech.mbert_ft.s42,mbert_ft,indomain,Tech,42,,0.5982186488302487,0.514018691588785,0.7708333333333334,0.5098039215686274,494,bert-base-multilingual-cased,145.9,62682,1.0,gold+bulk,False,,,49.0,0.6497975708502024,0.6554655870445344,0.6489878542510121,0.6437246963562753,0.15242277145659666,0.12938233435119104,0.05520007386803627,2.7608014541018377,0.45374956727027893,20.05170143166131,,,1.0599999999999992,0.1414909900364165,0.1382523129056018,0.2948008789748825,0.3135387338521398,0.47191902516379314,0.466751375799973,0.16435724622358824
indomain.Tech.mdeberta_ft.s100,mdeberta_ft,indomain,Tech,100,,0.6460889424419021,0.593607305936073,0.7753164556962026,0.5693430656934306,494,microsoft/mdeberta-v3-base,241.0,62682,1.0,gold+bulk,False,,,47.0,0.6720647773279352,0.6716599190283401,0.674493927125506,0.6604251012145749,0.22261977796634372,0.22954316085544701,0.1509367823600769,1.9538893631621523,0.5061712265014648,11.178235186426063,,,1.7850000000000004,0.15975177467960452,0.07381344467918434,0.34082096496615527,0.203028401939712,0.4410380595778477,0.39713322231886333,0.18673466986168477
indomain.Tech.mdeberta_ft.s13,mdeberta_ft,indomain,Tech,13,,0.6197949707168154,0.5643564356435643,0.8052325581395349,0.4897959183673469,494,microsoft/mdeberta-v3-base,225.5,62682,1.0,gold+bulk,False,,,47.0,0.6720647773279352,0.6502024291497975,0.6465587044534413,0.649493927125506,0.26171530886513067,0.226173306343936,0.14923621714115143,1.784868249864709,0.553719699382782,10.169507928112285,,,1.1499999999999995,0.15000376582984845,0.13027715217841107,0.33879107950700327,0.3116182161552431,0.42269422305861454,0.4104485230804652,0.1633590497574571
indomain.Tech.mdeberta_ft.s21,mdeberta_ft,indomain,Tech,21,,0.6483600278443328,0.5673076923076923,0.8011958146487295,0.5765765765765766,494,microsoft/mdeberta-v3-base,174.7,62682,1.0,gold+bulk,False,,,48.0,0.6477732793522267,0.645748987854251,0.6469635627530365,0.6552631578947369,0.23500296750530772,0.24577048185855993,0.18078526854515076,1.7589779782368662,0.5597996711730957,10.059179448262414,,,1.064999999999999,0.14038095648557955,0.13201436648099102,0.32250232680055124,0.3098243297190242,0.4136327011811241,0.4081640867271576,0.15890893695036654
indomain.Tech.mdeberta_ft.s42,mdeberta_ft,indomain,Tech,42,,0.6315812179773189,0.5445544554455446,0.8011695906432749,0.5490196078431373,494,microsoft/mdeberta-v3-base,298.8,62682,1.0,gold+bulk,False,,,45.0,0.6963562753036437,0.6805668016194332,0.6734817813765183,0.6637651821862348,0.2468423326629727,0.24144859776794655,0.1689184159040451,1.9626006804118905,0.5636304020881653,10.945521684359926,,,1.1499999999999995,0.16317379550977507,0.14474208785622594,0.3088278834011371,0.2921158478161001,0.4314188256146777,0.41935623003818867,0.1726008520446563
indomain.Tech.mdeberta_ft.s87,mdeberta_ft,indomain,Tech,87,,0.6639303406495228,0.5756097560975609,0.8124076809453471,0.6037735849056604,494,microsoft/mdeberta-v3-base,199.2,62682,1.0,gold+bulk,False,,,46.0,0.6700404858299596,0.6736842105263158,0.6765182186234818,0.6645748987854251,0.2708171415277314,0.21614545144132113,0.14766591787338257,1.772626937619191,0.6087560057640076,11.867057462714087,,,1.0549999999999993,0.1104171264399654,0.10274569850295233,0.24080635060354905,0.2562585801050642,0.37663962390377725,0.3728960435808166,0.13780461952542794
indomain.Tech.tfidf_linear.s100,tfidf_linear,indomain,Tech,100,,0.6575146330954907,0.6161137440758294,0.8109756097560976,0.5454545454545454,494,,114.3,62682,,,,,,,,,,,,,,,,,,,,,,,,,,
indomain.Tech.tfidf_linear.s13,tfidf_linear,indomain,Tech,13,,0.6575146330954907,0.6161137440758294,0.8109756097560976,0.5454545454545454,494,,72.8,62682,,,,,,,,,,,,,,,,,,,,,,,,,,
indomain.Tech.tfidf_linear.s21,tfidf_linear,indomain,Tech,21,,0.6575146330954907,0.6161137440758294,0.8109756097560976,0.5454545454545454,494,,74.1,62682,,,,,,,,,,,,,,,,,,,,,,,,,,
indomain.Tech.tfidf_linear.s42,tfidf_linear,indomain,Tech,42,,0.6575146330954907,0.6161137440758294,0.8109756097560976,0.5454545454545454,494,,104.4,62682,,,,,,,,,,,,,,,,,,,,,,,,,,
indomain.Tech.tfidf_linear.s87,tfidf_linear,indomain,Tech,87,,0.6575146330954907,0.6161137440758294,0.8109756097560976,0.5454545454545454,494,,72.7,62682,,,,,,,,,,,,,,,,,,,,,,,,,,
indomain.Tech.xlmr_add.s13,xlmr_add,indomain,Tech,13,,0.6214945084563035,0.5490196078431373,0.801178203240059,0.5142857142857142,494,xlm-roberta-base,241.8,62682,1.0,gold+bulk,False,,,46.0,0.6882591093117408,0.6716599190283401,0.6791497975708503,0.6724696356275304,0.21371152073388763,0.23137412503957508,0.11636043339967728,2.228086648560627,0.5095915794372559,13.823293801456902,,,1.3049999999999995,0.16137638805265206,0.12659807885906796,0.3378668039082069,0.26507077434623927,0.4253407848962072,0.4023464235363824,0.16462838897890905
indomain.Tech.xlmr_add.s21,xlmr_add,indomain,Tech,21,,0.5739106574300589,0.5022026431718062,0.7579908675799086,0.46153846153846156,494,xlm-roberta-base,145.4,62682,1.0,gold+bulk,False,,,45.0,0.6538461538461539,0.648582995951417,0.6502024291497975,0.6411943319838057,0.2045628410115571,0.2122960154824648,0.08785076439380646,2.7623534910638097,0.57120680809021,15.061324954079002,,,1.285,0.175113680189606,0.13636213169528846,0.3658980794393196,0.2659698530285682,0.48610074768318945,0.4584500545495413,0.1956209839150013
indomain.Tech.xlmr_add.s42,xlmr_add,indomain,Tech,42,,0.6263648073252446,0.5865384615384616,0.8023598820058997,0.49019607843137253,494,xlm-roberta-base,299.1,62682,1.0,gold+bulk,False,,,46.0,0.6902834008097166,0.680161943319838,0.6809716599190283,0.6794534412955465,0.1922398052380417,0.2262502530323083,0.140285924077034,2.295826266049966,0.4556090831756592,14.172418523733787,,,1.7350000000000003,0.20309548995099158,0.15131860057648824,0.4516688849566765,0.36654795401351314,0.4775450182721318,0.42424416148907146,0.2065956258764115
indomain.Tech.xlmr_dapt.s13,xlmr_dapt,indomain,Tech,13,,0.5223568174387846,0.46994535519125685,0.786013986013986,0.3111111111111111,494,xlm-roberta-base,101.0,62682,1.0,gold+bulk,False,,,46.0,0.6396761133603239,0.642914979757085,0.6412955465587045,0.6321862348178138,0.15222717783057152,0.15764882389360774,0.0776764303445816,2.5491074256796296,0.6122442483901978,14.310899702259732,,,1.119999999999999,0.20454424446780353,0.18904749373674268,0.3521173054618263,0.3442257931145637,0.49008672485957905,0.4773204121239003,0.22002511149321685
indomain.Tech.xlmr_dapt.s21,xlmr_dapt,indomain,Tech,21,,0.6136994934939956,0.5108225108225108,0.7613104524180967,0.5689655172413793,494,xlm-roberta-base,168.2,62682,1.0,gold+bulk,False,,,43.0,0.7024291497975709,0.6720647773279352,0.6621457489878543,0.6479757085020242,0.22167770896014155,0.17793855822167043,0.08606605976819992,2.2374050477655563,0.5758773684501648,14.069982907186867,,,1.1899999999999997,0.1484655956176371,0.11722474898178242,0.31341248629190877,0.2941967487274289,0.44070394206788643,0.42504150204503627,0.15852985662665678
indomain.Tech.xlmr_dapt.s42,xlmr_dapt,indomain,Tech,42,,0.5916447387035623,0.48128342245989303,0.7936507936507936,0.5,494,xlm-roberta-base,185.2,62682,1.0,gold+bulk,False,,,49.0,0.6983805668016194,0.6834008097165992,0.6605263157894737,0.6432186234817814,0.18232048431975476,0.19428659675508625,0.12168125063180923,2.549305503198319,0.5319796204566956,13.317734680984216,,,1.5250000000000004,0.20347354031466203,0.1485444924615489,0.3696554089159422,0.31631901213468716,0.4818722531263717,0.4394906295002213,0.21989930032682242
indomain.Tech.xlmr_dapt_film.s13,xlmr_dapt_film,indomain,Tech,13,,0.5560339879669433,0.47368421052631576,0.7858156028368795,0.40860215053763443,494,xlm-roberta-base,116.1,62682,1.0,gold+bulk,False,,,46.0,0.6538461538461539,0.659919028340081,0.659919028340081,0.6577935222672064,0.11785042651205917,0.10501091333610336,0.09648512303829193,2.78349458489242,0.5559078454971313,14.259832119548074,,,1.0499999999999994,0.19658157892412617,0.18985921077064272,0.3115987583747426,0.29825386628095696,0.48320938508061334,0.4781344694639111,0.20706595065228242
indomain.Tech.xlmr_dapt_film.s21,xlmr_dapt_film,indomain,Tech,21,,0.6128568981070327,0.543778801843318,0.7769347496206374,0.5178571428571429,494,xlm-roberta-base,148.8,62682,1.0,gold+bulk,False,,,48.0,0.6497975708502024,0.6412955465587045,0.6307692307692307,0.6283400809716599,0.23149014809516183,0.23172459172781484,0.08281046152114868,2.1491995440118736,0.6705513000488281,13.985875643829315,,,1.119999999999999,0.13635724811275843,0.1131783525021609,0.2999022337417038,0.237110926050614,0.43847160879270325,0.4284715246705143,0.16397014925249562
indomain.Tech.xlmr_dapt_film.s42,xlmr_dapt_film,indomain,Tech,42,,0.5814493921111569,0.46153846153846156,0.7926136363636364,0.49019607843137253,494,xlm-roberta-base,171.8,62682,1.0,gold+bulk,False,,,47.0,0.6639676113360324,0.6647773279352227,0.6504048582995952,0.6454453441295547,0.20911982011285613,0.2148619062686226,0.13489335775375366,2.4523444591959955,0.528208315372467,14.149979983813525,,,1.4800000000000002,0.20690793851103853,0.1606865989862438,0.4106324722779826,0.339197171040249,0.48249106011864196,0.4417899177015894,0.21994778719736754
indomain.Tech.xlmr_dapt_film_pol.s13,xlmr_dapt_film_pol,indomain,Tech,13,,0.5474201658598822,0.455026455026455,0.7829787234042553,0.40425531914893614,494,xlm-roberta-base,117.7,62682,1.0,gold+bulk,False,,,49.0,0.6518218623481782,0.6611336032388664,0.6595141700404858,0.6519230769230769,0.22853588905580657,0.20723588075221577,0.09512770920991898,2.6958609597759406,0.5528678297996521,14.261662399206452,,,1.1449999999999996,0.19656184334351345,0.17622362753160678,0.3491426208963784,0.29761697037458,0.46895019967816093,0.4550017731170538,0.20028739082242894
indomain.Tech.xlmr_dapt_film_pol.s21,xlmr_dapt_film_pol,indomain,Tech,21,,0.6231929656435335,0.5327102803738317,0.774885145482389,0.5619834710743802,494,xlm-roberta-base,152.0,62682,1.0,gold+bulk,False,,,49.0,0.6558704453441295,0.654251012145749,0.6605263157894737,0.6507085020242915,0.19620797075855054,0.18927079800068888,0.11556573957204819,2.404208976715005,0.6591377854347229,13.920471559276725,,,1.1999999999999995,0.1325197712559771,0.10405520926733487,0.2673033409694249,0.21666745373164176,0.43200734591281775,0.417626444332832,0.1620106703030512
indomain.Tech.xlmr_dapt_film_pol.s42,xlmr_dapt_film_pol,indomain,Tech,42,,0.6362315745449529,0.5769230769230769,0.8023598820058997,0.5294117647058824,494,xlm-roberta-base,285.9,62682,1.0,gold+bulk,False,,,49.0,0.6842105263157895,0.6639676113360324,0.6649797570850202,0.66417004048583,0.23666883452358844,0.2625644888472558,0.1811506450176239,2.221697498511324,0.49935489892959595,14.663273163207899,,,1.745,0.19456551501555525,0.12546454753545688,0.41773697832432777,0.30484881803069774,0.45609119177749846,0.40085894745438255,0.20200766207638157
indomain.Tech.xlmr_film.s13,xlmr_film,indomain,Tech,13,,0.4654227648850435,0.35,0.7812080536912752,0.26506024096385544,494,xlm-roberta-base,115.0,62682,1.0,gold+bulk,False,,,46.0,0.6558704453441295,0.6234817813765182,0.6198380566801619,0.6209514170040485,0.08070300380398485,0.09952432825511477,-0.007481718901544809,3.009950887351117,0.5749115347862244,16.140048774533952,,,1.069999999999999,0.22442674421165512,0.2147625046964364,0.37992829139451845,0.36535015070279864,0.5207961916632831,0.5134307846806399,0.2313119958495217
indomain.Tech.xlmr_film.s21,xlmr_film,indomain,Tech,21,,0.6219695739798794,0.5938864628820961,0.7865853658536586,0.4854368932038835,494,xlm-roberta-base,246.4,62682,1.0,gold+bulk,False,,,46.0,0.6558704453441295,0.6558704453441295,0.6394736842105263,0.6380566801619433,0.2028038477718353,0.20801529028810706,0.12721647322177887,2.3036175762854953,0.572834312915802,13.496861201615262,,,1.855,0.1773295556823839,0.0860404239511384,0.3842817052659843,0.18993689118825957,0.45438550245759196,0.3976650591033305,0.19268562117485974
indomain.Tech.xlmr_film.s42,xlmr_film,indomain,Tech,42,,0.6098651958176514,0.586046511627907,0.7899408284023669,0.4536082474226804,494,xlm-roberta-base,295.0,62682,1.0,gold+bulk,False,,,47.0,0.6781376518218624,0.6672064777327935,0.6631578947368421,0.6643724696356276,0.21560658822693182,0.2555306529668342,0.14843225479125977,2.2926325530884584,0.516369104385376,14.279649274316094,,,1.7699999999999996,0.21025641319489274,0.143859741053014,0.44312391690546105,0.26149690913348966,0.48331918325123174,0.43149326272983296,0.22050414812869995
indomain.Tech.xlmr_film_morph.s13,xlmr_film_morph,indomain,Tech,13,,0.5024656652563629,0.45054945054945056,0.7777777777777778,0.27906976744186046,494,xlm-roberta-base,114.6,62682,1.0,gold+bulk,False,,,45.0,0.6417004048582996,0.611336032388664,0.6123481781376519,0.617004048582996,0.10923668801548406,0.12246821749419688,0.020944880321621895,2.8763572954143783,0.5275300741195679,15.835091719325264,,,1.0399999999999996,0.2167546453606759,0.21163097738173392,0.43272069734268015,0.42403601209207753,0.5243317274170729,0.520249668315417,0.22809872195168457
indomain.Tech.xlmr_film_morph.s21,xlmr_film_morph,indomain,Tech,21,,0.582284153249518,0.5423728813559322,0.7696969696969697,0.43478260869565216,494,xlm-roberta-base,112.0,62682,1.0,gold+bulk,False,,,48.0,0.6437246963562753,0.6251012145748988,0.6214574898785425,0.6142712550607288,0.18706098486855646,0.14841533961587317,0.0898841843008995,2.6225516401896534,0.5512397289276123,16.01155623010549,,,1.5099999999999996,0.17748075882155256,0.106860354896783,0.3597260593043033,0.2145704284652571,0.47717313313601756,0.4382247219359912,0.18903777623779752
indomain.Tech.xlmr_film_morph.s42,xlmr_film_morph,indomain,Tech,42,,0.6238782490169837,0.5347593582887701,0.8011611030478955,0.5357142857142857,494,xlm-roberta-base,144.7,62682,1.0,gold+bulk,False,,,49.0,0.6336032388663968,0.6441295546558704,0.6402834008097166,0.6404858299595142,0.17994408839120388,0.13563932978780605,0.07374872267246246,2.5360814050568314,0.6607797741889954,13.933672542914184,,,1.0349999999999997,0.13652196119294244,0.13472434500714162,0.30077008046647635,0.32181759280836886,0.42810477783539,0.42594753858132384,0.14744940949654797
indomain.Tech.xlmr_film_pol.s13,xlmr_film_pol,indomain,Tech,13,,0.5438801077895268,0.4838709677419355,0.788218793828892,0.3595505617977528,494,xlm-roberta-base,112.2,62682,1.0,gold+bulk,False,,,45.0,0.6396761133603239,0.6275303643724697,0.6275303643724697,0.6208502024291498,0.09028154947310706,0.09194701188409132,0.05762815102934837,3.092637436999801,0.5758434534072876,17.20807727765831,,,0.9650000000000004,0.1915450248366226,0.1959815960591764,0.34868588374869736,0.35868907902275826,0.4964969878053077,0.5000781755001187,0.2027890548694884
indomain.Tech.xlmr_film_pol.s21,xlmr_film_pol,indomain,Tech,21,,0.6131814086734463,0.5822784810126582,0.7772657450076805,0.48,494,xlm-roberta-base,265.0,62682,1.0,gold+bulk,False,,,48.0,0.6578947368421053,0.6502024291497975,0.6611336032388664,0.6579959514170041,0.16507599896735256,0.2055581301691077,0.12970837950706482,2.3038615458182394,0.5275006294250488,15.316910936499085,,,1.7400000000000002,0.19233817953065602,0.1079148290027429,0.4090566539210432,0.29384143221788595,0.4538472971990282,0.3993968200789964,0.20030051984216163
indomain.Tech.xlmr_film_pol.s42,xlmr_film_pol,indomain,Tech,42,,0.5774211535081101,0.44565217391304346,0.7821067821067821,0.5045045045045045,494,xlm-roberta-base,187.0,62682,1.0,gold+bulk,False,,,44.0,0.6477732793522267,0.6538461538461539,0.6524291497975708,0.6417004048582996,0.19095227082480787,0.20090272946213145,0.10288038104772568,2.6742530805096543,0.5915086269378662,15.205810577713944,,,1.5049999999999997,0.21380125870732744,0.15610093107976947,0.4197460619411602,0.33935004326143425,0.49566133841920373,0.45240956806693355,0.2196506183346381
indomain.Tech.xlmr_ft.s100,xlmr_ft,indomain,Tech,100,,0.6011052604541606,0.5226130653266332,0.7947214076246334,0.48598130841121495,494,xlm-roberta-base,180.1,62682,1.0,gold+bulk,False,,,44.0,0.6902834008097166,0.6651821862348178,0.6580971659919028,0.6530364372469636,0.16617059857222732,0.21135404431928329,0.09263283014297485,2.7157171343052138,0.5368399620056152,13.299271137462632,,,1.645,0.16725876517434018,0.0915303291715994,0.3482626853739953,0.20572713278560495,0.44793376961182985,0.40191101641257443,0.17658561775453518
indomain.Tech.xlmr_ft.s13,xlmr_ft,indomain,Tech,13,,0.5252103982510231,0.44692737430167595,0.7877947295423023,0.3409090909090909,494,xlm-roberta-base,105.8,62682,1.0,gold+bulk,False,,,45.0,0.6417004048582996,0.6400809716599191,0.6325910931174089,0.6286437246963563,0.04399167659187897,0.05001102683299634,0.06591813266277313,3.0961481972452454,0.5399365425109863,16.35343062591458,,,1.1349999999999998,0.1988158204073827,0.18206346076286983,0.3265735671365618,0.35396946568281196,0.49012215175494095,0.47891474408169776,0.20513074718340088
indomain.Tech.xlmr_ft.s21,xlmr_ft,indomain,Tech,21,,0.6413332303676796,0.611353711790393,0.7901234567901234,0.5225225225225225,494,xlm-roberta-base,223.8,62682,1.0,gold+bulk,False,,,44.0,0.6680161943319838,0.6785425101214575,0.6765182186234818,0.6731781376518219,0.18094100335578045,0.19378682571286704,0.09745955467224121,2.3728279284953144,0.46131661534309387,14.360550881835136,,,1.695,0.17141029436334973,0.09530095140840236,0.33322855631066195,0.2382896389475444,0.44032557196990385,0.3932883528578053,0.19065788825599522
indomain.Tech.xlmr_ft.s42,xlmr_ft,indomain,Tech,42,,0.5715638966238487,0.48677248677248675,0.7856115107913669,0.4423076923076923,494,xlm-roberta-base,194.7,62682,1.0,gold+bulk,False,,,47.0,0.6700404858299596,0.6659919028340081,0.6635627530364372,0.6536437246963562,0.15245364555402738,0.19745854332939922,0.13242660462856293,2.688004500446541,0.5965893864631653,14.55122760435189,,,1.4300000000000002,0.21220227308423478,0.16253998332276298,0.3350944474464338,0.28944067322875444,0.48922677548926313,0.4522352476722405,0.21498319391479692
indomain.Tech.xlmr_ft.s87,xlmr_ft,indomain,Tech,87,,0.6311335797637168,0.5753424657534246,0.7823439878234398,0.5357142857142857,494,xlm-roberta-base,222.5,62682,1.0,gold+bulk,False,,,44.0,0.6963562753036437,0.6979757085020243,0.6896761133603239,0.679251012145749,0.08961666544167657,0.06317452915986868,0.13532431423664093,2.4084646808246757,0.4355842173099518,14.360854464804092,,,1.7300000000000004,0.18085549421867478,0.09961367246228964,0.3746254585589407,0.23812351514433028,0.4389718280211671,0.389217171956055,0.190625869301898
indomain.Tech.xlmr_supcon.s13,xlmr_supcon,indomain,Tech,13,,0.6369467395832743,0.5675675675675675,0.7839506172839507,0.559322033898305,494,xlm-roberta-base,203.6,62682,1.0,gold+bulk,False,0.1,0.07,49.0,0.6700404858299596,0.6562753036437247,0.6435222672064778,0.6477732793522267,0.229478037504905,0.2657136544038892,0.18072840571403503,2.039979026526328,0.9048673510551453,15.85730962936532,,,1.4199999999999993,0.15203119427484096,0.09873566122901718,0.3488643666338289,0.2654611269775992,0.44628337895141945,0.4129461632981864,0.17647846681956042
indomain.Tech.xlmr_supcon.s21,xlmr_supcon,indomain,Tech,21,,0.6074476129707219,0.5566037735849056,0.7976539589442815,0.46808510638297873,494,xlm-roberta-base,242.3,62682,1.0,gold+bulk,False,0.1,0.07,50.0,0.6558704453441295,0.6538461538461539,0.6451417004048583,0.6568825910931174,0.2047124921087295,0.2307628816391416,0.19817566871643066,1.9205060480065237,0.8739908337593079,15.278623531668833,,,1.695,0.1952481166744092,0.12176082269978239,0.3748395384838107,0.27104523444561557,0.4770977441479237,0.42575183810765965,0.20627518566118716
indomain.Tech.xlmr_supcon.s42,xlmr_supcon,indomain,Tech,42,,0.6109458556149733,0.5882352941176471,0.771875,0.4727272727272727,494,xlm-roberta-base,206.8,62682,1.0,gold+bulk,False,0.1,0.07,48.0,0.6497975708502024,0.6761133603238867,0.6728744939271255,0.6675101214574899,0.18636086467517898,0.2101342795443675,0.15186108648777008,2.0137434452551086,0.8760178685188293,16.07184283805262,,,1.5149999999999995,0.17351236231147732,0.1072151020451985,0.30613373177247183,0.253548936010635,0.4606195470436923,0.421732331567752,0.18902125758598384
lodo.Finance.allma_ft.s100,allma_ft,lodo,Finance,100,,0.6887032364151643,0.6121212121212121,0.8410852713178295,0.6129032258064516,743,allmalab/bert-base-aze,127.2,162526,1.0,gold+bulk,False,,,44.0,0.7456258411843876,0.7351278600269179,0.7282637954239569,0.7190444145356663,0.2534759338146045,0.19043684826197257,0.116677425801754,2.403279200887818,0.44526436924934387,19.980324277201905,,,1.1649999999999991,0.06617990037268798,0.05696374004238591,0.20153066115008844,0.20404478813782867,0.31874266610534574,0.31318339497414643,0.10079411257897032
lodo.Finance.allma_ft.s13,allma_ft,lodo,Finance,13,,0.7279773901846712,0.657243816254417,0.8699719363891487,0.6567164179104478,743,allmalab/bert-base-aze,243.6,162526,1.0,gold+bulk,False,,,47.0,0.7537012113055181,0.7590847913862718,0.7543741588156124,0.7468371467025572,0.27191296147605704,0.15099164632440973,0.13866032660007477,2.2329881550783637,0.4505954384803772,19.072711940371786,,,1.1899999999999997,0.06043489020475488,0.038321851260320935,0.1961060643660889,0.17198212669420854,0.27682200883039604,0.2713709587119148,0.08219558212547533
lodo.Finance.allma_ft.s42,allma_ft,lodo,Finance,42,,0.7386553054835604,0.6563706563706564,0.8790397045244691,0.6805555555555556,743,allmalab/bert-base-aze,138.0,162526,1.0,gold+bulk,False,,,44.0,0.7523553162853297,0.7445491251682369,0.74185733512786,0.7345222072678331,0.2747210768665282,0.1631707826035816,0.16218990087509155,2.287150513564799,0.4647826552391052,20.395262299487367,,,1.1049999999999993,0.04444676218767682,0.035008252452831,0.13053129380449635,0.11366513752558188,0.2608197690660369,0.25912663309889333,0.047831453982302756
lodo.Finance.full.s100,full,lodo,Finance,100,,0.7107461599174306,0.6076923076923076,0.8674033149171271,0.6571428571428571,743,xlm-roberta-base,317.3,162526,1.0,gold+bulk,False,0.1,0.07,45.0,0.7456258411843876,0.746971736204576,0.7456258411843876,0.7496635262449529,0.28776726127837887,0.38027298649751107,0.35191959142684937,1.4622167426017774,0.8886091113090515,15.042568366868597,,,1.4300000000000002,0.10745403279344541,0.06804697634010506,0.26943270880849624,0.17081197340340282,0.3048110000596702,0.2851711149173269,0.11484391404492768
lodo.Finance.full.s100.frac000,full,lodo,Finance,100,frac000,0.733269292347102,0.6142322097378277,0.866474543707973,0.7191011235955056,743,xlm-roberta-base,170.4,66194,0.0,gold+bulk,False,0.1,0.07,54.0,0.7577388963660835,0.7652759084791386,0.7625841184387617,0.760228802153432,0.36006783493250144,0.4009887616934763,0.2931675910949707,1.4426637849496684,0.8625657558441162,15.273606501659645,,,1.4499999999999997,0.0789907196500654,0.03991580309570061,0.19653499347627967,0.10790245161674678,0.28895204207731884,0.2760420261912865,0.09909067782635966
lodo.Finance.full.s13,full,lodo,Finance,13,,0.7127778122432176,0.624561403508772,0.8662900188323918,0.6474820143884892,743,xlm-roberta-base,317.0,162526,1.0,gold+bulk,False,0.1,0.07,45.0,0.7496635262449529,0.7464333781965007,0.7559892328398385,0.7600269179004038,0.3035615759105241,0.4072363100544286,0.35244491696357727,1.4361349590466703,0.8725705146789551,14.0762022972147,,,1.5750000000000004,0.11217448033831309,0.059191828561595924,0.27037612584124127,0.17496142469426246,0.310272759133691,0.2833183123409269,0.11826073003779111
lodo.Finance.full.s13.frac000,full,lodo,Finance,13,frac000,0.7501001202690695,0.6370370370370371,0.874409820585458,0.7388535031847133,743,xlm-roberta-base,118.5,66194,0.0,gold+bulk,False,0.1,0.07,53.0,0.7685060565275909,0.7483176312247645,0.7456258411843876,0.7404441453566621,0.37749087443737833,0.39870422678969436,0.3029424846172333,1.5323346389521355,0.894328773021698,15.094472065120499,,,1.064999999999999,0.03808932141307209,0.03826004179553155,0.0819213540828978,0.08680741094505917,0.25459329530811325,0.2547845749437888,0.06638706734874741
lodo.Finance.full.s13.strict,full,lodo,Finance,13,strict,0.7218944740523238,0.6254295532646048,0.8641975308641975,0.676056338028169,743,xlm-roberta-base,311.8,162526,1.0,gold+bulk,True,0.1,0.07,46.0,0.7335127860026918,0.7179004037685061,0.7149394347240915,0.7171601615074025,0.29700197069244155,0.39649450631690136,0.3741183876991272,1.359919265179392,0.8759501576423645,13.135446647929463,,,2.1500000000000004,0.12423184073139101,0.03162459588692402,0.22299262175700718,0.08408913128787554,0.3259629062802897,0.29343465524304524,0.12123834595775457
lodo.Finance.full.s42,full,lodo,Finance,42,,0.7341204634630983,0.6341463414634146,0.8623326959847036,0.7058823529411765,743,xlm-roberta-base,312.6,162526,1.0,gold+bulk,False,0.1,0.07,47.0,0.746971736204576,0.7555854643337819,0.7615074024226111,0.7629205921938089,0.3161436817216227,0.38705492654876694,0.35760998725891113,1.3535084555869645,0.8730900883674622,14.678315996107221,,,1.6599999999999997,0.10045057070920903,0.03492602036625307,0.2440110784197861,0.09134405781004351,0.3019134981750164,0.28001398092542484,0.10701577372563802
lodo.Finance.full.s42.frac000,full,lodo,Finance,42,frac000,0.7501814688372012,0.6521739130434783,0.8754789272030651,0.7228915662650602,743,xlm-roberta-base,153.2,66194,0.0,gold+bulk,False,0.1,0.07,53.0,0.7510094212651414,0.7534320323014805,0.7528936742934051,0.7486541049798116,0.3563756722431081,0.3836709582048724,0.3232036232948303,1.4381060019588425,0.9087446331977844,16.10202233773866,,,1.2099999999999993,0.023748833018090727,0.04186722316496309,0.08767701345018059,0.11417979686374291,0.25927504923664413,0.26018325471411835,0.06976574180678688
lodo.Finance.full_mbert.s100,full_mbert,lodo,Finance,100,,0.6977373161993241,0.6111111111111112,0.8338249754178958,0.6482758620689655,743,bert-base-multilingual-cased,295.6,162526,1.0,gold+bulk,False,0.1,0.07,45.0,0.7644683714670256,0.7480484522207268,0.7488559892328398,0.7488559892328398,0.2384163535258994,0.2461941567076592,0.260769248008728,1.6295437766620244,0.8762434720993042,18.302030934768634,,,1.6649999999999996,0.10327967704022004,0.061096125135065404,0.361078216782986,0.16540194116668927,0.34162153329075745,0.3164047871682716,0.12843885873645305
lodo.Finance.full_mbert.s13,full_mbert,lodo,Finance,13,,0.7039926025890937,0.62,0.8603988603988604,0.631578947368421,743,bert-base-multilingual-cased,152.6,162526,1.0,gold+bulk,False,0.1,0.07,43.0,0.7281292059219381,0.7224764468371467,0.7180349932705249,0.7156796769851952,0.25606898719431986,0.30437548052321073,0.2555658221244812,1.7180001872498287,0.8996849656105042,17.31133591420225,,,1.2649999999999992,0.06836893036218167,0.06328186263424591,0.2103378625920535,0.1586471617155673,0.3055082735071524,0.29875451089970706,0.07993447456935875
lodo.Finance.full_mbert.s42,full_mbert,lodo,Finance,42,,0.6919489854744221,0.5979381443298969,0.847036328871893,0.6308724832214765,743,bert-base-multilingual-cased,299.9,162526,1.0,gold+bulk,False,0.1,0.07,45.0,0.7577388963660835,0.7348586810228802,0.7395693135935397,0.7358008075370122,0.2843151227174996,0.30686819032548557,0.2687690258026123,1.6929471685505384,0.873414933681488,19.620542137374837,,,1.59,0.10142103623103763,0.05127104466463004,0.34772909937172913,0.21970789311050365,0.3289555847822511,0.3083896551152915,0.10905247139885443
lodo.Finance.full_midinject.s100,full_midinject,lodo,Finance,100,,0.7138283100547252,0.6363636363636364,0.8622641509433963,0.6428571428571429,743,xlm-roberta-base,323.3,162526,1.0,gold+bulk,False,0.1,0.07,49.0,0.7483176312247645,0.7574697173620457,0.7588156123822342,0.7592193808882907,0.3125540838989249,0.3788808147086252,0.3493822515010834,1.4247691108198188,0.8859887719154358,15.645141608004995,,,1.4800000000000002,0.1033484304130852,0.06177920429800078,0.249620128240302,0.13301674503061367,0.3051512330568817,0.2855251650184534,0.11446614521317236
lodo.Finance.full_midinject.s13,full_midinject,lodo,Finance,13,,0.7092284345805472,0.6180555555555556,0.8617424242424242,0.647887323943662,743,xlm-roberta-base,312.1,162526,1.0,gold+bulk,False,0.1,0.07,47.0,0.7442799461641992,0.7488559892328398,0.7524899057873485,0.7550471063257066,0.2871872110328529,0.3750385459752942,0.33278030157089233,1.479015170269504,0.8687907457351685,14.656842946956107,,,1.6099999999999997,0.11632695998690996,0.053966932539966025,0.31001383736957244,0.13484953804946775,0.32076142321970874,0.2918956801745075,0.12159367343463906
lodo.Finance.full_midinject.s42,full_midinject,lodo,Finance,42,,0.7341380325681421,0.6388888888888888,0.8661567877629063,0.6973684210526315,743,xlm-roberta-base,280.6,162526,1.0,gold+bulk,False,0.1,0.07,50.0,0.7698519515477793,0.7615074024226111,0.7662180349932706,0.7664872139973082,0.3117865853415869,0.388189642146035,0.3521880507469177,1.359336337475404,0.8762657046318054,14.409108469644245,,,1.6400000000000001,0.10503637406230067,0.04172695981573834,0.22805397785961934,0.13206799709174466,0.3053049876024313,0.28309732855325803,0.11304872867405782
lodo.Finance.mbert_ft.s100,mbert_ft,lodo,Finance,100,,0.7054083706287958,0.6266666666666667,0.8525214081826832,0.6370370370370371,743,bert-base-multilingual-cased,222.4,162526,1.0,gold+bulk,False,,,43.0,0.7496635262449529,0.741049798115747,0.7383580080753701,0.739771197846568,0.2359869097020328,0.151663491318505,0.19307991862297058,1.9154185051388914,0.4770202934741974,15.88868262408645,,,1.18,0.046384077476832576,0.023368937495994915,0.1796721231345284,0.13543746894954212,0.3015085082117046,0.2978241091739466,0.07912908783660172
lodo.Finance.mbert_ft.s13,mbert_ft,lodo,Finance,13,,0.6621021228014018,0.5182186234817814,0.8574007220216606,0.6106870229007634,743,bert-base-multilingual-cased,165.4,162526,1.0,gold+bulk,False,,,43.0,0.7375504710632571,0.7343203230148049,0.7362045760430687,0.7325706594885599,0.221354339555041,0.17728740875786753,0.16747188568115234,2.1215031427035185,0.49985000491142273,16.135491971449177,,,1.225,0.06896369996346186,0.04680106866564016,0.14718147486087874,0.09380417373145633,0.30398226882494817,0.29819269379014346,0.063159306210742
lodo.Finance.mbert_ft.s42,mbert_ft,lodo,Finance,42,,0.701645613074097,0.6031746031746031,0.8151950718685832,0.6865671641791045,743,bert-base-multilingual-cased,231.8,162526,1.0,gold+bulk,False,,,45.0,0.7456258411843876,0.7348586810228802,0.7386271870794078,0.7430686406460296,0.2577174601354343,0.15875399751298827,0.1772499978542328,1.8531996877187848,0.42677560448646545,16.256124461528216,,,1.4149999999999994,0.08858199071932372,0.04597997400088126,0.2130016777374627,0.1023121379227484,0.3633360807765266,0.34780105847879506,0.1479534600070353
lodo.Finance.mdeberta_ft.s100,mdeberta_ft,lodo,Finance,100,,0.6981638926856709,0.648854961832061,0.8742081447963801,0.5714285714285714,743,microsoft/mdeberta-v3-base,278.5,162526,1.0,gold+bulk,False,,,46.0,0.7442799461641992,0.7531628532974428,0.7545087483176313,0.7513458950201884,0.306955130146144,0.29691396135442644,0.2871130406856537,1.4298165433314853,0.5916022658348083,10.112513288184063,,,1.219999999999999,0.08983219496199271,0.06601359540491207,0.2975987238461958,0.2577970415230473,0.285112730447057,0.27527121866082244,0.10081426211392977
lodo.Finance.mdeberta_ft.s13,mdeberta_ft,lodo,Finance,13,,0.7207988415859209,0.622568093385214,0.8731617647058824,0.6666666666666666,743,microsoft/mdeberta-v3-base,203.0,162526,1.0,gold+bulk,False,,,47.0,0.7577388963660835,0.746164199192463,0.7458950201884254,0.7421265141318977,0.3219746292378071,0.28754600520437235,0.21765469014644623,1.5362294145466822,0.5736368298530579,11.56311351482289,,,1.23,0.0679599927394259,0.0452524394033677,0.1958744543129688,0.16362093313646076,0.28659750703062375,0.2787322947492195,0.08388845653452189
lodo.Finance.mdeberta_ft.s42,mdeberta_ft,lodo,Finance,42,,0.7548583860301376,0.6554054054054054,0.8753568030447193,0.7338129496402878,743,microsoft/mdeberta-v3-base,424.3,162526,1.0,gold+bulk,False,,,45.0,0.7496635262449529,0.7502018842530283,0.7566621803499327,0.7549125168236878,0.29168049783675676,0.2661873066140084,0.2827640473842621,1.47084807764889,0.5556256771087646,10.486878703648218,,,1.2649999999999992,0.07930392156598991,0.052835024193457196,0.1524586357142087,0.10855924472017298,0.2759395252328403,0.2681830421510732,0.08907657683245322
lodo.Finance.xlmr_dann.s100,xlmr_dann,lodo,Finance,100,,0.7114721421488372,0.5813953488372093,0.8659981768459435,0.6870229007633588,743,xlm-roberta-base,223.1,162526,1.0,gold+bulk,False,,,48.0,0.7550471063257066,0.7370121130551817,0.7411843876177658,0.743606998654105,0.25240823718267325,0.270587153461153,0.2444855123758316,1.8103810847095783,0.48097482323646545,13.053613076383646,,,1.2549999999999994,0.10023484542217591,0.07466145894362618,0.27514119425509254,0.20006040468431463,0.30528210591366495,0.29365185983758624,0.10469155047539283
lodo.Finance.xlmr_dann.s13,xlmr_dann,lodo,Finance,13,,0.7003982282982917,0.5905511811023622,0.8688524590163934,0.6417910447761194,743,xlm-roberta-base,161.4,162526,1.0,gold+bulk,False,,,49.0,0.7402422611036339,0.7289367429340512,0.7333781965006729,0.7362718707940781,0.12223065442321014,0.13625613321867164,0.19888977706432343,2.287595394959688,0.5156140327453613,14.068137902868568,,,1.2149999999999992,0.07973361163453853,0.06028342379944178,0.1471453861435762,0.10709013441960524,0.2954959394188061,0.28910755656492787,0.07643947517058056
lodo.Finance.xlmr_dann.s42,xlmr_dann,lodo,Finance,42,,0.7198561874171935,0.6688524590163935,0.8647619047619047,0.6259541984732825,743,xlm-roberta-base,199.8,162526,1.0,gold+bulk,False,,,47.0,0.7779273216689099,0.7631224764468372,0.7616419919246299,0.7539703903095558,0.24035609172862987,0.20503952612591053,0.20555979013442993,1.6571274751596785,0.5840550661087036,13.35003860649134,,,1.124999999999999,0.07945621214754661,0.06651166047432273,0.16053095847194854,0.1467022930872791,0.2947101646199838,0.2894025790266671,0.09838275288352884
lodo.Finance.xlmr_dapt.s100,xlmr_dapt,lodo,Finance,100,,0.6979050742717323,0.5849802371541502,0.867513611615245,0.6412213740458015,743,xlm-roberta-base,226.2,162526,1.0,gold+bulk,False,,,48.0,0.7456258411843876,0.7318977119784656,0.7318977119784656,0.7398384925975774,0.15454330192198232,0.23215044353975509,0.2346394658088684,1.9641930993425587,0.5655249357223511,13.240177196278697,,,1.13,0.09589805223529349,0.08154954724268948,0.21963822820014933,0.1897373643906709,0.2993120763679895,0.2928381793653657,0.09971108982165068
lodo.Finance.xlmr_dapt.s13,xlmr_dapt,lodo,Finance,13,,0.6829528098345303,0.6074074074074074,0.8608058608058609,0.5806451612903226,743,xlm-roberta-base,154.1,162526,1.0,gold+bulk,False,,,47.0,0.7429340511440108,0.735935397039031,0.7375504710632571,0.7318977119784656,0.3286259620330096,0.34817873696127555,0.258144348859787,1.7210399646164223,0.6143211722373962,13.550654066448036,,,1.1049999999999993,0.08770533905184591,0.07543933388024333,0.2189276712299656,0.17245947301818754,0.3019125186771588,0.2969110983655708,0.09250749277673694
lodo.Finance.xlmr_dapt.s42,xlmr_dapt,lodo,Finance,42,,0.7251872742919948,0.6573426573426573,0.8716026241799437,0.6466165413533834,743,xlm-roberta-base,172.3,162526,1.0,gold+bulk,False,,,46.0,0.7321668909825033,0.7391655450874832,0.7445491251682369,0.7455585464333782,0.28528237977517135,0.341184460704734,0.23983177542686462,1.7824153852423847,0.5074165463447571,13.27697765490135,,,1.2949999999999997,0.08770028542655563,0.05439307747115019,0.20734251110220325,0.16642898171164855,0.2845242819205136,0.27160390741574186,0.09487705998468265
lodo.Finance.xlmr_dapt_film.s100,xlmr_dapt_film,lodo,Finance,100,,0.709224342120558,0.6196078431372549,0.8717015468607825,0.6363636363636364,743,xlm-roberta-base,200.5,162526,1.0,gold+bulk,False,,,47.0,0.7442799461641992,0.7380888290713324,0.7413189771197847,0.7488559892328398,0.26130933263400097,0.2716875512501653,0.20243044197559357,1.742353244769105,0.5588958859443665,12.378571731638212,,,1.0949999999999995,0.08402693363081896,0.07442368456559804,0.284866193599401,0.22209664878618507,0.29227063011776,0.2878682166272047,0.09439327807128454
lodo.Finance.xlmr_dapt_film.s13,xlmr_dapt_film,lodo,Finance,13,,0.6533252809517092,0.5755395683453237,0.8511029411764706,0.5333333333333333,743,xlm-roberta-base,141.5,162526,1.0,gold+bulk,False,,,45.0,0.7281292059219381,0.7039030955585465,0.7098250336473755,0.7162180349932705,0.1674799382280289,0.07025145990716591,0.14453615248203278,2.1428541144840465,0.5216407775878906,12.233392784474773,,,1.1599999999999993,0.10384390023025884,0.08395960659748429,0.23535209099198595,0.17813967047224594,0.31422962993952375,0.304774916881195,0.11254353904311352
lodo.Finance.xlmr_dapt_film.s42,xlmr_dapt_film,lodo,Finance,42,,0.7193081370031346,0.6488294314381271,0.8620361560418649,0.6470588235294118,743,xlm-roberta-base,173.4,162526,1.0,gold+bulk,False,,,49.0,0.7604306864064603,0.7477792732166891,0.7503364737550471,0.7549798115746972,0.2715770833004897,0.2680173102329527,0.22591961920261383,1.6875394081884407,0.495584636926651,14.259862963932084,,,1.23,0.09396900645283081,0.07011126729857747,0.2459179276056399,0.20394160331655442,0.2860326540211472,0.2762404923425219,0.09751169548667007
lodo.Finance.xlmr_film.s100,xlmr_film,lodo,Finance,100,,0.6977906522822653,0.6326530612244898,0.8560677328316086,0.6046511627906976,743,xlm-roberta-base,306.7,162526,1.0,gold+bulk,False,,,48.0,0.7483176312247645,0.7453566621803499,0.747913862718708,0.7518169582772544,0.2810607723234854,0.2797910297934489,0.2312813103199005,1.7421883030317706,0.533166229724884,13.372008477602463,,,1.5199999999999994,0.12260970679511564,0.06967155667924337,0.3148235712432158,0.15452646916831125,0.32262312926620845,0.2971705155414985,0.11957845274817583
lodo.Finance.xlmr_film.s13,xlmr_film,lodo,Finance,13,,0.7208335065920206,0.6596491228070176,0.8720821661998133,0.6307692307692307,743,xlm-roberta-base,302.4,162526,1.0,gold+bulk,False,,,47.0,0.7550471063257066,0.7458950201884254,0.7510094212651414,0.7565948855989233,0.26747729379286167,0.2764736571414261,0.24371999502182007,1.7597688243124487,0.5040808916091919,12.998950746583361,,,1.435,0.10620472988749183,0.0637720091751623,0.2574274268134341,0.1503082429489202,0.30227783226476046,0.2853654041169665,0.10882192765486469
lodo.Finance.xlmr_film.s42,xlmr_film,lodo,Finance,42,,0.7131754254896391,0.6411149825783972,0.8601134215500945,0.6382978723404256,743,xlm-roberta-base,178.7,162526,1.0,gold+bulk,False,,,48.0,0.7240915208613729,0.7464333781965007,0.7440107671601615,0.7442126514131898,0.2666313634053556,0.21549515358542026,0.1685064136981964,1.8373687908057503,0.5516784191131592,14.005189022050335,,,1.1999999999999995,0.08380301048896072,0.060949984670469186,0.19479512452563186,0.14735744271844442,0.2966291765368524,0.288698736060468,0.10162274730699357
lodo.Finance.xlmr_ft.s100,xlmr_ft,lodo,Finance,100,,0.7006295372050816,0.59375,0.867513611615245,0.640625,743,xlm-roberta-base,216.5,162526,1.0,gold+bulk,False,,,45.0,0.730820995962315,0.7332436069986541,0.7358008075370122,0.7394347240915209,0.18287192471761057,0.2767225609794668,0.23920227587223053,1.9090999598461433,0.5431703329086304,13.289295828462846,,,1.1999999999999995,0.09672965047223642,0.07496962861856077,0.25746199729689423,0.2512920885811999,0.30950433748427536,0.29952480438092516,0.10047665596306576
lodo.Finance.xlmr_ft.s100.frac000,xlmr_ft,lodo,Finance,100,frac000,0.7020502643489236,0.6095890410958904,0.8475551294343241,0.6490066225165563,743,xlm-roberta-base,176.0,66194,0.0,gold+bulk,False,,,32.0,,,,,,,,,,,,,,,,,,,,
lodo.Finance.xlmr_ft.s13,xlmr_ft,lodo,Finance,13,,0.6955570215793946,0.6385964912280702,0.862708719851577,0.5853658536585366,743,xlm-roberta-base,181.4,162526,1.0,gold+bulk,False,,,45.0,0.7375504710632571,0.731628532974428,0.7362045760430687,0.741049798115747,0.1727280557411562,0.23810893164725752,0.19759106636047363,2.1587970511267818,0.5626983642578125,13.217675919635434,,,1.44,0.09514300444497563,0.049606501680154555,0.198712960380801,0.15065694304280997,0.31192819960673457,0.2969575579243724,0.10013397644948178
lodo.Finance.xlmr_ft.s13.frac000,xlmr_ft,lodo,Finance,13,frac000,0.733849889844064,0.6688102893890675,0.8615984405458089,0.6711409395973155,743,xlm-roberta-base,285.2,66194,0.0,gold+bulk,False,,,30.0,,,,,,,,,,,,,,,,,,,,
lodo.Finance.xlmr_ft.s42,xlmr_ft,lodo,Finance,42,,0.710922934446866,0.6498194945848376,0.8700460829493087,0.6129032258064516,743,xlm-roberta-base,253.1,162526,1.0,gold+bulk,False,,,47.0,0.730820995962315,0.7415881561238223,0.7449528936742934,0.7503364737550471,0.16565789711830686,0.2341501221985975,0.23019510507583618,1.9267642152345459,0.5874093174934387,14.59982071769628,,,1.23,0.09392784081857804,0.07406583778399929,0.21958163681517806,0.150169229599744,0.3053779537142169,0.29620711782976,0.09239479006753695
lodo.Finance.xlmr_ft.s42.frac000,xlmr_ft,lodo,Finance,42,frac000,0.733047842961636,0.6319444444444444,0.8659003831417624,0.7012987012987013,743,xlm-roberta-base,181.1,66194,0.0,gold+bulk,False,,,30.0,,,,,,,,,,,,,,,,,,,,
lodo.Finance.xlmr_supcon.s100,xlmr_supcon,lodo,Finance,100,,0.717368337006164,0.6394557823129252,0.8647619047619047,0.647887323943662,743,xlm-roberta-base,308.2,162526,1.0,gold+bulk,False,0.1,0.07,48.0,0.7725437415881561,0.7668909825033647,0.7659488559892328,0.7620457604306864,0.3044090322907937,0.37099663198493255,0.35195261240005493,1.3799146098698092,0.8835747241973877,15.253712598498732,,,1.4749999999999992,0.09838478093343996,0.0558057375893043,0.2532925666985505,0.1544889280185231,0.30244887341506055,0.28369176414983005,0.11202732923609583
lodo.Finance.xlmr_supcon.s13,xlmr_supcon,lodo,Finance,13,,0.719092094306962,0.6075085324232082,0.8636363636363636,0.6861313868613139,743,xlm-roberta-base,198.1,162526,1.0,gold+bulk,False,0.1,0.07,46.0,0.7792732166890982,0.7588156123822342,0.7537012113055181,0.752086137281292,0.287107213818596,0.36618198234784854,0.30935049057006836,1.508819659306921,0.8972519636154175,15.65543578370329,,,1.3049999999999995,0.08011263636938044,0.04582158515053355,0.21172003073032453,0.1352965594575759,0.3028726780350274,0.2915279996195743,0.08953747213007957
lodo.Finance.xlmr_supcon.s42,xlmr_supcon,lodo,Finance,42,,0.7156632613702737,0.6040268456375839,0.8533077660594439,0.6896551724137931,743,xlm-roberta-base,268.1,162526,1.0,gold+bulk,False,0.1,0.07,48.0,0.7388963660834454,0.7553162853297443,0.7585464333781965,0.7536339165545087,0.3008256571592374,0.37478426180567725,0.3481511175632477,1.398037013029894,0.8868076801300049,16.149898191458398,,,1.5800000000000003,0.1082188544475551,0.051450063400523625,0.22724499563590572,0.12701862709298073,0.31737886638752055,0.29592061825165933,0.11639061245306755
lodo.Public.allma_ft.s100,allma_ft,lodo,Public,100,,0.35841742838904206,0.25821596244131456,0.6039215686274509,0.21311475409836064,784,allmalab/bert-base-aze,172.6,189210,1.0,gold+bulk,False,,,48.0,0.46938775510204084,0.46479591836734696,0.47219387755102044,0.47525510204081634,0.2088155993964902,0.20418360623248655,0.10314592719078064,2.9147119614401014,0.6049308180809021,28.404011433260273,,,1.0949999999999995,0.4417539757892342,0.43315396000632295,0.7914315095493408,0.7842237354008674,0.935471235022466,0.9224415078440378,0.4702588989549085
lodo.Public.allma_ft.s13,allma_ft,lodo,Public,13,,0.4515389668388445,0.37209302325581395,0.6216216216216216,0.3609022556390977,784,allmalab/bert-base-aze,170.1,189210,1.0,gold+bulk,False,,,47.0,0.4770408163265306,0.4798469387755102,0.4813775510204082,0.4844387755102041,0.1974072096635608,0.2061022531427238,0.12283651530742645,2.8102003285180444,0.6292117834091187,24.433824119574474,,,1.0799999999999998,0.34553535284576914,0.33402543731161366,0.5338437781933248,0.5196767719578337,0.7478935641401557,0.7325101124175627,0.3730225192323145
lodo.Public.allma_ft.s42,allma_ft,lodo,Public,42,,0.43573543016341415,0.34210526315789475,0.6243602865916069,0.34074074074074073,784,allmalab/bert-base-aze,202.3,189210,1.0,gold+bulk,False,,,48.0,0.4655612244897959,0.4701530612244898,0.47130102040816324,0.4757015306122449,0.16622247391825742,0.1298607310507029,0.12447921931743622,2.862136166978978,0.6326826214790344,24.089116839465404,,,1.1449999999999996,0.35465203657229616,0.3357497137116483,0.5976322113736484,0.572527745776848,0.7681894194214677,0.7398436278456066,0.3924888918333542
lodo.Public.full.s100,full,lodo,Public,100,,0.5032486476880562,0.3803418803418803,0.6264800861141012,0.5029239766081871,784,xlm-roberta-base,185.7,189210,1.0,gold+bulk,False,0.1,0.07,47.0,0.44642857142857145,0.4801020408163265,0.49349489795918366,0.4957270408163265,0.19587073520642742,0.14632172697074153,0.1588304340839386,2.010221713930196,0.9081675410270691,19.08504028272421,,,1.485,0.3493686853230505,0.27772875257322194,0.5564130214149872,0.5155804408029987,0.7508666092553289,0.6654069162569141,0.3574984990852034
lodo.Public.full.s100.frac000,full,lodo,Public,100,frac000,0.7066917998139323,0.7013422818791947,0.7214854111405835,0.6972477064220184,784,xlm-roberta-base,227.2,77893,0.0,gold+bulk,False,0.1,0.07,54.0,0.5599489795918368,0.5880102040816326,0.5984693877551021,0.5992984693877551,0.3387618247324053,0.38584659730798593,0.3118290901184082,1.4360875181617259,0.8586645722389221,18.94907973166229,,,1.4199999999999993,0.1405837545469417,0.07863353530689904,0.3465902060445315,0.24644599172211445,0.42889987416013253,0.39940452874083715,0.16784545575453316
lodo.Public.full.s13,full,lodo,Public,13,,0.5109681449374988,0.3605150214592275,0.6221248630887185,0.5502645502645502,784,xlm-roberta-base,151.0,189210,1.0,gold+bulk,False,0.1,0.07,48.0,0.49489795918367346,0.4969387755102041,0.5021683673469388,0.5026785714285714,0.22740634092825113,0.19394814933494625,0.16162531077861786,2.240115157211486,0.8878268599510193,19.111866136263682,,,1.18,0.29255208876433225,0.2601594239249929,0.5171633931804289,0.4970345705972769,0.6931966335261179,0.6609849458406415,0.3194016659008815
lodo.Public.full.s13.frac000,full,lodo,Public,13,frac000,0.7158850287262825,0.7565891472868217,0.7215007215007215,0.6695652173913044,784,xlm-roberta-base,182.0,77893,0.0,gold+bulk,False,0.1,0.07,54.0,0.5931122448979592,0.5785714285714286,0.5693877551020409,0.5693239795918368,0.34095735747334055,0.39983261083249166,0.3116833567619324,1.456268207498107,0.880779504776001,17.421141803231706,,,1.3199999999999992,0.09095897725980846,0.05575511486056849,0.21488185599910914,0.17110802531041058,0.3635012812393849,0.3506058000280644,0.10789556957403783
lodo.Public.full.s13.strict,full,lodo,Public,13,strict,0.4912986089958371,0.4163265306122449,0.6289978678038379,0.42857142857142855,784,xlm-roberta-base,256.8,189210,1.0,gold+bulk,True,0.1,0.07,47.0,0.5127551020408163,0.5191326530612245,0.516454081632653,0.5161352040816326,0.1671624166256248,0.11223954246407057,0.10630843043327332,2.2169740707934413,0.9003472924232483,18.66380307285614,,,2.1500000000000004,0.38859814361552236,0.25900361136048294,0.588131413035403,0.3994686682587645,0.8142764864220438,0.6551037188891091,0.39602258528833506
lodo.Public.full.s42,full,lodo,Public,42,,0.5202054867425314,0.4426559356136821,0.6295884315906563,0.4883720930232558,784,xlm-roberta-base,160.0,189210,1.0,gold+bulk,False,0.1,0.07,47.0,0.4642857142857143,0.4770408163265306,0.48278061224489793,0.48903061224489797,0.2170169022818755,0.19474891171296962,0.1730940341949463,2.050298276596754,0.914055585861206,17.421761229510487,,,1.5300000000000002,0.3124653900172488,0.22440752763609326,0.5522925943349102,0.4179479262229542,0.6926422872351546,0.6114535970207067,0.3194925467322652
lodo.Public.full.s42.frac000,full,lodo,Public,42,frac000,0.7347165476322443,0.7886904761904762,0.7334315169366715,0.6820276497695853,784,xlm-roberta-base,223.4,77893,0.0,gold+bulk,False,0.1,0.07,54.0,0.6071428571428571,0.5977040816326531,0.613265306122449,0.6165816326530612,0.3669963964222222,0.4420454508727233,0.33932456374168396,1.423086515526007,0.883145809173584,19.28320667705912,,,1.2499999999999996,0.06462793059437297,0.044789234814197075,0.1781862795880187,0.16210590773560607,0.3468254549805202,0.33953076407217325,0.09770079027309256
lodo.Public.full_mbert.s100,full_mbert,lodo,Public,100,,0.5213337099655292,0.4105691056910569,0.6186726659167604,0.5347593582887701,784,bert-base-multilingual-cased,162.5,189210,1.0,gold+bulk,False,0.1,0.07,42.0,0.47066326530612246,0.4772959183673469,0.4772959183673469,0.47238520408163265,0.2058320077559457,0.19172705300873913,0.12713421881198883,2.4642010799824745,0.9081786274909973,21.793625995781564,,,1.6099999999999997,0.2697264482862164,0.1835452668163359,0.5194531269140917,0.39661442869544655,0.6667213344019924,0.5832690642761815,0.2949695257421548
lodo.Public.full_mbert.s13,full_mbert,lodo,Public,13,,0.48743600511959045,0.3958333333333333,0.6220302375809935,0.4444444444444444,784,bert-base-multilingual-cased,144.5,189210,1.0,gold+bulk,False,0.1,0.07,46.0,0.4642857142857143,0.4686224489795918,0.4683673469387755,0.4677295918367347,0.19337529259930308,0.1649423246885495,0.11703894287347794,2.3820189048083122,0.902604877948761,21.85448657887194,,,1.6699999999999995,0.32208222918708873,0.22204684252223894,0.6630946974525623,0.5657585918876116,0.7484893518259057,0.6496608728862465,0.34793732490157214
lodo.Public.full_mbert.s42,full_mbert,lodo,Public,42,,0.5084837019520564,0.412,0.6197802197802198,0.4936708860759494,784,bert-base-multilingual-cased,110.0,189210,1.0,gold+bulk,False,0.1,0.07,45.0,0.4528061224489796,0.461734693877551,0.4659438775510204,0.4714285714285714,0.19269670688752172,0.17981870800284178,0.12168284505605698,2.5815348257748543,0.9103806614875793,21.210244861168714,,,1.4949999999999999,0.2662836312900266,0.1781422969329203,0.4884205919714395,0.36574064074912915,0.6683084457622799,0.5961370546834254,0.2980999839762914
lodo.Public.full_midinject.s100,full_midinject,lodo,Public,100,,0.4994179155966792,0.3644251626898048,0.6280814576634512,0.5057471264367817,784,xlm-roberta-base,209.4,189210,1.0,gold+bulk,False,0.1,0.07,46.0,0.46811224489795916,0.4857142857142857,0.4942602040816326,0.4931760204081633,0.18746885010079303,0.14034203167721537,0.14826145768165588,2.080134313677585,0.9103716611862183,19.16756586665601,,,1.435,0.35498073926742746,0.29222903592734845,0.5341452654338428,0.5162541655107358,0.764498425509479,0.6863797092322832,0.3595690654367902
lodo.Public.full_midinject.s13,full_midinject,lodo,Public,13,,0.5199485108626077,0.3717948717948718,0.6255506607929515,0.5625,784,xlm-roberta-base,109.2,189210,1.0,gold+bulk,False,0.1,0.07,49.0,0.49362244897959184,0.5035714285714286,0.5047193877551021,0.502295918367347,0.21185740077775492,0.17379560807411404,0.149327352643013,2.299813467618923,0.8826360702514648,19.265738312238682,,,1.2699999999999991,0.2918802089754331,0.24267381987147063,0.49934001997323896,0.446118700411795,0.692887462305434,0.6462102617343652,0.3186372937680002
lodo.Public.full_midinject.s42,full_midinject,lodo,Public,42,,0.5125629684024401,0.4439918533604888,0.6321585903083701,0.46153846153846156,784,xlm-roberta-base,153.9,189210,1.0,gold+bulk,False,0.1,0.07,49.0,0.45790816326530615,0.4885204081632653,0.48915816326530615,0.4927295918367347,0.22047800162501088,0.20763486477661414,0.17791059613227844,1.9858604708437435,0.9203726649284363,18.209066021383624,,,1.54,0.2867008254285142,0.2063845165827379,0.4866950384450866,0.402863256908548,0.6770314277186655,0.5947806098974834,0.318801452711883
lodo.Public.full_sampler_indomain.s100,full_sampler_indomain,lodo,Public,100,,0.4819109871440513,0.4344262295081967,0.6283280085197018,0.3829787234042553,784,xlm-roberta-base,321.4,189210,1.0,gold+bulk,False,0.1,0.07,48.0,0.47831632653061223,0.4928571428571429,0.4940051020408163,0.4926658163265306,0.1862580299046463,0.12935506291727203,0.14916034042835236,2.0770662425212416,0.9029098153114319,18.032993588870756,,,1.4499999999999997,0.3723026117644027,0.32607105478105514,0.6586027162426967,0.5515152379591666,0.7940359808878079,0.7248542752632072,0.39279508631843574
lodo.Public.full_sampler_indomain.s13,full_sampler_indomain,lodo,Public,13,,0.4837212272701282,0.38477801268498946,0.6280295047418335,0.4383561643835616,784,xlm-roberta-base,148.7,189210,1.0,gold+bulk,False,0.1,0.07,49.0,0.45535714285714285,0.47066326530612246,0.47933673469387755,0.49362244897959184,0.19592742127828083,0.17285570932297678,0.1498468518257141,2.2166287206146174,0.9220074415206909,18.79266326534311,,,0.9650000000000004,0.3258714285504101,0.3313216301702795,0.6444293238572039,0.6289325357462286,0.7476749567954484,0.754060035014911,0.3685948478496778
lodo.Public.full_sampler_indomain.s42,full_sampler_indomain,lodo,Public,42,,0.4649584629875994,0.37791932059447986,0.6256517205422315,0.391304347826087,784,xlm-roberta-base,118.3,189210,1.0,gold+bulk,False,0.1,0.07,48.0,0.4961734693877551,0.4926020408163265,0.4954081632653061,0.49929846938775513,0.18687761312926068,0.14802721305174016,0.14617809653282166,2.1520047786611887,0.9191135168075562,18.56363320936638,,,0.9050000000000004,0.33676960685861274,0.3482185717533628,0.5603346773162767,0.6008783291038957,0.7456773064574912,0.7656577160557332,0.36819399356814436
lodo.Public.full_sampler_random.s100,full_sampler_random,lodo,Public,100,,0.44802884854358155,0.31929046563192903,0.6189989785495403,0.4057971014492754,784,xlm-roberta-base,253.2,189210,1.0,gold+bulk,False,0.1,0.07,50.0,0.48341836734693877,0.48698979591836733,0.492984693877551,0.48973214285714284,0.1765112241578074,0.12157747289946012,0.1381850689649582,2.0539378707032148,0.9290962815284729,16.62016894564254,,,1.13,0.39242192446231733,0.3767105776958594,0.7196039426887113,0.6972711492354685,0.8455914047389582,0.8229827524640864,0.42241479089481015
lodo.Public.full_sampler_random.s13,full_sampler_random,lodo,Public,13,,0.46359081097749,0.37446808510638296,0.625,0.391304347826087,784,xlm-roberta-base,155.9,189210,1.0,gold+bulk,False,0.1,0.07,50.0,0.45663265306122447,0.4903061224489796,0.49668367346938774,0.49228316326530613,0.1929824644939511,0.1491248153384804,0.15461434423923492,2.1197231674078947,0.918282151222229,18.8327588522904,,,1.1449999999999996,0.36459597979531083,0.3439644847555929,0.6915607875850045,0.6651336734424853,0.7963877189220336,0.7701270678609644,0.3870056448533315
lodo.Public.full_sampler_random.s42,full_sampler_random,lodo,Public,42,,0.47435519707372137,0.3831578947368421,0.6226415094339622,0.4172661870503597,784,xlm-roberta-base,199.1,189210,1.0,gold+bulk,False,0.1,0.07,50.0,0.4604591836734694,0.4686224489795918,0.47079081632653064,0.47366071428571427,0.2019535212149525,0.1443469421298991,0.1538764238357544,2.0864466181918817,0.92484050989151,18.02668448717073,,,1.0399999999999996,0.3566563735644504,0.35427179538021497,0.713922527493106,0.6880882856263744,0.7936170504026754,0.7865561572149181,0.39126093174842774
lodo.Public.mbert_ft.s100,mbert_ft,lodo,Public,100,,0.4272493122786391,0.2825112107623318,0.6050761421319797,0.39416058394160586,784,bert-base-multilingual-cased,242.6,189210,1.0,gold+bulk,False,,,45.0,0.45790816326530615,0.46479591836734696,0.4614795918367347,0.46269132653061223,0.1887401508065587,0.15512329529827668,0.11270682513713837,2.4581535812724913,0.5614157915115356,20.10084980096243,,,1.0399999999999996,0.37711846368512436,0.3722312706513781,0.6183255521035436,0.6465711421036227,0.8150819360488031,0.8073174838490398,0.403175772916033
lodo.Public.mbert_ft.s13,mbert_ft,lodo,Public,13,,0.3689630959421731,0.30734966592427615,0.6044176706827309,0.1951219512195122,784,bert-base-multilingual-cased,237.6,189210,1.0,gold+bulk,False,,,45.0,0.4655612244897959,0.4614795918367347,0.4607142857142857,0.457015306122449,0.17584177996181055,0.13807310206130272,0.09950081259012222,2.6213979006227577,0.5912922024726868,22.059741992161428,,,0.9300000000000004,0.4031600004700276,0.41089042001886816,0.683891158123209,0.6979439458023242,0.8546418802662851,0.8681351575346218,0.4208954925166755
lodo.Public.mbert_ft.s42,mbert_ft,lodo,Public,42,,0.4554514722259649,0.38589211618257263,0.6181434599156118,0.36231884057971014,784,bert-base-multilingual-cased,252.5,189210,1.0,gold+bulk,False,,,44.0,0.4642857142857143,0.46964285714285714,0.4705357142857143,0.46798469387755104,0.17124741379434202,0.13489685896511042,0.10816437751054764,2.444872854950447,0.5374958515167236,19.51125124676332,,,1.1999999999999995,0.3486252560401934,0.33268723386203736,0.6377942940514942,0.5740303599213304,0.7768256554450348,0.7412602593056944,0.37582914041248433
lodo.Public.mdeberta_ft.s100,mdeberta_ft,lodo,Public,100,,0.5133647214936885,0.4168421052631579,0.6360725720384205,0.48717948717948717,784,microsoft/mdeberta-v3-base,245.6,189210,1.0,gold+bulk,False,,,46.0,0.49362244897959184,0.4969387755102041,0.4957908163265306,0.494515306122449,0.2208805196226535,0.20940999364043972,0.22126241028308868,1.818968474045694,0.6135374903678894,12.28403062170616,,,1.1549999999999994,0.33033639887603533,0.31466807211541337,0.6466129606383693,0.6315994733086769,0.7446585974820962,0.7186793367694798,0.37383124064568657
lodo.Public.mdeberta_ft.s13,mdeberta_ft,lodo,Public,13,,0.45592068195546287,0.36324786324786323,0.6160249739854319,0.38848920863309355,784,microsoft/mdeberta-v3-base,175.3,189210,1.0,gold+bulk,False,,,47.0,0.49744897959183676,0.5209183673469387,0.5100765306122449,0.5047831632653061,0.2729304906855308,0.2666619671628757,0.2270457148551941,1.8126762603383504,0.6236276030540466,11.846340125216248,,,1.124999999999999,0.3644078504258116,0.3471158624963889,0.6564284600627666,0.6230605103790529,0.7692837678644107,0.7446550367291636,0.3917129034584948
lodo.Public.mdeberta_ft.s42,mdeberta_ft,lodo,Public,42,,0.49185032778338716,0.3624454148471616,0.6247334754797441,0.4883720930232558,784,microsoft/mdeberta-v3-base,289.9,189210,1.0,gold+bulk,False,,,47.0,0.49362244897959184,0.48367346938775513,0.4802295918367347,0.4783801020408163,0.21759585141755108,0.16473810828242483,0.18519413471221924,1.989165254590209,0.6829802989959717,12.992318980040247,,,1.3149999999999993,0.35936040147484466,0.3201432928833808,0.6777588275217701,0.6110028294929535,0.7960547154899331,0.7439038928236499,0.38963448306239823
lodo.Public.xlmr_dann.s100,xlmr_dann,lodo,Public,100,,0.4348714258263439,0.34273318872017355,0.6160164271047228,0.3458646616541353,784,xlm-roberta-base,174.9,189210,1.0,gold+bulk,False,,,49.0,0.45408163265306123,0.46377551020408164,0.4670918367346939,0.4670918367346939,0.02735867445479466,-0.008414731305784096,0.018047668039798737,3.4111583730141732,0.5179799199104309,16.79719787663129,,,1.13,0.3898578194822279,0.37988633943744826,0.6638108173670629,0.6482584569962472,0.8282288891869464,0.8028204987066545,0.411365761014515
lodo.Public.xlmr_dann.s13,xlmr_dann,lodo,Public,13,,0.44911415246548914,0.35064935064935066,0.6171310629514963,0.3795620437956204,784,xlm-roberta-base,280.7,189210,1.0,gold+bulk,False,,,51.0,0.48086734693877553,0.4923469387755102,0.4956632653061224,0.4885204081632653,0.19573227957343184,0.15251885468056633,0.127838596701622,2.3346470349896027,0.7215761542320251,17.51538208448964,,,1.064999999999999,0.3614854196919552,0.3518335944602925,0.6584328812142767,0.6251946383586662,0.7827473954990383,0.7690445977377233,0.38648969089265933
lodo.Public.xlmr_dann.s42,xlmr_dann,lodo,Public,42,,0.38866983728164634,0.3169642857142857,0.6090452261306533,0.24,784,xlm-roberta-base,223.7,189210,1.0,gold+bulk,False,,,49.0,0.46938775510204084,0.4778061224489796,0.4729591836734694,0.4702168367346939,0.179688964944607,0.20605512538704643,0.0838053971529007,2.7414830085176995,0.706468403339386,15.71313935971128,,,1.0250000000000004,0.4082002504196908,0.4057034049575974,0.726877828606993,0.7234081191777091,0.8668974375069148,0.8624048352812096,0.43233345233421555
lodo.Public.xlmr_dapt.s100,xlmr_dapt,lodo,Public,100,,0.426630418683235,0.35853131749460043,0.6160164271047228,0.3053435114503817,784,xlm-roberta-base,177.8,189210,1.0,gold+bulk,False,,,48.0,0.46811224489795916,0.45637755102040817,0.4544642857142857,0.4532525510204082,0.18534968567854263,0.21041658946577224,0.06911614537239075,3.151844361888418,0.5756822824478149,16.989744717292833,,,1.1049999999999993,0.378783727970559,0.36582291117095844,0.7126504800986544,0.6987416785224932,0.8208520889006873,0.8015389651135642,0.4111196897540641
lodo.Public.xlmr_dapt.s13,xlmr_dapt,lodo,Public,13,,0.4650616334888274,0.3795309168443497,0.6243496357960457,0.391304347826087,784,xlm-roberta-base,290.9,189210,1.0,gold+bulk,False,,,49.0,0.461734693877551,0.4676020408163265,0.4700255102040816,0.4755739795918367,0.1946233408283334,0.1507375629953102,0.16827508807182312,2.15767097408975,0.6702006459236145,15.113116858520419,,,1.119999999999999,0.3606754344123237,0.3464861789808542,0.6446402071057704,0.6398039228724287,0.781812972569281,0.758924463723881,0.39266337044686217
lodo.Public.xlmr_dapt.s42,xlmr_dapt,lodo,Public,42,,0.4183957595218219,0.3609341825902335,0.6130030959752322,0.28125,784,xlm-roberta-base,213.6,189210,1.0,gold+bulk,False,,,46.0,0.45790816326530615,0.46403061224489794,0.4625,0.46409438775510203,0.020003607411310565,-0.004306611390480742,0.027023205533623695,3.3213341966291954,0.5459879636764526,15.285910403817685,,,1.1999999999999995,0.3830873746951592,0.35514112798346165,0.7248677110423369,0.6739517775365831,0.8137641099526566,0.7738915850694923,0.4004799858971009
lodo.Public.xlmr_dapt_film.s100,xlmr_dapt_film,lodo,Public,100,,0.4637873937303359,0.3333333333333333,0.6166495375128469,0.4413793103448276,784,xlm-roberta-base,218.0,189210,1.0,gold+bulk,False,,,45.0,0.48086734693877553,0.4770408163265306,0.4774234693877551,0.47487244897959185,0.1834784991416019,0.195330295239755,0.1454085409641266,2.2780204084800446,0.5980928540229797,15.427164945578317,,,1.0399999999999996,0.37833743031143596,0.3741898246049412,0.7606718465376059,0.7547876658659861,0.8250565393153475,0.8181510944005087,0.40899087966467257
lodo.Public.xlmr_dapt_film.s13,xlmr_dapt_film,lodo,Public,13,,0.45743592612259176,0.3795309168443497,0.6251298026998962,0.36764705882352944,784,xlm-roberta-base,281.1,189210,1.0,gold+bulk,False,,,44.0,0.4630102040816326,0.46658163265306124,0.46951530612244896,0.4674744897959184,0.13329915520386607,0.09421912119766963,0.08281783759593964,2.7242956003004983,0.5748496055603027,17.263548460099937,,,1.1449999999999996,0.3647966111736393,0.3454969061674416,0.6183116113778613,0.5613325040941617,0.7839911672729207,0.753079892602382,0.39043169327167737
lodo.Public.xlmr_dapt_film.s42,xlmr_dapt_film,lodo,Public,42,,0.4326157691597859,0.3436123348017621,0.6209016393442623,0.3333333333333333,784,xlm-roberta-base,262.1,189210,1.0,gold+bulk,False,,,45.0,0.4655612244897959,0.46505102040816326,0.4645408163265306,0.46524234693877553,0.1790158822301705,0.21235921427533527,0.0784592553973198,2.6629470152064645,0.5907300114631653,15.953668777574464,,,1.1449999999999996,0.37461882422282344,0.35553348500219367,0.6506890297282323,0.6244929808695858,0.8020601620161378,0.7736895005058504,0.40521128919967714
lodo.Public.xlmr_film.s100,xlmr_film,lodo,Public,100,,0.4544699109935732,0.3686440677966102,0.6179540709812108,0.37681159420289856,784,xlm-roberta-base,305.5,189210,1.0,gold+bulk,False,,,48.0,0.46811224489795916,0.4801020408163265,0.47818877551020406,0.47551020408163264,0.15611472477064256,0.1430845251279237,0.08373431861400604,2.7467570863390285,0.5938596129417419,16.62985283344276,,,1.2099999999999993,0.3708309757625873,0.34370085744883383,0.6308584624354887,0.567795561011233,0.7832976156053703,0.7405652387436661,0.3832918136032432
lodo.Public.xlmr_film.s13,xlmr_film,lodo,Public,13,,0.43493202249678936,0.37606837606837606,0.6176165803108808,0.3111111111111111,784,xlm-roberta-base,289.1,189210,1.0,gold+bulk,False,,,48.0,0.44387755102040816,0.4642857142857143,0.4630102040816326,0.4603954081632653,0.16228900444908245,0.13419291470060896,-0.007695452775806189,3.4268769164256008,0.4880355894565582,14.662236168995728,,,1.0849999999999997,0.36522903981563887,0.35640609709880533,0.7221183865107635,0.7019467360912117,0.7827903126527972,0.7641677193114322,0.3869787951857872
lodo.Public.xlmr_film.s42,xlmr_film,lodo,Public,42,,0.3912719653072216,0.33624454148471616,0.6099290780141844,0.22764227642276422,784,xlm-roberta-base,228.7,189210,1.0,gold+bulk,False,,,48.0,0.4744897959183674,0.475765306122449,0.4744897959183674,0.46683673469387754,0.1888810922962938,0.18054664710618404,0.06312806159257889,3.3116316191588306,0.6277759671211243,16.633437810499967,,,1.0449999999999995,0.40354596975604,0.39809150025174506,0.7258265988305719,0.7212941456777213,0.8609090399527961,0.8520480842457664,0.42430087665496613
lodo.Public.xlmr_ft.s100,xlmr_ft,lodo,Public,100,,0.4247119069327428,0.32751091703056767,0.6081632653061224,0.3384615384615385,784,xlm-roberta-base,176.6,189210,1.0,gold+bulk,False,,,44.0,0.4744897959183674,0.4686224489795918,0.4627551020408163,0.4573979591836735,0.030226168119016673,0.004259761311516276,0.037005119025707245,3.38683241984357,0.5825194716453552,15.913674559381882,,,1.1399999999999997,0.39187691494435334,0.3741205224965391,0.7377336396526418,0.7149906222207498,0.8308674952327892,0.8033445821588376,0.4162093862026137
lodo.Public.xlmr_ft.s100.frac000,xlmr_ft,lodo,Public,100,frac000,0.7460146053259157,0.8061797752808989,0.7381703470031545,0.6936936936936937,784,xlm-roberta-base,284.5,77893,0.0,gold+bulk,False,,,32.0,,,,,,,,,,,,,,,,,,,,
lodo.Public.xlmr_ft.s13,xlmr_ft,lodo,Public,13,,0.4406917953188845,0.3600867678958785,0.6187050359712231,0.34328358208955223,784,xlm-roberta-base,288.0,189210,1.0,gold+bulk,False,,,45.0,0.4604591836734694,0.46964285714285714,0.4760204081632653,0.4785076530612245,0.1568610351134188,0.11819791196914999,0.08774149417877197,2.9005693558036043,0.6282808184623718,16.15763126705265,,,1.069999999999999,0.3683872387693225,0.35883114889967604,0.681324218513421,0.6487703856046361,0.7927040816608871,0.778299957255914,0.39791224286183424
lodo.Public.xlmr_ft.s13.frac000,xlmr_ft,lodo,Public,13,frac000,0.7382496138778935,0.7851851851851852,0.7441176470588236,0.6854460093896714,784,xlm-roberta-base,275.4,77893,0.0,gold+bulk,False,,,30.0,,,,,,,,,,,,,,,,,,,,
lodo.Public.xlmr_ft.s42,xlmr_ft,lodo,Public,42,,0.38224672885088745,0.3125,0.608433734939759,0.22580645161290322,784,xlm-roberta-base,213.6,189210,1.0,gold+bulk,False,,,47.0,0.475765306122449,0.4701530612244898,0.46823979591836734,0.4660714285714286,0.16541802921349283,0.18291156134800585,0.07960936427116394,2.9392299300267823,0.6667593717575073,17.863762955663667,,,1.0799999999999998,0.40925490603416326,0.40041824795425046,0.7691948227015112,0.7430274216420594,0.8731550737015772,0.8582414170071423,0.43681038790621746
lodo.Public.xlmr_ft.s42.frac000,xlmr_ft,lodo,Public,42,frac000,0.7186729764369516,0.7546583850931677,0.7346938775510204,0.6666666666666666,784,xlm-roberta-base,283.0,77893,0.0,gold+bulk,False,,,30.0,,,,,,,,,,,,,,,,,,,,
lodo.Public.xlmr_supcon.s100,xlmr_supcon,lodo,Public,100,,0.5291168761610756,0.4008438818565401,0.6347826086956522,0.5517241379310345,784,xlm-roberta-base,206.7,189210,1.0,gold+bulk,False,0.1,0.07,47.0,0.5025510204081632,0.5089285714285714,0.5029336734693878,0.5016581632653061,0.2034152645842915,0.1595514358925569,0.15424130856990814,2.027263215747793,0.9101076126098633,18.473382647312334,,,1.59,0.32655307507297865,0.23757518007236753,0.5150029572014778,0.4061382398622448,0.7233183497961961,0.6258172481927678,0.33890857107499067
lodo.Public.xlmr_supcon.s13,xlmr_supcon,lodo,Public,13,,0.5725893681946905,0.466403162055336,0.6367816091954023,0.6145833333333334,784,xlm-roberta-base,166.7,189210,1.0,gold+bulk,False,0.1,0.07,49.0,0.4732142857142857,0.48622448979591837,0.4928571428571429,0.49502551020408164,0.21964940801294058,0.19739039882096945,0.19044652581214905,1.9390949422623438,0.9157077074050903,17.89690004452084,,,1.755,0.2511118685060337,0.13669203619687922,0.4046095779764931,0.2628540601398315,0.6130551797081992,0.525775239911938,0.281013959363222
lodo.Public.xlmr_supcon.s42,xlmr_supcon,lodo,Public,42,,0.497674033588458,0.40816326530612246,0.6214442013129103,0.4634146341463415,784,xlm-roberta-base,154.8,189210,1.0,gold+bulk,False,0.1,0.07,51.0,0.4642857142857143,0.48392857142857143,0.4784438775510204,0.4769770408163265,0.20456495776096095,0.17346102260542498,0.14821752905845642,2.14916032902508,0.940353274345398,19.096277312254713,,,1.3499999999999996,0.29420544750671507,0.23760956001971806,0.528464915236603,0.4468039971826317,0.7004066228899141,0.6385976204944807,0.3215893921590708
lodo.Retail.allma_ft.s100,allma_ft,lodo,Retail,100,,0.6179286945102705,0.6352201257861635,0.7154213036565977,0.5031446540880503,553,allmalab/bert-base-aze,219.5,187969,1.0,gold+bulk,False,,,45.0,0.6329113924050633,0.6358047016274865,0.6256781193490054,0.6205244122965642,0.1713140568018134,0.11120180577943171,0.04666628688573837,3.211565750514134,0.4722226560115814,23.2906278720994,,,1.23,0.15597869508208184,0.12285893575388486,0.2943270409721501,0.21987897497414743,0.48312354964752807,0.4643423139440352,0.160181432836749
lodo.Retail.allma_ft.s13,allma_ft,lodo,Retail,13,,0.5937046602353558,0.5441176470588235,0.7093889716840537,0.5276073619631901,553,allmalab/bert-base-aze,139.3,187969,1.0,gold+bulk,False,,,47.0,0.6130198915009042,0.586618444846293,0.5867992766726944,0.5858951175406871,0.1952125353416454,0.12577057003160574,0.03651854023337364,3.2445359289149223,0.46929192543029785,25.271952502436342,,,1.1099999999999992,0.14609059304925065,0.12993733504177662,0.2896168174811796,0.25887031109777336,0.5079576753520063,0.4983950404589146,0.16872995854240153
lodo.Retail.allma_ft.s42,allma_ft,lodo,Retail,42,,0.5997981161306137,0.5703971119133574,0.7323529411764705,0.4966442953020134,553,allmalab/bert-base-aze,120.0,187969,1.0,gold+bulk,False,,,46.0,0.5714285714285714,0.5891500904159132,0.5824593128390597,0.5764014466546112,0.16733795309663904,0.08384108391454904,0.03774671256542206,3.430320927426076,0.4721307158470154,27.060393926306826,,,1.0499999999999994,0.12185459943499427,0.1133461510805356,0.24618884192423995,0.2322806322920864,0.4564521198747117,0.4525690348305074,0.1280435415596011
lodo.Retail.full.s100,full,lodo,Retail,100,,0.6225388601598906,0.6298701298701299,0.7216174183514774,0.5161290322580645,553,xlm-roberta-base,346.6,187969,1.0,gold+bulk,False,0.1,0.07,44.0,0.6112115732368897,0.6086799276672694,0.6070524412296564,0.6094032549728752,0.2140446900577836,0.20820610490293565,0.13265913724899292,2.0611732284891957,0.8579474091529846,17.232738216846865,,,1.3149999999999993,0.18850119168370133,0.13999393421013387,0.38096694818768606,0.2998211718244329,0.4971209378740902,0.46600694405489707,0.20383163805509416
lodo.Retail.full.s100.frac000,full,lodo,Retail,100,frac000,0.6731870383511779,0.6903225806451613,0.7512038523274478,0.5780346820809249,553,xlm-roberta-base,301.8,72130,0.0,gold+bulk,False,0.1,0.07,54.0,0.6365280289330922,0.6444846292947559,0.6370705244122966,0.6433996383363472,0.25350013629367724,0.25576182138493747,0.15748584270477295,1.9214924615013167,0.8278499245643616,17.824686976420306,,,1.7149999999999996,0.1778464062079781,0.0977977825702115,0.4422492712432674,0.27090245517441325,0.4842093444539396,0.4355926891780585,0.1823832597078617
lodo.Retail.full.s13,full,lodo,Retail,13,,0.5828543618393011,0.550185873605948,0.7069486404833837,0.49142857142857144,553,xlm-roberta-base,192.0,187969,1.0,gold+bulk,False,0.1,0.07,46.0,0.6094032549728752,0.6079566003616637,0.6106690777576853,0.6018083182640145,0.181510487700446,0.18539723013861462,0.09445008635520935,2.3191907051532077,0.8800333738327026,16.90323579942953,,,1.324999999999999,0.20477387855948626,0.14975714353176756,0.32929477161248333,0.28672864535449116,0.5461943749961213,0.5132501501998061,0.20648207302075264
lodo.Retail.full.s13.frac000,full,lodo,Retail,13,frac000,0.6661378937539929,0.6456140350877193,0.7585139318885449,0.5942857142857143,553,xlm-roberta-base,218.4,72130,0.0,gold+bulk,False,0.1,0.07,53.0,0.6292947558770343,0.6354430379746835,0.6294755877034358,0.6324593128390597,0.25244686647549314,0.26111097975641356,0.1620076447725296,1.9817214494341675,0.8702154159545898,17.896187121262763,,,1.3399999999999999,0.14768606459178357,0.09605161972516028,0.2748001861029642,0.21454987937888492,0.46080837327288704,0.4365438854428174,0.15320306039742607
lodo.Retail.full.s13.strict,full,lodo,Retail,13,strict,0.6232948971359685,0.6148867313915858,0.7286821705426356,0.5263157894736842,553,xlm-roberta-base,201.3,187969,1.0,gold+bulk,True,0.1,0.07,47.0,0.6021699819168174,0.5804701627486437,0.5779385171790236,0.5739602169981917,0.19983315557226347,0.2065087323466157,0.12156841158866882,2.0663045450964628,0.8455432653427124,19.278200016180822,,,2.2250000000000014,0.21719506363266092,0.07834904863182675,0.45945063689425075,0.20624911202661755,0.52819417320093,0.44406354290977185,0.2109859871232044
lodo.Retail.full.s42,full,lodo,Retail,42,,0.6251277332901939,0.6217948717948718,0.7160883280757098,0.5375,553,xlm-roberta-base,119.4,187969,1.0,gold+bulk,False,0.1,0.07,48.0,0.6184448462929476,0.5960216998191682,0.5902350813743219,0.589240506329114,0.20020127834975368,0.18534557229742651,0.09294284880161285,2.3495947235860863,0.8935445547103882,20.43955369717788,,,0.9950000000000004,0.11267940941365542,0.11346011945581844,0.25488794436763607,0.25641028914507247,0.46303487752272937,0.46341588138062806,0.14092182161247824
lodo.Retail.full.s42.frac000,full,lodo,Retail,42,frac000,0.6490758706435356,0.6728395061728395,0.717687074829932,0.5567010309278351,553,xlm-roberta-base,146.7,72130,0.0,gold+bulk,False,0.1,0.07,53.0,0.6166365280289331,0.6238698010849909,0.6291139240506329,0.6335443037974684,0.24277723582196628,0.2292795951626417,0.13799437880516052,1.992675372039827,0.8988341093063354,18.07024255500822,,,1.1099999999999992,0.10345851400677998,0.08321022747794182,0.2135910572463281,0.1924155342694246,0.44674412573907063,0.44032813194908205,0.13094402823095116
lodo.Retail.full_mbert.s100,full_mbert,lodo,Retail,100,,0.5784108359346981,0.5863192182410424,0.6846275752773375,0.4642857142857143,553,bert-base-multilingual-cased,169.5,187969,1.0,gold+bulk,False,0.1,0.07,45.0,0.5352622061482821,0.5641952983725136,0.5573236889692585,0.5632007233273056,0.15656190845786971,0.14508670061169948,0.044862136244773865,2.7082941513227055,0.8739045262336731,22.03617157630563,,,1.3750000000000002,0.177007740444848,0.12718590084526302,0.38251749732079393,0.25686833629144257,0.5457164216309004,0.5147170679073954,0.1974016048251171
lodo.Retail.full_mbert.s13,full_mbert,lodo,Retail,13,,0.6141119318713781,0.6169491525423729,0.7165109034267912,0.5088757396449705,553,bert-base-multilingual-cased,243.5,187969,1.0,gold+bulk,False,0.1,0.07,44.0,0.6112115732368897,0.6025316455696202,0.6045207956600361,0.6023508137432189,0.1977317017297056,0.19305578819117464,0.08745346963405609,2.4229886028047005,0.8741936087608337,21.31260552115676,,,1.3399999999999999,0.16940304179138235,0.12246565092716451,0.30733184298173466,0.3253093108048246,0.5141668596118129,0.4873202892713357,0.17795043964444074
lodo.Retail.full_mbert.s42,full_mbert,lodo,Retail,42,,0.5477454273056314,0.49814126394052044,0.6818181818181818,0.4632768361581921,553,bert-base-multilingual-cased,120.4,187969,1.0,gold+bulk,False,0.1,0.07,44.0,0.5569620253164557,0.546112115732369,0.5396021699819168,0.5424954792043399,0.15617814766138954,0.12192064411909558,0.039266251027584076,2.976833402399528,0.883473813533783,22.836319389068855,,,1.274999999999999,0.15108957425193248,0.10603389458899312,0.28561018266270843,0.24647411357234306,0.5363358259772351,0.5155592604191849,0.17387196253331366
lodo.Retail.full_midinject.s100,full_midinject,lodo,Retail,100,,0.6365478887019372,0.6407766990291263,0.7329192546583851,0.5359477124183006,553,xlm-roberta-base,191.7,187969,1.0,gold+bulk,False,0.1,0.07,50.0,0.6075949367088608,0.5938517179023508,0.5994575045207957,0.6018987341772152,0.21029140570347074,0.21209274891943608,0.1417895257472992,2.036774555953787,0.8549019694328308,16.109763858251352,,,1.3250000000000002,0.18448232850558072,0.1427592355044506,0.37464621489339733,0.30853247091881697,0.4891264321840693,0.45899813411764334,0.18838134032783
lodo.Retail.full_midinject.s13,full_midinject,lodo,Retail,13,,0.6218333578629153,0.6153846153846154,0.7283763277693475,0.5217391304347826,553,xlm-roberta-base,187.1,187969,1.0,gold+bulk,False,0.1,0.07,48.0,0.6075949367088608,0.6083182640144665,0.6128390596745027,0.6033453887884268,0.20887809314360786,0.21094102586286864,0.11007895320653915,2.233610289820496,0.8758360743522644,16.91527914393974,,,1.2549999999999994,0.17585241712234723,0.13544309907448895,0.4408864604410838,0.41386685800890727,0.5180232687050735,0.49340798276034104,0.19164092084684106
lodo.Retail.full_midinject.s42,full_midinject,lodo,Retail,42,,0.6114878443783905,0.6195286195286195,0.7047308319738989,0.5102040816326531,553,xlm-roberta-base,164.2,187969,1.0,gold+bulk,False,0.1,0.07,49.0,0.6238698010849909,0.6036166365280289,0.5920433996383363,0.5844484629294756,0.19880207095766858,0.1826797220079811,0.09262876957654953,2.2583121448805037,0.8542950749397278,15.997339596991877,,,1.4049999999999996,0.18937887297148567,0.11924886342195182,0.33434301619649176,0.2488978934605348,0.5390064896926393,0.5043666279627684,0.19328984909557498
lodo.Retail.mbert_ft.s100,mbert_ft,lodo,Retail,100,,0.5709582144302373,0.5296167247386759,0.7088989441930619,0.47435897435897434,553,bert-base-multilingual-cased,172.3,187969,1.0,gold+bulk,False,,,44.0,0.593128390596745,0.5924050632911393,0.5971066907775768,0.6010849909584087,0.172067749448355,0.09368854137656049,0.046940650790929794,2.6304730628377544,0.41797372698783875,19.53937845602252,,,1.0050000000000003,0.1269465637706726,0.12600254061041083,0.25432714967716785,0.25332813208824356,0.4991097721396744,0.49869690256260024,0.1366294931153256
lodo.Retail.mbert_ft.s13,mbert_ft,lodo,Retail,13,,0.5762861141978085,0.4961832061068702,0.7290780141843972,0.5035971223021583,553,bert-base-multilingual-cased,199.1,187969,1.0,gold+bulk,False,,,45.0,0.6166365280289331,0.5938517179023508,0.5963833634719711,0.5952079566003616,0.13724901495353448,0.06584435832778965,0.04520406574010849,2.7447810770458942,0.4229237139225006,20.255754269024386,,,1.0399999999999996,0.15956110168645918,0.1547183772154384,0.3727061855386866,0.36236787899096234,0.5043325824621513,0.5003698553270743,0.15791016244491585
lodo.Retail.mbert_ft.s42,mbert_ft,lodo,Retail,42,,0.5995154667428962,0.5914634146341463,0.7188940092165899,0.4881889763779528,553,bert-base-multilingual-cased,200.4,187969,1.0,gold+bulk,False,,,45.0,0.6238698010849909,0.606509945750452,0.6028933092224231,0.5921338155515371,0.18004100467047943,0.11785383973772774,0.04613150656223297,2.62996379181407,0.4041432738304138,19.559784840424662,,,1.1949999999999996,0.15495728771236295,0.1315192787299559,0.4014449605287627,0.3066784645579835,0.49413077251105275,0.47748831510196926,0.16229057876966121
lodo.Retail.mdeberta_ft.s100,mdeberta_ft,lodo,Retail,100,,0.6128505543028022,0.6227106227106227,0.7373134328358208,0.4785276073619632,553,microsoft/mdeberta-v3-base,191.6,187969,1.0,gold+bulk,False,,,45.0,0.5949367088607594,0.5956600361663653,0.6034358047016275,0.6084086799276672,0.21107021607451507,0.1763573565251937,0.09995051473379135,2.0480789235981116,0.5906431674957275,11.385102139673958,,,1.1949999999999996,0.17523251975405027,0.14501068108020293,0.3272397498181513,0.29223195072880903,0.4953589751506495,0.4782967385181724,0.17187811933985345
lodo.Retail.mdeberta_ft.s13,mdeberta_ft,lodo,Retail,13,,0.6281446933602578,0.6293706293706294,0.7397260273972602,0.5153374233128835,553,microsoft/mdeberta-v3-base,327.7,187969,1.0,gold+bulk,False,,,47.0,0.6347197106690777,0.6336347197106691,0.6370705244122966,0.6360759493670886,0.2335855194132681,0.1690713142928417,0.10269775986671448,1.8958682171641705,0.5192790627479553,11.71402507295089,,,1.23,0.15713865489489154,0.13089565310906048,0.2560316971437282,0.22600670725192662,0.47805401900879635,0.46141290140803454,0.17020182527431704
lodo.Retail.mdeberta_ft.s42,mdeberta_ft,lodo,Retail,42,,0.5966162227789437,0.5615384615384615,0.7314949201741655,0.4968152866242038,553,microsoft/mdeberta-v3-base,245.9,187969,1.0,gold+bulk,False,,,45.0,0.6130198915009042,0.6028933092224231,0.6043399638336348,0.6050632911392405,0.2244207750550592,0.20274160817524675,0.08785722404718399,2.1604725988518303,0.6017253398895264,10.461126667239785,,,1.0749999999999988,0.1759915021808872,0.16251476349237587,0.3012044402181725,0.2837641841387011,0.5047078788374083,0.4969644864434553,0.194042331536678
lodo.Retail.xlmr_dann.s100,xlmr_dann,lodo,Retail,100,,0.6154376708778589,0.6394984326018809,0.7068145800316957,0.5,553,xlm-roberta-base,182.9,187969,1.0,gold+bulk,False,,,47.0,0.6148282097649186,0.61374321880651,0.6206148282097649,0.6198010849909584,0.17067198959333285,0.12649801705676084,0.07604187726974487,2.5360152319856404,0.47819751501083374,16.516070071954932,,,1.169999999999999,0.1777420265153912,0.15273067500327295,0.33762825559525766,0.2955815573832097,0.49581347217069355,0.4802472821414562,0.18955122927832627
lodo.Retail.xlmr_dann.s13,xlmr_dann,lodo,Retail,13,,0.6080114475714418,0.5353159851301115,0.7369942196531792,0.5517241379310345,553,xlm-roberta-base,187.1,187969,1.0,gold+bulk,False,,,45.0,0.6057866184448463,0.6072332730560579,0.6041591320072333,0.5991862567811935,0.16416153892325877,0.1558746321164033,0.06968587636947632,2.740585566096115,0.5120576024055481,15.736328424237701,,,1.1399999999999997,0.1884987700498117,0.17090340680566776,0.4058959432913605,0.38106524022689237,0.5125177253955785,0.4990182869782209,0.19151208943126918
lodo.Retail.xlmr_dann.s42,xlmr_dann,lodo,Retail,42,,0.6235940628486648,0.6319218241042345,0.7193798449612403,0.5194805194805194,553,xlm-roberta-base,299.4,187969,1.0,gold+bulk,False,,,46.0,0.6130198915009042,0.620253164556962,0.6236889692585895,0.6246835443037975,0.16366769052978783,0.13369957483406406,0.09355568885803223,2.4919102244419644,0.4206317365169525,14.56508895214964,,,1.174999999999999,0.19026548761944823,0.1700356610814244,0.3959510832767046,0.3359593389548283,0.5211402844747975,0.5059676434214393,0.21023222391420834
lodo.Retail.xlmr_dapt.s100,xlmr_dapt,lodo,Retail,100,,0.6360722169486039,0.6302250803858521,0.7289719626168224,0.5490196078431373,553,xlm-roberta-base,192.8,187969,1.0,gold+bulk,False,,,47.0,0.6491862567811935,0.6285714285714286,0.625135623869801,0.6224231464737794,0.1339489442087406,0.09969273063265686,0.06743811070919037,2.618543611314413,0.5515176653862,15.924593187192542,,,1.0949999999999995,0.16358475469290626,0.15195040720411288,0.32622591374861,0.343079253544604,0.48595274592164545,0.47789285977083806,0.18043121737071577
lodo.Retail.xlmr_dapt.s13,xlmr_dapt,lodo,Retail,13,,0.6325856246705182,0.6270627062706271,0.7298136645962733,0.5408805031446541,553,xlm-roberta-base,278.9,187969,1.0,gold+bulk,False,,,49.0,0.6274864376130199,0.626763110307414,0.6397830018083183,0.6430379746835443,0.13937515102662376,0.09800895049499463,0.08686697483062744,2.655646211426053,0.49249589443206787,14.55326831383798,,,1.1549999999999994,0.1857573466065378,0.1639767171891608,0.36507062696072523,0.33716298569433323,0.5094261544177333,0.49545484909152426,0.197076460984821
lodo.Retail.xlmr_dapt.s42,xlmr_dapt,lodo,Retail,42,,0.6076189920526103,0.6101694915254238,0.7228915662650602,0.4897959183673469,553,xlm-roberta-base,150.4,187969,1.0,gold+bulk,False,,,46.0,0.5750452079566004,0.5927667269439422,0.6018083182640145,0.5981012658227848,0.13651357146709012,0.11282836833397711,0.06075996160507202,2.9596751094184146,0.4668846130371094,14.745195075286436,,,1.2499999999999996,0.1855032527656996,0.16021066931778596,0.33677831743160846,0.29795054563760914,0.5176119960388634,0.49396929278395474,0.19692247188103948
lodo.Retail.xlmr_dapt_film.s100,xlmr_dapt_film,lodo,Retail,100,,0.6144760968045867,0.609271523178808,0.7180277349768875,0.5161290322580645,553,xlm-roberta-base,173.8,187969,1.0,gold+bulk,False,,,49.0,0.6311030741410488,0.6242314647377939,0.6130198915009042,0.6124773960216998,0.20060800989398245,0.18262511929768072,0.08098861575126648,2.554420604054427,0.5561648607254028,16.284342410761816,,,1.114999999999999,0.17672099552935205,0.1597071337080327,0.3695120990551718,0.3434391787470745,0.49434824242945974,0.4843121805988837,0.18968457732684468
lodo.Retail.xlmr_dapt_film.s13,xlmr_dapt_film,lodo,Retail,13,,0.631561648228315,0.6298701298701299,0.7314814814814815,0.5333333333333333,553,xlm-roberta-base,223.8,187969,1.0,gold+bulk,False,,,45.0,0.6311030741410488,0.623508137432188,0.6278481012658228,0.6269439421338155,0.18485055996094465,0.15782161393951583,0.08727671205997467,2.573921258570442,0.4656357169151306,14.899179367654872,,,1.2449999999999997,0.18857325836119174,0.1556456738029681,0.37001468222004497,0.3552775964288325,0.5015927830236294,0.4796771077828817,0.19746782269611513
lodo.Retail.xlmr_dapt_film.s42,xlmr_dapt_film,lodo,Retail,42,,0.6124880538954396,0.6158940397350994,0.709375,0.5121951219512195,553,xlm-roberta-base,180.5,187969,1.0,gold+bulk,False,,,46.0,0.6075949367088608,0.596745027124774,0.5965641952983726,0.5966546112115733,0.19972995781996242,0.1711727843034525,0.07858088612556458,2.5522929214926484,0.5292749404907227,14.056883729473478,,,1.1399999999999997,0.17204342119872465,0.15087562582174305,0.360869794785483,0.31137203860990026,0.5062327412971535,0.49325234415779495,0.1890925468385644
lodo.Retail.xlmr_film.s100,xlmr_film,lodo,Retail,100,,0.6264466210118385,0.6645962732919255,0.7147435897435898,0.5,553,xlm-roberta-base,251.0,187969,1.0,gold+bulk,False,,,51.0,0.5985533453887885,0.6155515370705245,0.6059674502712478,0.6133815551537071,0.18637132965610556,0.15374759347142147,0.06422150880098343,2.4288532235495155,0.446603924036026,15.66654542670884,,,1.2699999999999991,0.1837888922304223,0.15067459468225816,0.3557041294484824,0.2903591586669878,0.5095377328317527,0.48748349913731714,0.19093783758510924
lodo.Retail.xlmr_film.s13,xlmr_film,lodo,Retail,13,,0.6215416232599705,0.6129032258064516,0.7211093990755008,0.5306122448979592,553,xlm-roberta-base,215.1,187969,1.0,gold+bulk,False,,,47.0,0.6021699819168174,0.6227848101265823,0.6280289330922242,0.6305605786618445,0.1420340061494527,0.12330742756616758,0.09624437242746353,2.547498492919045,0.48056691884994507,13.819743043058562,,,1.125,0.1839441300292137,0.16667194846424818,0.3752016919119596,0.3326484467025126,0.4988318050171521,0.48710430683599504,0.1912795474462283
lodo.Retail.xlmr_film.s42,xlmr_film,lodo,Retail,42,,0.6304998592818127,0.6343042071197411,0.7247278382581649,0.5324675324675324,553,xlm-roberta-base,219.5,187969,1.0,gold+bulk,False,,,50.0,0.6075949367088608,0.6242314647377939,0.6305605786618445,0.6290235081374322,0.17004724127865103,0.14185163818049862,0.07709565758705139,2.6811869705536524,0.5117722749710083,17.102773712683696,,,1.23,0.18858800217150803,0.16307012517375563,0.31409071017541723,0.2828218996274193,0.5058508065900681,0.48650021435290147,0.2099962295925135
lodo.Retail.xlmr_ft.s100,xlmr_ft,lodo,Retail,100,,0.6316256171249331,0.6233766233766234,0.7224806201550388,0.5490196078431373,553,xlm-roberta-base,204.2,187969,1.0,gold+bulk,False,,,44.0,0.5913200723327305,0.6148282097649186,0.6191681735985534,0.6193490054249547,0.1672352414273227,0.12629973390276578,0.06635397672653198,2.755189706570506,0.4748506546020508,16.1316676802607,,,1.1899999999999997,0.17644477816209533,0.1532882526401889,0.36082267835177784,0.31600217926583307,0.5031190535754776,0.4864539407940728,0.18428723361072738
lodo.Retail.xlmr_ft.s100.frac000,xlmr_ft,lodo,Retail,100,frac000,0.6704497201506218,0.703601108033241,0.7215411558669002,0.5862068965517241,553,xlm-roberta-base,212.1,72130,0.0,gold+bulk,False,,,30.0,,,,,,,,,,,,,,,,,,,,
lodo.Retail.xlmr_ft.s13,xlmr_ft,lodo,Retail,13,,0.6114266681286705,0.5724381625441696,0.7348148148148148,0.527027027027027,553,xlm-roberta-base,179.4,187969,1.0,gold+bulk,False,,,46.0,0.6220614828209765,0.6039783001808319,0.5994575045207957,0.5909584086799277,0.19182776803329693,0.17143526760029476,0.07046867161989212,2.7708968817710016,0.5753933191299438,15.68223168376789,,,1.1999999999999995,0.19294248327638217,0.16857392565066723,0.39492599599142664,0.40462978665172344,0.520700656067579,0.49974680143495276,0.19924718487904428
lodo.Retail.xlmr_ft.s13.frac000,xlmr_ft,lodo,Retail,13,frac000,0.6636968105157339,0.6493506493506493,0.7471451876019576,0.5945945945945946,553,xlm-roberta-base,278.6,72130,0.0,gold+bulk,False,,,30.0,,,,,,,,,,,,,,,,,,,,
lodo.Retail.xlmr_ft.s42,xlmr_ft,lodo,Retail,42,,0.6295897238904556,0.645367412140575,0.7272727272727273,0.5161290322580645,553,xlm-roberta-base,284.8,187969,1.0,gold+bulk,False,,,48.0,0.6365280289330922,0.6318264014466546,0.6303797468354431,0.630741410488246,0.14138537401848342,0.11964966389316624,0.08286899328231812,2.772377466507249,0.4493758976459503,14.08041936923975,,,1.2899999999999998,0.18874025731636623,0.1645768289613064,0.4016163255985006,0.3964987277207132,0.5199024599543371,0.49540630839800737,0.21589938777993511
lodo.Retail.xlmr_ft.s42.frac000,xlmr_ft,lodo,Retail,42,frac000,0.6767894749143384,0.7122507122507122,0.7285223367697594,0.5895953757225434,553,xlm-roberta-base,180.4,72130,0.0,gold+bulk,False,,,32.0,,,,,,,,,,,,,,,,,,,,
lodo.Retail.xlmr_supcon.s100,xlmr_supcon,lodo,Retail,100,,0.6152477529289123,0.6081081081081081,0.7085346215780999,0.5291005291005291,553,xlm-roberta-base,279.8,187969,1.0,gold+bulk,False,0.1,0.07,48.0,0.5822784810126582,0.6061482820976491,0.6063291139240506,0.6051537070524412,0.19103400665516196,0.1848546629820598,0.10102495551109314,2.2086180261399706,0.8679617643356323,17.943572551036908,,,1.3949999999999998,0.20757073752626146,0.15027008970032138,0.4488132102199559,0.32743587588531337,0.5514495272022109,0.5149746875416926,0.2141187687654939
lodo.Retail.xlmr_supcon.s13,xlmr_supcon,lodo,Retail,13,,0.6190396445659604,0.6118421052631579,0.7081339712918661,0.5371428571428571,553,xlm-roberta-base,123.5,187969,1.0,gold+bulk,False,0.1,0.07,47.0,0.569620253164557,0.5714285714285714,0.5719710669077758,0.5746835443037974,0.21941325012073765,0.18823453754390612,0.09084010869264603,2.2773447973847967,0.8759790062904358,17.600935600629533,,,1.0799999999999998,0.13075729784171536,0.11827394513597271,0.21512292576012804,0.21757473411307976,0.4771731658452334,0.47056467944391833,0.16626552882881554
lodo.Retail.xlmr_supcon.s42,xlmr_supcon,lodo,Retail,42,,0.6120935378127239,0.6006600660066007,0.7118110236220473,0.5238095238095238,553,xlm-roberta-base,246.0,187969,1.0,gold+bulk,False,0.1,0.07,45.0,0.5949367088607594,0.5992766726943942,0.6036166365280289,0.6081374321880652,0.21088441925467827,0.21081570005601194,0.11161501705646515,2.131714006445088,0.8604728579521179,16.439492592820113,,,1.44,0.2055997299844995,0.14163977771912192,0.3596538288382033,0.30838538670718507,0.5353288255757406,0.49478965765042665,0.21101799425562823
lodo.Social.allma_ft.s100,allma_ft,lodo,Social,100,,0.5645343762990821,0.41904761904761906,0.634032634032634,0.6405228758169934,420,allmalab/bert-base-aze,120.1,175312,1.0,gold+bulk,False,,,48.0,0.5642857142857143,0.539047619047619,0.5297619047619048,0.534047619047619,0.20803251877105433,0.21260218311584075,0.06206797808408737,3.5432442149950383,0.5687134861946106,21.467336113207608,,,1.0449999999999995,0.16016158799423266,0.1567987681597887,0.32556127588649697,0.2775502879979378,0.5335439599981396,0.5287689068451141,0.16480832495916609
lodo.Social.allma_ft.s13,allma_ft,lodo,Social,13,,0.5182684178507876,0.4424778761061947,0.6047516198704104,0.5075757575757576,420,allmalab/bert-base-aze,180.7,175312,1.0,gold+bulk,False,,,48.0,0.5071428571428571,0.5176190476190476,0.5190476190476191,0.5172619047619048,0.16901769277761627,0.16077904987146796,0.0507221594452858,3.5798451594971112,0.6039074659347534,20.69565832750134,,,1.1999999999999995,0.24620069626298594,0.2139112659214861,0.42440818622900456,0.37521699003537257,0.657604765279728,0.6305566812916733,0.26028753508841285
lodo.Social.allma_ft.s42,allma_ft,lodo,Social,42,,0.5666854244857364,0.4421052631578947,0.6504424778761062,0.6075085324232082,420,allmalab/bert-base-aze,127.1,175312,1.0,gold+bulk,False,,,47.0,0.5666666666666667,0.5595238095238095,0.55,0.5482142857142858,0.19921098231100837,0.17264331376021438,0.06885532289743423,3.666556180300793,0.5481553077697754,26.053937036089465,,,0.9550000000000004,0.18234139503959532,0.19097022056548327,0.35574827599402403,0.3678411244628069,0.5608635781196705,0.5665536234680468,0.20891152143486325
lodo.Social.full.s100,full,lodo,Social,100,,0.5910775197393815,0.43902439024390244,0.6345177664974619,0.6996904024767802,420,xlm-roberta-base,295.7,175312,1.0,gold+bulk,False,0.1,0.07,50.0,0.530952380952381,0.5114285714285715,0.5073809523809524,0.5167857142857143,0.20637418434530672,0.2120797403989911,0.13122467696666718,2.295316695379628,0.848169207572937,18.831188917600084,,,1.7099999999999997,0.23659674327515698,0.13934663895953506,0.3756118060327601,0.23223443348389639,0.5770807800201816,0.5100340941786308,0.22741219383529962
lodo.Social.full.s100.frac000,full,lodo,Social,100,frac000,0.6285491665980175,0.4918032786885246,0.625,0.7688442211055276,420,xlm-roberta-base,134.6,64344,0.0,gold+bulk,False,0.1,0.07,54.0,0.5428571428571428,0.5752380952380952,0.565,0.5667857142857143,0.23419996974066618,0.27494697688994874,0.1803055852651596,2.18709911263387,0.8949081301689148,19.20900298823295,,,1.224999999999999,0.14475356527056626,0.10972959387581731,0.39846921827132326,0.3028859587438635,0.44910343053655377,0.42920153585202814,0.12780804469124377
lodo.Social.full.s13,full,lodo,Social,13,,0.6035176558908146,0.4444444444444444,0.6382978723404256,0.727810650887574,420,xlm-roberta-base,320.1,175312,1.0,gold+bulk,False,0.1,0.07,49.0,0.5023809523809524,0.5271428571428571,0.5369047619047619,0.5426190476190477,0.18971725835260808,0.2020802555744144,0.14348207414150238,2.371885266126883,0.8761562705039978,17.120051209569258,,,1.5199999999999994,0.208905419594398,0.13075746357385035,0.45326150677317073,0.3789481327546937,0.5346267753795817,0.47956542143447567,0.20165177419682637
lodo.Social.full.s13.frac000,full,lodo,Social,13,frac000,0.6714795707023159,0.544,0.672566371681416,0.7978723404255319,420,xlm-roberta-base,227.7,64344,0.0,gold+bulk,False,0.1,0.07,54.0,0.6047619047619047,0.6157142857142858,0.6130952380952381,0.6180952380952381,0.26293747634353964,0.32041705311974195,0.20069734752178192,2.1993667843059104,0.8675244450569153,17.84665045771333,,,1.4199999999999993,0.1481418372536408,0.09697152035160538,0.31715107123334696,0.29224433113011217,0.4450274412895723,0.4139534390354017,0.15611541722660413
lodo.Social.full.s13.strict,full,lodo,Social,13,strict,0.6060728478996289,0.43137254901960786,0.6633165829145728,0.7235294117647059,420,xlm-roberta-base,201.9,175312,1.0,gold+bulk,True,0.1,0.07,47.0,0.4738095238095238,0.49523809523809526,0.513095238095238,0.5240476190476191,0.19523142710215702,0.23059018584097699,0.14126409590244293,2.4847218665735302,0.838397204875946,18.110361219525178,,,2.075,0.235588881185765,0.11624876994190958,0.4249013968563805,0.22670231653349526,0.5633221824706223,0.47713036469414694,0.22577953911462664
lodo.Social.full.s42,full,lodo,Social,42,,0.5690735724114208,0.421875,0.6274509803921569,0.6578947368421053,420,xlm-roberta-base,118.3,175312,1.0,gold+bulk,False,0.1,0.07,47.0,0.5142857142857142,0.5142857142857142,0.5264285714285715,0.5241666666666667,0.2240842888788214,0.2348946273724572,0.11239375919103622,2.4927277893696123,0.839438796043396,17.779178410439837,,,1.3049999999999995,0.2231895059134479,0.16668561444264468,0.321763769007945,0.28103424411028133,0.5735380010425146,0.5364441195410635,0.20832781161065514
lodo.Social.full.s42.frac000,full,lodo,Social,42,frac000,0.6772458553292591,0.556390977443609,0.6954022988505747,0.7799442896935933,420,xlm-roberta-base,158.3,64344,0.0,gold+bulk,False,0.1,0.07,53.0,0.5833333333333334,0.5852380952380952,0.5964285714285714,0.5876190476190476,0.24974994441414622,0.27086537148676415,0.1642087996006012,2.0491902120500187,0.8664168119430542,17.676975067363465,,,1.1549999999999994,0.12230006498322463,0.10068545974355664,0.31017584524551234,0.2393900060424501,0.4277849041477681,0.41696206236643635,0.11571502373729677
lodo.Social.full_mbert.s100,full_mbert,lodo,Social,100,,0.6177136533410487,0.5230769230769231,0.6218487394957983,0.7082152974504249,420,bert-base-multilingual-cased,179.2,175312,1.0,gold+bulk,False,0.1,0.07,44.0,0.5095238095238095,0.4928571428571429,0.49142857142857144,0.49654761904761907,0.18024212000073578,0.2032440196303483,0.11493514478206635,2.5638664620374807,0.8936118483543396,20.319549628123838,,,1.5549999999999997,0.12846989302892337,0.06204702583050428,0.401457394514618,0.16772339381914347,0.4908833524663211,0.46170309800536713,0.12572233956434556
lodo.Social.full_mbert.s13,full_mbert,lodo,Social,13,,0.5925485132172511,0.4397163120567376,0.6127167630057804,0.7252124645892352,420,bert-base-multilingual-cased,147.0,175312,1.0,gold+bulk,False,0.1,0.07,45.0,0.5,0.49714285714285716,0.4976190476190476,0.5002380952380953,0.17344970933958181,0.2148755696991507,0.10632911324501038,2.840354464540621,0.8957383036613464,22.26988013518281,,,1.6300000000000003,0.13516159014579945,0.050933085403010316,0.22432176793085423,0.126368473332728,0.5058326353689677,0.47714303758769716,0.12305211894446126
lodo.Social.full_mbert.s42,full_mbert,lodo,Social,42,,0.6203584373741442,0.4461538461538462,0.6649214659685864,0.75,420,bert-base-multilingual-cased,146.6,175312,1.0,gold+bulk,False,0.1,0.07,44.0,0.48333333333333334,0.5485714285714286,0.5402380952380952,0.5296428571428572,0.23087028812697408,0.2658431130197371,0.11549099534749985,2.926777661613993,0.8711538314819336,20.95035460209997,,,1.755,0.1489865178244847,0.06558668815434361,0.36714113964858824,0.24328385146290532,0.4912822706963731,0.45679435953427644,0.1432217474639245
lodo.Social.full_midinject.s100,full_midinject,lodo,Social,100,,0.5919667853560057,0.4406779661016949,0.6379746835443038,0.6972477064220184,420,xlm-roberta-base,289.2,175312,1.0,gold+bulk,False,0.1,0.07,47.0,0.5261904761904762,0.5157142857142857,0.5135714285714286,0.5220238095238096,0.20033491837289258,0.20660412118508736,0.132547065615654,2.3043187081274827,0.851850152015686,16.874293648761128,,,1.6699999999999995,0.23981688687278915,0.14348037255870436,0.46607365910465925,0.27977879869053923,0.5785753406679776,0.5095515146398562,0.23142193421079837
lodo.Social.full_midinject.s13,full_midinject,lodo,Social,13,,0.616995504941503,0.45901639344262296,0.6507936507936508,0.7411764705882353,420,xlm-roberta-base,270.4,175312,1.0,gold+bulk,False,0.1,0.07,49.0,0.5071428571428571,0.5280952380952381,0.5283333333333333,0.5397619047619048,0.202682877733393,0.22294796574109968,0.1505037248134613,2.307157857864928,0.8763072490692139,17.011532900706854,,,1.5499999999999998,0.20123227363130738,0.11693003072574672,0.440940001937277,0.2954680682047439,0.5272321153979643,0.4719179276296807,0.19678350916940188
lodo.Social.full_midinject.s42,full_midinject,lodo,Social,42,,0.573597682207736,0.4444444444444444,0.6184538653366584,0.6578947368421053,420,xlm-roberta-base,106.8,175312,1.0,gold+bulk,False,0.1,0.07,49.0,0.5142857142857142,0.5328571428571428,0.5397619047619048,0.5370238095238096,0.2067483060470432,0.21875386520911688,0.10013332962989807,2.4568595109268307,0.8376520872116089,17.383687131639316,,,1.285,0.2227517849334212,0.1690036488149126,0.35246331434909073,0.35291055136704436,0.5734192409670562,0.5374719563412401,0.21443758610856098
lodo.Social.mbert_ft.s100,mbert_ft,lodo,Social,100,,0.5272548017439052,0.4444444444444444,0.6129753914988815,0.5243445692883895,420,bert-base-multilingual-cased,168.1,175312,1.0,gold+bulk,False,,,44.0,0.5071428571428571,0.4780952380952381,0.4911904761904762,0.49476190476190474,0.1710403760461473,0.1828681804449828,0.07447692006826401,2.90164092873664,0.499920129776001,19.098873705508453,,,1.0399999999999996,0.1778949785419719,0.16943856833784526,0.380096449541627,0.3897768255825794,0.5930297445788983,0.587959978412779,0.20365289251903268
lodo.Social.mbert_ft.s13,mbert_ft,lodo,Social,13,,0.5675163581864041,0.46153846153846156,0.6308411214953271,0.6101694915254238,420,bert-base-multilingual-cased,264.7,175312,1.0,gold+bulk,False,,,45.0,0.49047619047619045,0.49523809523809526,0.5002380952380953,0.4936904761904762,0.21023970646193935,0.19658180456955532,0.0953710675239563,2.506566268042505,0.40597888827323914,19.61548519961483,,,1.3800000000000001,0.1938785667773072,0.13602220212940247,0.37750704598196894,0.4047808333461593,0.5746692358316539,0.5345861680355052,0.2060800247047915
lodo.Social.mbert_ft.s42,mbert_ft,lodo,Social,42,,0.5255196323331756,0.4107142857142857,0.6230936819172114,0.5427509293680297,420,bert-base-multilingual-cased,226.3,175312,1.0,gold+bulk,False,,,44.0,0.48095238095238096,0.4895238095238095,0.49452380952380953,0.48928571428571427,0.19514006707005857,0.1766004930999663,0.08699167519807816,2.747415993566415,0.4743119776248932,17.514034653508297,,,1.025,0.19815612552297768,0.19338755206128821,0.3328994317996668,0.326256769409581,0.5878960715735962,0.5842068764457956,0.22824977384802098
lodo.Social.mdeberta_ft.s100,mdeberta_ft,lodo,Social,100,,0.591212884480354,0.4666666666666667,0.649164677804296,0.6578073089700996,420,microsoft/mdeberta-v3-base,313.4,175312,1.0,gold+bulk,False,,,47.0,0.5642857142857143,0.5452380952380952,0.5321428571428571,0.5228571428571429,0.23511367511792927,0.23738427861897016,0.1178780123591423,2.040366736460021,0.4993871748447418,10.916341542439383,,,1.1949999999999996,0.19892059495443196,0.1679503755191978,0.37379409629914717,0.3267575500265246,0.5501538991300198,0.5287386025343657,0.20955610058587854
lodo.Social.mdeberta_ft.s13,mdeberta_ft,lodo,Social,13,,0.5737965917484062,0.45528455284552843,0.6338028169014085,0.6323024054982818,420,microsoft/mdeberta-v3-base,256.2,175312,1.0,gold+bulk,False,,,46.0,0.5595238095238095,0.57,0.5738095238095238,0.5732142857142857,0.24624942007756107,0.26301587579507707,0.11578921973705292,2.0556328476657644,0.5137938857078552,11.322620055059334,,,1.1449999999999996,0.20293844269096728,0.19045748770986617,0.4058618833566723,0.3796547676365749,0.5787469784864914,0.561277896081302,0.21747881960925194
lodo.Social.mdeberta_ft.s42,mdeberta_ft,lodo,Social,42,,0.6169113078223933,0.42718446601941745,0.6828087167070218,0.7407407407407407,420,microsoft/mdeberta-v3-base,247.1,175312,1.0,gold+bulk,False,,,47.0,0.5452380952380952,0.5166666666666667,0.5192857142857142,0.5264285714285715,0.2512308941228719,0.22887604695953057,0.15110088884830475,1.9820082707174207,0.5375130772590637,11.900291933358771,,,1.28,0.1943096885940013,0.15675381594616322,0.4416858196894357,0.3777192930136895,0.5181272262885688,0.4901145432377982,0.19827352280930985
lodo.Social.xlmr_dann.s100,xlmr_dann,lodo,Social,100,,0.5506829707092126,0.4423076923076923,0.6353467561521253,0.5743944636678201,420,xlm-roberta-base,250.8,175312,1.0,gold+bulk,False,,,49.0,0.5238095238095238,0.508095238095238,0.5071428571428571,0.5044047619047619,0.10524491579428903,0.09040782927625088,0.07618895173072815,3.1994355006952158,0.48679953813552856,13.807982586001224,,,1.1349999999999998,0.24465634552694399,0.21977520037890833,0.4023277749211829,0.3760755662247478,0.6245784000701081,0.6046546406717744,0.24084850325988724
lodo.Social.xlmr_dann.s13,xlmr_dann,lodo,Social,13,,0.5575507299953784,0.4752475247524752,0.6540084388185654,0.5433962264150943,420,xlm-roberta-base,190.2,175312,1.0,gold+bulk,False,,,46.0,0.5476190476190477,0.5504761904761905,0.554047619047619,0.5485714285714286,0.21979149039930806,0.1573500668193864,0.1039087176322937,2.544718813634072,0.524997353553772,16.42571219843971,,,1.0549999999999993,0.25323835452387017,0.2479143274828684,0.44402225248923344,0.4645233768970619,0.6595335870653888,0.6527628892220803,0.2896927505264067
lodo.Social.xlmr_dann.s42,xlmr_dann,lodo,Social,42,,0.5955880406562172,0.4915254237288136,0.6509433962264151,0.6442953020134228,420,xlm-roberta-base,256.3,175312,1.0,gold+bulk,False,,,48.0,0.5880952380952381,0.5823809523809523,0.5804761904761905,0.5836904761904762,0.21923087638881264,0.18130797656753586,0.1507299840450287,2.7047663077800057,0.49560511112213135,13.75755643745947,,,1.1049999999999993,0.21640846733067984,0.20523275460314716,0.36411744840676663,0.37707812234689553,0.5765913834898474,0.5641964301004276,0.2087604025676079
lodo.Social.xlmr_dapt.s100,xlmr_dapt,lodo,Social,100,,0.5520107689125795,0.41509433962264153,0.6367713004484304,0.6041666666666666,420,xlm-roberta-base,252.2,175312,1.0,gold+bulk,False,,,48.0,0.5214285714285715,0.5157142857142857,0.5157142857142857,0.5195238095238095,0.1458835548764476,0.08767139861237115,0.08302793651819229,2.9784807251439225,0.5408571362495422,15.777187583363062,,,1.119999999999999,0.22904643374365635,0.20861612840253532,0.4005079688193874,0.33620124448654504,0.5807956955378625,0.5629910754683691,0.23771079655790214
lodo.Social.xlmr_dapt.s13,xlmr_dapt,lodo,Social,13,,0.5537798162661529,0.41509433962264153,0.6491228070175439,0.5971223021582733,420,xlm-roberta-base,182.6,175312,1.0,gold+bulk,False,,,49.0,0.4976190476190476,0.5223809523809524,0.525,0.5260714285714285,0.1857997898689719,0.19469215932301406,0.10474751889705658,3.039747586470952,0.552471935749054,18.34839945953832,,,1.119999999999999,0.2550026301525619,0.2391274314224958,0.4788278090641287,0.4672138355067814,0.6409581316507282,0.6267409979256169,0.25646576798943665
lodo.Social.xlmr_dapt.s42,xlmr_dapt,lodo,Social,42,,0.519901540515452,0.4,0.6373165618448637,0.5223880597014925,420,xlm-roberta-base,112.7,175312,1.0,gold+bulk,False,,,50.0,0.4357142857142857,0.4533333333333333,0.45380952380952383,0.45261904761904764,0.20684451958150413,0.2186633076565588,0.08142159879207611,2.6882371060198054,0.556354284286499,15.609467400676404,,,1.124999999999999,0.258746994060754,0.24345165172189068,0.4343212404245835,0.4614445022595313,0.6601073827421536,0.6408668359608571,0.2918269136431763
lodo.Social.xlmr_dapt_film.s100,xlmr_dapt_film,lodo,Social,100,,0.5531286514553959,0.4230769230769231,0.6255707762557078,0.610738255033557,420,xlm-roberta-base,256.2,175312,1.0,gold+bulk,False,,,48.0,0.5404761904761904,0.53,0.5211904761904762,0.5171428571428571,0.12148719670897844,0.11718375537017134,0.08459147810935974,2.9450818278855384,0.5297818779945374,16.06818205834264,,,1.1049999999999993,0.23995091146811814,0.22269078512997154,0.38399106930905336,0.36216162562608833,0.6031325517444264,0.5882899372477455,0.23659018832441533
lodo.Social.xlmr_dapt_film.s13,xlmr_dapt_film,lodo,Social,13,,0.5571349210615916,0.41818181818181815,0.6426966292134831,0.6105263157894737,420,xlm-roberta-base,185.9,175312,1.0,gold+bulk,False,,,45.0,0.5595238095238095,0.5538095238095239,0.5523809523809524,0.5555952380952381,0.21522465468274876,0.21410619161501898,0.10630328208208084,2.8143352462628672,0.5676637291908264,15.464492365081208,,,1.169999999999999,0.2413315226897571,0.21545270076838124,0.39417189628878646,0.3613939377539406,0.6044870310197962,0.5854833787775648,0.23597468149568618
lodo.Social.xlmr_dapt_film.s42,xlmr_dapt_film,lodo,Social,42,,0.5549508692365835,0.4380952380952381,0.6349206349206349,0.5918367346938775,420,xlm-roberta-base,153.7,175312,1.0,gold+bulk,False,,,45.0,0.4976190476190476,0.49857142857142855,0.49976190476190474,0.5026190476190476,0.13466956455528267,0.12133461840912174,0.09107936918735504,3.045250165657332,0.5582063794136047,15.140977526323717,,,1.1599999999999993,0.22089299795244216,0.19270915487768756,0.39180571773370154,0.3896865798526201,0.5956355548125247,0.5742036472809335,0.22227070556336836
lodo.Social.xlmr_film.s100,xlmr_film,lodo,Social,100,,0.5778632820923569,0.46,0.6651982378854625,0.6083916083916084,420,xlm-roberta-base,252.0,175312,1.0,gold+bulk,False,,,48.0,0.5595238095238095,0.5595238095238095,0.5557142857142857,0.5496428571428571,0.14860132689499111,0.13708970654701258,0.08742651343345642,2.847907509771623,0.6023428440093994,15.693626340442158,,,1.0899999999999996,0.23782625835911042,0.23496894349210956,0.4636710108944946,0.4460990094174224,0.6284760689821393,0.6171023044821421,0.2497151481918533
lodo.Social.xlmr_film.s13,xlmr_film,lodo,Social,13,,0.5172711062223939,0.46153846153846156,0.6324435318275154,0.4578313253012048,420,xlm-roberta-base,191.5,175312,1.0,gold+bulk,False,,,45.0,0.5047619047619047,0.5085714285714286,0.5126190476190476,0.5071428571428571,0.1474604871910481,0.12558116330789254,0.08490431308746338,3.3216826530359715,0.5286004543304443,14.944157162216348,,,1.0449999999999995,0.29259519503743237,0.2860990901203771,0.5382420539001398,0.5327134121694184,0.7026268204524166,0.6956489332748689,0.3168517983765944
lodo.Social.xlmr_film.s42,xlmr_film,lodo,Social,42,,0.5612654522267148,0.45098039215686275,0.647450110864745,0.5853658536585366,420,xlm-roberta-base,290.1,175312,1.0,gold+bulk,False,,,49.0,0.5428571428571428,0.5242857142857142,0.5247619047619048,0.5248809523809523,0.18858081378615843,0.1648859214428309,0.1014501228928566,2.971457731975834,0.6358293294906616,14.944671371898401,,,1.125,0.25780368977141954,0.2414770610474209,0.4612076303869934,0.45236817443726735,0.6302369761865787,0.6146088311563146,0.2551706176479729
lodo.Social.xlmr_ft.s100,xlmr_ft,lodo,Social,100,,0.564574079251183,0.4444444444444444,0.6438356164383562,0.6054421768707483,420,xlm-roberta-base,242.3,175312,1.0,gold+bulk,False,,,46.0,0.5404761904761904,0.5219047619047619,0.5273809523809524,0.5252380952380953,0.18435099256714266,0.1916464017853828,0.09346850961446762,2.672671076225751,0.6085109710693359,15.425089514442886,,,1.0899999999999996,0.22511239927256288,0.20990593815480169,0.43792814175323247,0.418330013524322,0.6004492663234047,0.5890571732725154,0.2330471546546645
lodo.Social.xlmr_ft.s13,xlmr_ft,lodo,Social,13,,0.5762712702845642,0.4672897196261682,0.654627539503386,0.6068965517241379,420,xlm-roberta-base,267.7,175312,1.0,gold+bulk,False,,,46.0,0.5380952380952381,0.5371428571428571,0.5364285714285715,0.5280952380952381,0.18497191984865188,0.1716085055204599,0.09390834718942642,2.714509469903011,0.557174563407898,14.64238642083211,,,1.1899999999999997,0.24459601467190117,0.2245013298825966,0.4305766233046854,0.40536134660979306,0.6148430729114454,0.5935299649971948,0.2497308843461987
lodo.Social.xlmr_ft.s13.frac000,xlmr_ft,lodo,Social,13,frac000,0.6897302780761426,0.6015037593984962,0.6666666666666666,0.8010204081632653,420,xlm-roberta-base,275.9,64344,0.0,gold+bulk,False,,,31.0,,,,,,,,,,,,,,,,,,,,
lodo.Social.xlmr_ft.s42,xlmr_ft,lodo,Social,42,,0.5776461478900504,0.46,0.6666666666666666,0.6062717770034843,420,xlm-roberta-base,295.0,175312,1.0,gold+bulk,False,,,46.0,0.5476190476190477,0.5323809523809524,0.5338095238095238,0.5373809523809524,0.20005407689415147,0.1841326684672069,0.10617931932210922,2.886345918775414,0.549249529838562,15.822085476736373,,,1.1549999999999994,0.2554625188073117,0.23428863961629337,0.4838368767280462,0.4583450660299635,0.6203168108041002,0.6008691601448524,0.24604345142035222
lodo.Social.xlmr_supcon.s100,xlmr_supcon,lodo,Social,100,,0.5631467071893917,0.46551724137931033,0.6352941176470588,0.5886287625418061,420,xlm-roberta-base,194.7,175312,1.0,gold+bulk,False,0.1,0.07,50.0,0.4738095238095238,0.4919047619047619,0.4988095238095238,0.5098809523809524,0.14362095384110937,0.1486260015125585,0.11855804920196533,2.2911917336540095,0.8911219239234924,17.301992409644537,,,1.4749999999999992,0.24524907732557236,0.16423713535950757,0.4437665707816483,0.3467734488902968,0.6181545185547398,0.5587293856247807,0.22991025335195112
lodo.Social.xlmr_supcon.s13,xlmr_supcon,lodo,Social,13,,0.6094880765968552,0.5038167938931297,0.6354166666666666,0.6892307692307692,420,xlm-roberta-base,262.6,175312,1.0,gold+bulk,False,0.1,0.07,49.0,0.5666666666666667,0.5471428571428572,0.5514285714285714,0.5519047619047619,0.18147650611746716,0.18061939333274468,0.13415297865867615,2.318712499532216,0.8815883994102478,16.553105333602357,,,1.5549999999999997,0.20965017090615354,0.123626971242614,0.4587837253719717,0.33479105310482915,0.5482498921618513,0.49064929993775447,0.19876330685661628
lodo.Social.xlmr_supcon.s42,xlmr_supcon,lodo,Social,42,,0.57160715812179,0.44660194174757284,0.639080459770115,0.6291390728476821,420,xlm-roberta-base,203.0,175312,1.0,gold+bulk,False,0.1,0.07,47.0,0.46190476190476193,0.5047619047619047,0.5052380952380953,0.5041666666666667,0.18432027065378206,0.18831513170068337,0.1325974464416504,2.3283002687172747,0.9076672196388245,17.161177396823444,,,1.3250000000000002,0.2171382514808422,0.15805698686990813,0.34704151621092827,0.26754463526090544,0.5674345478470593,0.529359594777902,0.22480760838134284
lodo.Tech.allma_ft.s100,allma_ft,lodo,Tech,100,,0.6169163535071541,0.5533980582524272,0.7928464977645305,0.5045045045045045,494,allmalab/bert-base-aze,143.7,154763,1.0,gold+bulk,False,,,45.0,0.6619433198380567,0.6672064777327935,0.6728744939271255,0.6671052631578948,0.2162098941560358,0.23421502034612587,0.0871550664305687,2.930554172302303,0.4740561544895172,21.37166825624201,,,1.3199999999999992,0.14324162606618085,0.09981110604061876,0.33819488971301725,0.2764081382983451,0.4243790399839047,0.4011951748016182,0.155394133303766
lodo.Tech.allma_ft.s13,allma_ft,lodo,Tech,13,,0.6030947584626931,0.5333333333333333,0.8017241379310345,0.4742268041237113,494,allmalab/bert-base-aze,235.6,154763,1.0,gold+bulk,False,,,48.0,0.6680161943319838,0.6659919028340081,0.6661943319838056,0.666497975708502,0.2717593973659428,0.2632328368047219,0.09601987153291702,2.7482709641079435,0.4454737603664398,20.23630177634849,,,1.4449999999999998,0.18314722779911036,0.13900713670907305,0.35035076416065736,0.26173478343409196,0.44694376996149193,0.41247662462427775,0.1932370028206629
lodo.Tech.allma_ft.s42,allma_ft,lodo,Tech,42,,0.6277378812006643,0.5619047619047619,0.797037037037037,0.5242718446601942,494,allmalab/bert-base-aze,207.9,154763,1.0,gold+bulk,False,,,47.0,0.6518218623481782,0.6757085020242914,0.6775303643724696,0.6780364372469636,0.24477628471374044,0.23478936976721645,0.10233849287033081,2.6839692180272956,0.453989714384079,20.43652450030724,,,1.285,0.15279384301298948,0.12287875678808895,0.3487674262415966,0.2710079208464026,0.425356388842489,0.40449598647882634,0.16637560573451082
lodo.Tech.full.s100,full,lodo,Tech,100,,0.5951468849256797,0.4656084656084656,0.7807017543859649,0.5391304347826087,494,xlm-roberta-base,203.6,154763,1.0,gold+bulk,False,0.1,0.07,44.0,0.645748987854251,0.6619433198380567,0.6659919028340081,0.6701417004048583,0.22697721235690135,0.26602481828056923,0.2167981117963791,1.9640922780489027,0.8969900012016296,15.979197134770983,,,1.2049999999999994,0.1899991679978966,0.16483513936480773,0.423477712909516,0.34323559483618693,0.4657494447249597,0.44497220789922914,0.20846018129005423
lodo.Tech.full.s100.frac000,full,lodo,Tech,100,frac000,0.6923767968226825,0.5981308411214953,0.807570977917981,0.6714285714285714,494,xlm-roberta-base,170.9,60363,0.0,gold+bulk,False,0.1,0.07,54.0,0.6842105263157895,0.6748987854251012,0.6799595141700405,0.6773279352226721,0.32652883507243063,0.3531503407659101,0.2411181479692459,1.7971644244064435,0.8558490872383118,16.40438706131704,,,1.49,0.12531226003027604,0.06976116845163496,0.33576117208752365,0.1939848033455901,0.3800632146378122,0.35612296315669933,0.14546954709985402
lodo.Tech.full.s13,full,lodo,Tech,13,,0.6270014336205122,0.5314009661835749,0.7910447761194029,0.5585585585585585,494,xlm-roberta-base,317.4,154763,1.0,gold+bulk,False,0.1,0.07,48.0,0.6538461538461539,0.6619433198380567,0.6661943319838056,0.6716599190283401,0.2111948569812944,0.25608008960220235,0.22746755182743073,1.9128051671675834,0.8835174441337585,16.246042018485866,,,1.3599999999999994,0.18842650954796533,0.14428687248058464,0.4366231103315179,0.3508117379129624,0.4631797244319041,0.43007381197251954,0.20107283665001557
lodo.Tech.full.s13.frac000,full,lodo,Tech,13,frac000,0.6756916610265362,0.5700934579439252,0.794912559618442,0.6620689655172414,494,xlm-roberta-base,104.0,60363,0.0,gold+bulk,False,0.1,0.07,53.0,0.6781376518218624,0.6530364372469636,0.6477732793522267,0.6447368421052632,0.24265656675843497,0.2499328776035061,0.15279415249824524,2.256106137763716,0.884495735168457,15.469327465875281,,,1.0299999999999998,0.09479572705181956,0.09070647853256135,0.2846347110567985,0.2684699918686566,0.4025595629755204,0.40087600353630765,0.12323377554085006
lodo.Tech.full.s13.strict,full,lodo,Tech,13,strict,0.6300424931877514,0.5490196078431373,0.8104956268221575,0.5306122448979592,494,xlm-roberta-base,167.6,154763,1.0,gold+bulk,True,0.1,0.07,47.0,0.6740890688259109,0.6570850202429149,0.6431174089068826,0.6381578947368421,0.22850304433455704,0.2904437443672945,0.2215338498353958,1.9018834943674066,0.8794642686843872,16.117863981789114,,,1.8350000000000004,0.19331142647894878,0.09845121844387163,0.3846592842780363,0.24580639825164707,0.457448482785817,0.39715150523456233,0.18721385627623316
lodo.Tech.full.s42,full,lodo,Tech,42,,0.6208825411855475,0.5507246376811594,0.7856071964017991,0.5263157894736842,494,xlm-roberta-base,302.0,154763,1.0,gold+bulk,False,0.1,0.07,48.0,0.6761133603238867,0.6720647773279352,0.6708502024291498,0.6772267206477732,0.2279941040790297,0.26718576953136247,0.23709702491760254,1.8585462301933904,0.8867505192756653,15.38348914619118,,,1.39,0.18715959762345655,0.14338409944255892,0.37505967574419086,0.35367296180221697,0.4439825684343044,0.40675597050870693,0.20287828357990037
lodo.Tech.full.s42.frac000,full,lodo,Tech,42,frac000,0.6975529183848869,0.5633802816901409,0.8062015503875969,0.7230769230769231,494,xlm-roberta-base,257.6,60363,0.0,gold+bulk,False,0.1,0.07,53.0,0.6842105263157895,0.6910931174089069,0.6979757085020243,0.697165991902834,0.309931689432895,0.34667282311418784,0.2668692469596863,1.7109639048143261,0.8557782769203186,16.52532638203866,,,1.5750000000000004,0.15149739452737815,0.0936380861573253,0.4411499598557538,0.3234382513060402,0.40039099378011234,0.36508424678169454,0.166485403149097
lodo.Tech.full_mbert.s100,full_mbert,lodo,Tech,100,,0.6188092480015142,0.5050505050505051,0.7906295754026355,0.5607476635514018,494,bert-base-multilingual-cased,236.7,154763,1.0,gold+bulk,False,0.1,0.07,46.0,0.6538461538461539,0.6502024291497975,0.661336032388664,0.6661943319838056,0.199158729438225,0.2326226823529035,0.17748674750328064,2.1647929297446193,0.889165997505188,19.918313675066774,,,1.4549999999999996,0.1702026680140503,0.10835278696761966,0.38254965084734205,0.2586017728331029,0.4529149926800424,0.4156825451783254,0.18401394587859737
lodo.Tech.full_mbert.s13,full_mbert,lodo,Tech,13,,0.5647394717852059,0.4824120603015075,0.7761627906976745,0.43564356435643564,494,bert-base-multilingual-cased,191.3,154763,1.0,gold+bulk,False,0.1,0.07,44.0,0.6538461538461539,0.6530364372469636,0.6479757085020242,0.6491902834008098,0.17812333532416236,0.21526154019576282,0.1331711709499359,2.4064072789862427,0.8962735533714294,18.750350700491325,,,1.3599999999999994,0.18779215243771238,0.13204239328202605,0.39387246673176596,0.2808721086046049,0.48619866248311727,0.4507270714359235,0.2098930587073617
lodo.Tech.full_mbert.s42,full_mbert,lodo,Tech,42,,0.5890884987142869,0.46153846153846156,0.7919655667144907,0.5137614678899083,494,bert-base-multilingual-cased,94.5,154763,1.0,gold+bulk,False,0.1,0.07,46.0,0.6194331983805668,0.6174089068825911,0.6151821862348178,0.612753036437247,0.18474334282801075,0.1913823136844811,0.11268523335456848,2.3936227023483383,0.9000638723373413,20.589355187651236,,,1.119999999999999,0.12027256902585431,0.10131899811886401,0.2800201732984552,0.2881639788676159,0.4232234833596795,0.41455055171292066,0.1168634360991554
lodo.Tech.full_midinject.s100,full_midinject,lodo,Tech,100,,0.5924065687754448,0.47619047619047616,0.7867435158501441,0.5142857142857142,494,xlm-roberta-base,202.8,154763,1.0,gold+bulk,False,0.1,0.07,47.0,0.6497975708502024,0.6578947368421053,0.6635627530364372,0.6683198380566802,0.24302280511681792,0.268945682506311,0.22639816999435425,1.9455403203750345,0.8976793885231018,15.700713457014489,,,1.23,0.20324743060547118,0.17494172880515602,0.4232361100017141,0.35184991770746277,0.4709358258788798,0.4472038647724999,0.21187899809489713
lodo.Tech.full_midinject.s13,full_midinject,lodo,Tech,13,,0.6313204512901041,0.5221674876847291,0.7928464977645305,0.5789473684210527,494,xlm-roberta-base,281.1,154763,1.0,gold+bulk,False,0.1,0.07,49.0,0.6497975708502024,0.6554655870445344,0.6623481781376518,0.6704453441295547,0.21793280105810023,0.26884087725859873,0.2343605011701584,1.8775623229494904,0.8905811905860901,17.808833348560043,,,1.3099999999999994,0.18454749849588656,0.14473417865412536,0.4463752080586376,0.3531361006879876,0.4543313374702052,0.4245335791755197,0.1978464490464272
lodo.Tech.full_midinject.s42,full_midinject,lodo,Tech,42,,0.6379243744875277,0.5279187817258884,0.7976190476190477,0.5882352941176471,494,xlm-roberta-base,140.4,154763,1.0,gold+bulk,False,0.1,0.07,51.0,0.6538461538461539,0.6578947368421053,0.6686234817813765,0.6722672064777327,0.24868128746869586,0.2863841048709088,0.23655855655670166,1.8735860443704924,0.8907588720321655,15.493350394997133,,,1.2549999999999994,0.16559036048786827,0.12993497126407616,0.4210792821443558,0.38863331792791894,0.43405985731547125,0.4099158180693976,0.17479821890362834
lodo.Tech.full_sampler_indomain.s100,full_sampler_indomain,lodo,Tech,100,,0.6274962769241946,0.5714285714285714,0.8057971014492754,0.5052631578947369,494,xlm-roberta-base,137.6,154763,1.0,gold+bulk,False,0.1,0.07,45.0,0.6680161943319838,0.6659919028340081,0.6653846153846154,0.6638663967611336,0.2177227882232951,0.24734155152601356,0.18968848884105682,2.0755338996294066,0.8954126238822937,16.69458934871105,,,0.9900000000000004,0.16485163221232235,0.16624103809199725,0.3891748569086334,0.39047727112865427,0.435864367985673,0.4367454933383936,0.16866559904686718
lodo.Tech.full_sampler_indomain.s13,full_sampler_indomain,lodo,Tech,13,,0.5880141957108145,0.5050505050505051,0.783744557329463,0.4752475247524752,494,xlm-roberta-base,267.6,154763,1.0,gold+bulk,False,0.1,0.07,49.0,0.6477732793522267,0.6591093117408907,0.6639676113360324,0.6695344129554656,0.21327278564751762,0.2616228693049353,0.23771239817142487,1.9051798650905107,0.8946220278739929,16.335723901636428,,,1.1599999999999993,0.20157901652580118,0.18248558586113334,0.40253636102272283,0.3248949910730162,0.4587819678117173,0.44370346998771304,0.20551092719603567
lodo.Tech.full_sampler_indomain.s42,full_sampler_indomain,lodo,Tech,42,,0.6122762806353741,0.5876777251184834,0.8023426061493412,0.44680851063829785,494,xlm-roberta-base,194.5,154763,1.0,gold+bulk,False,0.1,0.07,48.0,0.6639676113360324,0.6700404858299596,0.6665991902834008,0.6718623481781376,0.21742965050373933,0.2570285962641517,0.22072134912014008,1.9554002997898063,0.8770503401756287,15.747887726220878,,,1.2349999999999999,0.18598458018029093,0.16284253055809544,0.4574661697114958,0.3995334966907942,0.4662122725807329,0.4475158316509586,0.19961698076934206
lodo.Tech.full_sampler_random.s100,full_sampler_random,lodo,Tech,100,,0.589852672453175,0.5025125628140703,0.7878787878787878,0.4791666666666667,494,xlm-roberta-base,239.0,154763,1.0,gold+bulk,False,0.1,0.07,51.0,0.6396761133603239,0.6595141700404858,0.6621457489878543,0.6673076923076923,0.2136318431404756,0.2582052184120806,0.20679199695587158,1.9503065001601854,0.9125117063522339,16.68695121988705,,,1.0549999999999993,0.18224526573899386,0.17442271293988557,0.34262154452761173,0.33735608405366135,0.4600305767672044,0.4541283108191631,0.2034597384902976
lodo.Tech.full_sampler_random.s13,full_sampler_random,lodo,Tech,13,,0.5906357392805325,0.4835164835164835,0.7931526390870185,0.49523809523809526,494,xlm-roberta-base,239.6,154763,1.0,gold+bulk,False,0.1,0.07,50.0,0.6214574898785425,0.6546558704453441,0.659919028340081,0.6677125506072874,0.23534067680913093,0.3026396330910446,0.21781329810619354,1.9758654431469003,0.9019009470939636,15.475251022399476,,,1.1349999999999998,0.1882965371426799,0.1715637622604827,0.36420904583809655,0.3089383275049189,0.46156783335306967,0.4491459702890698,0.20446568639041998
lodo.Tech.full_sampler_random.s42,full_sampler_random,lodo,Tech,42,,0.6137052001776119,0.5314009661835749,0.7863501483679525,0.5233644859813084,494,xlm-roberta-base,121.2,154763,1.0,gold+bulk,False,0.1,0.07,51.0,0.6396761133603239,0.6550607287449393,0.6597165991902834,0.6561740890688259,0.20681096761172868,0.2356994857984346,0.16616223752498627,2.1243172915755566,0.8796532154083252,15.325337236721445,,,1.0599999999999992,0.15075265192237527,0.14073823282014625,0.32280673634813317,0.3103084231782799,0.44345536846129385,0.43758314787043623,0.17006595998720778
lodo.Tech.mbert_ft.s100,mbert_ft,lodo,Tech,100,,0.5509782033034644,0.4419889502762431,0.7854137447405329,0.425531914893617,494,bert-base-multilingual-cased,221.9,154763,1.0,gold+bulk,False,,,44.0,0.6417004048582996,0.6360323886639676,0.6394736842105263,0.6409919028340081,0.1767122276716266,0.17919020393589954,0.09455656260251999,2.5728324189807976,0.4979046583175659,17.34542771784591,,,1.13,0.20863663085918274,0.19299750665378515,0.46976685200010126,0.46710536591862406,0.4966030738512148,0.4822851583884724,0.2131423537801618
lodo.Tech.mbert_ft.s13,mbert_ft,lodo,Tech,13,,0.5763634449203072,0.5076142131979695,0.7814761215629522,0.44,494,bert-base-multilingual-cased,168.3,154763,1.0,gold+bulk,False,,,43.0,0.6234817813765182,0.6388663967611335,0.6419028340080971,0.6431174089068826,0.17486337286758233,0.1584614435648176,0.07973608374595642,2.5231382634497677,0.4594114124774933,18.643037015137423,,,1.1049999999999993,0.14913012768903125,0.13288315563930655,0.4140473652588082,0.35684860245746197,0.45806385216299506,0.4483514289636044,0.170542260233903
lodo.Tech.mbert_ft.s42,mbert_ft,lodo,Tech,42,,0.572668649480543,0.4729064039408867,0.7664670658682635,0.47863247863247865,494,bert-base-multilingual-cased,123.6,154763,1.0,gold+bulk,False,,,44.0,0.6234817813765182,0.6234817813765182,0.6283400809716599,0.6266194331983805,0.15164257613617735,0.14461648988138256,0.05460347607731819,2.82769586391389,0.45162415504455566,19.009817109080043,,,1.225,0.12386688556958513,0.0928302828479785,0.31367187321221035,0.23188968879503885,0.4491473774977048,0.43297662591191033,0.14625474501483754
lodo.Tech.mdeberta_ft.s100,mdeberta_ft,lodo,Tech,100,,0.586794325164847,0.5445026178010471,0.8028368794326242,0.41304347826086957,494,microsoft/mdeberta-v3-base,248.1,154763,1.0,gold+bulk,False,,,46.0,0.6700404858299596,0.6781376518218624,0.6761133603238867,0.6773279352226721,0.25320010321262465,0.3089454932836931,0.20935706794261932,1.861448946301083,0.6599189639091492,10.917076220435398,,,1.124999999999999,0.18104614267654423,0.16420818813929908,0.34442737979542526,0.3486141830202222,0.4454202901249144,0.4327889714700196,0.18999768526067704
lodo.Tech.mdeberta_ft.s13,mdeberta_ft,lodo,Tech,13,,0.6419055170844009,0.5358851674641149,0.7915407854984894,0.5982905982905983,494,microsoft/mdeberta-v3-base,140.0,154763,1.0,gold+bulk,False,,,46.0,0.6680161943319838,0.654251012145749,0.6560728744939271,0.6612348178137651,0.24255083557961454,0.24956888079543948,0.1573277860879898,1.8269383629150784,0.5637506246566772,11.304474296081564,,,1.3099999999999994,0.14542280871701393,0.10060718866239556,0.3000297649358542,0.20596921042000083,0.4237866196275509,0.4010033080840183,0.1564877378543312
lodo.Tech.mdeberta_ft.s42,mdeberta_ft,lodo,Tech,42,,0.6502924619982764,0.5714285714285714,0.8134110787172012,0.5660377358490566,494,microsoft/mdeberta-v3-base,290.4,154763,1.0,gold+bulk,False,,,46.0,0.6842105263157895,0.6757085020242914,0.6710526315789473,0.671255060728745,0.26162230243864976,0.27441191623713085,0.16836851835250854,2.0422345712347396,0.620790421962738,10.952293499890448,,,1.0499999999999994,0.13287139483012084,0.12733598021720438,0.32869971546483145,0.31756049220047156,0.4101643514104338,0.40609937202690916,0.1520770993710902
lodo.Tech.xlmr_dann.s100,xlmr_dann,lodo,Tech,100,,0.553886492539276,0.5070422535211268,0.7725947521865889,0.38202247191011235,494,xlm-roberta-base,142.5,154763,1.0,gold+bulk,False,,,46.0,0.6417004048582996,0.6336032388663968,0.6323886639676113,0.6366396761133604,0.06478913156824051,0.05451736667110233,-0.027026113122701645,2.8640419855161974,0.5135245323181152,13.50906157429741,,,0.9950000000000004,0.1886639573802344,0.18942441119640338,0.357203032377229,0.35860579887317084,0.4658965025757953,0.4665478701030408,0.20742046271231193
lodo.Tech.xlmr_dann.s13,xlmr_dann,lodo,Tech,13,,0.6071178191845714,0.526829268292683,0.7894736842105263,0.5050505050505051,494,xlm-roberta-base,301.8,154763,1.0,gold+bulk,False,,,47.0,0.6659919028340081,0.6732793522267206,0.680161943319838,0.679251012145749,0.21502666768942008,0.23810223773583003,0.13540659844875336,2.1980152752601314,0.545239269733429,13.071667019518465,,,1.1499999999999995,0.19110163176591755,0.17512982657051268,0.48632840503240776,0.4599989009432281,0.4540249983577455,0.44066981246976505,0.19898210982873502
lodo.Tech.xlmr_dann.s42,xlmr_dann,lodo,Tech,42,,0.6271709064712261,0.542713567839196,0.801762114537445,0.5370370370370371,494,xlm-roberta-base,304.8,154763,1.0,gold+bulk,False,,,51.0,0.6740890688259109,0.6753036437246963,0.6751012145748988,0.6742914979757085,0.2218425059451455,0.28075451510157584,0.20801806449890137,2.0880431825584833,0.5094519257545471,13.327533058674854,,,1.385,0.18778355453184328,0.14766737533621926,0.367835057132634,0.3202674802950447,0.45336008469035777,0.42300405821712755,0.20314322023809353
lodo.Tech.xlmr_dapt.s100,xlmr_dapt,lodo,Tech,100,,0.6265642048603598,0.542713567839196,0.8023255813953488,0.5346534653465347,494,xlm-roberta-base,284.3,154763,1.0,gold+bulk,False,,,47.0,0.6619433198380567,0.6562753036437247,0.6546558704453441,0.6546558704453441,0.1407111779613274,0.15827883044018198,0.13377688825130463,2.551015683057296,0.5365183353424072,12.999377184502501,,,1.0999999999999994,0.1745854243457678,0.16023140411752881,0.3708063379926472,0.3847565730802267,0.43680381798451107,0.427133168114512,0.18653480453658286
lodo.Tech.xlmr_dapt.s13,xlmr_dapt,lodo,Tech,13,,0.599744238156611,0.541871921182266,0.7942028985507247,0.4631578947368421,494,xlm-roberta-base,294.3,154763,1.0,gold+bulk,False,,,48.0,0.6518218623481782,0.665587044534413,0.6625506072874494,0.6668016194331984,0.20999082121231302,0.24423707478744858,0.1481200009584427,2.097261019277143,0.5591416954994202,13.968834370185805,,,1.1499999999999995,0.18826616455119893,0.17292237475218897,0.446492378746381,0.3837926289967788,0.45906193202533596,0.4462500605486381,0.19967398871669095
lodo.Tech.xlmr_dapt.s42,xlmr_dapt,lodo,Tech,42,,0.6429078014184397,0.4787234042553192,0.8,0.65,494,xlm-roberta-base,148.4,154763,1.0,gold+bulk,False,,,45.0,0.6234817813765182,0.6425101214574899,0.6497975708502024,0.6544534412955466,0.15655906484184406,0.16893463676724801,0.12095100432634354,2.812583482652874,0.5141761302947998,15.448850904200496,,,1.0549999999999993,0.15794172358982927,0.1504361197542743,0.39200646642546444,0.3793976866410137,0.43429326416501773,0.4292191796781812,0.17198641636908416
lodo.Tech.xlmr_dapt_film.s100,xlmr_dapt_film,lodo,Tech,100,,0.6013677244831531,0.526829268292683,0.7870778267254038,0.49019607843137253,494,xlm-roberta-base,163.1,154763,1.0,gold+bulk,False,,,44.0,0.645748987854251,0.6445344129554655,0.6479757085020242,0.6488866396761134,0.1895631649569828,0.21698371636093397,0.14037156105041504,2.3660787170440827,0.6222847104072571,13.953338290264355,,,0.9150000000000004,0.15690113154690244,0.16935502321481474,0.34322695184208746,0.3649922311840618,0.43704453497427276,0.44563552217289776,0.17412998970793267
lodo.Tech.xlmr_dapt_film.s13,xlmr_dapt_film,lodo,Tech,13,,0.6208402636966509,0.49246231155778897,0.7911111111111111,0.5789473684210527,494,xlm-roberta-base,131.6,154763,1.0,gold+bulk,False,,,44.0,0.6518218623481782,0.6473684210526316,0.6518218623481782,0.658502024291498,0.2500720637214865,0.20296597935800167,0.13068513572216034,2.390795162172019,0.5214398503303528,14.608977952254858,,,1.1399999999999997,0.16770328335117013,0.15037071686673167,0.3260535448967178,0.31592244233055033,0.45141679942898605,0.44005178023264246,0.1862816056039538
lodo.Tech.xlmr_dapt_film.s42,xlmr_dapt_film,lodo,Tech,42,,0.6308714596949891,0.54,0.7970588235294118,0.5555555555555556,494,xlm-roberta-base,295.3,154763,1.0,gold+bulk,False,,,45.0,0.6659919028340081,0.6647773279352227,0.6633603238866397,0.6683198380566802,0.20999359485586236,0.24055162793818508,0.17348536849021912,2.1790787411810633,0.5271129012107849,13.651331450753908,,,1.3949999999999998,0.1941319916337548,0.15758653261719463,0.4460560278861808,0.3261084448260646,0.4572403040597367,0.42646065399494254,0.2058755201484098
lodo.Tech.xlmr_film.s100,xlmr_film,lodo,Tech,100,,0.617990109266606,0.5235602094240838,0.8051575931232091,0.5252525252525253,494,xlm-roberta-base,312.9,154763,1.0,gold+bulk,False,,,47.0,0.6700404858299596,0.6635627530364372,0.6710526315789473,0.671255060728745,0.243384890634629,0.23940444790344603,0.1410360187292099,2.2463266359353877,0.5634713172912598,14.7668199722025,,,1.1449999999999996,0.18798669386283995,0.17391945788107732,0.3591818730552314,0.36659071593393,0.45370471441725796,0.44131119731462515,0.19409141781652894
lodo.Tech.xlmr_film.s13,xlmr_film,lodo,Tech,13,,0.5885813256685055,0.45652173913043476,0.7959479015918958,0.5132743362831859,494,xlm-roberta-base,187.6,154763,1.0,gold+bulk,False,,,51.0,0.659919028340081,0.6582995951417004,0.6651821862348178,0.6661943319838056,0.2115971118427457,0.2540095306708322,0.19871489703655243,2.216668750375247,0.5964260101318359,13.659586933779323,,,1.2549999999999994,0.18170092816697825,0.14645931610238017,0.39811832237233624,0.41092765549092736,0.4613057161919326,0.43891372417917524,0.17934533296199118
lodo.Tech.xlmr_film.s42,xlmr_film,lodo,Tech,42,,0.6227903189780023,0.4756756756756757,0.7976539589442815,0.5950413223140496,494,xlm-roberta-base,157.7,154763,1.0,gold+bulk,False,,,48.0,0.631578947368421,0.6530364372469636,0.6572874493927126,0.6568825910931174,0.21481767415449865,0.19853683540961664,0.1478598564863205,2.484236742501492,0.5865551233291626,15.358230175681467,,,1.2599999999999993,0.17180499583773504,0.1384800831164123,0.4022014516564685,0.3563656035362087,0.4505335908611873,0.42990592218423074,0.17335311300716535
lodo.Tech.xlmr_ft.s100,xlmr_ft,lodo,Tech,100,,0.6012142950465026,0.5128205128205128,0.7959770114942529,0.4948453608247423,494,xlm-roberta-base,271.6,154763,1.0,gold+bulk,False,,,45.0,0.6619433198380567,0.6684210526315789,0.6627530364372469,0.6636639676113361,0.17186207004236392,0.20166175809228645,0.15307709574699402,2.417809198431382,0.6108392477035522,13.34322530654473,,,1.1449999999999996,0.1892378240581271,0.17222305147882014,0.39710860363584544,0.3500246425467777,0.4597235761711741,0.4451364485295419,0.19934237162226137
lodo.Tech.xlmr_ft.s100.frac000,xlmr_ft,lodo,Tech,100,frac000,0.6589327659082594,0.5990783410138248,0.7791798107255521,0.5985401459854015,494,xlm-roberta-base,282.8,60363,0.0,gold+bulk,False,,,32.0,,,,,,,,,,,,,,,,,,,,
lodo.Tech.xlmr_ft.s13,xlmr_ft,lodo,Tech,13,,0.613092535259718,0.5098039215686274,0.7894736842105263,0.54,494,xlm-roberta-base,289.6,154763,1.0,gold+bulk,False,,,44.0,0.6619433198380567,0.6659919028340081,0.6777327935222672,0.6815789473684211,0.23126328511294045,0.25339015050399677,0.14274108409881592,2.255100747255064,0.5413470268249512,13.787901273524554,,,1.175,0.1944448482142794,0.17583786386113487,0.4306704369156962,0.4008037941704654,0.4571757310809565,0.44193313936089146,0.1975181794553947
lodo.Tech.xlmr_ft.s13.frac000,xlmr_ft,lodo,Tech,13,frac000,0.6850216219980879,0.5871559633027523,0.8012422360248447,0.6666666666666666,494,xlm-roberta-base,288.8,60363,0.0,gold+bulk,False,,,30.0,,,,,,,,,,,,,,,,,,,,
lodo.Tech.xlmr_ft.s42,xlmr_ft,lodo,Tech,42,,0.5988504630565267,0.449438202247191,0.7953890489913544,0.5517241379310345,494,xlm-roberta-base,152.6,154763,1.0,gold+bulk,False,,,45.0,0.6437246963562753,0.6417004048582996,0.6491902834008098,0.6532388663967611,0.06694784474887831,0.05652685132793023,0.10448505729436874,2.9672249033065743,0.5214503407478333,14.949643561188923,,,1.119999999999999,0.16983456903865896,0.153181655869998,0.39900956067664345,0.3383548778246739,0.45045685057005025,0.43879871653067,0.18492783061027462
lodo.Tech.xlmr_ft.s42.frac000,xlmr_ft,lodo,Tech,42,frac000,0.6556413525454444,0.5806451612903226,0.7751677852348994,0.6111111111111112,494,xlm-roberta-base,112.7,60363,0.0,gold+bulk,False,,,30.0,,,,,,,,,,,,,,,,,,,,
lodo.Tech.xlmr_supcon.s100,xlmr_supcon,lodo,Tech,100,,0.5816100734964832,0.48128342245989303,0.7873563218390804,0.47619047619047616,494,xlm-roberta-base,196.2,154763,1.0,gold+bulk,False,0.1,0.07,46.0,0.6619433198380567,0.6550607287449393,0.6572874493927126,0.6634615384615384,0.2003368227983305,0.25141627389255206,0.17161154747009277,2.0513243808259802,0.9036253094673157,16.69219875480095,,,1.33,0.1997964416390524,0.1682255795149826,0.40469988019366554,0.38862343859833953,0.48720540505237087,0.45211512499702905,0.20500717962224235
lodo.Tech.xlmr_supcon.s13,xlmr_supcon,lodo,Tech,13,,0.6373574033582187,0.5353535353535354,0.7982062780269058,0.5785123966942148,494,xlm-roberta-base,306.1,154763,1.0,gold+bulk,False,0.1,0.07,49.0,0.6578947368421053,0.6765182186234818,0.6789473684210526,0.6795546558704454,0.205838965353773,0.2548099155054736,0.24070726335048676,1.9002335525138838,0.8842672109603882,16.479417910518876,,,1.5049999999999997,0.18946154799803955,0.1281503903666652,0.4005796418149492,0.2970153081454081,0.463054570941172,0.4188072365451657,0.19425434502787534
lodo.Tech.xlmr_supcon.s42,xlmr_supcon,lodo,Tech,42,,0.5394062386859505,0.46078431372549017,0.7696793002915452,0.3877551020408163,494,xlm-roberta-base,120.1,154763,1.0,gold+bulk,False,0.1,0.07,49.0,0.6396761133603239,0.6433198380566801,0.6417004048582996,0.6388663967611335,0.21257800695929338,0.2635872442562728,0.1381012201309204,2.417310722088071,0.9359269738197327,17.287135628578877,,,0.8250000000000003,0.12208780152203086,0.15929766346719007,0.24394165023649372,0.32064908110019946,0.44214624920743206,0.46057325646113695,0.14232117469245717
pooled.all.full.s100,full,pooled,all,100,,0.6912152648510146,0.6463730569948186,0.7721667645331768,0.6551059730250481,2994,xlm-roberta-base,113.3,217445,1.0,gold+bulk,False,0.1,0.07,45.0,0.6609886439545758,0.6557114228456914,0.6494321977287909,0.6452237808951236,0.2857661422601382,0.28859974315887144,0.18938997387886047,1.856495879173016,0.8888437747955322,19.693866101636203,0.9954383492469787,0.942189774910609,0.9550000000000004,0.06820296511780771,0.07734886761863981,0.1193721909924298,0.13824202342590142,0.3839196356218976,0.38647387598993893,0.08269366299711348
pooled.all.full.s100.bulkonly,full,pooled,all,100,bulkonly,0.6964015043915963,0.6850299401197605,0.7647058823529411,0.6394686907020873,2994,xlm-roberta-base,118.9,212445,1.0,bulk_only,False,0.1,0.07,44.0,0.654308617234469,0.6516366065464262,0.6458917835671343,0.6399966599866399,0.28256867977462835,0.307469625654103,0.20687279105186462,1.8858516998078712,0.8814346194267273,20.135786290824647,0.9954328179359436,0.9341317554314931,1.4249999999999992,0.08068200554932642,0.023207686983593847,0.12735668285664636,0.05727313697926739,0.3922153375521006,0.3815152478279814,0.10182136238840399
pooled.all.full.s100.frac000,full,pooled,all,100,frac000,0.7374900415190182,0.6894329896907216,0.8002367564368156,0.7228003784295175,2994,xlm-roberta-base,233.1,85231,0.0,gold+bulk,False,0.1,0.07,46.0,0.7084168336673347,0.6869071476285905,0.6851369405477622,0.6886272545090181,0.34958612390792754,0.39310343140139486,0.2886412739753723,1.535556425732409,0.8540540933609009,20.926895560938174,0.9943805634975433,0.8966313521067302,1.4199999999999993,0.10004050104937127,0.042832030849869085,0.20110751813460526,0.07588132629237676,0.34722911111758675,0.3288418369971099,0.10750937863965668
pooled.all.full.s100.frac025,full,pooled,all,100,frac025,0.6863327964911902,0.6162544169611307,0.7866593164277839,0.656084656084656,2994,xlm-roberta-base,116.0,118285,0.25,gold+bulk,False,0.1,0.07,47.0,0.627254509018036,0.6213092852371409,0.625751503006012,0.6259185036740147,0.29600339649091956,0.33779377329606997,0.21245959401130676,1.9180166639844822,0.9169262051582336,19.631346897376883,0.9960933228333791,0.9552465597788493,1.0799999999999998,0.05598854725824966,0.042330072847451876,0.09584264814148213,0.0820874658789601,0.37702943984078857,0.3743722262440352,0.08127522321550154
pooled.all.full.s100.frac050,full,pooled,all,100,frac050,0.6574780594221412,0.5849335302806499,0.7708163818822891,0.6166842661034847,2994,xlm-roberta-base,119.6,151338,0.5,gold+bulk,False,0.1,0.07,49.0,0.6399465597862392,0.6434869739478958,0.6450233800935203,0.6482297929191717,0.27028734085226214,0.31165509298119626,0.22768734395503998,1.8877775125191052,0.8745672702789307,19.671129312720666,0.993946353594462,0.9299158563216527,1.0999999999999994,0.1428883775619203,0.12576977399442985,0.23418507868501337,0.21369278791767254,0.4353810243688132,0.4269560875521829,0.15318975596604995
pooled.all.full.s100.frac075,full,pooled,all,100,frac075,0.7213008351758406,0.6749533871970168,0.7891440501043842,0.6998050682261209,2994,xlm-roberta-base,118.8,184391,0.75,gold+bulk,False,0.1,0.07,45.0,0.6860387441549766,0.6765531062124248,0.6695724782899132,0.6632431529726119,0.3034174223041658,0.3378755993911351,0.22500644624233246,1.8063102924054493,0.8837130665779114,20.20414996497651,0.994751630226771,0.9303286443154017,1.069999999999999,0.06819737679497936,0.05471394894718177,0.15623616683694563,0.14274816816523672,0.3671065750393231,0.3638600402758337,0.08664127038861578
pooled.all.full.s100.goldonly,full,pooled,all,100,goldonly,0.7412376431488092,0.7125154894671624,0.8035661218424963,0.707631318136769,2994,xlm-roberta-base,43.0,5000,1.0,gold_only,False,0.1,0.07,48.0,0.6750167000668003,0.6723446893787575,0.6675350701402806,0.6656145624582498,0.3262090776744698,0.384796891188228,0.2706725299358368,1.6701883531091706,0.7374441623687744,21.78997644430291,0.9883215387662252,0.8132358421881993,2.0550000000000006,0.15263675371281718,0.03132226007673541,0.3023914199382587,0.09194098282307028,0.39106697011538427,0.34364795401228926,0.14583812907660762
pooled.all.full.s100.lam0.1_tau0.05,full,pooled,all,100,lam0.1_tau0.05,0.70474567551057,0.6562703053931124,0.7820773930753564,0.6758893280632411,2994,xlm-roberta-base,125.6,217445,1.0,gold+bulk,False,0.1,0.05,46.0,0.6609886439545758,0.6609886439545758,0.6633600534402138,0.6542585170340681,0.2931219805420967,0.3045040048387478,0.20034098625183105,1.861347821050983,0.9199415445327759,20.0603643634083,0.9967556158701579,0.9576914379994075,0.8650000000000003,0.05518739234717409,0.07870421104459106,0.13276423398747772,0.17143424196178747,0.37167492090148835,0.37953620152923984,0.07189965755946598
pooled.all.full.s100.lam0.1_tau0.2,full,pooled,all,100,lam0.1_tau0.2,0.7176659405258162,0.6927444794952682,0.7921591236667628,0.6680942184154176,2994,xlm-roberta-base,157.6,217445,1.0,gold+bulk,False,0.1,0.2,47.0,0.6586506346025384,0.665998663994656,0.6659318637274549,0.6633433533734135,0.3085630115130827,0.35942984987727583,0.26127389073371887,1.6446145700141805,0.666793704032898,19.137063626111466,0.9852217197418213,0.7454414109388987,1.3800000000000001,0.11777539536940675,0.06350170822083014,0.20841734975623583,0.1159299134139321,0.3830360590852237,0.3616323989478916,0.12306083080288803
pooled.all.full.s100.lam0.5_tau0.05,full,pooled,all,100,lam0.5_tau0.05,0.713444546165352,0.6842443729903537,0.7908440629470672,0.6652452025586354,2994,xlm-roberta-base,289.2,217445,1.0,gold+bulk,False,0.5,0.05,45.0,0.6843687374749499,0.6849031396125584,0.6846693386773547,0.685871743486974,0.2926497839919527,0.3432300102955779,0.29791414737701416,1.5241257937938932,0.9207324385643005,22.149336576456534,0.9973316530386607,0.9488483448823293,1.39,0.12589608033325012,0.07422112233157029,0.2969924932850736,0.17901696502595432,0.3893115065579696,0.3642532457077761,0.1343404253937309
pooled.all.full.s100.lam0.5_tau0.07,full,pooled,all,100,lam0.5_tau0.07,0.7028174097992711,0.661198738170347,0.7767220902612827,0.6705314009661836,2994,xlm-roberta-base,127.3,217445,1.0,gold+bulk,False,0.5,0.07,48.0,0.6666666666666666,0.658249832999332,0.655811623246493,0.6488309953239813,0.2789224572951339,0.3079946645778622,0.2155907303094864,1.7755812504969883,0.9121190309524536,20.65515742067958,0.9964563250541687,0.9494717409213383,0.9350000000000004,0.053691762953090444,0.0674871260548968,0.1248873973529282,0.14537410627055392,0.3727648928092317,0.3762090731262176,0.07523062018448436
pooled.all.full.s100.lam0.5_tau0.2,full,pooled,all,100,lam0.5_tau0.2,0.6956468804128365,0.6420079260237781,0.782258064516129,0.6626746506986028,2994,xlm-roberta-base,121.1,217445,1.0,gold+bulk,False,0.5,0.2,47.0,0.6643286573146293,0.6609218436873747,0.6576820307281229,0.6527722110888443,0.2696539900818713,0.3106819898643926,0.22036738693714142,1.8294355647365859,0.7345545291900635,18.683422227390476,0.9858549336592356,0.8340930859247844,0.9650000000000004,0.0706552824544978,0.07682600604449008,0.13955953813473543,0.14979267030329113,0.38035005717803455,0.38253959630105944,0.08244968202661894
pooled.all.full.s13,full,pooled,all,13,,0.6998222525110163,0.6306818181818182,0.7917723302338687,0.6770126091173618,2994,xlm-roberta-base,183.0,217445,1.0,gold+bulk,False,0.1,0.07,47.0,0.6710086840347361,0.6617234468937876,0.6616900467601871,0.6618403473613894,0.2990398959811838,0.34126750863191874,0.2597586214542389,1.6832087869105372,0.8882691860198975,19.789034012715984,0.9946581701437632,0.926120376586914,1.3399999999999999,0.12084332305510496,0.07133362519772127,0.23574207643280087,0.139405678087397,0.3934124314308836,0.3716160262325919,0.12323731791508567
pooled.all.full.s13.bulkonly,full,pooled,all,13,bulkonly,0.7081081001958428,0.6550569323509712,0.790268456375839,0.6789989118607181,2994,xlm-roberta-base,186.6,212445,1.0,bulk_only,False,0.1,0.07,48.0,0.6523046092184369,0.6537074148296593,0.6582164328657315,0.6639278557114229,0.3030956841663711,0.35543849315782244,0.28528621792793274,1.5821018976519612,0.9018944501876831,21.005163121437786,0.9955500920613607,0.9364258418480556,1.2399999999999998,0.10992486432514116,0.07630976127075274,0.2222362751216782,0.14482362229979084,0.37541591724090945,0.3602290863556035,0.12105035540010872
pooled.all.full.s13.frac000,full,pooled,all,13,frac000,0.7458735491052201,0.7300337457817773,0.7966573816155988,0.710929519918284,2994,xlm-roberta-base,114.2,85231,0.0,gold+bulk,False,0.1,0.07,47.0,0.6606546426185704,0.6432865731462926,0.6414829659318637,0.6459919839679359,0.3295265050423823,0.3032391906807579,0.21706531941890717,1.7130042050505054,0.8634457588195801,20.049894829388702,0.9938569664955139,0.9195203532775243,1.069999999999999,0.03353754046948896,0.02657336474204966,0.06971279453561352,0.05541697778147747,0.32791770121329644,0.3266382421671482,0.0548131850344719
pooled.all.full.s13.frac025,full,pooled,all,13,frac025,0.7171497723607105,0.690537084398977,0.7964902349278233,0.6644219977553311,2994,xlm-roberta-base,153.1,118285,0.25,gold+bulk,False,0.1,0.07,48.0,0.6499665998663995,0.6415497661990648,0.6426519706078825,0.6489979959919839,0.3248615237947869,0.36731280561507706,0.2674649953842163,1.6015147853396166,0.8867071866989136,19.562333577062105,0.9951073427995046,0.9255982091029485,1.1549999999999994,0.11105121228527705,0.0887418496685155,0.20399418214413945,0.1630977229173044,0.3727100743675996,0.3627795173991435,0.1195673276332276
pooled.all.full.s13.frac050,full,pooled,all,13,frac050,0.7235298989494572,0.6876640419947506,0.8028409090909091,0.6800847457627118,2994,xlm-roberta-base,281.5,151338,0.5,gold+bulk,False,0.1,0.07,49.0,0.6790247160988644,0.6696058784235137,0.6716432865731463,0.679442217768871,0.32890706891553184,0.38403883718885107,0.29933589696884155,1.5147804781540917,0.8914281725883484,21.12792288550451,0.9948331554730733,0.9240271935860316,1.2499999999999996,0.1060052643727985,0.06940855466862388,0.18975778467158244,0.13674864602503556,0.36261838767851046,0.3476214163267772,0.11290427262146473
pooled.all.full.s13.frac075,full,pooled,all,13,frac075,0.713188526885557,0.6698049764626766,0.7932320045884714,0.6765285996055227,2994,xlm-roberta-base,203.5,184391,0.75,gold+bulk,False,0.1,0.07,46.0,0.678690714762859,0.6645958583834335,0.6698396793587175,0.6725784903139612,0.31053592028348787,0.3676828535647802,0.27286872267723083,1.6090904664736827,0.8993044495582581,20.282105242514724,0.9944494028886159,0.9351231187582016,1.324999999999999,0.09850742376525722,0.04847243971592565,0.19398680166211124,0.1039849066751013,0.3746124420213086,0.3587141505935264,0.1106984198841804
pooled.all.full.s13.goldonly,full,pooled,all,13,goldonly,0.7246841380664043,0.6920245398773006,0.7962529274004684,0.6857749469214437,2994,xlm-roberta-base,43.0,5000,1.0,gold_only,False,0.1,0.07,47.0,0.6816967267869072,0.6712758851035404,0.6672678690714763,0.6629091516366066,0.3032911980424286,0.3600729758016929,0.23714521527290344,1.8621369364376281,0.7243098020553589,21.927712126104137,0.9879317879676819,0.8279121657212575,2.0500000000000007,0.16586401780017646,0.040167508376756825,0.3060967382105665,0.12198332633057585,0.4095636389245505,0.35791309458736376,0.15565452451821515
pooled.all.full.s13.lam0.1_tau0.05,full,pooled,all,13,lam0.1_tau0.05,0.7272288667653056,0.7084639498432602,0.7954882754526565,0.677734375,2994,xlm-roberta-base,271.9,217445,1.0,gold+bulk,False,0.1,0.05,49.0,0.6840347361389446,0.6810287241148965,0.6809285237140948,0.6829325317301269,0.31956397979473283,0.3787895622070004,0.29669520258903503,1.4914992641899119,0.892126739025116,20.44822241290963,0.9945015867551168,0.9265520890553792,1.5649999999999995,0.1312335224019628,0.0626887589047796,0.2527593598137904,0.1438206902853731,0.37023544963383487,0.3397401615953422,0.12897157364528736
pooled.all.full.s13.lam0.1_tau0.2,full,pooled,all,13,lam0.1_tau0.2,0.7058664556065327,0.6465339739190117,0.7904570278815751,0.6806083650190115,2994,xlm-roberta-base,181.4,217445,1.0,gold+bulk,False,0.1,0.2,52.0,0.6730126920507682,0.672812291249165,0.6728456913827655,0.6728957915831664,0.3031162285921008,0.3573260194780684,0.26856476068496704,1.6382284982329205,0.6681855916976929,19.998165582038055,0.9818433880805969,0.7519424845774968,1.4549999999999996,0.12651684408468608,0.06462540961995673,0.2665035906086459,0.13123039746622256,0.3899440036789581,0.3633566634322806,0.12476602324591528
pooled.all.full.s13.lam0.5_tau0.05,full,pooled,all,13,lam0.5_tau0.05,0.7256301597847253,0.7075173720783323,0.7975133214920072,0.6718597857838364,2994,xlm-roberta-base,267.5,217445,1.0,gold+bulk,False,0.5,0.05,48.0,0.6997327989311958,0.6930527722110889,0.6925517702070808,0.6918837675350702,0.3140266631736117,0.3830587794150785,0.3222179114818573,1.4177375582119547,0.9063407182693481,21.395794946563385,0.9956360777219136,0.935680764913559,1.5300000000000002,0.13056581041995702,0.0659973250237054,0.2984003269131313,0.1583942975886643,0.3728482571699535,0.34344122366116847,0.1293977441894289
pooled.all.full.s13.lam0.5_tau0.07,full,pooled,all,13,lam0.5_tau0.07,0.7060847514347518,0.6519641626464507,0.7941589441168211,0.6721311475409836,2994,xlm-roberta-base,210.8,217445,1.0,gold+bulk,False,0.5,0.07,48.0,0.6816967267869072,0.6823647294589178,0.6826653306613226,0.6809619238476954,0.3090374832848426,0.3687622392390759,0.29700586199760437,1.5250791397446155,0.8968164324760437,21.208405142745086,0.9954970916112263,0.9270076503356298,1.285,0.11910676428774272,0.07817135635023403,0.3042495534530823,0.21386116748565376,0.3807896004768876,0.3618607945149674,0.12058989497452234
pooled.all.full.s13.lam0.5_tau0.2,full,pooled,all,13,lam0.5_tau0.2,0.7238016321798798,0.7102922490470139,0.7970501474926254,0.6640625,2994,xlm-roberta-base,273.3,217445,1.0,gold+bulk,False,0.5,0.2,49.0,0.6977287909151637,0.7,0.6975951903807616,0.6934702738810955,0.3121103051838978,0.37886679392442735,0.3248448669910431,1.3839810285679324,0.6643366813659668,21.428356646059484,0.9812304774920145,0.733375433087349,1.4549999999999996,0.12473731077572853,0.0646595565567063,0.23478893691439884,0.12946619634548168,0.36947959176589,0.3437005490476733,0.1251061187438935
pooled.all.full.s42,full,pooled,all,42,,0.7078986622295099,0.6626344086021505,0.7916903813318156,0.6693711967545639,2994,xlm-roberta-base,278.0,217445,1.0,gold+bulk,False,0.1,0.07,48.0,0.6730126920507682,0.6614562458249833,0.665564462257849,0.6681028724114897,0.2883259947477137,0.3447822845010876,0.2808128595352173,1.5951046048862647,0.8579767942428589,19.14783225896615,0.9933797260125478,0.9032079696655273,1.595,0.15470793225537183,0.0813822294712222,0.29099899720329603,0.17214610097646244,0.41282768472421055,0.37466984005514165,0.15712624800760347
pooled.all.full.s42.bulkonly,full,pooled,all,42,bulkonly,0.6970316716889143,0.650314465408805,0.7719907407407407,0.6687898089171974,2994,xlm-roberta-base,110.8,212445,1.0,bulk_only,False,0.1,0.07,49.0,0.6686706746826987,0.6518370073480294,0.649933199732799,0.6489144956579826,0.28248151500192553,0.3177805623286904,0.2055085152387619,1.9595308699742995,0.8917074799537659,19.57622492386988,0.9960261563460032,0.9421527246634166,1.1899999999999997,0.07995066272569222,0.047465454883185085,0.18523253556807884,0.11679576678693337,0.3850076325005986,0.37627239216368785,0.09979717529510714
pooled.all.full.s42.frac000,full,pooled,all,42,frac000,0.7379431997034853,0.6609498680738787,0.8003442340791739,0.7525354969574036,2994,xlm-roberta-base,169.4,85231,0.0,gold+bulk,False,0.1,0.07,49.0,0.6903807615230461,0.6756179024716099,0.6741482965931864,0.6738643954575818,0.33868525363371793,0.3620244203645271,0.25585463643074036,1.6599713326146146,0.8742753863334656,19.31244987394992,0.9936767419179281,0.9112406323353449,1.169999999999999,0.08565894897325581,0.06065724338957603,0.2073433409068004,0.171856637033046,0.34878585794549816,0.3399353459758877,0.10241162371214856
pooled.all.full.s42.frac025,full,pooled,all,42,frac025,0.7041420487397888,0.6544021024967148,0.7876577840112202,0.6703662597114317,2994,xlm-roberta-base,157.0,118285,0.25,gold+bulk,False,0.1,0.07,48.0,0.6706746826987308,0.6444889779559119,0.6476285905143621,0.6487307949231796,0.3061529918202634,0.34491140818422383,0.25354549288749695,1.6912070610977714,0.9094439148902893,18.57551287534374,0.9965103467305502,0.9447064836819966,1.0999999999999994,0.09076106074224866,0.073709854022937,0.2040105999058951,0.17704442556724642,0.38010498662969255,0.37402933275125555,0.10681767940932221
pooled.all.full.s42.frac050,full,pooled,all,42,frac050,0.7079503911865027,0.647887323943662,0.7952473058856038,0.6807165437302424,2994,xlm-roberta-base,215.8,151338,0.5,gold+bulk,False,0.1,0.07,49.0,0.6833667334669339,0.6684702738810955,0.6716432865731463,0.6724281897127589,0.3282994189702189,0.3780912848383198,0.2876894772052765,1.552029453871303,0.8862723708152771,20.091217330795455,0.9949161390463511,0.9148464908202489,1.2149999999999992,0.11731483336814133,0.08535378655867468,0.23288026891801594,0.17953401934090463,0.3752552553838388,0.3607872687080714,0.12410883104488676
pooled.all.full.s42.frac075,full,pooled,all,42,frac075,0.7105858527806236,0.6684175968483257,0.794413407821229,0.6689265536723163,2994,xlm-roberta-base,237.2,184391,0.75,gold+bulk,False,0.1,0.07,49.0,0.6867067468269873,0.674749498997996,0.6717434869739479,0.6714929859719438,0.31717333152469585,0.36598765092951835,0.28623417019844055,1.570701246900363,0.8753089308738708,19.470913133169496,0.9940208872159322,0.9153834968805313,1.2499999999999996,0.13286841037121055,0.0980453091929373,0.2292898672993563,0.165748173518648,0.3854685838675949,0.3678170572528661,0.1404432587581645
pooled.all.full.s42.goldonly,full,pooled,all,42,goldonly,0.7374597844019655,0.7030674846625767,0.7975169967484481,0.7117948717948718,2994,xlm-roberta-base,44.9,5000,1.0,gold_only,False,0.1,0.07,47.0,0.6837007348029392,0.6778223112892452,0.6749498997995992,0.6685871743486974,0.3261815232205754,0.37901150323371,0.25074172019958496,1.7871459791047872,0.7750104665756226,22.057053403241767,0.991144613424937,0.8455794771512349,1.8649999999999998,0.14178653340783567,0.039434160261882845,0.25566241381408783,0.10259209355290566,0.3823308563159112,0.3428550187430937,0.13727174039339046
pooled.all.full.s42.lam0.1_tau0.05,full,pooled,all,42,lam0.1_tau0.05,0.7018945002430748,0.6504394861392833,0.7899633493092755,0.6652806652806653,2994,xlm-roberta-base,277.5,217445,1.0,gold+bulk,False,0.1,0.05,48.0,0.6753507014028056,0.6619906479625919,0.6662992651970608,0.6661489645958584,0.2930288593765899,0.3477987802854618,0.2796473503112793,1.5975665758025714,0.8971633911132812,19.548910557496278,0.9956606547037761,0.931430122256279,1.5999999999999999,0.15626777179773932,0.08225465806385403,0.2538837206359472,0.14687610567524034,0.4123113474511406,0.3739484228371161,0.15546182841033815
pooled.all.full.s42.lam0.1_tau0.2,full,pooled,all,42,lam0.1_tau0.2,0.7024582980679351,0.6427586206896552,0.7912087912087912,0.673407482305359,2994,xlm-roberta-base,274.7,217445,1.0,gold+bulk,False,0.1,0.2,50.0,0.676686706746827,0.6692050768203073,0.6723112892451569,0.6734134936539746,0.2920298021670649,0.35031079801331094,0.28007009625434875,1.6190066642017742,0.6484169363975525,18.97026316564329,0.9794735153516133,0.7292703648408254,1.54,0.1521228513741734,0.08601597238274297,0.2718363294880164,0.1406381719332107,0.41138383313322985,0.3767899742386514,0.15318804395040841
pooled.all.full.s42.lam0.5_tau0.05,full,pooled,all,42,lam0.5_tau0.05,0.7115732443011812,0.6644823066841415,0.7925696594427245,0.6776677667766776,2994,xlm-roberta-base,204.1,217445,1.0,gold+bulk,False,0.5,0.05,45.0,0.6680026720106881,0.670941883767535,0.6698396793587175,0.6717601870407481,0.28800012972339994,0.33699687309394766,0.2963992953300476,1.536170784521431,0.9173898696899414,21.217965518278632,0.9962333162625631,0.945808399717013,1.3549999999999995,0.13418892313575126,0.08604237561977163,0.27929655132920184,0.190435549083382,0.39330327878286886,0.36825372956123914,0.13716059474656192
pooled.all.full.s42.lam0.5_tau0.07,full,pooled,all,42,lam0.5_tau0.07,0.6986523031614563,0.6367403314917127,0.788317107093185,0.6708994708994709,2994,xlm-roberta-base,278.3,217445,1.0,gold+bulk,False,0.5,0.07,49.0,0.6813627254509018,0.6701402805611223,0.6726786907147628,0.6753006012024048,0.2842635839983958,0.34218462953979967,0.30030450224876404,1.5430292061505344,0.8802075982093811,20.278330099910683,0.9949028809865316,0.9212331225474676,1.435,0.157952217833745,0.1014350647184974,0.272584275425902,0.20574136539930643,0.4168069033483786,0.3842114939414353,0.16057153138962424
pooled.all.full.s42.lam0.5_tau0.2,full,pooled,all,42,lam0.5_tau0.2,0.7079826485456636,0.6605019815059445,0.7895329206527856,0.6739130434782609,2994,xlm-roberta-base,184.7,217445,1.0,gold+bulk,False,0.5,0.2,47.0,0.667000668002672,0.6713426853707415,0.6755511022044088,0.678690714762859,0.28635885203938305,0.3425298725184519,0.29167357087135315,1.5535645739996868,0.6991193890571594,19.94358911028255,0.9838844080766042,0.7673521518707276,1.285,0.13337027100247018,0.09257105883613773,0.28630231370963277,0.20980787154034697,0.39169842705891106,0.3705744007675335,0.13311035548098274
pooled.all.full.s42.trstage,full,pooled,all,42,trstage,0.7242752134757682,0.6959752321981424,0.7905346187554777,0.6863157894736842,2994,/workspace/azsent_pod/runs/transfer/t3_tr_intermediate/encoder,219.5,217445,1.0,gold+bulk,False,0.1,0.07,44.0,0.6499665998663995,0.66312625250501,0.670941883767535,0.6749498997995992,0.3102271148544426,0.35260428104639535,0.2732633650302887,1.57826787152461,0.8732724189758301,19.324038668250218,0.9947376430034638,0.9124677211046219,1.4149999999999994,0.11500218439910609,0.058107176231135135,0.22691829594062773,0.13953703128603967,0.3742151607855063,0.3509255353528581,0.12228836639510435
pooled.all.xlmr_ft.s100,xlmr_ft,pooled,all,100,,0.7018283610032711,0.6729917773561037,0.7900950187158077,0.6423982869379015,2994,xlm-roberta-base,142.1,217445,1.0,gold+bulk,False,,,45.0,0.6716766867067469,0.6623914495657983,0.6604876419505677,0.6556446225784903,0.29189014775624034,0.3120911598285553,0.19224540889263153,2.022692690849133,0.5036282539367676,18.99072534671219,0.9570600767930348,0.6330432852109273,1.3099999999999994,0.1371381446745776,0.09577045157023756,0.2835041374105134,0.17994857350133264,0.3946841143904173,0.37419220863962444,0.12882152311897438
pooled.all.xlmr_ft.s13,xlmr_ft,pooled,all,13,,0.6954473060384282,0.6426092990978487,0.7949630440733644,0.6487695749440716,2994,xlm-roberta-base,209.8,217445,1.0,gold+bulk,False,,,48.0,0.6569806279225117,0.6513694054776219,0.6524382097528391,0.6565130260521042,0.23359780316158113,0.2536528981839343,0.17133688926696777,2.156977534018207,0.4962324798107147,19.147064168641826,0.9692732910315196,0.6647959952553113,1.2899999999999998,0.1206587110562451,0.08152798303166503,0.21847495019531493,0.17196625856776726,0.39471536591119183,0.3778412107676059,0.13206716218787037
pooled.all.xlmr_ft.s42,xlmr_ft,pooled,all,42,,0.6496091441609825,0.6111111111111112,0.784579317530607,0.5531370038412292,2994,xlm-roberta-base,193.6,217445,1.0,gold+bulk,False,,,46.0,0.648630594522378,0.6523046092184369,0.6500334001336006,0.6531563126252505,0.2834264161288511,0.318691612289585,0.20371559262275696,1.9232384651868195,0.612579882144928,17.569747278681408,0.9767458975315094,0.7183549836277962,1.119999999999999,0.1630046171868768,0.14810047277794644,0.29278210127914694,0.25550934213855914,0.4403485894941668,0.43077143097507203,0.17798871396544882
