uid,domain,ann1,ann2,ann3,adjudicator,final_label,gold_role
28221123e51c3dd2,Social,neutral,neutral,neutral,neutral,neutral,gold_dev
37e2ff040e4af6ef,Tech,negative,positive,negative,negative,negative,
a887c698ef446bf5,Social,neutral,neutral,neutral,neutral,neutral,gold_test
13f756abb8894ba2,Tech,neutral,neutral,neutral,neutral,neutral,gold_dev
cfffa5bfc1f9ada8,Tech,neutral,neutral,neutral,neutral,neutral,
3dca42ed956be268,Finance,negative,positive,negative,negative,negative,gold_dev
494d9bb9be9f9d58,Tech,positive,positive,positive,positive,positive,
bd1076108cb97651,Tech,neutral,neutral,neutral,neutral,neutral,
bd12a0a43bca40c3,Tech,neutral,neutral,neutral,neutral,neutral,
867603b41823dada,Social,negative,neutral,neutral,neutral,neutral,gold_test
87b4b97b8f79dde3,Tech,neutral,neutral,neutral,neutral,neutral,
9d1273d2d7995f20,Tech,neutral,neutral,neutral,neutral,neutral,
3dee4bf36924983d,Finance,neutral,neutral,neutral,neutral,neutral,gold_dev
7e2050f9e95f7b4f,Tech,neutral,negative,neutral,neutral,neutral,
abc98d84736be412,Retail,neutral,neutral,neutral,neutral,neutral,gold_test
3244b3da731bb84a,Finance,neutral,neutral,neutral,neutral,neutral,gold_test
b80cc1d693308a1c,Retail,neutral,neutral,neutral,neutral,neutral,gold_test
505a29503e288d78,Tech,positive,positive,positive,positive,positive,gold_test
6af49512d0b97ecd,Tech,neutral,neutral,neutral,neutral,neutral,
215823257d84173a,Tech,positive,positive,positive,positive,positive,
24baadd8d8fdce24,Tech,negative,neutral,neutral,neutral,neutral,
c27d06f38f823a5c,Tech,neutral,neutral,neutral,neutral,neutral,
338ca7604acedf79,Tech,negative,negative,neutral,negative,negative,
3e46784b6d8d1aee,Tech,negative,positive,positive,positive,positive,
833791b1c892275e,Retail,negative,negative,negative,negative,negative,gold_test
f42bd39b0a092206,Tech,neutral,neutral,neutral,neutral,neutral,
91fe3bade4eb4f3e,Tech,negative,negative,neutral,negative,negative,gold_test
ede5e9855204d7ea,Tech,positive,positive,positive,positive,positive,
22dbae9673f60408,Tech,neutral,neutral,neutral,neutral,neutral,gold_train
223fcdf0f0cb01bf,Tech,neutral,positive,neutral,neutral,neutral,
1755312d104e6063,Tech,negative,negative,negative,negative,negative,
5d6384c8b1ce9406,Public,neutral,neutral,neutral,neutral,neutral,gold_test
ac7e8e83d86373b0,Tech,negative,negative,negative,negative,negative,
472b333fcc1db8f7,Tech,neutral,neutral,neutral,neutral,neutral,
5c82a04860a433fb,Tech,neutral,neutral,neutral,neutral,neutral,
b1ffb6b2455a7991,Tech,neutral,neutral,neutral,neutral,neutral,
3c2ec94f6adddbb9,Tech,neutral,negative,negative,negative,negative,
355eef41b99a3042,Finance,neutral,negative,neutral,neutral,neutral,gold_test
33747d42023bdf2f,Tech,negative,negative,negative,negative,negative,
cc725b1b1322203d,Retail,neutral,neutral,neutral,neutral,neutral,gold_dev
27e7e5412a3a344c,Tech,neutral,neutral,neutral,neutral,neutral,gold_test
4507292d2ed160db,Tech,neutral,neutral,neutral,neutral,neutral,
464ae68ebef1a398,Tech,neutral,neutral,neutral,neutral,neutral,
d7c8d88803c1532e,Tech,neutral,positive,neutral,neutral,neutral,gold_dev
bf53090d3552133c,Tech,negative,positive,negative,negative,negative,
ff339b55373b7743,Social,positive,positive,positive,positive,positive,gold_test
b635be14894d4bd0,Tech,neutral,neutral,neutral,neutral,neutral,
5c4d542060862b5e,Tech,positive,negative,positive,positive,positive,
218372d02e269910,Tech,negative,negative,negative,negative,negative,
486b924d96e2d852,Tech,neutral,neutral,neutral,neutral,neutral,
cc38d841ccd37c96,Tech,neutral,neutral,neutral,neutral,neutral,
33d26c5c09e8d6ec,Tech,negative,neutral,neutral,negative,negative,
d8d3e486588b3f8a,Tech,negative,negative,negative,negative,negative,
1c35435bde5c7d70,Tech,neutral,neutral,neutral,neutral,neutral,gold_dev
573d980e1e143fb7,Social,neutral,neutral,neutral,neutral,neutral,gold_test
057e0b897fc4cdc3,Finance,neutral,neutral,neutral,neutral,neutral,gold_train
fe8e6d9ad3da6b33,Finance,negative,negative,negative,negative,negative,gold_test
26249074bc23b793,Finance,negative,negative,negative,negative,negative,gold_train
03ce26b432668be8,Tech,neutral,negative,negative,negative,negative,
d6e3016dd50724b1,Finance,neutral,neutral,neutral,neutral,neutral,gold_test
a4677b25d2d05774,Tech,neutral,neutral,neutral,neutral,neutral,
ca56a2cff9354d5d,Tech,neutral,neutral,neutral,neutral,neutral,
18f17dea6a38e575,Tech,positive,negative,negative,negative,negative,
f412c0a86813a118,Finance,neutral,positive,neutral,neutral,neutral,gold_dev
c72f7c849e61472f,Tech,negative,negative,negative,negative,negative,
99f5e3065cc965dd,Tech,negative,negative,positive,negative,negative,
930b0502969adaa7,Tech,neutral,neutral,neutral,neutral,neutral,
2dda253c62f58473,Tech,positive,positive,positive,positive,positive,
91060615f4fbc558,Tech,negative,negative,negative,negative,negative,
a52170fe28ea316f,Tech,negative,negative,neutral,negative,negative,
39cb92193e92e2c8,Tech,neutral,neutral,neutral,neutral,neutral,
431a12cdf1dbf509,Tech,neutral,neutral,neutral,neutral,neutral,
8f7ded26716efbde,Tech,negative,neutral,neutral,neutral,neutral,
7c0ebe2c3881fd03,Tech,positive,positive,positive,positive,positive,
00dcc073f3d97390,Tech,neutral,neutral,neutral,neutral,neutral,gold_test
9e2ece84db6c9086,Tech,neutral,neutral,neutral,neutral,neutral,
bc6d44bc9bab6e8d,Tech,negative,negative,neutral,negative,negative,
287365a577b650ea,Tech,positive,negative,negative,negative,negative,
6a6e82d72ba20558,Tech,neutral,neutral,positive,neutral,neutral,
3872073c15580cc2,Tech,neutral,neutral,neutral,neutral,neutral,
15b785bf8722409a,Tech,neutral,neutral,neutral,neutral,neutral,
3582dae93fc470b8,Tech,negative,negative,negative,negative,negative,
f972471a04c0960d,Tech,positive,neutral,positive,positive,positive,
bcab3b17965d6939,Tech,positive,positive,positive,positive,positive,
e51aef3f21204ecc,Tech,positive,negative,positive,positive,positive,
6d91daf8f5e07c50,Tech,positive,positive,positive,positive,positive,
a57a08760c77be5e,Tech,positive,positive,positive,positive,positive,
f072562d1fe38b58,Tech,neutral,neutral,neutral,neutral,neutral,
7d827730df26f48c,Tech,neutral,neutral,neutral,neutral,neutral,
d875cd5cb945e136,Tech,neutral,positive,neutral,neutral,neutral,
8619919dc8374441,Tech,neutral,positive,neutral,neutral,neutral,
4dbb44a1512a79b6,Tech,negative,positive,negative,negative,negative,
b6074397559f05c8,Tech,negative,negative,negative,negative,negative,
4350b3ce69395bd0,Tech,neutral,negative,neutral,negative,negative,
e63cd2ca652c954c,Tech,positive,positive,positive,positive,positive,
c575181260e0c981,Retail,neutral,neutral,neutral,neutral,neutral,gold_test
26246485ab8dd545,Tech,neutral,neutral,positive,neutral,neutral,
2aaae33992414fa5,Tech,neutral,neutral,neutral,neutral,neutral,
3d3f54aedc323181,Tech,positive,positive,positive,positive,positive,
637f13b1f9398c2d,Tech,positive,negative,positive,positive,positive,
2b4fe234bc68897f,Tech,neutral,positive,positive,positive,positive,
61dc6a6fee775502,Social,positive,positive,positive,positive,positive,gold_test
19cb338d72e619c3,Tech,neutral,neutral,neutral,neutral,neutral,
58722f8fc738ab3b,Tech,neutral,neutral,neutral,neutral,neutral,
6b5c1deafcccded6,Tech,neutral,neutral,neutral,neutral,neutral,
2761eb4ed8f6acfd,Tech,neutral,neutral,neutral,neutral,neutral,
e2d2237023071632,Tech,neutral,positive,positive,positive,positive,
cd2dd23a93217908,Tech,negative,negative,negative,negative,negative,
f1f3a82dc454e643,Tech,positive,positive,positive,positive,positive,
367452d46783d817,Tech,negative,negative,negative,negative,negative,gold_test
bde4c4d038c440fb,Tech,negative,negative,negative,negative,negative,
d71ba02a412c7440,Public,neutral,neutral,negative,neutral,neutral,gold_dev
b89e9fdd15fe96d3,Tech,neutral,neutral,neutral,neutral,neutral,
d793bc53b99853df,Tech,negative,negative,negative,negative,negative,
18bf4f702413a5c3,Tech,positive,positive,positive,positive,positive,
c23deb635969af94,Tech,positive,positive,positive,positive,positive,
2fc16ac8f7cf9427,Tech,neutral,neutral,neutral,neutral,neutral,
237fb752bdcd9526,Tech,neutral,neutral,neutral,neutral,neutral,
9cc88ea9b828b218,Retail,negative,negative,negative,negative,negative,gold_test
82ceb86d04a6121d,Tech,positive,positive,positive,positive,positive,
740010cec8112465,Tech,negative,negative,negative,negative,negative,
8b74710fd918c753,Tech,negative,negative,negative,negative,negative,
a27734ff373b2afc,Tech,neutral,neutral,neutral,neutral,neutral,
a64e03beecb8b5a5,Tech,negative,negative,negative,negative,negative,
78e310ad9b9d21bc,Tech,negative,negative,negative,negative,negative,
fe388ce45620018e,Tech,neutral,neutral,positive,neutral,neutral,
d2825271b65a253a,Tech,neutral,neutral,neutral,neutral,neutral,
90d067552e26bbf7,Tech,neutral,neutral,neutral,neutral,neutral,
55c0b2661c5faa7f,Tech,neutral,neutral,neutral,neutral,neutral,
53ab1160c6d81d71,Tech,neutral,neutral,neutral,neutral,neutral,
57ae436310f23c24,Social,negative,neutral,neutral,neutral,neutral,gold_test
b5c2439989c5439a,Public,neutral,neutral,neutral,neutral,neutral,gold_dev
55ce3ac288f5ecae,Public,neutral,neutral,neutral,neutral,neutral,gold_dev
c3b5b946a28b3c56,Public,negative,negative,negative,negative,negative,gold_dev
7e2927ad6b0a26a0,Tech,positive,neutral,neutral,neutral,neutral,
a3131a5dd8a2f4b3,Tech,negative,negative,negative,negative,negative,gold_train
da3904aa172f29f0,Social,neutral,neutral,neutral,neutral,neutral,gold_dev
f17716bdf3786262,Social,neutral,positive,neutral,neutral,neutral,gold_dev
5cbc79a269edfd1b,Tech,positive,positive,positive,positive,positive,
0abe29a4ac7c0194,Tech,neutral,neutral,neutral,neutral,neutral,
64cc3181f2549396,Tech,positive,positive,positive,positive,positive,gold_dev
36bcb21319a0bd42,Tech,neutral,neutral,neutral,neutral,neutral,
15095c8423dfa8cf,Tech,neutral,neutral,neutral,neutral,neutral,
c693553bd2fa400e,Tech,neutral,neutral,neutral,neutral,neutral,
d1922e9fd59462f9,Tech,negative,positive,positive,positive,positive,
962d21f29bc57a86,Tech,negative,negative,negative,negative,negative,
2e581fc6e722e78e,Tech,neutral,neutral,neutral,neutral,neutral,
c7506731c577424b,Tech,neutral,neutral,neutral,neutral,neutral,
910c476b40aa0bb0,Finance,neutral,neutral,neutral,neutral,neutral,gold_test
cbd5b9462e599168,Tech,negative,negative,negative,negative,negative,
43968f1b8f3091b3,Tech,negative,negative,negative,negative,negative,
527418d04582093d,Finance,positive,neutral,neutral,neutral,neutral,gold_train
c9584b2d6ec2d005,Tech,negative,neutral,neutral,neutral,neutral,
cce0796bddaa8d7f,Tech,neutral,neutral,neutral,neutral,neutral,
fac5d41dc8582ef7,Tech,positive,positive,neutral,positive,positive,
3e2dc32042a7db28,Tech,negative,negative,negative,negative,negative,gold_test
90faebb78ce24d0c,Tech,negative,negative,negative,negative,negative,
4a70eec97e60b1fd,Tech,positive,neutral,positive,positive,positive,
075ce621606cb493,Tech,positive,positive,positive,positive,positive,
945824b776fbe673,Tech,positive,neutral,neutral,neutral,neutral,
cfac23640063c8e4,Tech,positive,positive,positive,positive,positive,
a40d2fd42017b105,Tech,neutral,neutral,neutral,neutral,neutral,gold_train
6c34bcd924654177,Tech,neutral,neutral,neutral,neutral,neutral,
94131e1cc41257bc,Tech,neutral,neutral,neutral,neutral,neutral,
e466b3649dbfb2cc,Finance,neutral,neutral,neutral,neutral,neutral,gold_dev
c6c2a8fb113f1a9c,Tech,negative,negative,negative,negative,negative,
f60ec7ea8b7d8ea4,Tech,neutral,neutral,neutral,neutral,neutral,
bd9e8dbb334a72f6,Tech,negative,negative,negative,negative,negative,
50ad4e6f942c2e6c,Tech,neutral,neutral,neutral,neutral,neutral,
41ab1a27f870606e,Tech,neutral,positive,neutral,neutral,neutral,
d4308210b037629e,Tech,neutral,neutral,neutral,neutral,neutral,
29944e4d940fa71d,Tech,neutral,neutral,neutral,neutral,neutral,
d64847ae894d3c01,Tech,neutral,neutral,neutral,neutral,neutral,
a0d3e402405623ad,Tech,neutral,neutral,neutral,neutral,neutral,
8ba0e11ce404d348,Tech,neutral,neutral,neutral,neutral,neutral,
496aa714382fedc6,Tech,neutral,neutral,neutral,neutral,neutral,
e383ccfc60dfeaac,Tech,neutral,neutral,neutral,neutral,neutral,
5f0c5fd5b8e5ed68,Tech,neutral,neutral,neutral,neutral,neutral,
3371ddcb1247f2d7,Tech,positive,neutral,positive,positive,positive,gold_test
27b1b463dfa87bf4,Tech,negative,negative,negative,negative,negative,
cc802737982b78cb,Tech,negative,negative,negative,negative,negative,
1cba76339dca1a63,Tech,neutral,negative,negative,negative,negative,
94357587b7719dd6,Finance,neutral,neutral,neutral,neutral,neutral,gold_train
6a37858408326405,Social,neutral,neutral,neutral,neutral,neutral,gold_dev
cb94b7d41cb02881,Tech,neutral,negative,neutral,neutral,neutral,
a4b6b406a3ebcb3e,Tech,positive,positive,positive,positive,positive,
fcbcc928d904768f,Finance,neutral,neutral,negative,neutral,neutral,gold_train
75acb6e8f5d8efa5,Tech,neutral,neutral,neutral,neutral,neutral,
c0f98f522077da61,Tech,positive,positive,positive,positive,positive,
5f75c9a650a3d77f,Tech,neutral,neutral,neutral,neutral,neutral,
497080de9b3fc40c,Tech,positive,positive,positive,positive,positive,gold_dev
4cdc5c1ee0792ce4,Tech,neutral,neutral,neutral,neutral,neutral,
0af3e8c985822611,Tech,neutral,neutral,neutral,neutral,neutral,
890b4d1a25299608,Public,negative,negative,negative,negative,negative,gold_train
2cc1934f01f3326d,Social,neutral,neutral,negative,neutral,neutral,gold_test
77f351d96116f15e,Tech,neutral,neutral,neutral,neutral,neutral,
0fb4d1ecad16c737,Social,neutral,neutral,neutral,neutral,neutral,gold_test
2d22dab18c6fd2e5,Tech,negative,negative,negative,negative,negative,
306976123cf8f44f,Social,neutral,neutral,neutral,neutral,neutral,gold_test
61cf9e1854a52f67,Tech,positive,positive,positive,positive,positive,
b892d187ae226187,Social,neutral,neutral,neutral,neutral,neutral,gold_test
449c067cc32fd033,Tech,negative,negative,negative,negative,negative,
d2a8dbb23d7cfa31,Tech,neutral,neutral,neutral,neutral,neutral,
0cfaadc3a81caf3f,Tech,neutral,neutral,neutral,neutral,neutral,
787ce701e8bace00,Public,neutral,neutral,neutral,neutral,neutral,gold_test
2572489c580c488a,Retail,negative,negative,negative,negative,negative,gold_test
0d23f0c8bd24442f,Tech,neutral,neutral,neutral,neutral,neutral,
084403ae2137e95e,Tech,neutral,neutral,negative,neutral,neutral,
31da0c69ffb213be,Tech,positive,positive,positive,positive,positive,
16cf39a65bb5fefa,Tech,neutral,neutral,neutral,neutral,neutral,
b57bfd69fb8a820f,Tech,neutral,neutral,neutral,neutral,neutral,gold_test
f090fa71579d8200,Tech,neutral,neutral,positive,neutral,neutral,
27f19ad857928e9e,Tech,negative,negative,negative,negative,negative,
d89385ca88661fd4,Tech,negative,negative,negative,negative,negative,
e33a1b134a032524,Tech,neutral,neutral,neutral,neutral,neutral,
b844f793f5409832,Retail,neutral,neutral,neutral,neutral,neutral,gold_test
7e51eece49b7a012,Finance,neutral,neutral,positive,neutral,neutral,gold_train
169574f6129edcf8,Social,negative,negative,neutral,negative,negative,gold_test
d6f07163d62b840d,Retail,neutral,neutral,neutral,neutral,neutral,gold_test
5e4a409de53cdc8f,Tech,neutral,neutral,negative,neutral,neutral,
1dd9a977d63677e9,Tech,neutral,neutral,neutral,neutral,neutral,
0ad6ae342032a002,Retail,neutral,neutral,neutral,neutral,neutral,gold_dev
d88397c33d0a3338,Tech,negative,negative,negative,negative,negative,
32b30397d58c1790,Tech,negative,negative,negative,negative,negative,
ed685e2df97cc51d,Tech,positive,positive,positive,positive,positive,
25011b5015a52fbc,Tech,neutral,neutral,neutral,neutral,neutral,
864f7977ab1ff0cd,Tech,negative,negative,negative,negative,negative,
3d6f941796458248,Social,positive,negative,positive,positive,positive,gold_test
c1820063f568dbc5,Tech,negative,negative,negative,negative,negative,
f08b0eb31c3dc0dd,Tech,neutral,negative,neutral,neutral,neutral,
ad7044c1f2ae27ca,Tech,negative,negative,negative,negative,negative,
9f7d0c98536f215b,Public,positive,negative,negative,negative,negative,gold_test
b7f78d0f10ab554c,Tech,neutral,neutral,neutral,neutral,neutral,
08d8853844d2e65e,Tech,neutral,neutral,negative,neutral,neutral,
21019f6d353c87e1,Tech,positive,positive,positive,positive,positive,
2d11f5865b2d33da,Tech,positive,positive,neutral,positive,positive,
f317e0e3a1732b96,Tech,negative,negative,neutral,negative,negative,
1c26487d7f73c0b2,Tech,neutral,positive,positive,positive,positive,
b4f1a7734cfcefbb,Social,positive,positive,positive,positive,positive,gold_test
62193a3daf632e73,Tech,negative,negative,negative,negative,negative,gold_train
b606d8e197da1194,Public,negative,negative,negative,negative,negative,gold_train
18ab7e1f25a72950,Tech,neutral,neutral,neutral,neutral,neutral,
f4d558b3d5ab598e,Tech,neutral,neutral,neutral,neutral,neutral,
0cd8fae232542d16,Retail,neutral,neutral,neutral,neutral,neutral,gold_test
510ab15b7d48613c,Finance,negative,negative,negative,negative,negative,gold_dev
362a5154a58d0123,Tech,negative,negative,negative,negative,negative,
b1f051aae9b98117,Tech,neutral,positive,neutral,neutral,neutral,
5f8daca8edfac854,Tech,neutral,neutral,neutral,neutral,neutral,
884df3a0b26d1417,Tech,negative,negative,negative,negative,negative,
6e060476f51ce5f1,Tech,negative,negative,negative,negative,negative,
ad14ee6c49b51131,Tech,negative,negative,negative,negative,negative,
30842937b5512f9e,Social,positive,positive,positive,positive,positive,gold_dev
c8018e3599011df4,Tech,neutral,negative,neutral,neutral,neutral,gold_train
75a8a0dcbed9ac5f,Tech,positive,positive,positive,positive,positive,
d83c23ccfc19d885,Retail,positive,neutral,neutral,neutral,neutral,gold_dev
c55a5fad20d3e73a,Tech,neutral,neutral,neutral,neutral,neutral,
db84fdf1d6f72d08,Retail,neutral,neutral,neutral,neutral,neutral,gold_test
72347219de758407,Tech,neutral,neutral,neutral,neutral,neutral,
4dc3456e6f33ccbe,Public,neutral,neutral,neutral,neutral,neutral,gold_test
8202595e012af2a0,Retail,positive,positive,positive,positive,positive,gold_test
2efc99dd59e946c4,Tech,positive,positive,positive,positive,positive,
20b9e08d96180349,Tech,neutral,positive,neutral,neutral,neutral,
af78f7961035e700,Tech,negative,negative,positive,negative,negative,
9b1022494223c203,Public,negative,negative,negative,negative,negative,gold_dev
341c72c30974221e,Retail,negative,negative,neutral,negative,negative,gold_test
161b3a257785270a,Tech,negative,negative,positive,negative,negative,
31dbafae38127da2,Tech,positive,positive,positive,positive,positive,
a5eb916c5893077d,Retail,negative,negative,negative,negative,negative,gold_test
91de3539441972a0,Tech,positive,positive,neutral,positive,positive,
c7acdcacd4aed276,Retail,neutral,negative,neutral,neutral,neutral,gold_dev
557d9b181343bc89,Tech,negative,negative,negative,negative,negative,
0022b6be7876a6c5,Tech,negative,negative,negative,negative,negative,gold_test
0e0edacabab0730e,Tech,negative,negative,negative,negative,negative,
36d6dbb29a1b6eef,Tech,positive,neutral,neutral,neutral,neutral,
c799a08f6bbb6c4a,Tech,negative,negative,neutral,negative,negative,
389f226db36ade83,Tech,neutral,neutral,neutral,neutral,neutral,
c2c2ca33eed604ea,Tech,neutral,neutral,neutral,neutral,neutral,
720ff9d7fe0b69e3,Tech,negative,negative,negative,negative,negative,
4483a875b2694e58,Tech,neutral,neutral,neutral,neutral,neutral,
cf1af40cab6def78,Tech,negative,negative,negative,negative,negative,
1e041050eb4d5803,Tech,neutral,neutral,neutral,neutral,neutral,
1cbe777f823cb6bb,Tech,negative,negative,negative,negative,negative,
71d4fe036bd6c17a,Tech,neutral,neutral,neutral,neutral,neutral,
4590046a59b092ad,Tech,neutral,neutral,neutral,neutral,neutral,
62ab65b8f1f23d54,Tech,negative,negative,negative,negative,negative,
ad4a8db419f71441,Tech,positive,positive,positive,positive,positive,
386e96d9cadb75ad,Retail,neutral,negative,negative,negative,negative,gold_test
292bb5afae116cfa,Tech,neutral,neutral,neutral,neutral,neutral,
5ff0b675b55865f0,Tech,negative,negative,negative,negative,negative,
9a4fd54ab580c714,Tech,neutral,neutral,neutral,neutral,neutral,
15d3978b472a1b89,Tech,positive,positive,positive,positive,positive,
c1177477b805d228,Tech,neutral,neutral,neutral,neutral,neutral,
12ff0f0e17964357,Tech,positive,neutral,neutral,neutral,neutral,
c96425180ee59a33,Tech,neutral,neutral,neutral,neutral,neutral,
3b622b1a3643663b,Social,neutral,neutral,neutral,neutral,neutral,gold_dev
0c7cdb237dc7d6a5,Tech,neutral,positive,neutral,neutral,neutral,
b05ad09bfe58d138,Tech,neutral,neutral,negative,negative,negative,
c84d1a6fba613ebf,Tech,neutral,neutral,neutral,neutral,neutral,
38e9482b77b4a474,Tech,positive,positive,positive,positive,positive,
08d91dc3b2152270,Social,neutral,neutral,negative,neutral,neutral,gold_test
a49a2996c5adf991,Tech,positive,neutral,neutral,neutral,neutral,
0134e7e4fd24f80e,Tech,positive,positive,positive,positive,positive,
fab96b2c6ab091ae,Tech,neutral,neutral,neutral,neutral,neutral,
c054ddac20930a9f,Tech,negative,positive,positive,positive,positive,
f579e24b2bed89ee,Tech,positive,positive,positive,positive,positive,
5910b48ad20595ef,Tech,positive,positive,positive,positive,positive,
34525e0a9feaea70,Retail,negative,negative,negative,negative,negative,gold_test
b6f70bb13f1c4cc5,Finance,neutral,neutral,neutral,neutral,neutral,gold_test
1aaadaf947cd2160,Tech,neutral,negative,negative,negative,negative,
eb752e9d3bd1cbfa,Tech,negative,neutral,negative,negative,negative,gold_train
b8f3bef155837567,Finance,neutral,neutral,neutral,neutral,neutral,gold_train
e1f8d91c3e679eeb,Tech,negative,negative,negative,negative,negative,
f0931ef8c42f2a74,Public,neutral,neutral,neutral,neutral,neutral,gold_dev
07ccbda737bae16b,Tech,negative,negative,negative,negative,negative,
ab3a477eea649677,Public,neutral,negative,negative,negative,negative,gold_dev
d2e06937de2b321f,Tech,positive,negative,positive,positive,positive,
e536345f370ddd3c,Tech,negative,negative,negative,negative,negative,gold_train
bd9a0672f8d9bbff,Tech,neutral,neutral,neutral,neutral,neutral,
443ed82a7690b678,Tech,neutral,neutral,neutral,neutral,neutral,
00bf81d06f3131d6,Tech,negative,negative,negative,negative,negative,
b919d5276de7cb1a,Tech,negative,negative,negative,negative,negative,
bf364f2c80c90b92,Tech,neutral,neutral,neutral,neutral,neutral,
11126fe23b719209,Tech,negative,neutral,negative,negative,negative,
e1a13cc6af08511f,Tech,neutral,neutral,neutral,neutral,neutral,
02daaba185c25b66,Tech,positive,positive,positive,positive,positive,
45505466c0348bd7,Tech,positive,neutral,neutral,neutral,neutral,
ab12f5c6fbceb212,Finance,neutral,negative,neutral,negative,negative,gold_train
0760ad5c64e1d41f,Tech,positive,positive,positive,positive,positive,
faca1d46e995454d,Tech,neutral,neutral,neutral,neutral,neutral,
9fcbb4d6fbaae912,Tech,neutral,neutral,negative,neutral,neutral,
ffab4764677771cd,Tech,positive,neutral,neutral,neutral,neutral,
7cdc47a87a573287,Tech,neutral,neutral,neutral,neutral,neutral,
9ce4f6116819739d,Retail,neutral,neutral,neutral,neutral,neutral,gold_test
d51988e332016229,Tech,positive,positive,positive,positive,positive,
6d0bbec24427f3e5,Public,neutral,positive,neutral,neutral,neutral,gold_dev
8bf240c0d5e7f43c,Tech,neutral,neutral,neutral,neutral,neutral,
9c8a77e20e7880c6,Tech,negative,negative,negative,negative,negative,
05cc806d699b2617,Retail,negative,negative,negative,negative,negative,gold_test
fffb4d9adb6f5399,Tech,negative,negative,negative,negative,negative,
86531861556c7871,Tech,negative,neutral,neutral,neutral,neutral,
80e25d0979fb3477,Tech,negative,negative,negative,negative,negative,
b2b5f82299ef5072,Tech,neutral,neutral,neutral,neutral,neutral,gold_dev
4bf57119bab83c63,Finance,negative,negative,negative,negative,negative,gold_train
3f3c85386b3551ae,Finance,neutral,neutral,neutral,neutral,neutral,gold_test
c6d464e776b6e7f7,Finance,negative,negative,negative,negative,negative,gold_test
4cc33c651cd60b2e,Social,positive,positive,positive,positive,positive,gold_test
912fee855006c03a,Tech,neutral,neutral,neutral,neutral,neutral,
a9de7d1e895c6c63,Tech,neutral,neutral,neutral,neutral,neutral,
d4831fc77a65827a,Tech,neutral,neutral,neutral,neutral,neutral,
1c49ac6804b2666e,Social,positive,positive,positive,positive,positive,gold_test
c0959b5ad36d7ece,Tech,positive,positive,positive,positive,positive,
75b304be5573b8d0,Tech,negative,negative,negative,negative,negative,
4c02ab402f498992,Tech,neutral,neutral,neutral,neutral,neutral,
b6973ebe341d55df,Tech,negative,negative,negative,negative,negative,
128899985e5b531d,Tech,negative,negative,negative,negative,negative,
9d1e13047e380544,Public,negative,negative,negative,negative,negative,gold_test
fb0cb04d8471be17,Tech,negative,neutral,negative,negative,negative,
afec1bb900d77ac0,Tech,neutral,neutral,neutral,neutral,neutral,gold_train
eb6b060e68ecf7c4,Tech,negative,negative,negative,negative,negative,
74effbe0cda3a4fa,Tech,neutral,neutral,neutral,neutral,neutral,
acc35fd3c6fce2d4,Tech,negative,negative,negative,negative,negative,
f712c5567d452a68,Tech,neutral,neutral,neutral,neutral,neutral,
97a42cd76ab497b6,Tech,positive,positive,positive,positive,positive,
f5a5fb060e680aae,Tech,neutral,neutral,neutral,neutral,neutral,
55250a015822599c,Tech,negative,neutral,negative,negative,negative,
0d24f1e54eb5e2f0,Tech,neutral,negative,neutral,neutral,neutral,
2bdd4bc10de27718,Tech,positive,positive,positive,positive,positive,
032a112b767f8ad8,Tech,negative,negative,negative,negative,negative,
25d61b92b8f9341c,Tech,neutral,neutral,neutral,neutral,neutral,
67171cee84cc6d2f,Tech,negative,negative,negative,negative,negative,
359e7965875c97f6,Tech,neutral,neutral,neutral,neutral,neutral,
04a6a50be87ffdc6,Tech,neutral,neutral,neutral,neutral,neutral,gold_train
b5ae1cec98e69684,Tech,neutral,neutral,positive,neutral,neutral,
6e6aceafb7920d43,Tech,positive,positive,positive,positive,positive,
ddeb21afa63f5673,Tech,negative,negative,negative,negative,negative,
5d74d809447bd6de,Tech,negative,neutral,negative,negative,negative,
0aa8883d23737160,Tech,negative,negative,negative,negative,negative,
111ee56551164bc8,Social,neutral,neutral,neutral,neutral,neutral,gold_test
a30f419abddd67ad,Public,negative,negative,neutral,negative,negative,gold_dev
6b70c14468646e82,Tech,negative,negative,negative,negative,negative,
a1f1eed329762407,Tech,neutral,neutral,neutral,neutral,neutral,
33711bfc4b4ecbd0,Public,neutral,neutral,neutral,neutral,neutral,gold_dev
202d9178b336a3d9,Tech,neutral,neutral,neutral,neutral,neutral,
fca5b00f34845485,Tech,neutral,neutral,neutral,neutral,neutral,
8fe354045348d02f,Tech,neutral,neutral,negative,neutral,neutral,
a54111790818cee6,Tech,neutral,neutral,neutral,neutral,neutral,gold_test
f336542fca5e73bd,Tech,positive,neutral,positive,positive,positive,
32ba9c2e22187fe3,Tech,positive,neutral,positive,positive,positive,
c2c8c5e93babe79c,Tech,negative,neutral,neutral,neutral,neutral,
625255b2e5c0d18c,Tech,positive,positive,positive,positive,positive,
b11d7369f9f3ef1d,Tech,neutral,neutral,neutral,neutral,neutral,
2a585b09fb8a3d24,Tech,negative,positive,negative,negative,negative,
337d2fbb93f40dcc,Tech,negative,negative,negative,negative,negative,gold_train
340ff3959da0fb1f,Tech,neutral,neutral,neutral,neutral,neutral,gold_dev
2df73de55909d5c8,Tech,negative,positive,negative,negative,negative,
e78a55905262609c,Tech,neutral,neutral,neutral,neutral,neutral,
a0288ba9615df2f8,Finance,negative,negative,negative,negative,negative,gold_test
4abb6066f219b6c4,Finance,negative,neutral,neutral,neutral,neutral,gold_train
8819905026c46a61,Tech,neutral,neutral,neutral,neutral,neutral,
9fa7a46b286c5fa3,Tech,negative,negative,negative,negative,negative,gold_test
07ba7d68746f021c,Tech,neutral,neutral,neutral,neutral,neutral,
abc5137115eb13a1,Tech,negative,negative,negative,negative,negative,
f8d2dfdca5fcbdba,Public,negative,negative,negative,negative,negative,gold_test
33a57b23102fd33b,Public,negative,negative,negative,negative,negative,gold_test
7619e5e6e616a875,Tech,negative,negative,neutral,negative,negative,
5657bbec80a01c56,Social,neutral,neutral,neutral,neutral,neutral,gold_dev
6629697616e9c7e4,Tech,positive,positive,positive,positive,positive,
792f540cdc0310bc,Tech,positive,positive,positive,positive,positive,
ff25e617bd7fc5a8,Tech,neutral,neutral,neutral,neutral,neutral,
25d9ed2728f57894,Tech,negative,negative,negative,negative,negative,
de0b771a6ea3f181,Tech,neutral,neutral,positive,neutral,neutral,
0dd7ecb8d306450e,Tech,neutral,neutral,neutral,neutral,neutral,
1bd63ebb00e0e23e,Tech,neutral,neutral,negative,neutral,neutral,
dcb3ea6dc79473ee,Tech,neutral,neutral,neutral,neutral,neutral,
2c695bc6ed3770a9,Tech,neutral,neutral,neutral,neutral,neutral,
7b4a2ca81224e640,Tech,neutral,neutral,neutral,neutral,neutral,
ce075b2f73bdeb88,Tech,neutral,neutral,neutral,neutral,neutral,
7b460111445d4586,Tech,neutral,neutral,neutral,neutral,neutral,gold_test
f7ea39954f4c8018,Tech,negative,negative,negative,negative,negative,
351a9e87eb9bc5ba,Tech,neutral,neutral,neutral,neutral,neutral,
f74a289c7068c7cc,Tech,neutral,neutral,neutral,neutral,neutral,
935a62e0f88bd7a4,Tech,positive,positive,positive,positive,positive,
1ea8eeaa32376aa9,Tech,negative,negative,negative,negative,negative,
2cd363cfe3d55e7a,Tech,neutral,neutral,neutral,neutral,neutral,gold_test
4d41ec4828c0ad8c,Tech,neutral,neutral,neutral,neutral,neutral,
b0954e02935057d2,Tech,positive,positive,positive,positive,positive,
61abed401bd74bdd,Tech,negative,negative,negative,negative,negative,
fc060b27d67b2015,Tech,neutral,neutral,neutral,neutral,neutral,
6e092a9f19ed0e18,Tech,negative,negative,negative,negative,negative,
1ee1a34541db0501,Tech,negative,negative,positive,negative,negative,
e955ef4259fd9c1b,Tech,negative,negative,negative,negative,negative,
8c772e80c92023db,Tech,neutral,neutral,neutral,neutral,neutral,
b0cad6cdc6e708ba,Tech,neutral,neutral,neutral,neutral,neutral,
f5c588639a2c4057,Retail,neutral,neutral,neutral,neutral,neutral,gold_test
a02c6fe4f6351903,Tech,positive,positive,positive,positive,positive,
0a524ad450d9b019,Tech,neutral,neutral,neutral,neutral,neutral,
b32b64a3b569f02b,Finance,neutral,positive,neutral,neutral,neutral,gold_dev
9c8c54a2ebd07fe6,Finance,neutral,neutral,neutral,neutral,neutral,gold_dev
9ada42e372be86fb,Finance,neutral,neutral,neutral,neutral,neutral,gold_test
92ce4089e684d7dd,Tech,positive,positive,positive,positive,positive,
e47cd3c4b56c488b,Tech,positive,neutral,neutral,neutral,neutral,
6f31d1a36c9af905,Finance,neutral,neutral,neutral,neutral,neutral,gold_test
5ae8fafe7705b69d,Tech,positive,positive,positive,positive,positive,
a1ab3206b1ae7a20,Finance,neutral,neutral,neutral,neutral,neutral,gold_test
57d240c216dee80f,Finance,neutral,negative,neutral,neutral,neutral,gold_test
6ab42c0c8e2e3dd2,Tech,neutral,neutral,neutral,neutral,neutral,
350722a721432c7c,Tech,neutral,neutral,neutral,neutral,neutral,
0093f04a135889fd,Tech,neutral,neutral,neutral,neutral,neutral,
783e9ae0ccf6fdcc,Tech,negative,negative,negative,negative,negative,
01fd05cfc3c5c0b0,Tech,neutral,neutral,neutral,neutral,neutral,
99024e57aee24a84,Finance,neutral,neutral,neutral,neutral,neutral,gold_test
c7eb0a01568f6764,Finance,neutral,positive,positive,neutral,neutral,gold_test
64d3318e45dc7b60,Finance,negative,negative,negative,negative,negative,gold_test
ff46dafb573a5f22,Finance,neutral,neutral,neutral,neutral,neutral,gold_test
cce6893634d082fd,Finance,neutral,neutral,neutral,neutral,neutral,gold_test
c3aef4cb8d02e150,Tech,neutral,neutral,positive,neutral,neutral,
2877d0470457ecfb,Tech,neutral,negative,negative,negative,negative,
abb059b7d86add56,Tech,neutral,neutral,negative,neutral,neutral,
b660ed91cf693022,Social,neutral,neutral,neutral,neutral,neutral,gold_test
013382641f8ca75f,Retail,positive,positive,positive,positive,positive,gold_test
e20e15194fa2f7a4,Tech,neutral,neutral,neutral,neutral,neutral,gold_dev
e82dd4f5478d0a71,Social,positive,positive,positive,positive,positive,gold_test
fe9fb16dff5595aa,Tech,positive,positive,positive,positive,positive,gold_test
66a295a0f68d914e,Social,negative,negative,negative,negative,negative,gold_test
cf4e44e4141a4691,Tech,negative,negative,negative,negative,negative,
a92e1c0ef0305a91,Tech,neutral,neutral,neutral,neutral,neutral,
e6fbac70b23890f9,Finance,neutral,neutral,neutral,neutral,neutral,gold_train
cfdaae628a1ccc50,Tech,neutral,neutral,neutral,neutral,neutral,
5e3bbedd411decc0,Tech,positive,positive,negative,positive,positive,gold_test
7e6abab465ad3948,Tech,neutral,neutral,neutral,neutral,neutral,
40147103ceeb3fbb,Tech,neutral,negative,neutral,neutral,neutral,
bc54c124d26b1cb3,Public,neutral,neutral,positive,neutral,neutral,gold_dev
0d42238909e0acf4,Tech,negative,negative,negative,negative,negative,
60a6046171fa1c33,Finance,negative,negative,negative,negative,negative,gold_test
b61aa5b7843c5814,Retail,positive,positive,positive,positive,positive,gold_test
6cdb7064bd46389b,Retail,neutral,neutral,neutral,neutral,neutral,gold_test
58d6f5eb6950beb9,Tech,negative,negative,negative,negative,negative,
2ad73fe17f61b351,Retail,neutral,neutral,neutral,neutral,neutral,gold_test
9f52771c15e44662,Tech,negative,negative,negative,negative,negative,
be2e5a38818ce427,Tech,positive,negative,negative,negative,negative,gold_test
687b0c0073379686,Finance,negative,negative,negative,negative,negative,gold_test
bb89f2148670ce8d,Public,positive,negative,negative,negative,negative,gold_train
dd68d02a284cacc5,Retail,negative,positive,positive,positive,positive,gold_test
9a9fd40526f58fe7,Tech,neutral,neutral,neutral,neutral,neutral,
4aa72c7132ccd6d4,Tech,neutral,neutral,neutral,neutral,neutral,
110c658a26e76dbf,Tech,neutral,neutral,neutral,neutral,neutral,
20ff023577d84b80,Finance,negative,negative,negative,negative,negative,gold_test
94179ec01dda7409,Tech,positive,positive,positive,positive,positive,
60e6e9286e7211d2,Public,neutral,neutral,neutral,neutral,neutral,gold_dev
16ddccd3caba42f5,Finance,positive,positive,positive,positive,positive,gold_test
db27070200d454e5,Social,positive,positive,positive,positive,positive,gold_test
dd97ea7ed212fc4d,Social,negative,negative,negative,negative,negative,gold_test
e3f16814cff35a19,Finance,negative,negative,negative,negative,negative,gold_test
d7e634783697e2f7,Retail,negative,negative,negative,negative,negative,gold_test
fc68ad0e48153db2,Finance,negative,negative,negative,negative,negative,gold_test
8302f4d81d3e99fc,Public,neutral,neutral,neutral,neutral,neutral,gold_test
e2f5b2aa7831f14c,Finance,neutral,positive,neutral,neutral,neutral,gold_test
aea701ac0f5bab13,Tech,neutral,neutral,negative,negative,negative,
78e0b316d95fbccb,Retail,neutral,neutral,neutral,neutral,neutral,gold_test
5974e52e4debbd8c,Finance,negative,negative,negative,negative,negative,gold_test
11b8d3efdf9d1d3a,Tech,neutral,neutral,neutral,neutral,neutral,
533144f6e99e52c0,Retail,negative,negative,negative,negative,negative,gold_test
6200aca75d43cd8f,Tech,positive,positive,positive,positive,positive,
44effdd06b5fabff,Tech,positive,positive,negative,positive,positive,
6a55bd5213613888,Finance,positive,positive,positive,positive,positive,gold_test
9753f7b2d9dc6fbb,Tech,positive,positive,positive,positive,positive,gold_test
41e30f058b8fe08e,Finance,negative,positive,positive,positive,positive,gold_test
30dc4824d38fd4f9,Tech,neutral,neutral,positive,neutral,neutral,
15a6974d63fe1a2b,Tech,positive,positive,positive,positive,positive,gold_test
2bea6657b0936507,Tech,negative,negative,negative,negative,negative,
2d1ae55642fb49b1,Public,positive,negative,negative,negative,negative,gold_test
89b42d5b27d742f7,Tech,neutral,neutral,negative,negative,negative,
53eb45e551691c58,Tech,negative,negative,negative,negative,negative,
ac691ef34c9344c2,Tech,positive,neutral,positive,positive,positive,
596348059de983a0,Retail,neutral,positive,neutral,neutral,neutral,gold_test
cd570a6b39d972f2,Public,negative,negative,negative,negative,negative,gold_test
09d77739e187baa3,Finance,negative,negative,negative,negative,negative,gold_test
a315272a510d3100,Finance,negative,negative,negative,negative,negative,gold_test
cd323a8c0748ded0,Tech,positive,positive,positive,positive,positive,
f3c4709166ab93c6,Tech,positive,positive,negative,positive,positive,
61bd921e9c6604db,Tech,positive,positive,negative,positive,positive,
a247a57af13779de,Tech,neutral,neutral,neutral,neutral,neutral,
f97d64490f028408,Tech,neutral,neutral,neutral,neutral,neutral,
6f14c58e236bd42a,Tech,negative,positive,positive,positive,positive,
566e4494f552f4ef,Tech,positive,positive,positive,positive,positive,gold_test
8010cc024aca26cf,Tech,negative,neutral,negative,negative,negative,
ffbd65519ca4246e,Retail,negative,negative,negative,negative,negative,gold_test
df1c0f62845262b8,Tech,positive,negative,positive,positive,positive,
f2f93332d3f30e92,Tech,neutral,neutral,neutral,neutral,neutral,
960b54b6b00686e7,Tech,negative,negative,negative,negative,negative,gold_dev
341f8219884379bb,Tech,neutral,neutral,positive,neutral,neutral,
6490d9c949d3ea99,Retail,negative,negative,negative,negative,negative,gold_test
d31ffa29cafb3aae,Tech,neutral,neutral,neutral,neutral,neutral,
b01608f3cac731cf,Tech,positive,positive,positive,positive,positive,
b5be2499585fca94,Tech,positive,positive,negative,negative,negative,
b24f1a98dcd803af,Tech,positive,positive,positive,positive,positive,
2649f45d10c918bf,Tech,negative,negative,negative,negative,negative,
576c2bbc013813a7,Tech,neutral,neutral,neutral,neutral,neutral,gold_dev
ee90dc7fa21967e5,Tech,negative,negative,negative,negative,negative,
82dee0d7c3af5b47,Public,negative,negative,negative,negative,negative,gold_test
556e060ddf0f82af,Tech,neutral,neutral,neutral,neutral,neutral,
2567ba640c866519,Finance,negative,positive,positive,positive,positive,gold_test
16bcba38bbdaab31,Social,positive,positive,positive,positive,positive,gold_test
1b1522f119ce121e,Tech,negative,negative,negative,negative,negative,gold_test
cb640dcc1462111a,Finance,negative,negative,negative,negative,negative,gold_dev
4ebbaabab6ed75da,Public,negative,negative,negative,negative,negative,gold_train
251ccbfdbee9ac5e,Tech,neutral,neutral,neutral,neutral,neutral,
728634306345e4e2,Retail,positive,negative,negative,negative,negative,gold_test
aca25f1278c43659,Tech,neutral,neutral,neutral,neutral,neutral,gold_test
c82fe2ee48aaafca,Retail,positive,positive,positive,positive,positive,gold_test
beedac0c59493a64,Tech,negative,negative,negative,negative,negative,
b9a37325ef4e00e1,Tech,negative,negative,negative,negative,negative,
7c30a41727193a00,Tech,negative,neutral,neutral,neutral,neutral,
5d62eea15adc048c,Tech,positive,positive,positive,positive,positive,
8003e9d0cfd2e2a9,Finance,neutral,neutral,neutral,neutral,neutral,gold_train
0dd237e6fd90c68b,Tech,negative,negative,negative,negative,negative,
b0952e403ce4c289,Tech,positive,positive,positive,positive,positive,
94fcf13c3f0693de,Tech,neutral,neutral,neutral,neutral,neutral,
deb47c5ef91c85e2,Tech,negative,negative,negative,negative,negative,
a37f62ced00ae30d,Finance,positive,positive,positive,positive,positive,gold_test
c05550bfe9895973,Tech,positive,negative,positive,positive,positive,
f0c88321e9b432ec,Public,negative,negative,negative,negative,negative,gold_dev
fff835e0740d9d3b,Public,negative,negative,negative,negative,negative,gold_dev
1463da7f04980f8e,Public,positive,neutral,neutral,neutral,neutral,gold_dev
dd750cc56019471f,Tech,negative,neutral,neutral,neutral,neutral,
a238b1b52ec34725,Tech,neutral,neutral,neutral,neutral,neutral,gold_test
9007852618b57053,Tech,neutral,neutral,neutral,neutral,neutral,
259cb2e9175af655,Tech,neutral,neutral,neutral,neutral,neutral,gold_test
a37fa1b87a199698,Tech,neutral,neutral,negative,neutral,neutral,
84def5c84fae433c,Tech,positive,positive,positive,positive,positive,
3d79f9ff6e49b326,Tech,neutral,neutral,neutral,neutral,neutral,
732af81abc6e3022,Tech,neutral,neutral,neutral,neutral,neutral,
446609de250dc11d,Tech,neutral,neutral,neutral,neutral,neutral,
26c8c19d40adcda2,Tech,neutral,neutral,neutral,neutral,neutral,
8876a25df04516b7,Tech,neutral,neutral,neutral,neutral,neutral,
b0ffa50e350d4ba4,Tech,neutral,neutral,neutral,neutral,neutral,
1de674687ab495af,Tech,negative,positive,negative,negative,negative,
023a7749cbf140be,Tech,negative,negative,negative,negative,negative,gold_train
c11aa7a48b5f2024,Tech,negative,negative,negative,negative,negative,
80357ae5ba852596,Retail,positive,positive,positive,positive,positive,gold_dev
2b966fd052188086,Tech,negative,positive,negative,negative,negative,
ece22335323e8c3c,Retail,negative,negative,negative,negative,negative,gold_dev
5bfda5f92eae0f91,Tech,negative,negative,positive,negative,negative,gold_train
5c1f3b5b71238a09,Social,negative,positive,positive,positive,positive,gold_dev
70bc591157e8e4a3,Tech,positive,positive,negative,positive,positive,
725274751c600fae,Tech,positive,negative,negative,negative,negative,
500ceffc1c5d73eb,Retail,neutral,neutral,neutral,neutral,neutral,gold_test
dd1c63784241f684,Retail,neutral,neutral,neutral,neutral,neutral,gold_test
698204e5c4bce932,Tech,neutral,neutral,neutral,neutral,neutral,
fd4b8fc158a4370b,Tech,positive,positive,positive,positive,positive,
bd3f5092ef60128b,Retail,neutral,neutral,neutral,neutral,neutral,gold_test
64180b5dc4287f6f,Social,positive,positive,negative,positive,positive,gold_test
0ac64f715a089be1,Retail,negative,negative,negative,negative,negative,gold_test
6c5c4ba90bbb17cd,Tech,negative,negative,negative,negative,negative,
03cbba6401baba76,Tech,neutral,neutral,neutral,neutral,neutral,
36d8ee4e5f924f47,Retail,neutral,neutral,neutral,neutral,neutral,gold_test
665ecb4700fc6934,Social,neutral,neutral,neutral,neutral,neutral,gold_test
90f55fcfde82ff66,Tech,positive,positive,positive,positive,positive,gold_test
36a0000953e72f5e,Finance,positive,positive,positive,positive,positive,gold_test
0b15c36630f01f60,Tech,positive,positive,positive,positive,positive,gold_test
6afc87da2e9437e9,Tech,positive,positive,positive,positive,positive,
a3b02bf3ec371011,Tech,neutral,neutral,neutral,neutral,neutral,
ae0a25c2b8558c13,Retail,neutral,neutral,neutral,neutral,neutral,gold_test
fa0a6b4347f4fa6c,Tech,negative,negative,negative,negative,negative,
6485d101644e6796,Retail,neutral,neutral,neutral,neutral,neutral,gold_test
4988a5bb5176debc,Public,positive,positive,positive,positive,positive,gold_test
8d56cdd1b764a3fa,Tech,neutral,neutral,neutral,neutral,neutral,
ef58d1cfc60a5366,Tech,negative,neutral,neutral,neutral,neutral,
26d44664427e4d4e,Finance,neutral,neutral,neutral,neutral,neutral,gold_test
99ee6bf922a78845,Tech,negative,negative,negative,negative,negative,gold_test
b2ff2d154b22f23a,Tech,positive,neutral,neutral,neutral,neutral,
c06e80c803f8435c,Tech,positive,positive,neutral,positive,positive,gold_test
ac59bbe7bc64b0cf,Retail,negative,negative,negative,negative,negative,gold_dev
5b34d13927b821fd,Tech,negative,negative,negative,negative,negative,
75613245b80e50ff,Social,positive,positive,positive,positive,positive,gold_test
71e03ee5a0fc59dd,Tech,positive,positive,positive,positive,positive,
63cbcee274ea231a,Tech,positive,positive,positive,positive,positive,gold_test
5117a023138309b6,Tech,neutral,neutral,neutral,neutral,neutral,
ff21e66bcc43a36a,Social,positive,positive,positive,positive,positive,gold_test
fb2159e440bee00b,Finance,negative,positive,negative,negative,negative,gold_test
6c56efffe7a42e77,Retail,neutral,neutral,neutral,neutral,neutral,gold_test
14ddd371de541153,Finance,neutral,neutral,neutral,neutral,neutral,gold_test
1337a5528784ee9b,Retail,negative,negative,neutral,negative,negative,gold_test
78d15f34bec53236,Tech,negative,positive,negative,negative,negative,
3de337c476d53d40,Tech,negative,negative,negative,negative,negative,
c8e903008bf59498,Retail,positive,positive,positive,positive,positive,gold_test
bd4eb584c8e015e9,Tech,positive,positive,positive,positive,positive,
2f4ccaf375492a18,Public,neutral,positive,neutral,neutral,neutral,gold_train
6bf86a21d90a8340,Tech,negative,negative,negative,negative,negative,
84cb392f92631020,Tech,neutral,neutral,neutral,neutral,neutral,
f68d78d9c5f27648,Retail,positive,neutral,positive,positive,positive,gold_test
1681cb1826b29f19,Tech,positive,positive,positive,positive,positive,
34f29db56109dc70,Public,positive,positive,positive,positive,positive,gold_dev
f0d8603849ea0d39,Tech,positive,positive,positive,positive,positive,
95abee738756bf06,Tech,neutral,neutral,neutral,neutral,neutral,
81b8c098ffbe4f6c,Tech,positive,positive,positive,positive,positive,
94091c6037f5d533,Social,positive,positive,positive,positive,positive,gold_test
cfb8cd61275946e0,Retail,neutral,neutral,neutral,neutral,neutral,gold_dev
8e256b54614a766b,Public,positive,positive,positive,positive,positive,gold_train
d29b9e1fe345bc85,Tech,positive,positive,positive,positive,positive,gold_test
080f13156d1a1134,Tech,neutral,neutral,negative,neutral,neutral,
38c2ce0926dd0301,Tech,positive,positive,positive,positive,positive,gold_test
ceb885a7781a0c32,Public,positive,positive,positive,positive,positive,gold_dev
8cb7bcc6df3a7f61,Tech,neutral,neutral,neutral,neutral,neutral,
93ff2c88cba024a1,Tech,neutral,neutral,neutral,neutral,neutral,
df2769803f741cb6,Tech,neutral,neutral,neutral,neutral,neutral,
00b4ced93dcc96d5,Social,positive,positive,negative,positive,positive,gold_test
262d06dedde0e7eb,Tech,positive,positive,negative,positive,positive,
e10ef05f02d3f47c,Public,positive,positive,positive,positive,positive,gold_dev
9d0682ad38a409e5,Tech,neutral,neutral,negative,neutral,neutral,
04ffee66bd580be7,Social,neutral,positive,positive,positive,positive,gold_dev
46f299141b127e2c,Retail,neutral,neutral,neutral,neutral,neutral,gold_test
b4ba6b6dac061247,Tech,neutral,negative,negative,negative,negative,
896cc9516dc9c1f7,Tech,neutral,neutral,neutral,neutral,neutral,
3c4edf675ba7c127,Retail,positive,positive,positive,positive,positive,gold_test
07410bc6f16a51ed,Tech,positive,positive,neutral,positive,positive,gold_test
8b8b58e12aeebc03,Tech,positive,positive,positive,positive,positive,gold_test
336e45fc65647082,Tech,neutral,neutral,neutral,neutral,neutral,
bdfa76fdeb166b5e,Retail,neutral,neutral,neutral,neutral,neutral,gold_test
8e2c2bbea47ad019,Tech,neutral,neutral,neutral,neutral,neutral,
7bf8dd873002009b,Tech,neutral,neutral,neutral,neutral,neutral,
399009c0afd33584,Tech,neutral,neutral,neutral,neutral,neutral,
db9265e55cc5138f,Tech,positive,positive,positive,positive,positive,gold_test
8b8bb6e6a816fe77,Public,negative,negative,negative,negative,negative,gold_dev
394bcdf3555ffbd1,Tech,neutral,neutral,neutral,neutral,neutral,
d80366d1af485daa,Social,positive,positive,positive,positive,positive,gold_test
63e71923adcd386e,Public,negative,positive,negative,negative,negative,gold_dev
59d4e463315c216d,Social,positive,positive,positive,positive,positive,gold_test
c1fe47e3bb9de0a6,Tech,positive,negative,negative,negative,negative,
8c3767d7fdacf703,Retail,positive,positive,positive,positive,positive,gold_test
04e2bb3e39328d47,Tech,positive,positive,positive,positive,positive,
47d56ed33f1df9cf,Tech,neutral,neutral,neutral,neutral,neutral,
d62bfad455984542,Tech,negative,negative,negative,negative,negative,
aeedbf1d626d8d6d,Tech,negative,negative,negative,negative,negative,
e3eecdf1ccfe57a0,Tech,negative,negative,negative,negative,negative,gold_test
b6308777e3c13fbf,Public,positive,positive,positive,positive,positive,gold_test
a8654f135ab7e64f,Social,neutral,neutral,neutral,neutral,neutral,gold_dev
53fbb3266cd215e2,Tech,neutral,neutral,neutral,neutral,neutral,
9781c2a64e6e6cc5,Tech,neutral,neutral,neutral,neutral,neutral,
b5bbcb2d4859db43,Tech,negative,negative,negative,negative,negative,
1cd6dc339892ebfa,Social,negative,negative,negative,negative,negative,gold_test
9e6b808e67795dcc,Tech,neutral,neutral,neutral,neutral,neutral,
9b185ef221886afa,Tech,negative,negative,negative,negative,negative,
ff8ed0942f452047,Tech,negative,negative,negative,negative,negative,
431751a14db5ef8b,Tech,negative,negative,negative,negative,negative,
93a7487373feab83,Tech,negative,negative,negative,negative,negative,
4b4c7d2541601beb,Tech,negative,negative,negative,negative,negative,
64e8914490ef75da,Finance,negative,positive,negative,negative,negative,gold_test
3bbd421176bb77b6,Finance,neutral,neutral,neutral,neutral,neutral,gold_test
80f737f331ab5d71,Tech,positive,positive,positive,positive,positive,gold_test
79df9ce917b07d94,Finance,negative,negative,negative,negative,negative,gold_test
3d25cfba9f7d5e4a,Finance,neutral,neutral,positive,neutral,neutral,gold_test
d1dc31ecdf6119d3,Finance,neutral,neutral,positive,neutral,neutral,gold_test
50513e87475f39f3,Retail,neutral,neutral,neutral,neutral,neutral,gold_test
98b9341c230c560d,Tech,neutral,neutral,neutral,neutral,neutral,
3aae9fd11bc1d6a4,Tech,neutral,neutral,neutral,neutral,neutral,
06ae0a4ee7e81fd0,Tech,positive,positive,positive,positive,positive,
74f120c353a51984,Tech,neutral,neutral,neutral,neutral,neutral,gold_test
8cfb7172c85ed256,Social,positive,positive,positive,positive,positive,gold_test
f95b45f5312593c0,Retail,positive,positive,positive,positive,positive,gold_test
de8c595f34ef7467,Tech,neutral,neutral,neutral,neutral,neutral,
92662ebe2720a78f,Social,positive,positive,positive,positive,positive,gold_test
73469d9e88dd220d,Tech,neutral,neutral,neutral,neutral,neutral,
815ff8e3751574ea,Tech,positive,positive,neutral,positive,positive,
56be4df64174b3fc,Tech,neutral,neutral,negative,neutral,neutral,
db5a2149a65ce8d6,Social,negative,negative,negative,negative,negative,gold_test
7be6fe10f6c65af7,Tech,neutral,negative,negative,neutral,neutral,
c39eace4ebff4808,Tech,negative,negative,positive,negative,negative,
fb5c60702400c46b,Social,positive,positive,positive,positive,positive,gold_test
1096b139716030a6,Finance,neutral,negative,negative,negative,negative,gold_test
f6a86a9f1910d31e,Finance,neutral,neutral,neutral,neutral,neutral,gold_dev
e52d9a1ab3a5ba50,Social,neutral,neutral,neutral,neutral,neutral,gold_test
8c04bb023602e301,Tech,neutral,neutral,neutral,neutral,neutral,
4d47f9ff9e6b35f6,Tech,neutral,neutral,neutral,neutral,neutral,
d5b2278a96755f9c,Tech,positive,negative,positive,positive,positive,
9848ad7811fe0fcb,Tech,positive,positive,positive,positive,positive,
f9a8d6d43fc4aa3d,Tech,negative,negative,negative,negative,negative,
cd97c2620d7a1f1f,Tech,negative,negative,negative,negative,negative,
e7f1acabc429f2c6,Social,neutral,positive,neutral,neutral,neutral,gold_test
4813dd77f66b1c29,Tech,positive,positive,positive,positive,positive,
65e0227f6216268e,Tech,negative,negative,negative,negative,negative,
8a0e31ec95c5c95c,Tech,negative,positive,negative,negative,negative,gold_dev
227a8096fc747ea0,Tech,negative,neutral,neutral,neutral,neutral,
0fc0cbf1e3252445,Tech,positive,positive,positive,positive,positive,gold_test
843c6bc9b856b250,Retail,neutral,neutral,neutral,neutral,neutral,gold_test
22f082e1064d1041,Tech,neutral,neutral,neutral,neutral,neutral,
5f07187b8de9314e,Public,negative,positive,negative,negative,negative,gold_train
bc02c5f49ab9e522,Tech,neutral,neutral,neutral,neutral,neutral,
264e15b7a9f426a8,Tech,negative,negative,negative,negative,negative,
03cb0cb5752ce23d,Tech,negative,negative,negative,negative,negative,gold_train
d9c4ec0168e2681d,Tech,negative,negative,negative,negative,negative,
013a9d6f0ae287a1,Finance,positive,positive,negative,positive,positive,gold_test
ae4f67f92a1c05d7,Social,neutral,neutral,neutral,neutral,neutral,gold_test
8a8d8ec5ad333899,Tech,negative,negative,negative,negative,negative,gold_test
695343b6b6b033d2,Tech,negative,negative,negative,negative,negative,
dca3fee04fdb7b27,Finance,neutral,neutral,neutral,neutral,neutral,gold_test
b0773ac0b6ed23fb,Tech,neutral,positive,neutral,neutral,neutral,
466ee7f3aa5c0b99,Tech,positive,positive,positive,positive,positive,
eb89489ac7b3abd6,Tech,neutral,positive,neutral,neutral,neutral,
d24e39b603af88e1,Tech,neutral,neutral,neutral,neutral,neutral,
3962254537b32e2d,Social,neutral,negative,neutral,neutral,neutral,gold_test
9561052c68c6f505,Tech,negative,positive,negative,negative,negative,
1948df471d78080b,Tech,negative,negative,negative,negative,negative,gold_test
ed444d1ade1eed08,Tech,negative,negative,negative,negative,negative,
a6027abe9b93b11c,Tech,positive,positive,positive,positive,positive,
95fdafb010bc9c7b,Tech,negative,negative,negative,negative,negative,
46f3352a97767cbe,Finance,negative,negative,negative,negative,negative,gold_train
aad2d1bc1cf98842,Tech,neutral,neutral,neutral,neutral,neutral,
5e0dc10b4e6ad6f2,Public,neutral,neutral,neutral,neutral,neutral,gold_test
1cb01d59cae838e2,Public,neutral,negative,negative,negative,negative,gold_test
c64aa03fc4d3fff5,Tech,neutral,neutral,neutral,neutral,neutral,
37d3ccecaa540e81,Tech,negative,neutral,negative,negative,negative,
d23e09689fcdea41,Retail,neutral,neutral,neutral,neutral,neutral,gold_test
a116f6976ea295bb,Public,neutral,neutral,neutral,neutral,neutral,gold_test
d7c49b59c3eea1be,Public,neutral,neutral,neutral,neutral,neutral,gold_test
f07791348e4faa94,Public,neutral,neutral,neutral,neutral,neutral,gold_test
4445f0ee18f83fa1,Public,neutral,neutral,neutral,neutral,neutral,gold_test
e1dd69e8043904f8,Public,positive,positive,negative,positive,positive,gold_test
410a9560e4989db7,Public,neutral,neutral,neutral,neutral,neutral,gold_test
199fa8c48e691af9,Public,positive,positive,positive,positive,positive,gold_test
b3c733a1ad6ee6a9,Tech,neutral,neutral,neutral,neutral,neutral,
06e8fc62cd793802,Tech,neutral,neutral,neutral,neutral,neutral,
84c042879e9c1521,Tech,neutral,neutral,neutral,neutral,neutral,
75f2d5c14509fc08,Tech,negative,negative,negative,negative,negative,gold_test
b6701be29076600d,Tech,neutral,positive,neutral,neutral,neutral,
d5ef55e379e8d062,Public,neutral,neutral,neutral,neutral,neutral,gold_test
3f34b1d134d57259,Tech,negative,negative,negative,negative,negative,
ca4ee1371f552c65,Social,neutral,positive,positive,positive,positive,gold_test
7234f2ff948a1722,Finance,negative,negative,negative,negative,negative,gold_test
d6eed28b23f5ac5e,Tech,positive,positive,positive,positive,positive,
0bcf390059622ed8,Tech,negative,negative,negative,negative,negative,gold_test
781e3b4a83fa23ad,Tech,negative,negative,negative,negative,negative,
81424ddc739436da,Public,negative,negative,negative,negative,negative,gold_dev
9de900c911fbbc93,Retail,neutral,neutral,negative,neutral,neutral,gold_test
49b7474e3a130ac6,Tech,neutral,neutral,neutral,neutral,neutral,
5fa9988821a26dd2,Social,positive,neutral,positive,positive,positive,gold_test
5ad006a61241fe8a,Finance,negative,negative,negative,negative,negative,gold_test
2b6ec777e5cd7c1c,Social,positive,positive,positive,positive,positive,gold_test
01611ed0e800ec70,Finance,neutral,neutral,neutral,neutral,neutral,gold_test
27332dacb967344f,Tech,negative,negative,negative,negative,negative,gold_test
b7998287d727f16d,Tech,negative,negative,negative,negative,negative,
1da07e1958ab2fb8,Tech,neutral,neutral,neutral,neutral,neutral,
9e15a29e6bf7948d,Tech,positive,negative,positive,positive,positive,gold_test
b516d5a0d3874331,Tech,neutral,neutral,positive,neutral,neutral,
3d8b81e667abb7a9,Tech,positive,negative,negative,positive,positive,
50aaa06d65b7d800,Tech,positive,positive,positive,positive,positive,
bfb3cf5e893df074,Tech,neutral,neutral,neutral,neutral,neutral,gold_test
f9b9790be7760c7b,Tech,negative,negative,negative,negative,negative,
74d01736b6752725,Tech,neutral,neutral,neutral,neutral,neutral,
060d411cfcbd5165,Tech,negative,positive,positive,positive,positive,
d22d64d8a78d81e4,Finance,neutral,neutral,neutral,neutral,neutral,gold_train
d0b5359a18c699b6,Tech,negative,negative,negative,negative,negative,
f121eb2bbb7549e0,Tech,negative,negative,negative,negative,negative,
ebebfe94738dbacc,Tech,positive,neutral,neutral,neutral,neutral,gold_train
5c6c98204670e1f7,Tech,neutral,neutral,neutral,neutral,neutral,
bb3202419e85014c,Tech,positive,neutral,neutral,neutral,neutral,
3dd70998c40bc396,Tech,negative,negative,negative,negative,negative,
4ab337f0309b57f9,Tech,negative,neutral,negative,negative,negative,
e7cc955504906eeb,Tech,neutral,neutral,neutral,neutral,neutral,
c61bd90888a149ed,Tech,neutral,neutral,neutral,neutral,neutral,
2a7c93992f580ca3,Social,positive,negative,negative,negative,negative,gold_test
85598a8084fe1474,Retail,neutral,neutral,neutral,neutral,neutral,gold_test
b676c2d377b00b7b,Social,positive,positive,positive,positive,positive,gold_dev
5f40c7b2241966a2,Finance,positive,positive,positive,positive,positive,gold_test
cff8392a18a655b6,Public,neutral,neutral,neutral,neutral,neutral,gold_dev
5fc01c19db5cc65a,Retail,neutral,neutral,neutral,neutral,neutral,gold_dev
3c97bc0c8bd65561,Tech,positive,positive,positive,positive,positive,gold_test
c0a017f146886bc8,Tech,positive,positive,positive,positive,positive,
4d9e2cef5dbcab58,Public,negative,negative,negative,negative,negative,gold_test
9701979d9f37534d,Finance,neutral,neutral,neutral,neutral,neutral,gold_train
f28a5954d97c7e3e,Tech,neutral,neutral,neutral,neutral,neutral,
2d584277d52c473a,Social,neutral,neutral,neutral,neutral,neutral,gold_test
fd0f740a0256db03,Retail,negative,negative,negative,negative,negative,gold_test
710e75064e12c625,Social,positive,positive,positive,positive,positive,gold_test
adc04570d3b09c1a,Tech,negative,negative,negative,negative,negative,
dc64a60b65083912,Tech,neutral,neutral,neutral,neutral,neutral,
32b2f40e4aae9899,Public,negative,negative,negative,negative,negative,gold_train
14693cfd32a2f61f,Tech,neutral,neutral,neutral,neutral,neutral,
849e4cdb63400767,Tech,neutral,neutral,neutral,neutral,neutral,
4dc3f646ea91347c,Tech,negative,negative,negative,negative,negative,gold_test
58a20d3f5d2e1ca1,Tech,negative,positive,negative,negative,negative,
9775df13a77e9714,Tech,negative,negative,negative,negative,negative,
0a4a093571b943c6,Tech,negative,negative,negative,negative,negative,
175497613311dec4,Social,positive,positive,positive,positive,positive,gold_test
ad7ae7eac86aa21e,Tech,negative,negative,negative,negative,negative,
bc4db39bcc160180,Finance,negative,positive,positive,positive,positive,gold_test
23d6e98a4d2eb56a,Tech,negative,negative,negative,negative,negative,
7d2b346d078d92c6,Tech,positive,positive,negative,positive,positive,
b1b8a19e329db508,Tech,negative,negative,negative,negative,negative,
2ec384aff15b6478,Tech,negative,negative,negative,negative,negative,gold_test
661a7f7b9f7b67df,Tech,negative,neutral,neutral,neutral,neutral,
a97badd81305d21f,Tech,positive,positive,positive,positive,positive,
36897d4e478585b0,Social,positive,negative,positive,positive,positive,gold_test
68f8b2052f34160d,Tech,negative,negative,negative,negative,negative,
de59588f378cbf6e,Tech,neutral,negative,neutral,neutral,neutral,
bdfc02195c876948,Tech,neutral,neutral,neutral,neutral,neutral,
3962d294304504e9,Retail,neutral,neutral,neutral,neutral,neutral,gold_test
c0048af3c5d6943b,Tech,negative,negative,negative,negative,negative,
8ce7a55fdeb1f186,Tech,neutral,neutral,neutral,neutral,neutral,
7bf64499a1cb4485,Tech,neutral,neutral,neutral,neutral,neutral,
6c3798910c7e5706,Tech,neutral,negative,neutral,neutral,neutral,
2483f2802bf76d3b,Tech,neutral,neutral,neutral,neutral,neutral,
603c049fb0522f8e,Tech,neutral,neutral,neutral,neutral,neutral,
af2dd6fd87d58255,Finance,neutral,positive,positive,positive,positive,gold_train
e185c723e86d0263,Tech,negative,negative,negative,negative,negative,gold_test
e56037a4f2aef899,Tech,neutral,neutral,positive,neutral,neutral,
521dde08183588bc,Tech,neutral,neutral,neutral,neutral,neutral,
f13c0d07e98e13a1,Tech,positive,positive,positive,positive,positive,
142397f11397f86f,Tech,positive,positive,positive,positive,positive,
b450568cca70aac5,Social,positive,positive,positive,positive,positive,gold_test
967b8eadb597759a,Tech,neutral,neutral,neutral,neutral,neutral,
fcace76e5a64cfea,Tech,negative,negative,negative,negative,negative,
56817f4351cd140a,Tech,neutral,neutral,neutral,neutral,neutral,
cdc96bef8dee4215,Tech,neutral,neutral,neutral,neutral,neutral,
49950d24b003f3ca,Tech,negative,negative,negative,negative,negative,
1ce21f092a690407,Tech,neutral,positive,neutral,neutral,neutral,
9ccbc2299d03e9c8,Tech,neutral,positive,neutral,neutral,neutral,
c46b71ac5da9b17a,Tech,neutral,neutral,neutral,neutral,neutral,
4e0e464f15fbae2f,Tech,positive,neutral,positive,positive,positive,gold_test
5995e5cd19c96a37,Tech,neutral,neutral,neutral,neutral,neutral,
e24e7e6de7cfacde,Tech,positive,positive,positive,positive,positive,gold_test
873d821fa76a0b9e,Tech,negative,negative,negative,negative,negative,
152864518e9ed95a,Tech,neutral,neutral,neutral,neutral,neutral,
ef5797576eb602a0,Finance,neutral,neutral,neutral,neutral,neutral,gold_train
1e461773c85d5711,Tech,positive,negative,negative,negative,negative,
23655834f49f2acc,Tech,positive,positive,positive,positive,positive,
4efe72b5797f4da1,Retail,neutral,neutral,neutral,neutral,neutral,gold_dev
af51409566e4a23e,Tech,neutral,neutral,negative,neutral,neutral,
1bc570e777ff2ca2,Tech,negative,negative,negative,negative,negative,
feb67df6eb3b7db7,Tech,neutral,neutral,neutral,neutral,neutral,
d3f66c3d428eb0f9,Tech,positive,positive,positive,positive,positive,
07bce3aeda0449e9,Tech,positive,positive,positive,positive,positive,
ad21d2a3a6f6783e,Tech,neutral,neutral,neutral,neutral,neutral,
0fe118a4c9957863,Tech,neutral,neutral,neutral,neutral,neutral,
e3004fcccaa965e6,Tech,neutral,neutral,neutral,neutral,neutral,gold_test
43c5ba0b3e39915b,Tech,positive,positive,positive,positive,positive,gold_test
31f4d58e6923d0a1,Public,positive,positive,neutral,positive,positive,gold_dev
450221cccaae4d8e,Tech,positive,positive,positive,positive,positive,gold_test
362b077deac6bf49,Tech,negative,negative,negative,negative,negative,
e42b286856c82160,Tech,neutral,neutral,neutral,neutral,neutral,
7ca2adce4d0d7d37,Tech,neutral,neutral,neutral,neutral,neutral,
537168317514781a,Tech,negative,negative,neutral,negative,negative,
994e39b95b923081,Public,positive,neutral,neutral,neutral,neutral,gold_train
ba2ed790f79f5fc5,Tech,neutral,neutral,neutral,neutral,neutral,gold_dev
6e58177550150a46,Tech,neutral,neutral,neutral,neutral,neutral,
3edfde3b198c45a6,Tech,negative,negative,negative,negative,negative,gold_dev
7bbae6d81f58e974,Finance,neutral,neutral,neutral,neutral,neutral,gold_test
2ea6a6d60714d3d3,Finance,negative,negative,negative,negative,negative,gold_test
ff0500dba3f36609,Public,negative,negative,negative,negative,negative,gold_test
ef1fa800b47dc3c7,Retail,positive,neutral,neutral,neutral,neutral,gold_test
c307eb6a121e3c65,Finance,positive,positive,positive,positive,positive,gold_test
4f1261bd5a82956a,Tech,negative,negative,negative,negative,negative,
beddbb052b05a2e0,Retail,negative,negative,negative,negative,negative,gold_dev
a9c680500783db4f,Tech,negative,negative,positive,negative,negative,
d3d7bf6a8de0e38d,Tech,negative,negative,negative,negative,negative,
5820e902d033de6e,Tech,positive,positive,positive,positive,positive,
6763c2c09dee8da8,Tech,positive,neutral,neutral,neutral,neutral,
64b4f8d480765663,Retail,neutral,neutral,negative,neutral,neutral,gold_test
817883f5ebbc2637,Retail,neutral,neutral,neutral,neutral,neutral,gold_test
eaf597bdd10ee381,Tech,neutral,neutral,neutral,neutral,neutral,
0c9f90aaa1a16b4e,Retail,negative,negative,negative,negative,negative,gold_test
91195940c33ff339,Tech,negative,negative,negative,negative,negative,gold_dev
eebe274a67065fae,Tech,negative,negative,negative,negative,negative,
e87c9f863f772537,Social,negative,negative,negative,negative,negative,gold_test
f21065bc640fcda0,Retail,neutral,neutral,neutral,neutral,neutral,gold_test
7109d7d33b1c9f6f,Finance,negative,negative,neutral,negative,negative,gold_test
4fb95c8eea354607,Tech,positive,positive,positive,positive,positive,
dfb58836b3de7c23,Tech,positive,positive,positive,positive,positive,
ee73942da4a53990,Tech,neutral,neutral,neutral,neutral,neutral,
fe08ace8910fad0a,Tech,neutral,neutral,neutral,neutral,neutral,
160715a2a79a0647,Tech,negative,negative,negative,negative,negative,
de1e72edb8daf778,Tech,negative,negative,negative,negative,negative,gold_dev
161efb2bb8c3363b,Tech,negative,negative,negative,negative,negative,
ac3288d37f71e1ed,Public,negative,negative,negative,negative,negative,gold_dev
54a79fb4a6b74ae1,Tech,positive,positive,positive,positive,positive,gold_test
0e8ea12db2c82aed,Public,negative,negative,negative,negative,negative,gold_dev
ddd5b3cad586b34f,Tech,negative,negative,negative,negative,negative,
42c7d4d26413d6df,Tech,neutral,neutral,neutral,neutral,neutral,
800304e3355a345e,Tech,negative,negative,negative,negative,negative,
6a7c677a1210b3da,Tech,negative,negative,negative,negative,negative,gold_dev
38e7e32b9ffd1e0a,Retail,neutral,neutral,neutral,neutral,neutral,gold_test
55a0de73c27ae6ad,Tech,negative,positive,negative,negative,negative,
719bdbade8701b52,Tech,positive,positive,positive,positive,positive,gold_dev
601e2b35e6f3a2cb,Tech,negative,negative,negative,negative,negative,
71a1f6c43600e500,Retail,negative,negative,negative,negative,negative,gold_dev
f2d7755d45dbedea,Tech,neutral,positive,positive,positive,positive,
31570982f8055bc5,Retail,neutral,neutral,neutral,neutral,neutral,gold_test
62946c7eb15a00dc,Public,negative,neutral,negative,negative,negative,gold_test
6567715baf35d2a5,Tech,negative,negative,negative,negative,negative,
e3ea889c43f0e53e,Public,negative,negative,negative,negative,negative,gold_test
72175f05e3d2cb76,Tech,negative,negative,negative,negative,negative,
e1298b75f8483cf7,Tech,negative,neutral,negative,negative,negative,
15fa6aad26a7ccca,Tech,negative,negative,negative,negative,negative,
cb4e318301848f9e,Tech,neutral,neutral,neutral,neutral,neutral,
a26e3859dfdef9a9,Tech,neutral,neutral,neutral,neutral,neutral,
90e4780470980934,Tech,positive,negative,negative,negative,negative,
37a234c020bfde45,Finance,neutral,neutral,neutral,neutral,neutral,gold_test
55d471eff7ea30ab,Finance,negative,negative,negative,negative,negative,gold_test
d742bea92c15c592,Retail,neutral,negative,neutral,neutral,neutral,gold_test
9efb52dcc2fc6bc6,Retail,negative,negative,negative,negative,negative,gold_test
f8ba53f0a0b7567a,Tech,negative,negative,negative,negative,negative,gold_train
f8f62060480faa37,Tech,positive,positive,positive,positive,positive,
2d2c575ac1e245b6,Tech,negative,negative,negative,negative,negative,gold_test
74be4d0aebd8b8d7,Tech,negative,negative,negative,negative,negative,
3e37a9ab5b09510f,Tech,neutral,neutral,neutral,neutral,neutral,
216cac1ec7676cc0,Public,negative,negative,negative,negative,negative,gold_train
4520529ec320814c,Tech,negative,negative,negative,negative,negative,gold_test
9cd0088b3e9f1836,Tech,negative,negative,negative,negative,negative,
0431cd82dca21a8c,Retail,neutral,neutral,neutral,neutral,neutral,gold_test
b69d354baf03e2fd,Public,negative,negative,positive,negative,negative,gold_dev
c32e9c4a2bd9d28f,Public,negative,negative,negative,negative,negative,gold_test
e346a21a4c7d8dd6,Tech,negative,negative,negative,negative,negative,
28338b9ecafc116e,Public,neutral,neutral,neutral,neutral,neutral,gold_test
ba0e93c32b6b7a4d,Tech,positive,positive,neutral,positive,positive,
a9bbd2d15b851c59,Public,neutral,neutral,positive,neutral,neutral,gold_train
d7e128bfeaf419ed,Tech,neutral,neutral,neutral,neutral,neutral,
e36bf73f90e4aff0,Tech,negative,negative,negative,negative,negative,
29c1f88622148524,Tech,negative,negative,negative,negative,negative,
9716577debbc3e0a,Tech,negative,negative,negative,negative,negative,
f1bf46afdaf9e327,Social,negative,negative,negative,negative,negative,gold_test
129da6d5625fda30,Social,positive,positive,positive,positive,positive,gold_test
6aa5139531e861c6,Tech,neutral,neutral,neutral,neutral,neutral,
8800e013cf7eb365,Tech,neutral,neutral,negative,neutral,neutral,
92aa3be3f91bda3d,Tech,neutral,neutral,neutral,neutral,neutral,
c27ef6c997f30cc2,Tech,neutral,neutral,neutral,neutral,neutral,
e93744d33c670d3d,Tech,neutral,neutral,neutral,neutral,neutral,
430efb36b604c394,Tech,neutral,neutral,neutral,neutral,neutral,
c003d8f53bcbac2f,Tech,positive,negative,negative,negative,negative,
9bc7d6476c77d55f,Tech,negative,neutral,negative,negative,negative,
f8a0c956a3419fed,Tech,neutral,positive,neutral,neutral,neutral,
27ced877c0604a82,Tech,neutral,neutral,neutral,neutral,neutral,
2c593e8776ef222e,Tech,negative,positive,negative,negative,negative,
0fa07b6b8bf8da6f,Tech,neutral,neutral,neutral,neutral,neutral,
9f9b6358000e739f,Tech,neutral,neutral,neutral,neutral,neutral,
eca2096d60dc7482,Tech,negative,negative,negative,negative,negative,
1cc98f7f36e8498b,Tech,neutral,neutral,neutral,neutral,neutral,
65ba7c0aa3bd9aca,Tech,neutral,neutral,neutral,neutral,neutral,
de6641ddac33b53b,Tech,neutral,neutral,neutral,neutral,neutral,
0afcf8c88a307200,Tech,neutral,neutral,neutral,neutral,neutral,
5e59152aeb527d27,Tech,negative,negative,negative,negative,negative,
4170d3a6f944a23d,Tech,positive,positive,positive,positive,positive,
85ac37ddc61801ec,Tech,negative,negative,negative,negative,negative,
805ceb47d4e91370,Tech,neutral,neutral,neutral,neutral,neutral,
db3b4ae3afb23f21,Tech,neutral,positive,neutral,neutral,neutral,gold_dev
1e02539b1b0bd3ad,Retail,positive,positive,positive,positive,positive,gold_test
94e5db24f8f237cb,Social,positive,positive,positive,positive,positive,gold_test
2aa0ed4f59c38448,Social,positive,positive,positive,positive,positive,gold_test
98dfb5cc717dd8a3,Social,positive,positive,positive,positive,positive,gold_test
b8b712c6af06940a,Social,neutral,neutral,neutral,neutral,neutral,gold_test
441f93005aac3907,Social,positive,positive,positive,positive,positive,gold_test
ec377c44cc6284b1,Social,negative,negative,negative,negative,negative,gold_test
b37957aac4c3a837,Social,positive,positive,neutral,positive,positive,gold_test
0808f7b131a4dde2,Social,positive,positive,positive,positive,positive,gold_test
f577ebd82d3656a0,Social,negative,negative,negative,negative,negative,gold_test
17e8799c5020e9b3,Tech,negative,negative,neutral,negative,negative,
b659523a78149d3f,Social,negative,positive,positive,positive,positive,gold_test
98f136e5463a83f8,Social,negative,negative,positive,negative,negative,gold_test
85718cb1f6be9070,Tech,positive,positive,positive,positive,positive,
e7869d565a999adb,Social,negative,negative,negative,negative,negative,gold_test
330f75556b985fd7,Retail,positive,positive,positive,positive,positive,gold_test
8c16ac64b6041bca,Finance,neutral,neutral,neutral,neutral,neutral,gold_test
f22cedfcc24535e6,Finance,neutral,positive,neutral,neutral,neutral,gold_test
a7e9e867f5bce123,Retail,negative,negative,negative,negative,negative,gold_test
d032fdb813881071,Retail,neutral,neutral,neutral,neutral,neutral,gold_test
36b5588e79362fe4,Retail,neutral,neutral,neutral,neutral,neutral,gold_test
527c7c19723f45ce,Retail,neutral,neutral,neutral,neutral,neutral,gold_test
6d999e9a8c66adc9,Retail,negative,positive,positive,positive,positive,gold_test
ce49d56fc0a2352c,Finance,positive,positive,positive,positive,positive,gold_test
f7410463c8d22898,Tech,positive,neutral,neutral,neutral,neutral,
1b61a6ccff6c13a4,Tech,negative,negative,negative,negative,negative,
85bd9ad1f7f484f0,Finance,neutral,neutral,neutral,neutral,neutral,gold_train
429fe620abdd1bfc,Tech,positive,positive,positive,positive,positive,
70bfdd5ed41bd736,Tech,negative,negative,negative,negative,negative,
b32bc5422349f077,Tech,positive,positive,positive,positive,positive,
63d9c410bfa26544,Tech,neutral,neutral,neutral,neutral,neutral,gold_dev
76c0dd95649071df,Finance,positive,positive,positive,positive,positive,gold_test
b26a567556b1923d,Tech,neutral,negative,negative,neutral,neutral,
c4f1cf39a3ef1dfe,Finance,negative,negative,negative,negative,negative,gold_test
0ca4309e1c65212a,Finance,positive,neutral,neutral,neutral,neutral,gold_test
94a0489c8414879f,Tech,negative,negative,negative,negative,negative,
3de7c43a57f6d5da,Tech,neutral,positive,neutral,neutral,neutral,
edb828ebe54a2f1d,Retail,neutral,neutral,neutral,neutral,neutral,gold_test
88cd9b96239a0595,Tech,neutral,neutral,positive,neutral,neutral,
9fdb71aad01d2e58,Retail,neutral,positive,neutral,neutral,neutral,gold_dev
0ae98c163141f338,Retail,neutral,neutral,neutral,neutral,neutral,gold_test
420e3291e8b103f7,Tech,negative,negative,negative,negative,negative,
16d664f0799220b7,Tech,negative,negative,negative,negative,negative,
d7b81b99cff2eada,Tech,positive,positive,positive,positive,positive,
2dc5924c8b9eaf50,Tech,positive,positive,positive,positive,positive,
f40a5c97831207ee,Social,positive,positive,positive,positive,positive,gold_test
87b30741f56c556a,Retail,negative,negative,negative,negative,negative,gold_test
e9275c5a634757c7,Public,negative,negative,negative,negative,negative,gold_test
54022e12a76f190c,Public,negative,negative,negative,negative,negative,gold_test
1c38793a0ffa5d46,Public,negative,negative,negative,negative,negative,gold_test
4573edea82c9a8b8,Tech,positive,positive,neutral,positive,positive,
a8769427207b7f81,Tech,neutral,neutral,neutral,neutral,neutral,
48659c6f2b13ef32,Tech,negative,neutral,neutral,neutral,neutral,
6648db6e279bc3ec,Tech,neutral,neutral,neutral,neutral,neutral,
7adc27be1903fd3e,Tech,negative,negative,negative,negative,negative,gold_train
891242376a39655e,Public,negative,negative,positive,negative,negative,gold_dev
93368d4f0a440f2a,Tech,negative,negative,negative,negative,negative,gold_train
53fe4af6c9302fa5,Tech,neutral,neutral,neutral,neutral,neutral,
87aa126c355528c4,Tech,neutral,neutral,neutral,neutral,neutral,
6102fba5c4789d4b,Tech,negative,negative,negative,negative,negative,gold_test
8f89306953c1f5a5,Public,negative,negative,negative,negative,negative,gold_dev
29517b15cae95713,Public,positive,negative,negative,negative,negative,gold_dev
7e46f8f57eb1a206,Tech,negative,negative,negative,negative,negative,
365cdd890d486013,Tech,negative,negative,negative,negative,negative,gold_test
de38f5a5ad6353e5,Tech,negative,negative,negative,negative,negative,
8b5d83b2c0a9929f,Tech,positive,positive,positive,positive,positive,
17c1c7bb42b456e4,Tech,neutral,negative,negative,negative,negative,
f177c733424d6864,Tech,neutral,neutral,neutral,neutral,neutral,
843237dc58c9394b,Social,positive,positive,negative,positive,positive,gold_test
02de886e48eaca98,Tech,positive,neutral,positive,positive,positive,
040fc7a0c0b40faa,Tech,neutral,neutral,neutral,neutral,neutral,
12e233afde4d638e,Finance,negative,negative,negative,negative,negative,gold_train
58f1debb99fba3dd,Tech,neutral,neutral,neutral,neutral,neutral,
2e9b9e1c81075f52,Public,neutral,negative,negative,negative,negative,gold_test
600a260aea424397,Tech,neutral,neutral,neutral,neutral,neutral,
20a2ee2f9fa905d5,Tech,negative,negative,negative,negative,negative,
644290d2c942a520,Tech,positive,negative,negative,negative,negative,
568174e7b289e24c,Tech,neutral,neutral,neutral,neutral,neutral,
61875ef076811e67,Tech,neutral,neutral,neutral,neutral,neutral,
78773911bb90d33d,Retail,positive,positive,positive,positive,positive,gold_test
6bb68b5ba1a1766b,Tech,negative,negative,negative,negative,negative,
51fde8b5225a0fd0,Tech,negative,negative,negative,negative,negative,
dff25a5885d63157,Tech,positive,positive,positive,positive,positive,
627aa044a231bd9d,Tech,neutral,neutral,neutral,neutral,neutral,
00a72c57217cb633,Tech,neutral,neutral,neutral,neutral,neutral,
8355c83fd08770ea,Finance,negative,negative,positive,negative,negative,gold_dev
2918893c4bc31b9f,Tech,negative,negative,negative,negative,negative,
1269c82b857a14d3,Tech,neutral,positive,positive,positive,positive,
d2349253b7b3a80c,Tech,positive,positive,positive,positive,positive,
db7bfdaf58edd439,Tech,neutral,neutral,neutral,neutral,neutral,
366991cf9b68fa73,Finance,neutral,neutral,neutral,neutral,neutral,gold_test
6afb1de7c1c5f22c,Retail,negative,negative,negative,negative,negative,gold_test
fc7cbd58819519b2,Public,negative,negative,negative,negative,negative,gold_dev
12867a69498fa950,Tech,positive,positive,positive,positive,positive,
647c467769e37cd1,Social,negative,negative,positive,negative,negative,gold_test
886688f15c019425,Social,negative,negative,negative,negative,negative,gold_test
40dfa44e5d5f8bae,Tech,positive,positive,positive,positive,positive,
a65be86751e1f28f,Tech,negative,negative,negative,negative,negative,
34f4c0b189d904c4,Social,positive,positive,positive,positive,positive,gold_test
511dcb65e0ba1dd0,Tech,negative,negative,negative,negative,negative,
c41ca1f9f5b83f35,Tech,neutral,neutral,neutral,neutral,neutral,
5720c6cdef05f961,Tech,negative,negative,negative,negative,negative,
48864a5036e45288,Tech,negative,negative,negative,negative,negative,
43d8629fe19762e9,Tech,neutral,neutral,neutral,neutral,neutral,
6b94686ec2ad733b,Tech,neutral,neutral,neutral,neutral,neutral,
237b5f915eeef5a0,Tech,neutral,neutral,neutral,neutral,neutral,
71247c74c56ef841,Tech,neutral,neutral,neutral,neutral,neutral,
83bacba8895589f7,Tech,neutral,neutral,neutral,neutral,neutral,
42d31efe5d2cc76c,Tech,neutral,neutral,neutral,neutral,neutral,
5b683e6d6121c71b,Tech,neutral,neutral,neutral,neutral,neutral,
3c83d1c59991e03b,Retail,negative,negative,negative,negative,negative,gold_test
9613c3d5a5447136,Tech,negative,negative,negative,negative,negative,
92a7d6149a569589,Tech,positive,positive,positive,positive,positive,
a102d9f9ade72291,Retail,neutral,neutral,neutral,neutral,neutral,gold_test
31957d44b1e520ae,Tech,neutral,neutral,neutral,neutral,neutral,
0a0ee6f4bf4569df,Tech,negative,negative,negative,negative,negative,
8b03486179bff3c7,Finance,negative,negative,negative,negative,negative,gold_test
f67fe9e342ebcec7,Social,negative,negative,negative,negative,negative,gold_test
e13988c0523228e7,Tech,neutral,negative,neutral,neutral,neutral,
917d48fb3b902c47,Finance,positive,positive,positive,positive,positive,gold_train
c3ae6c7f6dead896,Tech,neutral,neutral,neutral,neutral,neutral,gold_test
62103fbd2fb2d32e,Tech,neutral,neutral,neutral,neutral,neutral,
6869dd97d88cbe28,Tech,neutral,neutral,neutral,neutral,neutral,
3fae765b2028775d,Social,negative,negative,negative,negative,negative,gold_test
c28f9e991e73d10b,Tech,positive,positive,positive,positive,positive,
21d351fa2a824fe4,Retail,neutral,neutral,neutral,neutral,neutral,gold_test
5659f88fa5163b22,Tech,neutral,neutral,neutral,neutral,neutral,
4e2435bac3cf605c,Finance,negative,negative,negative,negative,negative,gold_test
1abc4e65030bb7db,Social,positive,positive,positive,positive,positive,gold_test
a1107ff1a802717e,Finance,neutral,neutral,neutral,neutral,neutral,gold_dev
7a8475348ec7f566,Public,neutral,neutral,neutral,neutral,neutral,gold_dev
6d169a87f7a07261,Tech,neutral,positive,neutral,neutral,neutral,
4aeebdfef26455b8,Tech,neutral,neutral,negative,neutral,neutral,
e74b72abe3becd6f,Tech,neutral,neutral,neutral,neutral,neutral,
ed52a723075031ab,Tech,neutral,neutral,neutral,neutral,neutral,
ef65aacf2d422625,Tech,neutral,neutral,neutral,neutral,neutral,
276dd27f1f9791dc,Retail,negative,negative,negative,negative,negative,gold_dev
5b01059d4e1cc37b,Tech,neutral,neutral,neutral,neutral,neutral,
7d9d86100af7e52b,Public,negative,negative,negative,negative,negative,gold_test
f47a31ecacba9a9b,Retail,neutral,neutral,neutral,neutral,neutral,gold_test
57b0f515f6267bca,Retail,neutral,positive,neutral,neutral,neutral,gold_test
6c2e6299c5fd1828,Retail,neutral,neutral,neutral,neutral,neutral,gold_test
b7c78e1f0879da68,Tech,neutral,neutral,neutral,neutral,neutral,
59e6de38d2d4d3cf,Public,negative,negative,negative,negative,negative,gold_dev
092408bfbdc8ce7f,Tech,neutral,neutral,neutral,neutral,neutral,
bac938cb679840a6,Tech,negative,negative,negative,negative,negative,
8eac4479c3ab1ef7,Tech,negative,negative,negative,negative,negative,
1fef0a7c50ba905c,Tech,positive,positive,positive,positive,positive,
37c7dad6564bc1de,Tech,negative,neutral,neutral,neutral,neutral,
475712cd250e86f3,Tech,positive,positive,neutral,positive,positive,
2269aab36f4ac800,Tech,negative,negative,positive,negative,negative,
cc48cbdbf05bcf7a,Tech,negative,negative,negative,negative,negative,
97b7df6047f13581,Finance,neutral,neutral,neutral,neutral,neutral,gold_dev
6017acefff9de69d,Tech,neutral,neutral,neutral,neutral,neutral,
4b91fa033e1c5106,Tech,negative,negative,negative,negative,negative,
c77d0ef562dcadb3,Tech,neutral,neutral,neutral,neutral,neutral,
0b4b5991a9ace9df,Tech,negative,neutral,negative,negative,negative,
bdfcec5eef5a52d0,Finance,negative,negative,negative,negative,negative,gold_test
fecec683d6a7e0f3,Tech,negative,negative,neutral,negative,negative,
64416c956c55367a,Public,negative,negative,negative,negative,negative,gold_test
2f068f5976d46973,Tech,negative,negative,negative,negative,negative,
b519112c04878cd0,Tech,negative,negative,negative,negative,negative,
04068c8f2e11ec5f,Finance,neutral,neutral,neutral,neutral,neutral,gold_test
bcbb1f3486f4c5b5,Tech,neutral,neutral,neutral,neutral,neutral,
6beb6ef6ae99106f,Tech,negative,negative,negative,negative,negative,
2e512ea53d72a303,Tech,neutral,neutral,neutral,neutral,neutral,
c90046fd1b19e621,Retail,positive,positive,positive,positive,positive,gold_test
3472009de0edf997,Finance,neutral,neutral,positive,neutral,neutral,gold_dev
4940642e11d6028f,Tech,negative,negative,negative,negative,negative,
54761dfb6739b65b,Social,positive,negative,negative,negative,negative,gold_test
a8aeebe1137c03eb,Tech,negative,negative,negative,negative,negative,
e2a7ac17ef3d5d46,Tech,neutral,neutral,neutral,neutral,neutral,
18df12636e37990b,Tech,neutral,neutral,neutral,neutral,neutral,
6bc7fbf9ccbd6869,Public,positive,positive,positive,positive,positive,gold_test
4465076ca6ad427b,Public,positive,positive,positive,positive,positive,gold_train
99c1d87782eca37a,Finance,positive,neutral,positive,positive,positive,gold_test
ac1ec9c0dfe127a4,Tech,neutral,neutral,neutral,neutral,neutral,
d5dcdb1fa183d69b,Finance,positive,neutral,neutral,neutral,neutral,gold_test
1cbed528430736b7,Finance,neutral,neutral,neutral,neutral,neutral,gold_test
b33dcea88b0dd618,Tech,neutral,neutral,neutral,neutral,neutral,
1d528d6713795218,Retail,neutral,neutral,neutral,neutral,neutral,gold_test
6c322017846cf011,Tech,neutral,neutral,neutral,neutral,neutral,
c7ed9beee1147b61,Finance,negative,negative,negative,negative,negative,gold_test
e86c7b93966d7795,Tech,neutral,neutral,negative,neutral,neutral,
42c531cb674db53c,Public,negative,neutral,negative,negative,negative,gold_train
61714c5522448fd1,Social,positive,positive,positive,positive,positive,gold_test
af3401d234d5b89b,Tech,negative,negative,negative,negative,negative,
d17db82a4342376a,Tech,negative,negative,negative,negative,negative,
d84e887463ac5919,Tech,positive,neutral,neutral,neutral,neutral,
ac56555a70033b0d,Tech,negative,positive,negative,negative,negative,
8d969a0dac41460a,Tech,neutral,neutral,neutral,neutral,neutral,
96371cca7544a46c,Tech,negative,negative,negative,negative,negative,
3fdf9087a17bab29,Tech,neutral,neutral,neutral,neutral,neutral,
ce6e586ef8310e1b,Tech,negative,negative,negative,negative,negative,
ea3e77d70bb08d5e,Tech,neutral,negative,neutral,neutral,neutral,
b0f8c028fe5ac7fe,Tech,negative,negative,negative,negative,negative,gold_test
bf5dd98c5f7ce679,Public,negative,negative,negative,negative,negative,gold_dev
73e2e3f87b44200c,Tech,negative,negative,positive,negative,negative,
feaeca49a02a26e6,Tech,neutral,neutral,neutral,neutral,neutral,
a9cfb154d306ce20,Social,positive,positive,positive,positive,positive,gold_dev
2b5d27eb1bef67ff,Social,positive,positive,positive,positive,positive,gold_test
09f3ef59ffb30f07,Finance,negative,negative,negative,negative,negative,gold_test
f440a24b915d15b0,Tech,positive,positive,positive,positive,positive,
bd28b0846db17e53,Social,positive,positive,positive,positive,positive,gold_test
1caf6939d9dff164,Tech,neutral,neutral,neutral,neutral,neutral,
da04af2c77a7993d,Tech,negative,positive,negative,negative,negative,
ac155eee65f6fa56,Tech,positive,positive,positive,positive,positive,
95a8182ae0e79448,Finance,positive,positive,negative,positive,positive,gold_dev
5f863005caa6022b,Tech,negative,negative,negative,negative,negative,
cb6c5b690da61c29,Tech,negative,negative,negative,negative,negative,
7037d3ae9d47d576,Tech,neutral,neutral,neutral,neutral,neutral,
edc46686a3992555,Tech,positive,negative,positive,positive,positive,
c870049e2f85bba3,Tech,negative,negative,negative,negative,negative,
457a09665061ce85,Social,neutral,neutral,neutral,neutral,neutral,gold_test
2ebcfc9abfd29b7b,Finance,neutral,neutral,neutral,neutral,neutral,gold_dev
bedd5698331c1679,Tech,neutral,neutral,neutral,neutral,neutral,
cc4b8f8fb5c1b1de,Public,neutral,neutral,neutral,neutral,neutral,gold_train
15fdea49dcd34578,Tech,negative,negative,negative,negative,negative,gold_test
1bf7b25315ed0d75,Tech,negative,negative,negative,negative,negative,
935978663f852b60,Social,negative,negative,negative,negative,negative,gold_test
ae46297439787e84,Social,neutral,neutral,neutral,neutral,neutral,gold_dev
84103e2be4dfad79,Tech,negative,neutral,negative,negative,negative,
d3a7c20d51b1d901,Tech,positive,positive,positive,positive,positive,gold_train
f6f9c3d32332f5c0,Finance,neutral,neutral,neutral,neutral,neutral,gold_dev
0b1f02ed23c14a8d,Public,neutral,neutral,neutral,neutral,neutral,gold_train
8d8d6a2cdecdf8d4,Retail,negative,neutral,neutral,neutral,neutral,gold_test
59cea2ba506f1260,Tech,positive,positive,positive,positive,positive,
a6732c153eb1a78c,Tech,neutral,neutral,neutral,neutral,neutral,
88073b04c5c6b15e,Retail,neutral,neutral,neutral,neutral,neutral,gold_test
72c14abc7e2cf251,Finance,neutral,neutral,neutral,neutral,neutral,gold_test
e577c7af91d60d34,Public,negative,negative,negative,negative,negative,gold_train
9b14ec7f0ad1dc02,Tech,positive,positive,positive,positive,positive,gold_test
f5a340dc149f345a,Retail,negative,negative,negative,negative,negative,gold_test
81a80d3a6549ff6b,Tech,positive,positive,positive,positive,positive,
62537cd129d3905e,Tech,negative,negative,negative,negative,negative,
0009862a193bf837,Social,negative,negative,negative,negative,negative,gold_test
0e448ae3ab9e6b98,Tech,positive,neutral,positive,positive,positive,
5b41202618566156,Tech,neutral,neutral,neutral,neutral,neutral,
227ddb9d76b61b6c,Tech,neutral,negative,neutral,neutral,neutral,
3392f035c1f08b20,Retail,neutral,neutral,neutral,neutral,neutral,gold_dev
0139b060de13a892,Tech,negative,negative,negative,negative,negative,
fb4d8efd22ff8e5f,Tech,neutral,neutral,neutral,neutral,neutral,
cbf776ec7bb01efe,Public,neutral,neutral,negative,neutral,neutral,gold_test
6ad74b721c1d8e9b,Finance,neutral,negative,neutral,neutral,neutral,gold_test
97a62031b3bac723,Tech,positive,positive,positive,positive,positive,
42cde93e88163465,Tech,neutral,neutral,neutral,neutral,neutral,
ce15174ffc7502f6,Retail,neutral,neutral,neutral,neutral,neutral,gold_test
2fa37f0ba9b63af3,Tech,positive,positive,positive,positive,positive,
9c96266db92fc59a,Tech,neutral,neutral,neutral,neutral,neutral,
176aeb72707dd2a1,Tech,negative,neutral,negative,negative,negative,
467fede9144b4c95,Tech,positive,positive,positive,positive,positive,
9b8429e417a3fd24,Tech,neutral,neutral,negative,negative,negative,
96eb1b4f5f477d01,Tech,neutral,neutral,neutral,neutral,neutral,
675d409b6e72bee5,Tech,negative,negative,negative,negative,negative,
dd2688a5b195c355,Finance,negative,negative,negative,negative,negative,gold_test
7fbef34745b2614d,Tech,neutral,neutral,neutral,neutral,neutral,
20aab9eb18dd032c,Retail,negative,neutral,neutral,neutral,neutral,gold_test
830827d0e340a77a,Retail,neutral,neutral,neutral,neutral,neutral,gold_dev
29afb8e252c7f461,Finance,positive,positive,positive,positive,positive,gold_test
394de1a749377aa8,Tech,positive,positive,positive,positive,positive,
0b24b7d230385efb,Social,positive,positive,positive,positive,positive,gold_test
de66989bae28ed8d,Public,negative,negative,negative,negative,negative,gold_train
c4867aa4b0ff5809,Public,negative,negative,negative,negative,negative,gold_train
93a1515786322a9a,Tech,positive,positive,positive,positive,positive,
aa98e1483491b59b,Tech,positive,positive,positive,positive,positive,gold_test
c18644a37af8706c,Tech,neutral,neutral,neutral,neutral,neutral,
1b212e4c9046393d,Social,negative,negative,negative,negative,negative,gold_test
2163168ec4bc7887,Tech,neutral,neutral,neutral,neutral,neutral,
d4beb6f4ea0acf7d,Tech,positive,positive,positive,positive,positive,
45e2123af002311f,Tech,neutral,neutral,neutral,neutral,neutral,
b2c892cffc20de84,Retail,negative,negative,negative,negative,negative,gold_test
12857d663ec2fe6d,Tech,positive,positive,positive,positive,positive,
2d4c74b21aa0292a,Tech,neutral,neutral,neutral,neutral,neutral,
b876f8d0a1b54719,Tech,neutral,positive,neutral,neutral,neutral,
2881ce10a65b2c34,Tech,neutral,neutral,neutral,neutral,neutral,
70ec417093e28802,Finance,negative,negative,positive,negative,negative,gold_train
d78e708b36a6b08c,Finance,neutral,neutral,neutral,neutral,neutral,gold_train
9548024a36b4e2e5,Tech,neutral,negative,negative,negative,negative,
0676a39506feb64b,Tech,positive,positive,positive,positive,positive,
6081d1a49e158a39,Tech,negative,negative,negative,negative,negative,
36317610a5b6c506,Tech,negative,negative,negative,negative,negative,gold_test
3b163cdde6ddc0db,Tech,negative,negative,negative,negative,negative,
82dc7def531898ca,Public,neutral,neutral,neutral,neutral,neutral,gold_train
c8c0d6b6d056eda5,Tech,neutral,neutral,neutral,neutral,neutral,
b005de2dc2217a0c,Tech,negative,negative,negative,negative,negative,
5f4fadd985372ec1,Finance,neutral,neutral,positive,neutral,neutral,gold_dev
f7a103d367a9f6e2,Tech,neutral,neutral,neutral,neutral,neutral,
cda30d0a95d41226,Tech,negative,neutral,neutral,neutral,neutral,
152ffe30a574ea38,Social,positive,positive,positive,positive,positive,gold_test
e93db46661247299,Tech,neutral,neutral,neutral,neutral,neutral,gold_test
b9d55860aca81d32,Tech,positive,positive,positive,positive,positive,
3b6e9e21239c054d,Tech,neutral,neutral,neutral,neutral,neutral,
7f72d69ce9127bd4,Tech,negative,negative,negative,negative,negative,
d1767f8a9eed2782,Tech,negative,negative,negative,negative,negative,
cfc9bce6cea25306,Public,negative,negative,negative,negative,negative,gold_train
23da0c11ad637144,Finance,positive,positive,positive,positive,positive,gold_train
45ba8c0d5bd48dda,Public,negative,negative,negative,negative,negative,gold_train
02fc1bda112041f3,Tech,negative,negative,negative,negative,negative,
094f98d4d83f02d9,Tech,neutral,neutral,neutral,neutral,neutral,
930bdf525737243a,Retail,neutral,neutral,positive,neutral,neutral,gold_test
8d4c7fa24e42cf2e,Tech,neutral,neutral,neutral,neutral,neutral,
7bf9dd7766de6d11,Tech,negative,negative,negative,negative,negative,
c4f5f4ecc7b3dd05,Tech,neutral,neutral,neutral,neutral,neutral,
1a9baad75fcce6ca,Tech,neutral,neutral,neutral,neutral,neutral,
783f3f57a9b64b95,Tech,negative,negative,negative,negative,negative,
36b0bf08219f999c,Finance,neutral,neutral,positive,neutral,neutral,gold_dev
d04c80f09f9be5d4,Tech,negative,negative,negative,negative,negative,gold_train
b6e7c7d918f793a7,Retail,negative,negative,negative,negative,negative,gold_test
6bea0a225f72bf01,Tech,neutral,positive,neutral,neutral,neutral,
54e4c7e696b9a974,Tech,neutral,neutral,neutral,neutral,neutral,
679ea3dbe7bdc9ab,Social,negative,negative,negative,negative,negative,gold_test
cf251c7354e6aa2a,Tech,neutral,neutral,neutral,neutral,neutral,
f878f7a797b3d77b,Retail,neutral,neutral,neutral,neutral,neutral,gold_test
cf24d64f9e3fee2b,Public,neutral,neutral,neutral,neutral,neutral,gold_train
31aaa2844bb69ac9,Tech,neutral,neutral,neutral,neutral,neutral,
9bb992b16f64c91f,Tech,negative,positive,positive,positive,positive,
1a57569918fd0cab,Tech,negative,negative,negative,negative,negative,gold_test
3908c2629268d84c,Tech,neutral,neutral,neutral,neutral,neutral,
33eb6cb048daed51,Tech,negative,negative,negative,negative,negative,
cbd72eef8c0d8821,Tech,negative,negative,negative,negative,negative,
eeaea62c267c907e,Tech,negative,negative,negative,negative,negative,
e3e70df1004cb978,Tech,neutral,positive,positive,positive,positive,
08c02b4c32711581,Tech,neutral,neutral,neutral,neutral,neutral,
205e1cdd448ecabc,Tech,positive,positive,positive,positive,positive,
923c276daf6e8f85,Retail,neutral,negative,neutral,neutral,neutral,gold_test
db552751be92c0a7,Tech,negative,negative,negative,negative,negative,
51430e52ec32f8f1,Tech,negative,positive,negative,negative,negative,
cf24bcde6628dead,Tech,negative,negative,negative,negative,negative,
bc73c6190ac42f85,Tech,negative,negative,positive,negative,negative,gold_test
41778072da661ed4,Tech,neutral,positive,neutral,neutral,neutral,
8bac834794bcaf59,Tech,negative,negative,negative,negative,negative,
310cb1cd4061b225,Tech,positive,positive,positive,positive,positive,
6b2174caba2dd36f,Tech,positive,positive,positive,positive,positive,
847299314a708004,Tech,neutral,neutral,neutral,neutral,neutral,
d3366e4621999d92,Tech,negative,negative,negative,negative,negative,gold_test
4579c639086f65e0,Social,neutral,neutral,neutral,neutral,neutral,gold_dev
9219a64234b71e9e,Social,positive,positive,positive,positive,positive,gold_dev
298a85c748dd63b1,Social,positive,positive,positive,positive,positive,gold_test
dcd4f3e1cbe4f963,Tech,negative,neutral,negative,negative,negative,
8d98da9ab6cd2f08,Tech,negative,negative,positive,negative,negative,
dbc59e4951522e19,Tech,neutral,neutral,neutral,neutral,neutral,
57c8173a4322220b,Tech,neutral,neutral,neutral,neutral,neutral,
22c62f9ccbb5a5fb,Tech,negative,negative,negative,negative,negative,
af12a25dfa1a5a15,Tech,negative,neutral,neutral,neutral,neutral,
ca941ff572ed4a8e,Tech,neutral,neutral,neutral,neutral,neutral,
870334b3a4809fae,Retail,negative,negative,negative,negative,negative,gold_test
6dff4a5af830193a,Tech,positive,positive,positive,positive,positive,
017a4817db825df2,Tech,negative,negative,negative,negative,negative,
d3f1ba3032f93082,Tech,positive,positive,positive,positive,positive,
c458f2f467f3ea55,Tech,neutral,neutral,neutral,neutral,neutral,gold_train
181cf430c5586472,Tech,positive,positive,positive,positive,positive,
0c1aeb6141253996,Tech,positive,positive,positive,positive,positive,
df6f64eeaf78d3ee,Tech,negative,negative,negative,negative,negative,
431edca50e806bbb,Retail,neutral,neutral,neutral,neutral,neutral,gold_test
e61fd63b1bbe0247,Tech,neutral,neutral,positive,neutral,neutral,
e6cec0e96b563d38,Social,neutral,neutral,neutral,neutral,neutral,gold_test
a6810571f3e719c0,Tech,positive,positive,positive,positive,positive,gold_dev
5b1caaf1a80d5d9c,Tech,negative,neutral,negative,negative,negative,gold_test
3926035f97bf8ee6,Social,positive,neutral,positive,positive,positive,gold_test
bc16c86242e8bdd1,Tech,negative,negative,negative,negative,negative,
2bbc18eb95db9c5a,Tech,negative,negative,negative,negative,negative,
923e92b96995cc0e,Tech,negative,negative,negative,negative,negative,gold_test
50f364086a77a5ab,Public,negative,negative,negative,negative,negative,gold_test
567263b12ba7d0cf,Tech,neutral,neutral,neutral,neutral,neutral,
21b285b905a68027,Retail,neutral,neutral,negative,neutral,neutral,gold_test
8c57247b66a2c146,Tech,neutral,neutral,neutral,neutral,neutral,
273b6c64faa6f816,Retail,positive,negative,negative,negative,negative,gold_test
686455ac5e6aae25,Tech,positive,positive,positive,positive,positive,
7a00fefd7ea8c88b,Tech,neutral,negative,negative,negative,negative,
d6554a95dc411bfd,Tech,negative,negative,negative,negative,negative,
51cde31264d62c30,Public,neutral,neutral,neutral,neutral,neutral,gold_dev
0940e38dd73a93a1,Tech,positive,positive,negative,positive,positive,gold_test
40ac4457e6cb4046,Tech,negative,negative,negative,negative,negative,
a317627e2bdfc2de,Retail,neutral,neutral,neutral,neutral,neutral,gold_dev
2f076f8a4981f29d,Tech,neutral,neutral,neutral,neutral,neutral,
76b3cfd8bc5edd42,Tech,neutral,neutral,neutral,neutral,neutral,
d6b35395a6e2fe49,Retail,positive,positive,positive,positive,positive,gold_test
b26b96326ccfd30a,Tech,neutral,neutral,positive,neutral,neutral,
bfcd0e0f1fae78d9,Social,positive,positive,positive,positive,positive,gold_test
c24d027f21bfb8f2,Tech,neutral,neutral,neutral,neutral,neutral,
049eb0b904d22e60,Social,positive,positive,neutral,positive,positive,gold_test
bf1ae947fa599f31,Social,neutral,positive,positive,positive,positive,gold_test
d412304bd5961653,Tech,negative,negative,negative,negative,negative,
518c22f0db5db453,Tech,positive,positive,positive,positive,positive,
1ebeeddc926b8282,Tech,neutral,neutral,neutral,neutral,neutral,
9f18653210686b8d,Public,neutral,neutral,neutral,neutral,neutral,gold_test
7c92069316b47043,Tech,negative,negative,negative,negative,negative,
5a3740d82d6abba8,Finance,negative,negative,negative,negative,negative,gold_test
4979b25f9946fff6,Tech,neutral,neutral,neutral,neutral,neutral,
996b18bf9345d7ae,Tech,neutral,neutral,neutral,neutral,neutral,
fe2141a01327f859,Tech,negative,negative,negative,negative,negative,
ca035f20aaa7f13f,Retail,positive,neutral,neutral,neutral,neutral,gold_test
0eb93311cc4b7637,Tech,positive,positive,positive,positive,positive,
b23788c1b65cd7fb,Finance,neutral,neutral,neutral,neutral,neutral,gold_train
9e803562e880cd0d,Tech,negative,negative,negative,negative,negative,
129c47d13d9e5a00,Tech,neutral,neutral,neutral,neutral,neutral,
65ff0e6056ee2a73,Public,negative,neutral,negative,negative,negative,gold_dev
035f53741c97c5ee,Tech,negative,positive,negative,negative,negative,
562a5c92cdc2cc86,Tech,neutral,neutral,positive,neutral,neutral,
0ce997a8e0d5364b,Tech,positive,positive,positive,positive,positive,
4aedd50e75061953,Finance,positive,positive,neutral,positive,positive,gold_dev
7a699843fcb36fac,Tech,positive,positive,positive,positive,positive,
3b74fe824e869562,Tech,positive,positive,positive,positive,positive,
542973bc6e4dd748,Tech,positive,positive,negative,negative,negative,
3e789d86dbbb058d,Tech,negative,neutral,neutral,neutral,neutral,
d77c02e45d786b5a,Retail,positive,neutral,positive,positive,positive,gold_test
94755b3ba5d08744,Tech,neutral,neutral,neutral,neutral,neutral,
b20597aa1f47f3c4,Tech,neutral,neutral,negative,neutral,neutral,
11bd80872e6be968,Retail,positive,positive,positive,positive,positive,gold_test
85672e4a124d5750,Finance,negative,negative,negative,negative,negative,gold_test
7dda42b81a7f2cfe,Retail,positive,positive,positive,positive,positive,gold_test
a3cb859391723f58,Public,neutral,negative,negative,negative,negative,gold_train
7aec8e4cb7b60ca9,Retail,negative,negative,negative,negative,negative,gold_test
82cce7b4fae1c378,Public,negative,negative,negative,negative,negative,gold_test
86771150fc93ae66,Tech,negative,negative,negative,negative,negative,
57b873af2596c14a,Retail,neutral,neutral,positive,neutral,neutral,gold_test
3a9845ffcf60e641,Finance,negative,negative,negative,negative,negative,gold_test
d6ac2acc2e421b01,Tech,positive,positive,positive,positive,positive,
3ed5418c52f84489,Social,negative,positive,positive,positive,positive,gold_test
189491da8dbe8682,Tech,negative,neutral,negative,negative,negative,gold_test
ebc45d860441d4ed,Tech,negative,negative,neutral,negative,negative,
67fa6a9dc9008b5c,Tech,positive,neutral,neutral,neutral,neutral,
1d9a3de12d4c257d,Tech,negative,negative,negative,negative,negative,
0393bb4849c5c27a,Tech,negative,negative,negative,negative,negative,gold_test
cbd041b3f49c73d0,Public,negative,negative,negative,negative,negative,gold_test
90b6879bb7211996,Finance,positive,positive,positive,positive,positive,gold_dev
1c822e6358b9f75a,Social,positive,positive,positive,positive,positive,gold_test
6670594e43ced056,Tech,positive,positive,positive,positive,positive,
65f20a51a3ac3a4e,Finance,positive,positive,positive,positive,positive,gold_test
60f9209201472a7c,Tech,negative,negative,negative,negative,negative,gold_test
68129e732572382e,Retail,negative,negative,negative,negative,negative,gold_test
d81ed4b494ac53f2,Tech,positive,neutral,neutral,neutral,neutral,
414f384bf5832663,Tech,positive,positive,neutral,positive,positive,
acc493350af7986f,Tech,negative,negative,negative,negative,negative,
e525d1e0c260223a,Tech,neutral,neutral,neutral,neutral,neutral,
b1a75af2e7dc731c,Tech,neutral,neutral,neutral,neutral,neutral,
a9b627694b96ad95,Public,neutral,neutral,neutral,neutral,neutral,gold_test
630e94d24bf31b22,Tech,negative,negative,negative,negative,negative,
7c9ed0d464e50a28,Tech,positive,neutral,positive,positive,positive,
4f9e1d7bf610ea82,Retail,neutral,neutral,neutral,neutral,neutral,gold_dev
7238576717f321cd,Tech,positive,neutral,positive,positive,positive,
390fff93ee15a461,Tech,neutral,neutral,negative,neutral,neutral,
fbebc62a6814f30f,Tech,negative,negative,negative,negative,negative,
3d978dc3d853287f,Tech,neutral,neutral,neutral,neutral,neutral,
3cf66efa4e4c9657,Tech,neutral,neutral,negative,neutral,neutral,gold_train
ddc70ef94a9b8c1c,Tech,negative,positive,negative,negative,negative,
6238a3256105a7e7,Tech,negative,neutral,negative,negative,negative,
c882ed719cf5d551,Tech,neutral,neutral,neutral,neutral,neutral,
14289f59c4eb9aac,Tech,neutral,neutral,negative,neutral,neutral,
fa4b055780e25f0d,Tech,neutral,neutral,neutral,neutral,neutral,
36465a10279b7a83,Social,negative,negative,negative,negative,negative,gold_dev
0d57d0715e9d5b20,Retail,negative,negative,negative,negative,negative,gold_test
4e4adf44de2cb05b,Social,negative,negative,negative,negative,negative,gold_test
b0d8b0179087cffe,Social,neutral,neutral,negative,neutral,neutral,gold_test
196bf2a4c2946991,Tech,negative,positive,negative,negative,negative,
12ae88a66deb8b40,Social,negative,negative,negative,negative,negative,gold_test
ca082eff1a8af6a4,Tech,negative,negative,negative,negative,negative,gold_test
67d45f341debfc53,Tech,neutral,neutral,neutral,neutral,neutral,
a5ac8cb6c7a20185,Tech,negative,negative,negative,negative,negative,gold_test
18fff4ab6f6f864c,Tech,negative,negative,negative,negative,negative,
8e118d96c380b1a7,Public,positive,negative,positive,negative,negative,gold_test
d78b509f5572ab77,Tech,negative,negative,negative,negative,negative,
c344b22c45911b55,Tech,neutral,neutral,neutral,neutral,neutral,
bd741a24ce18cbf0,Tech,negative,negative,negative,negative,negative,gold_test
ed2c783595b2bd3f,Tech,negative,negative,negative,negative,negative,gold_test
41ef71acc5f0a4ca,Tech,negative,negative,negative,negative,negative,
a9ca6c5a2c6fa18c,Tech,neutral,neutral,neutral,neutral,neutral,
f71181e6ae62c28a,Tech,negative,negative,negative,negative,negative,
1204257b3d722ffa,Tech,neutral,positive,neutral,neutral,neutral,gold_dev
d007a1dba5459544,Tech,neutral,neutral,neutral,neutral,neutral,
861d180dee081f28,Tech,negative,negative,negative,negative,negative,
af9664f9ae01328f,Tech,negative,negative,negative,negative,negative,gold_test
de346e83201a0a3e,Tech,positive,neutral,neutral,neutral,neutral,
8fdc210ef2ee3b8e,Tech,positive,positive,positive,positive,positive,gold_test
4496ea6ff64b0b07,Finance,positive,positive,positive,positive,positive,gold_test
96a6ec649214c06a,Retail,negative,negative,negative,negative,negative,gold_test
a4f241494630922c,Tech,neutral,neutral,neutral,neutral,neutral,
dbefb50839842166,Tech,negative,negative,negative,negative,negative,
178294599d5a1603,Tech,negative,negative,negative,negative,negative,
42596988cae0aa41,Tech,negative,negative,negative,negative,negative,
e52a2d49cc28de97,Tech,positive,positive,positive,positive,positive,
4e448193543eb313,Tech,neutral,neutral,neutral,neutral,neutral,
f511f076707b1ced,Public,negative,negative,negative,negative,negative,gold_train
34d358f7642eea65,Tech,positive,positive,positive,positive,positive,
36d4b97c43e7d985,Social,positive,positive,positive,positive,positive,gold_test
8fa2f0200d10ca2f,Tech,negative,negative,negative,negative,negative,
dde040eb0df06906,Tech,negative,negative,negative,negative,negative,
ff9a9e566877f74f,Tech,neutral,neutral,neutral,neutral,neutral,
705fc1f4a3469c33,Tech,neutral,neutral,neutral,neutral,neutral,
8ca899dc5a9c2156,Tech,neutral,positive,positive,positive,positive,gold_test
c411306633aec5c2,Retail,neutral,neutral,neutral,neutral,neutral,gold_dev
765cc52ba687ec49,Public,neutral,neutral,neutral,neutral,neutral,gold_dev
dd602f45898b2da5,Tech,neutral,neutral,neutral,neutral,neutral,
529c6ee06f3a46ef,Tech,neutral,neutral,neutral,neutral,neutral,
31488a44f0345264,Retail,neutral,neutral,neutral,neutral,neutral,gold_test
00a97a23af249aa4,Tech,neutral,positive,positive,neutral,neutral,
0a151e37dcb9a080,Tech,neutral,neutral,neutral,neutral,neutral,
242b741b413cc4e2,Social,neutral,neutral,neutral,neutral,neutral,gold_test
0380ec9e72ab8c06,Tech,neutral,neutral,neutral,neutral,neutral,gold_test
b688ae0952279da5,Public,neutral,neutral,neutral,neutral,neutral,gold_test
5efea63c5d6b47d1,Tech,negative,neutral,negative,negative,negative,
fa75891a98e8afd4,Tech,negative,positive,negative,negative,negative,
471c273425f4ac40,Tech,negative,negative,negative,negative,negative,
292abf8bd3b2e467,Tech,negative,negative,negative,negative,negative,
0dc303a50b353364,Public,negative,negative,negative,negative,negative,gold_test
d4c137a6640a04ff,Finance,negative,negative,negative,negative,negative,gold_test
41a64c754f4cb8f7,Tech,negative,negative,negative,negative,negative,
bbba92a705176997,Tech,neutral,neutral,neutral,neutral,neutral,
82ce878ff8ef0772,Finance,neutral,neutral,neutral,neutral,neutral,gold_test
5b7ff58fac4147ef,Retail,neutral,neutral,neutral,neutral,neutral,gold_dev
1ced9762b7f54b90,Finance,negative,negative,negative,negative,negative,gold_test
e35a725c35c6d3f4,Public,negative,neutral,negative,negative,negative,gold_train
ba48ad19a1c5d457,Tech,negative,negative,negative,negative,negative,
391d1de08ced287b,Tech,neutral,neutral,neutral,neutral,neutral,
f18e212d3c2bef45,Retail,negative,negative,negative,negative,negative,gold_test
78a272bdb1f1fa1c,Tech,negative,negative,negative,negative,negative,
6dbbf8751135f839,Tech,negative,negative,neutral,negative,negative,gold_test
82ebc23f6f0ec88a,Tech,negative,neutral,negative,negative,negative,
cea800702450f89b,Tech,neutral,neutral,neutral,neutral,neutral,
df25b949aa51c5d0,Tech,positive,positive,negative,positive,positive,gold_test
db135af0374f6532,Finance,negative,neutral,neutral,neutral,neutral,gold_test
2f8971d33ce6c923,Finance,positive,positive,positive,positive,positive,gold_test
e896752cac9d0227,Finance,positive,neutral,neutral,neutral,neutral,gold_test
2e09182c763c1231,Retail,negative,negative,negative,negative,negative,gold_test
fc851a6f222e0d1f,Tech,negative,negative,negative,negative,negative,
1a7e335bf93b6e92,Tech,negative,negative,negative,negative,negative,
d7466c1d8afb9199,Tech,positive,positive,positive,positive,positive,gold_test
11734e445bee1100,Social,neutral,negative,negative,negative,negative,gold_test
17b8394a7772737e,Tech,positive,positive,positive,positive,positive,
81d70560b2314b63,Tech,negative,negative,negative,negative,negative,
d1fc6a835ba3ee2f,Social,positive,positive,positive,positive,positive,gold_test
557a64d9ed0c7d1c,Tech,neutral,neutral,neutral,neutral,neutral,
2a5e8cba0225c2a8,Tech,positive,positive,positive,positive,positive,
d2725f6af0f5118b,Tech,negative,negative,negative,negative,negative,gold_test
4ecc41b7dc2324b0,Tech,neutral,neutral,positive,neutral,neutral,
66bfe4462978dd70,Tech,negative,negative,positive,negative,negative,
1bce4452a70c9d3d,Tech,neutral,negative,neutral,neutral,neutral,
9d20a7139b4f1d0c,Retail,positive,positive,positive,positive,positive,gold_test
c53c7981399faca3,Tech,negative,neutral,neutral,neutral,neutral,
7d8d15f85dde1e59,Tech,neutral,neutral,neutral,neutral,neutral,
05e7ef3c4434b6d1,Tech,neutral,neutral,neutral,neutral,neutral,
ee7cedab0becd31c,Tech,negative,neutral,neutral,neutral,neutral,
97d93c4029c7c93e,Tech,negative,negative,negative,negative,negative,
be0b10109f52deb2,Tech,neutral,negative,neutral,neutral,neutral,
3f052674500e6327,Tech,negative,negative,negative,negative,negative,
9d1880f98c1f7c45,Tech,negative,negative,negative,negative,negative,
47d2d85c54544598,Tech,negative,neutral,negative,negative,negative,
554211cac65b7d40,Tech,positive,positive,positive,positive,positive,
a3ab694cdcbcb727,Tech,positive,positive,positive,positive,positive,
3316386a6148791e,Tech,negative,negative,negative,negative,negative,
93bb9a88fd098e95,Tech,neutral,neutral,neutral,neutral,neutral,
5a6936c917e1a30c,Tech,positive,positive,positive,positive,positive,
ac150fec85f207e0,Tech,neutral,neutral,neutral,neutral,neutral,
31f1fbba2436a90a,Tech,positive,positive,positive,positive,positive,gold_test
e6a18ea2a51fb085,Finance,negative,negative,negative,negative,negative,gold_test
8a37e5829ff9bdb4,Retail,positive,positive,positive,positive,positive,gold_test
95860584e0bb6d5b,Tech,positive,positive,positive,positive,positive,
4ed36b9be156c1d1,Public,negative,negative,negative,negative,negative,gold_test
42a5014a0fcdc4eb,Social,negative,neutral,negative,negative,negative,gold_test
4aad44d752318fe6,Tech,neutral,positive,neutral,neutral,neutral,
415928472582e6f2,Tech,negative,negative,negative,negative,negative,
1769fd40ef24a98b,Tech,neutral,neutral,neutral,neutral,neutral,
7e57dd933c4554d6,Tech,negative,neutral,negative,negative,negative,
28f0677b733461d5,Social,negative,negative,negative,negative,negative,gold_test
62632af8a67f8efb,Tech,negative,negative,negative,negative,negative,
554877e32acd8e32,Social,negative,negative,negative,negative,negative,gold_test
d9883ce99e37d9c9,Tech,positive,positive,positive,positive,positive,
c1a57884fe06cd7f,Finance,negative,negative,negative,negative,negative,gold_test
af34f5e991eff653,Public,neutral,negative,negative,negative,negative,gold_test
a71d3c65ae7ae80a,Public,positive,negative,negative,negative,negative,gold_dev
8a32d6bdfd98db87,Public,negative,negative,negative,negative,negative,gold_dev
2af9a71b5fa2f65d,Tech,neutral,neutral,neutral,neutral,neutral,
8bf6df9b9f45bdae,Public,neutral,neutral,neutral,neutral,neutral,gold_test
a925f0d982e94189,Tech,positive,positive,positive,positive,positive,
0dc6f573bd2c70a6,Tech,neutral,positive,neutral,neutral,neutral,gold_test
a68675f61e1b0c84,Tech,neutral,neutral,neutral,neutral,neutral,
c516730295b62612,Tech,negative,negative,negative,negative,negative,
b2fc0296553403fb,Tech,negative,negative,negative,negative,negative,
f456b41e19426477,Social,negative,negative,negative,negative,negative,gold_test
e631368cd9269b3a,Tech,negative,negative,negative,negative,negative,gold_test
fd9a748ca3f692d2,Tech,negative,negative,neutral,negative,negative,
910c44bd39fc87dc,Tech,neutral,neutral,neutral,neutral,neutral,
1ac461f97cd4a3c0,Tech,neutral,neutral,neutral,neutral,neutral,
ad5727e186f3aca9,Tech,neutral,neutral,neutral,neutral,neutral,
3aafb3a5188f0c29,Tech,positive,positive,positive,positive,positive,
1f989e910575ab5e,Finance,neutral,neutral,neutral,neutral,neutral,gold_train
17a46a48334d2a6a,Tech,positive,positive,positive,positive,positive,
3e3a579017680e32,Tech,neutral,neutral,neutral,neutral,neutral,
8025154195dfa387,Tech,positive,positive,positive,positive,positive,
66a37cfb91ae4775,Tech,neutral,neutral,neutral,neutral,neutral,gold_dev
80d07d2165ee0418,Tech,neutral,neutral,positive,neutral,neutral,gold_dev
b38caf414e23c214,Tech,positive,positive,positive,positive,positive,gold_test
69bab8f12733426b,Retail,positive,positive,positive,positive,positive,gold_test
b858debdcce7aad6,Tech,neutral,neutral,neutral,neutral,neutral,gold_dev
5a355f84c6785da1,Finance,positive,positive,positive,positive,positive,gold_test
41fb4a2b882dfb1f,Tech,negative,negative,negative,negative,negative,gold_train
25da2bd1fe3e1f30,Tech,negative,negative,negative,negative,negative,
119f145f333826d4,Tech,neutral,neutral,neutral,neutral,neutral,
cc83ff7b09f7b88e,Tech,positive,positive,positive,positive,positive,
05e6779137fa9dd9,Tech,negative,neutral,neutral,neutral,neutral,
134fdef5b8556454,Tech,neutral,neutral,neutral,neutral,neutral,
a0d17bdbbe94bc6e,Tech,negative,negative,negative,negative,negative,
ffba3726e7e95c0c,Tech,neutral,negative,negative,negative,negative,gold_test
fef2f387baa950f1,Tech,negative,negative,negative,negative,negative,
113dd63ddfd6efe3,Tech,positive,positive,positive,positive,positive,
da61d571ecc2bace,Finance,positive,positive,positive,positive,positive,gold_test
ecd760232f3cac8d,Tech,negative,negative,positive,negative,negative,
830ee64be4ade132,Tech,negative,negative,negative,negative,negative,gold_test
d0cc84639f2431bc,Finance,negative,negative,negative,negative,negative,gold_dev
ea5f59b680aaec1a,Tech,positive,neutral,positive,positive,positive,
9b889ad40d1473f9,Tech,neutral,neutral,neutral,neutral,neutral,
6b7fb3a36929ad56,Tech,negative,negative,negative,negative,negative,
f582dfd77183de40,Public,negative,negative,negative,negative,negative,gold_train
cff73c5077cb725a,Tech,neutral,neutral,neutral,neutral,neutral,
05bb89a2fcd305d2,Tech,neutral,neutral,neutral,neutral,neutral,
76b132074abc22b1,Tech,negative,negative,negative,negative,negative,
719443e36a7dd223,Tech,neutral,neutral,negative,neutral,neutral,
04c14f8a3479ccd4,Public,neutral,neutral,neutral,neutral,neutral,gold_train
943e47021c8ec369,Tech,negative,negative,negative,negative,negative,
a21a6fa89d41b19a,Tech,neutral,neutral,neutral,neutral,neutral,
fd64a120d1267d44,Tech,neutral,neutral,neutral,neutral,neutral,gold_test
dc48dcc48b92c3c1,Retail,negative,negative,negative,negative,negative,gold_test
4db243daa3099fa5,Tech,negative,negative,negative,negative,negative,
4937bfa509be3d4c,Tech,positive,positive,positive,positive,positive,
208eaaf13c16dcb7,Public,neutral,negative,negative,negative,negative,gold_test
ce408378bf7429fd,Retail,negative,negative,negative,negative,negative,gold_test
f55f374ceb90883c,Finance,neutral,neutral,neutral,neutral,neutral,gold_train
1c6dc5aa8b9e67b9,Tech,negative,negative,negative,negative,negative,gold_test
b7f4b5b96d9669df,Tech,positive,positive,positive,positive,positive,gold_test
2f621d01947d0769,Tech,neutral,neutral,neutral,neutral,neutral,
b45ac36efd4e3dce,Tech,positive,positive,positive,positive,positive,gold_test
cb23bce2438c8971,Public,positive,positive,positive,positive,positive,gold_test
6d7772ccaa4056a5,Tech,negative,negative,positive,negative,negative,gold_test
103242b8786873a3,Tech,neutral,neutral,neutral,neutral,neutral,
3b973f6671504d29,Tech,positive,negative,negative,negative,negative,
7833422795b0562d,Social,positive,positive,positive,positive,positive,gold_test
28ed082dca10dcf6,Tech,neutral,neutral,neutral,neutral,neutral,
ac2464bcd78b3a89,Public,neutral,neutral,neutral,neutral,neutral,gold_test
93aa60a36d80f895,Tech,neutral,neutral,positive,neutral,neutral,
9cb702d108b864dc,Tech,positive,positive,positive,positive,positive,
e2d47d81bcfe2d81,Public,negative,negative,negative,negative,negative,gold_test
f5ed5cc206cd1b59,Tech,positive,positive,positive,positive,positive,
3941a4415c863cbd,Public,neutral,neutral,neutral,neutral,neutral,gold_test
65a2bce20c83b98a,Tech,neutral,neutral,neutral,neutral,neutral,
5418f6faa3c16380,Tech,neutral,neutral,neutral,neutral,neutral,
22b79335c68ad555,Tech,positive,positive,positive,positive,positive,
0b1d5d85d641499d,Tech,neutral,neutral,neutral,neutral,neutral,
fcb251e41b330f87,Tech,positive,positive,neutral,positive,positive,
52e603ee0510a283,Tech,neutral,neutral,neutral,neutral,neutral,
cfd18db31a51ae25,Tech,neutral,neutral,neutral,neutral,neutral,
7228dce9ae80b3a0,Tech,negative,negative,negative,negative,negative,
c366d81334c8270a,Tech,positive,positive,positive,positive,positive,
89bd80995d8092fe,Finance,neutral,negative,neutral,neutral,neutral,gold_train
760831059ad75dcb,Tech,negative,negative,negative,negative,negative,
a2b9e1b5c235adf9,Tech,neutral,neutral,neutral,neutral,neutral,gold_train
bbf3c4d10ffcbc4a,Tech,positive,positive,positive,positive,positive,gold_test
a692f7763f929061,Tech,negative,negative,negative,negative,negative,
4a7c3972ad266c74,Tech,negative,negative,negative,negative,negative,
4793fd43e9a29cfe,Public,negative,negative,positive,negative,negative,gold_test
4133d5db2cf62fe4,Tech,negative,neutral,neutral,neutral,neutral,
b6ea201195a5cd7c,Tech,neutral,neutral,neutral,neutral,neutral,
d650a14504a04415,Public,neutral,neutral,neutral,neutral,neutral,gold_test
8f6b27a825efff94,Retail,positive,positive,positive,positive,positive,gold_dev
6391b9ceb5627fd3,Finance,positive,neutral,neutral,neutral,neutral,gold_dev
d07b0bc1e281ed19,Tech,neutral,neutral,neutral,neutral,neutral,
2a72ee6566d6a0c9,Tech,negative,positive,negative,negative,negative,
55389cc838927b11,Tech,neutral,neutral,neutral,neutral,neutral,
f14fc2d3ea3267f3,Tech,negative,positive,negative,negative,negative,
dad6906e87016409,Finance,negative,negative,negative,negative,negative,gold_dev
6d5ea77d3f95b230,Tech,negative,negative,negative,negative,negative,
8a6c632423d94287,Tech,neutral,neutral,neutral,neutral,neutral,
6e41579ca55a5a98,Tech,positive,neutral,positive,positive,positive,
887d41dd34cc6804,Social,positive,positive,positive,positive,positive,gold_test
f9958b3d92a0fb8c,Finance,positive,negative,negative,negative,negative,gold_test
35950852b1c9ac94,Retail,neutral,neutral,neutral,neutral,neutral,gold_test
b1bcd2a2b7a0751f,Finance,positive,positive,positive,positive,positive,gold_test
42159b42a252b627,Tech,negative,negative,negative,negative,negative,gold_test
73e4e6f6f9ced34a,Tech,neutral,neutral,neutral,neutral,neutral,
5d779407ca963b16,Tech,neutral,neutral,neutral,neutral,neutral,
5c27d41fbaec57e8,Tech,negative,negative,negative,negative,negative,gold_train
36d8b9293795851d,Tech,negative,negative,negative,negative,negative,gold_test
1b98340d2083f119,Finance,positive,positive,positive,positive,positive,gold_test
1d85e1ba9946cf4f,Tech,neutral,neutral,neutral,neutral,neutral,gold_test
6540144b998a7ec2,Tech,positive,neutral,neutral,neutral,neutral,
78f724ccf54b373c,Retail,negative,neutral,neutral,neutral,neutral,gold_test
9cd40a17a5de208d,Tech,negative,negative,negative,negative,negative,
e57bb7466b0ea9d7,Tech,negative,negative,negative,negative,negative,gold_train
fd5d096c3e488b7c,Tech,negative,negative,negative,negative,negative,
2565feb4a94961e3,Finance,neutral,negative,negative,negative,negative,gold_test
a562e941ae18b436,Retail,negative,negative,negative,negative,negative,gold_test
07c3c39f6abf8de0,Social,negative,negative,neutral,negative,negative,gold_test
f3b3b3d73f4d28cd,Social,neutral,neutral,neutral,neutral,neutral,gold_test
15f98905f76470ce,Finance,neutral,neutral,neutral,neutral,neutral,gold_dev
5de266957120398b,Tech,neutral,negative,neutral,neutral,neutral,
5ce5d6bb01f6af58,Tech,neutral,neutral,neutral,neutral,neutral,
623a15815533c056,Tech,neutral,neutral,neutral,neutral,neutral,
8186fd20a15531f2,Tech,negative,negative,negative,negative,negative,gold_test
5df24e7403222d27,Tech,negative,negative,negative,negative,negative,gold_test
6cca92854bb540bd,Tech,neutral,neutral,neutral,neutral,neutral,gold_dev
a325603adb881d33,Public,neutral,neutral,positive,neutral,neutral,gold_train
b0c8df2c1d03ef3d,Finance,negative,negative,negative,negative,negative,gold_test
0daecddef1414e0d,Tech,negative,negative,negative,negative,negative,
2f3a14fdf40eca7d,Finance,neutral,negative,neutral,neutral,neutral,gold_test
378754a4507cfdd9,Public,negative,negative,negative,negative,negative,gold_test
15eda7eccf29763c,Public,negative,positive,positive,positive,positive,gold_test
4baaa0c72d8e2dfe,Social,negative,negative,negative,negative,negative,gold_test
8b95c94b72131783,Finance,negative,negative,negative,negative,negative,gold_test
179608ef61b5dd32,Finance,neutral,neutral,neutral,neutral,neutral,gold_train
7d6a3a9cd841e44c,Tech,neutral,neutral,neutral,neutral,neutral,
2f1c40eb3bd41dc3,Finance,neutral,negative,neutral,neutral,neutral,gold_test
70932088517e8f07,Social,negative,negative,negative,negative,negative,gold_test
c4fc5e35f0e7f294,Tech,positive,positive,positive,positive,positive,
68c487e0cbe2d217,Tech,negative,negative,negative,negative,negative,
78d65f49d5f79c4c,Tech,positive,neutral,neutral,neutral,neutral,
afc69bc989a6559c,Finance,positive,positive,positive,positive,positive,gold_test
2a25c11f6f055396,Finance,negative,positive,negative,negative,negative,gold_test
ce4389e5a7240d33,Tech,negative,negative,positive,negative,negative,
364d6ed976a2bc08,Tech,positive,positive,positive,positive,positive,gold_test
f1c81981f9050fa6,Social,negative,negative,neutral,negative,negative,gold_test
c7b60c61db430ac9,Tech,neutral,neutral,neutral,neutral,neutral,
c192d9d1ac4275e3,Tech,negative,positive,positive,positive,positive,gold_test
7d38b2d253a4ae0b,Finance,negative,negative,negative,negative,negative,gold_test
080e6df80bc2efbb,Public,neutral,neutral,neutral,neutral,neutral,gold_train
353e73722fc85e3d,Tech,negative,negative,negative,negative,negative,gold_dev
177bdeef8b30d330,Tech,neutral,neutral,neutral,neutral,neutral,
cfdc68101dfaace0,Tech,negative,negative,negative,negative,negative,
5eed1a7a547a57e6,Social,neutral,neutral,neutral,neutral,neutral,gold_test
90a6ad91e06a50ab,Tech,neutral,neutral,neutral,neutral,neutral,
52275ab66d8cec86,Retail,neutral,neutral,neutral,neutral,neutral,gold_test
0aa13457e645dc52,Tech,negative,negative,negative,negative,negative,
912580ca36cede81,Finance,neutral,neutral,neutral,neutral,neutral,gold_dev
0ae2a152186d6044,Tech,neutral,positive,positive,positive,positive,gold_train
75b7433ab9c18bcb,Finance,neutral,neutral,neutral,neutral,neutral,gold_dev
ccf82a7dc8032ee3,Tech,negative,negative,negative,negative,negative,
91a10cfa5eb956bc,Tech,negative,neutral,neutral,neutral,neutral,gold_dev
bd039ab29633d390,Tech,positive,negative,positive,positive,positive,gold_test
5335b3a949ea1d31,Tech,neutral,neutral,neutral,neutral,neutral,
c9b4524dd8b1dfb0,Tech,positive,positive,positive,positive,positive,
abc5e6cfef77f6e5,Tech,negative,negative,negative,negative,negative,
3a7294cf4da9f452,Tech,positive,positive,positive,positive,positive,gold_test
72e29f407da0a921,Tech,positive,positive,positive,positive,positive,
3d2b4eead301255d,Tech,positive,positive,positive,positive,positive,
a73930466a5043bd,Public,positive,positive,positive,positive,positive,gold_dev
51853318dce9f404,Public,negative,negative,neutral,neutral,neutral,gold_dev
ec949e281e676061,Tech,negative,negative,negative,negative,negative,gold_test
223cbb27ecb0875b,Public,positive,positive,positive,positive,positive,gold_test
53cce084908e439e,Public,positive,neutral,neutral,neutral,neutral,gold_test
152399d33828ba0e,Tech,positive,positive,positive,positive,positive,
51248d16aa469bc1,Tech,positive,positive,positive,positive,positive,gold_test
f14e1cfbb0a72faf,Social,neutral,neutral,neutral,neutral,neutral,gold_test
5cecebbfb93a51c7,Tech,neutral,neutral,positive,neutral,neutral,
098a8b431cb19179,Public,neutral,neutral,neutral,neutral,neutral,gold_train
02b227f04dc9f5ae,Public,neutral,neutral,neutral,neutral,neutral,gold_test
67100c2bb844ecec,Tech,negative,negative,negative,negative,negative,gold_test
1e24c460dbeb4b27,Tech,neutral,neutral,neutral,neutral,neutral,
148dd750447f0c22,Tech,negative,negative,negative,negative,negative,gold_test
1c75cf9045860a2c,Tech,negative,negative,positive,negative,negative,gold_test
a3d0ee67ba38e5d4,Tech,positive,positive,positive,positive,positive,gold_test
e55b9702aa0a3056,Finance,negative,negative,negative,negative,negative,gold_test
7cdf160f3bd96822,Social,positive,positive,positive,positive,positive,gold_test
7e7da0039f6c78ec,Tech,neutral,neutral,neutral,neutral,neutral,
ac00ab79435dd970,Tech,positive,positive,positive,positive,positive,
536c2f6f875a52f4,Finance,neutral,neutral,neutral,neutral,neutral,gold_test
5a7047cee0fa9537,Public,negative,negative,negative,negative,negative,gold_dev
d44c330e87204a1e,Tech,neutral,neutral,neutral,neutral,neutral,
0b3eb3fefd37150c,Tech,neutral,neutral,neutral,neutral,neutral,
f9807d41af9733bb,Tech,positive,positive,positive,positive,positive,gold_test
8f52ed4550818d8a,Tech,negative,negative,negative,negative,negative,
5487d589e9d81338,Finance,positive,positive,positive,positive,positive,gold_test
6433b83fab95466a,Retail,negative,negative,negative,negative,negative,gold_test
49a19fb286e2724e,Retail,positive,positive,positive,positive,positive,gold_test
0a853786951446cd,Retail,negative,negative,negative,negative,negative,gold_test
b98e3a288ab5e997,Finance,positive,positive,positive,positive,positive,gold_test
957534f7c40a9fd9,Finance,negative,negative,negative,negative,negative,gold_train
f0d68400dd379fba,Tech,negative,negative,negative,negative,negative,
520e94da7c41369d,Tech,neutral,neutral,neutral,neutral,neutral,
fc24faea9e3ba2c8,Tech,positive,positive,positive,positive,positive,
ae3d39bd4e44ed29,Tech,negative,negative,negative,negative,negative,
68a8d2759131ca17,Tech,neutral,neutral,neutral,neutral,neutral,
fe11b93232e2fccc,Public,negative,negative,negative,negative,negative,gold_test
2426ad10d17f3e1b,Tech,neutral,neutral,neutral,neutral,neutral,
f744c78a9faec8c6,Tech,negative,neutral,negative,negative,negative,
248781e623622cb0,Tech,negative,negative,negative,negative,negative,
7865ba201f942c92,Tech,neutral,neutral,neutral,neutral,neutral,
c8cc3da4671fafa3,Tech,neutral,neutral,neutral,neutral,neutral,
7fb08abe5df93b18,Tech,neutral,neutral,neutral,neutral,neutral,
4b926011ffbc8c3c,Tech,positive,positive,positive,positive,positive,gold_test
977ecfb14f18f5a3,Tech,positive,neutral,neutral,neutral,neutral,
aebd92608659fe7a,Finance,neutral,neutral,neutral,neutral,neutral,gold_train
9ba328e5378eaf3f,Retail,neutral,neutral,neutral,neutral,neutral,gold_test
518c7c54d8b551c0,Finance,negative,negative,negative,negative,negative,gold_test
9c3438642dbb1d39,Tech,negative,negative,positive,negative,negative,
e2f3449702cccf07,Tech,neutral,neutral,neutral,neutral,neutral,
064865d393f32356,Tech,negative,negative,negative,negative,negative,
14e5341ea76c3816,Retail,positive,negative,positive,positive,positive,gold_test
ef431734b5953ac0,Tech,negative,negative,negative,negative,negative,
b0226ef6e6ed5805,Tech,positive,positive,positive,positive,positive,gold_test
908bea2e1724013d,Public,negative,negative,negative,negative,negative,gold_train
140c82f300d0af73,Tech,negative,negative,negative,negative,negative,
2256bfdba0f125d6,Tech,positive,positive,positive,positive,positive,gold_test
3244f32d4acc44a1,Tech,positive,positive,positive,positive,positive,
6a1f4f944b5da724,Tech,neutral,neutral,neutral,neutral,neutral,
83f370abbc64881d,Tech,neutral,neutral,neutral,neutral,neutral,
2c465d5570a735e1,Finance,negative,negative,neutral,negative,negative,gold_test
9eb8fb23bcd5dc7d,Social,negative,negative,negative,negative,negative,gold_test
07c5100202596da2,Retail,neutral,neutral,neutral,neutral,neutral,gold_test
2f573ff558ac362e,Tech,neutral,neutral,neutral,neutral,neutral,
2afaa06625acbd91,Tech,neutral,neutral,neutral,neutral,neutral,
acf3a132ac00ff45,Tech,neutral,neutral,neutral,neutral,neutral,
2d1db71b572fec91,Tech,neutral,neutral,neutral,neutral,neutral,
508a022587594859,Tech,negative,negative,positive,negative,negative,
30e59564b89c6536,Finance,positive,positive,neutral,positive,positive,gold_test
be5472c4c173e5fb,Tech,positive,neutral,neutral,neutral,neutral,
d3dc6f88a1cbe2eb,Tech,neutral,positive,positive,neutral,neutral,
c3d5f97382341b25,Tech,negative,negative,neutral,negative,negative,gold_test
e15fd3f2b95587c1,Tech,neutral,neutral,neutral,neutral,neutral,
944df18b5a395e12,Finance,negative,negative,neutral,negative,negative,gold_test
e24ce86ec27161a1,Tech,neutral,neutral,neutral,neutral,neutral,
dc8cb37c448cf666,Public,negative,negative,positive,negative,negative,gold_test
822fd9b43090378b,Tech,negative,negative,negative,negative,negative,
2c261ae73bd90917,Tech,neutral,neutral,neutral,neutral,neutral,
29df978fa1c45d39,Tech,positive,positive,positive,positive,positive,
5e91977479469f01,Tech,positive,neutral,positive,positive,positive,
7caa96e1e982b051,Finance,negative,negative,negative,negative,negative,gold_test
1295379924d13815,Tech,neutral,negative,neutral,neutral,neutral,
dbe282416a51d81d,Social,negative,negative,negative,negative,negative,gold_test
1c44281d82388be0,Tech,neutral,neutral,neutral,neutral,neutral,
8438836aa646bfd7,Tech,neutral,neutral,neutral,neutral,neutral,
e4fc93c91a992172,Finance,neutral,neutral,neutral,neutral,neutral,gold_test
bfb62b0e114ea1bf,Tech,positive,negative,negative,negative,negative,
9ca46718dc2a7d3f,Tech,positive,positive,positive,positive,positive,
52e05bf2f8f21c88,Public,neutral,negative,negative,negative,negative,gold_test
c71d81b6d8c8bec2,Public,neutral,negative,negative,neutral,neutral,gold_train
ff668a824a22b6be,Tech,negative,negative,positive,negative,negative,
6031f37d610c9bf2,Tech,positive,positive,positive,positive,positive,
80aa8cfb7b078958,Tech,positive,positive,positive,positive,positive,
d4e9aef3156bdfeb,Tech,neutral,neutral,positive,neutral,neutral,
fb9c469a2622d6df,Social,negative,negative,negative,negative,negative,gold_test
810c0a5350e4177f,Tech,negative,negative,negative,negative,negative,
13eb683109959530,Tech,positive,negative,negative,negative,negative,gold_train
c0e58b5f5884b05b,Tech,neutral,neutral,neutral,neutral,neutral,
d5eb2afff8df8ad4,Tech,neutral,neutral,negative,neutral,neutral,gold_test
5d40b170808e7b39,Tech,positive,positive,positive,positive,positive,
bfcf7ef13fa71788,Social,positive,positive,positive,positive,positive,gold_test
e0dfac71752645ba,Social,positive,positive,positive,positive,positive,gold_test
707bd41869e4338f,Public,negative,negative,negative,negative,negative,gold_test
084cc300183563d5,Tech,negative,negative,negative,negative,negative,
e02ee610ad016c28,Retail,neutral,neutral,neutral,neutral,neutral,gold_test
fb9e34d1b6e3110f,Tech,positive,positive,positive,positive,positive,gold_test
1b615f1be44f036d,Tech,negative,negative,negative,negative,negative,gold_test
8ce3304fca4f7312,Tech,neutral,neutral,neutral,neutral,neutral,
80be6f67250b4ff8,Tech,neutral,neutral,neutral,neutral,neutral,
48e30b4216fb2b51,Tech,neutral,neutral,negative,neutral,neutral,
0da7f063026b6fb1,Finance,negative,positive,negative,negative,negative,gold_test
5b14cb7d056cfb71,Retail,neutral,neutral,neutral,neutral,neutral,gold_test
6edcb35a7874f82f,Tech,negative,negative,negative,negative,negative,
9e0144da25082a29,Tech,positive,positive,positive,positive,positive,
e4278a742daf5ef6,Finance,positive,positive,positive,positive,positive,gold_test
1f4e0ba9b48269ca,Tech,negative,negative,positive,negative,negative,
e5049aca8d3232f0,Tech,negative,positive,negative,negative,negative,
b5a8a0c0ce1d85f3,Tech,positive,positive,positive,positive,positive,gold_dev
a33523c17aa5d313,Tech,neutral,neutral,neutral,neutral,neutral,
dbbe39b3e60e91d0,Tech,neutral,neutral,positive,neutral,neutral,
60628d13f6f8a4f1,Retail,neutral,neutral,negative,neutral,neutral,gold_test
a7570279eec23b42,Retail,negative,negative,negative,negative,negative,gold_test
ff5e6156193c055b,Retail,negative,negative,negative,negative,negative,gold_test
dcda5d6743a10dee,Tech,positive,positive,positive,positive,positive,gold_test
46759795a0e6d4c3,Social,neutral,neutral,neutral,neutral,neutral,gold_dev
8f4876549a95353b,Public,negative,negative,negative,negative,negative,gold_test
f40e42789929bbbb,Retail,neutral,neutral,neutral,neutral,neutral,gold_test
e403a0634f6f19ec,Finance,negative,neutral,negative,negative,negative,gold_test
38e7ea6e66abd76a,Public,negative,negative,negative,negative,negative,gold_test
379505513786d1d6,Finance,negative,negative,negative,negative,negative,gold_test
ab47df30c865bbaf,Tech,neutral,positive,neutral,neutral,neutral,
6d9b0ffc7e815179,Social,positive,positive,positive,positive,positive,gold_test
fb59cb7747782a3c,Social,positive,neutral,neutral,neutral,neutral,gold_test
d5a61ab2b0b6d3e5,Tech,positive,positive,positive,positive,positive,gold_test
d26ab9f33b600c07,Tech,neutral,neutral,neutral,neutral,neutral,
eb76a8d7a8044f23,Tech,negative,neutral,negative,negative,negative,
91e558965e4d3f5f,Tech,positive,positive,positive,positive,positive,
9e4b6fb461db8de7,Social,neutral,neutral,neutral,neutral,neutral,gold_test
560b286ae6b3a868,Social,negative,negative,negative,negative,negative,gold_test
e4c29c0d338c546d,Tech,negative,negative,negative,negative,negative,
2709835520a21ed7,Finance,negative,negative,negative,negative,negative,gold_test
a4fa299ab28326a8,Tech,neutral,neutral,neutral,neutral,neutral,
a69e14915488e9a3,Public,negative,negative,negative,negative,negative,gold_test
3db12eb4dd6c9942,Tech,neutral,neutral,neutral,neutral,neutral,
f8ad0c056d5508d9,Tech,negative,negative,negative,negative,negative,gold_test
a7fce684fbbacd7a,Public,negative,neutral,neutral,neutral,neutral,gold_dev
e8f9322cdf3f74a5,Retail,neutral,neutral,neutral,neutral,neutral,gold_test
f25cf4d302a3a612,Tech,neutral,neutral,neutral,neutral,neutral,
221acca9f9ae3446,Tech,negative,negative,negative,negative,negative,
abc9ff4f49c1f462,Tech,positive,positive,positive,positive,positive,
aef59572b54d881d,Tech,positive,positive,positive,positive,positive,
a3b6c2c6624c9a01,Tech,neutral,positive,neutral,neutral,neutral,
47d1f02d6047caf9,Tech,neutral,neutral,neutral,neutral,neutral,gold_dev
a83ee0dde2972046,Social,positive,positive,positive,positive,positive,gold_test
f3b45fb75a0f28cc,Social,positive,neutral,positive,positive,positive,gold_test
2d8e68eea593de73,Public,neutral,neutral,neutral,neutral,neutral,gold_test
32a6ed9991fa2bc6,Tech,positive,positive,positive,positive,positive,
d3fe40738282ee4c,Social,neutral,neutral,negative,neutral,neutral,gold_test
4fb388c0edf05827,Finance,negative,negative,negative,negative,negative,gold_test
eef328590e17fc2f,Public,neutral,neutral,neutral,neutral,neutral,gold_train
620527c3c87ac363,Finance,neutral,neutral,positive,neutral,neutral,gold_dev
8f4874ba7006ccb5,Tech,neutral,neutral,neutral,neutral,neutral,
1cf4f19fac7221c6,Finance,neutral,neutral,neutral,neutral,neutral,gold_test
b5bf5e99a5b846e6,Tech,negative,negative,neutral,negative,negative,
4d448de2bd3fb69a,Tech,neutral,neutral,neutral,neutral,neutral,
cdb94e1b8eb243ef,Tech,positive,positive,positive,positive,positive,
1f9bba065c70e487,Public,negative,negative,negative,negative,negative,gold_test
b2f68486524b668e,Social,negative,negative,negative,negative,negative,gold_test
9c59ac77637a3a21,Tech,neutral,neutral,neutral,neutral,neutral,gold_test
5fe16436d8e7f7aa,Tech,neutral,neutral,neutral,neutral,neutral,
826680cc3a86ea1e,Tech,neutral,neutral,neutral,neutral,neutral,
759bcd2b485605b3,Tech,neutral,neutral,positive,neutral,neutral,
008a37496ba9db57,Tech,positive,positive,positive,positive,positive,
f17112ebccd56206,Retail,positive,neutral,neutral,neutral,neutral,gold_test
5a15ae20255c8688,Retail,neutral,neutral,neutral,neutral,neutral,gold_test
2916c9b74fa2ec4f,Tech,positive,positive,positive,positive,positive,
3f4def736f8e81b4,Tech,positive,positive,positive,positive,positive,
554333a529b3667a,Social,positive,positive,positive,positive,positive,gold_test
1625df8a705cd633,Social,positive,positive,positive,positive,positive,gold_dev
409b4dc67dc27089,Social,neutral,neutral,neutral,neutral,neutral,gold_test
fa12fd31ff92c266,Social,neutral,neutral,positive,neutral,neutral,gold_dev
47f59dbe420aea91,Social,positive,positive,positive,positive,positive,gold_dev
64809242b809d6cb,Tech,positive,negative,negative,negative,negative,
26c15ad0986d3687,Social,positive,positive,positive,positive,positive,gold_dev
16de173259726894,Tech,negative,negative,negative,negative,negative,
c8d44fa72316abbd,Tech,neutral,neutral,neutral,neutral,neutral,
12d6d267b42e9d99,Social,neutral,positive,positive,positive,positive,gold_test
4d7f33f4228030c0,Social,positive,positive,positive,positive,positive,gold_test
09f4e39878345b04,Social,positive,positive,positive,positive,positive,gold_test
c624893598436d13,Retail,positive,positive,positive,positive,positive,gold_test
9e83e74eb2ff8616,Tech,negative,negative,negative,negative,negative,
5b8c075cb705b3ec,Social,positive,positive,negative,positive,positive,gold_test
8270c8d71cd48d37,Social,negative,negative,negative,negative,negative,gold_test
363690b755d9b6da,Tech,neutral,neutral,neutral,neutral,neutral,
b139707f3138e305,Tech,neutral,neutral,neutral,neutral,neutral,
5da3fee529be4660,Tech,neutral,neutral,neutral,neutral,neutral,
d085101da756e83f,Tech,positive,positive,positive,positive,positive,
ff0723cffef4019a,Tech,neutral,neutral,neutral,neutral,neutral,
0d8ec3bceb86e121,Tech,positive,positive,positive,positive,positive,
81fabfe84dd517a1,Social,neutral,neutral,neutral,neutral,neutral,gold_test
a119e86576d35d44,Tech,neutral,neutral,neutral,neutral,neutral,
12ee67a135d0fc86,Tech,neutral,positive,neutral,neutral,neutral,
22f654713dcdc212,Public,neutral,neutral,neutral,neutral,neutral,gold_test
58827adb6c3cd33c,Tech,negative,negative,negative,negative,negative,gold_test
40e023a5578ed76d,Tech,neutral,neutral,neutral,neutral,neutral,
d994343e57c40edd,Social,negative,negative,positive,negative,negative,gold_test
b468727ac4bce676,Finance,positive,positive,positive,positive,positive,gold_test
80348f3edbdb7934,Retail,negative,negative,negative,negative,negative,gold_test
1f6cec1ed3b622fc,Tech,negative,neutral,negative,negative,negative,
0504a5494b85e038,Social,positive,positive,positive,positive,positive,gold_test
fe2de1e94ee23ef9,Tech,negative,negative,negative,negative,negative,
fbefe9f90d3bbc07,Finance,negative,negative,negative,negative,negative,gold_test
fb5b46c442259411,Tech,negative,negative,negative,negative,negative,
f16cb11053352be2,Tech,negative,negative,negative,negative,negative,
e7646d8f5628527e,Tech,negative,negative,negative,negative,negative,gold_train
248169618e979a33,Tech,negative,negative,neutral,negative,negative,
ccd508a1b827d733,Tech,neutral,neutral,neutral,neutral,neutral,
a45e10cbd976d2aa,Tech,neutral,neutral,neutral,neutral,neutral,
f1c488815eb396a3,Tech,negative,negative,negative,negative,negative,gold_test
aac2f840cd1c2b1c,Tech,negative,negative,negative,negative,negative,gold_test
11607db3c065c997,Tech,neutral,neutral,neutral,neutral,neutral,
0fd9dc2b584641fe,Tech,neutral,neutral,negative,neutral,neutral,
7e3c4a52d6455581,Tech,neutral,neutral,neutral,neutral,neutral,
f5731923d8b6ce72,Tech,negative,positive,negative,negative,negative,gold_test
0aa3d4d846ac0dd9,Tech,neutral,neutral,neutral,neutral,neutral,
3aab40bd79035eee,Tech,negative,neutral,negative,negative,negative,
22ac4f48a19aec21,Tech,neutral,neutral,neutral,neutral,neutral,
e44ac8d09b4eaf56,Tech,neutral,neutral,neutral,neutral,neutral,
d0f69d0c7ea8d2ce,Tech,negative,negative,negative,negative,negative,gold_test
39f3f98e98b0efac,Public,negative,negative,negative,negative,negative,gold_test
902ef6327432d189,Social,negative,positive,positive,positive,positive,gold_test
f61c02c1de307be2,Social,negative,neutral,negative,negative,negative,gold_test
ea25ba9d800224d8,Tech,negative,negative,negative,negative,negative,gold_test
61742a05eced010a,Tech,neutral,neutral,neutral,neutral,neutral,
470b56c8bd9cc4ae,Finance,negative,negative,neutral,negative,negative,gold_test
c383f073a218605d,Tech,negative,negative,negative,negative,negative,
116ce68291f75a0f,Tech,negative,negative,negative,negative,negative,gold_test
0e8f9a9fc4311481,Public,neutral,neutral,neutral,neutral,neutral,gold_test
e0d0e8e10d9796a3,Tech,positive,positive,positive,positive,positive,
7da68d196dea4770,Tech,neutral,negative,neutral,neutral,neutral,
3cbf7b8b6251ab0d,Public,negative,negative,negative,negative,negative,gold_test
64974bd18f780301,Finance,negative,negative,negative,negative,negative,gold_train
9c8f1b356a0c9ec6,Finance,negative,negative,negative,negative,negative,gold_test
122ee9f313314eb5,Tech,positive,positive,positive,positive,positive,gold_test
49b919f0ace8e41e,Tech,neutral,positive,neutral,neutral,neutral,
1330bfcc1e9955d9,Social,negative,negative,neutral,negative,negative,gold_test
dfd4d4b32daf6cb1,Social,positive,positive,positive,positive,positive,gold_test
6d580587bebfe08c,Tech,neutral,neutral,neutral,neutral,neutral,
e691609d1b7fe887,Tech,neutral,neutral,neutral,neutral,neutral,
d3f450ac84ea2f0c,Tech,positive,positive,positive,positive,positive,
27dbcc453ac8bc53,Tech,negative,negative,negative,negative,negative,gold_train
54175086388f89aa,Public,positive,positive,positive,positive,positive,gold_test
d8cc9b2a27461d97,Public,negative,negative,negative,negative,negative,gold_test
6b95d470c5c2ab2a,Public,positive,neutral,positive,positive,positive,gold_test
8799947b56d4cf04,Public,negative,negative,negative,negative,negative,gold_test
7cf1c336a649ee2e,Public,negative,negative,negative,negative,negative,gold_test
5b4defc5b1967f53,Public,negative,negative,negative,negative,negative,gold_test
24faf92e0eae7a1d,Public,negative,negative,negative,negative,negative,gold_test
08583c395135a628,Public,neutral,neutral,neutral,neutral,neutral,gold_test
c560029d8f7e01ed,Public,neutral,neutral,neutral,neutral,neutral,gold_test
3b0f7af99e7c4bd4,Public,negative,negative,negative,negative,negative,gold_test
57692348995c078f,Tech,neutral,negative,neutral,neutral,neutral,
56a9d6a673d92f73,Finance,positive,positive,positive,positive,positive,gold_test
12ab47c5fa17ebb0,Tech,neutral,neutral,neutral,neutral,neutral,gold_test
f3ead042411b74bf,Finance,positive,positive,negative,positive,positive,gold_test
b56a4ceb45c31272,Finance,positive,positive,positive,positive,positive,gold_test
3dd545743cda3826,Tech,positive,positive,positive,positive,positive,gold_test
144f32a8c2904002,Tech,positive,positive,positive,positive,positive,gold_test
2b8402f1588762c9,Tech,positive,neutral,neutral,neutral,neutral,
f9d00c045128e108,Retail,positive,positive,neutral,positive,positive,gold_test
a7717d99b533c5ce,Tech,neutral,neutral,positive,neutral,neutral,gold_dev
f42aae83593f7900,Tech,positive,negative,positive,positive,positive,gold_test
a00ec0844dbbe2d2,Tech,neutral,neutral,neutral,neutral,neutral,
b8862dfe1f563dfc,Public,neutral,neutral,negative,negative,negative,gold_train
a9d44dd430a7b29b,Social,positive,positive,positive,positive,positive,gold_test
08032eee5d6e5ecc,Public,neutral,neutral,neutral,neutral,neutral,gold_test
6d87df05f9adbe17,Tech,neutral,neutral,neutral,neutral,neutral,
c5114a96383d72c0,Tech,neutral,neutral,neutral,neutral,neutral,
501b71e557b6545d,Tech,positive,positive,positive,positive,positive,
20c2b217ae1f2181,Tech,neutral,neutral,neutral,neutral,neutral,
9c42882230ce7df5,Tech,positive,neutral,neutral,neutral,neutral,
acb86c7b63088314,Tech,positive,positive,positive,positive,positive,gold_test
78848a886639751a,Tech,neutral,neutral,neutral,neutral,neutral,
c602415b8fae2390,Tech,neutral,neutral,neutral,neutral,neutral,
755d558b821b423f,Retail,neutral,neutral,neutral,neutral,neutral,gold_test
f8dbd6e10fd9832e,Tech,neutral,neutral,neutral,neutral,neutral,
854dd04be534060b,Tech,negative,neutral,negative,negative,negative,gold_train
2bd4c2717bd791c2,Tech,neutral,neutral,neutral,neutral,neutral,
d764a840078eff53,Tech,positive,positive,positive,positive,positive,
d64f04f079dd69ee,Tech,positive,positive,positive,positive,positive,
24792d569c0d0203,Retail,negative,negative,neutral,negative,negative,gold_test
206a0574c1ef3113,Finance,negative,negative,negative,negative,negative,gold_test
4a57941010397e17,Public,negative,negative,negative,negative,negative,gold_dev
568b0f6f6c884550,Social,positive,positive,negative,positive,positive,gold_test
7a127143ff3b489e,Finance,neutral,negative,neutral,neutral,neutral,gold_train
90ad8bf30997122a,Finance,neutral,neutral,neutral,neutral,neutral,gold_dev
e761ec9af0b1a7f9,Social,negative,negative,negative,negative,negative,gold_test
7e8fcdc8d5423a82,Tech,negative,positive,negative,negative,negative,gold_test
81807f489a671097,Tech,neutral,neutral,neutral,neutral,neutral,
273a6eb0d8fdbd3d,Tech,positive,positive,positive,positive,positive,
e7268a1017a84d8a,Tech,positive,positive,positive,positive,positive,gold_test
d4d14e5f4627c3d2,Tech,neutral,neutral,neutral,neutral,neutral,
9153c75b56ab4afd,Public,negative,negative,negative,negative,negative,gold_test
2ccdc7d8363c8870,Tech,negative,negative,negative,negative,negative,gold_dev
2993877a0c010585,Tech,neutral,neutral,positive,neutral,neutral,
792480582d730e32,Public,negative,neutral,neutral,neutral,neutral,gold_train
a64533ab7c61bdd6,Tech,positive,positive,positive,positive,positive,
8a2e790f0f9094ab,Tech,neutral,neutral,negative,neutral,neutral,
d7614b79017390f3,Tech,neutral,neutral,neutral,neutral,neutral,
d216a91178aa9655,Tech,negative,negative,negative,negative,negative,gold_test
77e532d548557760,Tech,neutral,neutral,neutral,neutral,neutral,
d4395d35b22c7c09,Tech,negative,negative,negative,negative,negative,
470f3ae7535bcb47,Tech,negative,negative,negative,negative,negative,
c4a6d443cf7bc6bc,Retail,positive,positive,positive,positive,positive,gold_test
4b922513718a09d3,Tech,neutral,neutral,neutral,neutral,neutral,
f7f167b27f325ca7,Tech,negative,negative,negative,negative,negative,
12200a1a7c561d1f,Tech,negative,negative,neutral,negative,negative,
cf29f863c1aea2b1,Tech,neutral,neutral,neutral,neutral,neutral,gold_test
57ece8c6d019d97c,Tech,positive,positive,positive,positive,positive,
7c68eb48960ad580,Tech,negative,negative,neutral,negative,negative,
12a647cfc1465155,Tech,negative,negative,negative,negative,negative,gold_test
843371524c231e57,Tech,negative,negative,neutral,negative,negative,gold_test
ab2e4a049ca37375,Tech,negative,negative,negative,negative,negative,
874cc94f64349f79,Tech,negative,negative,negative,negative,negative,
72c2929f29c5ddda,Tech,negative,negative,negative,negative,negative,
c1e7e6a2bd97146a,Tech,negative,negative,negative,negative,negative,
80408c7ff1b28a47,Tech,positive,positive,negative,positive,positive,
7f54fe0f8c8a0190,Tech,neutral,neutral,negative,neutral,neutral,
48d3107afced388d,Tech,negative,negative,negative,negative,negative,
91f60d41d77e74e7,Tech,positive,positive,positive,positive,positive,
0808b3aac453f499,Tech,negative,negative,negative,negative,negative,gold_test
ca7eaeb0b66641ec,Tech,positive,positive,positive,positive,positive,
850194feb29541e7,Tech,positive,positive,positive,positive,positive,
f1dafd2ec5e58dba,Tech,negative,negative,negative,negative,negative,
e7a26627e9bfe6ae,Tech,negative,negative,negative,negative,negative,
644fd16832495394,Retail,negative,neutral,neutral,neutral,neutral,gold_test
dd2113042b7615b4,Public,positive,positive,positive,positive,positive,gold_test
708865f169c72c72,Tech,negative,negative,negative,negative,negative,
a382119041689ffd,Tech,neutral,neutral,neutral,neutral,neutral,
c92ebadd274c341b,Public,negative,negative,neutral,negative,negative,gold_train
cd96faf568807e7c,Tech,negative,negative,negative,negative,negative,gold_test
d372885e7521eb53,Tech,neutral,neutral,neutral,neutral,neutral,
f94cfdb276efbcb0,Tech,positive,neutral,neutral,neutral,neutral,
021ffdd560124327,Tech,neutral,neutral,neutral,neutral,neutral,
3f36c1be6607b567,Tech,neutral,neutral,neutral,neutral,neutral,
644bad9257013060,Tech,negative,negative,negative,negative,negative,
d93483f2e5e12f2c,Tech,positive,positive,positive,positive,positive,
f783c1ae7eb8d61f,Tech,neutral,positive,neutral,neutral,neutral,
d26ec3709d9c5f02,Tech,positive,positive,positive,positive,positive,
22610f49f2a23d87,Tech,neutral,neutral,neutral,neutral,neutral,
0c7646d09cd6a3b6,Tech,neutral,neutral,neutral,neutral,neutral,
945917ecea22a79d,Tech,neutral,neutral,neutral,neutral,neutral,gold_dev
3705023300ea25a7,Tech,positive,positive,positive,positive,positive,
df1ef6afd5151967,Public,positive,positive,positive,positive,positive,gold_test
cc74a545d011fbb3,Tech,positive,positive,positive,positive,positive,
c3859ba516689655,Tech,neutral,neutral,neutral,neutral,neutral,
6d2c83e45e4292cb,Tech,positive,positive,positive,positive,positive,gold_test
0353bae795e4f5c7,Public,negative,negative,negative,negative,negative,gold_test
2090548815cdc5f1,Public,negative,neutral,negative,negative,negative,gold_test
ddf6030bebe19087,Retail,negative,neutral,neutral,neutral,neutral,gold_dev
6197a1c3e1a957bc,Tech,neutral,neutral,neutral,neutral,neutral,
cf5464d1b81498b4,Tech,neutral,positive,neutral,neutral,neutral,
1cbd78bea9dec2f3,Tech,positive,positive,positive,positive,positive,
c6418c68827b0c25,Tech,neutral,neutral,negative,neutral,neutral,
fff4b35eb789cef2,Public,negative,negative,negative,negative,negative,gold_test
5bfeb6a344bbffe3,Tech,positive,positive,positive,positive,positive,
ca1512ddc9068470,Retail,negative,negative,negative,negative,negative,gold_dev
2d5eb4c7a18f40c8,Public,negative,negative,negative,negative,negative,gold_dev
25644df010c0acac,Tech,negative,positive,negative,negative,negative,
1d9db51d66ad97ec,Finance,negative,negative,negative,negative,negative,gold_test
f72d17bcfe41233e,Tech,negative,negative,negative,negative,negative,gold_dev
e9cf71a7eff02d44,Tech,neutral,neutral,neutral,neutral,neutral,
019232ebd680b603,Finance,negative,negative,negative,negative,negative,gold_test
df70cdd684532410,Retail,positive,positive,positive,positive,positive,gold_test
7f1c5d6296524cf6,Tech,negative,negative,negative,negative,negative,
eb258d677273a84c,Public,neutral,neutral,neutral,neutral,neutral,gold_test
a0765242325d6eb8,Social,neutral,neutral,neutral,neutral,neutral,gold_test
c1acd36ed1c66e07,Tech,negative,negative,negative,negative,negative,
1e9d2fb3a5efd8ac,Retail,neutral,negative,negative,negative,negative,gold_test
222eae6d59a9d61e,Tech,negative,negative,positive,negative,negative,gold_test
afa3ca8d9c5a11a6,Tech,negative,negative,negative,negative,negative,
c2b4054b74c8ceff,Tech,negative,negative,negative,negative,negative,gold_test
81f5e20a5f45f0b9,Social,positive,positive,negative,positive,positive,gold_test
0130b386f6345c5a,Tech,negative,negative,negative,negative,negative,
01842054f2e4c9d0,Tech,negative,negative,positive,negative,negative,
0028ec0199079732,Public,positive,positive,positive,positive,positive,gold_test
8a45f7e7db51eace,Finance,neutral,neutral,neutral,neutral,neutral,gold_dev
addb87f82441d0d0,Tech,negative,negative,negative,negative,negative,
5cd8d68bae6831b5,Tech,neutral,neutral,neutral,neutral,neutral,
3463399a7d8f3b3d,Retail,negative,negative,negative,negative,negative,gold_test
0a0fa98d06746f8e,Tech,neutral,neutral,neutral,neutral,neutral,
66a61f5bd959eb94,Social,negative,negative,negative,negative,negative,gold_test
c3636589b3bda90b,Finance,negative,negative,negative,negative,negative,gold_test
14ce05f1f04cbbe2,Tech,negative,negative,negative,negative,negative,gold_test
569d9b5338c13fc2,Social,neutral,neutral,neutral,neutral,neutral,gold_test
cdc62e98178c20bb,Tech,neutral,neutral,neutral,neutral,neutral,
aab1dfcd7250e285,Tech,negative,negative,negative,negative,negative,
310875af02f06c70,Public,positive,positive,positive,positive,positive,gold_test
5b4aaa57e5a5cb41,Tech,neutral,neutral,neutral,neutral,neutral,
99b654398bf92b08,Tech,negative,neutral,neutral,neutral,neutral,
8ff08d4e60b1bba0,Social,negative,negative,negative,negative,negative,gold_test
df9a676be373dfc3,Tech,negative,negative,negative,negative,negative,
55a8e6b26eefb538,Finance,negative,negative,negative,negative,negative,gold_test
749433249563f0fa,Social,negative,negative,negative,negative,negative,gold_test
75425f7ad37a002d,Retail,negative,negative,neutral,negative,negative,gold_test
6db0d7a2f555125a,Public,negative,negative,negative,negative,negative,gold_test
0953ad284944cec7,Retail,positive,positive,positive,positive,positive,gold_test
288d8ef631269421,Tech,neutral,neutral,neutral,neutral,neutral,gold_test
daeea4901706a285,Social,neutral,neutral,neutral,neutral,neutral,gold_test
1cae5d223274fc09,Public,positive,positive,positive,positive,positive,gold_dev
a6d8dbdd134d3893,Tech,neutral,neutral,neutral,neutral,neutral,
d069c7941aa54cef,Tech,neutral,neutral,neutral,neutral,neutral,
14505734a713f2b4,Finance,neutral,neutral,neutral,neutral,neutral,gold_train
b057c5e2cbfd041f,Retail,neutral,positive,neutral,neutral,neutral,gold_dev
6e282e517fcbc2c9,Tech,negative,positive,positive,positive,positive,
d651fd09eaaacb12,Tech,negative,neutral,neutral,neutral,neutral,
9014e1c8da522449,Tech,neutral,neutral,neutral,neutral,neutral,
e33b6aa5f18df56d,Retail,negative,negative,positive,negative,negative,gold_test
c14b09babfe94704,Tech,neutral,neutral,neutral,neutral,neutral,
6424d6df40a2e1ad,Tech,negative,neutral,negative,negative,negative,
0bf5775dc4cbdaf1,Finance,negative,negative,negative,negative,negative,gold_test
48d85706fd6570ab,Tech,negative,negative,negative,negative,negative,
c4bbc5216c4fdd12,Tech,neutral,neutral,neutral,neutral,neutral,
8aa3b9eab664e449,Tech,negative,negative,negative,negative,negative,
1d352947cf930972,Tech,positive,positive,positive,positive,positive,gold_test
2719c8cc8f215b48,Tech,positive,positive,negative,negative,negative,gold_test
cd1f35fb8a04a8b1,Tech,neutral,neutral,neutral,neutral,neutral,
1208acdd845d836d,Tech,negative,positive,positive,positive,positive,
a469afa4b715f068,Tech,neutral,neutral,neutral,neutral,neutral,
e02bb39547134448,Tech,neutral,neutral,neutral,neutral,neutral,
89ac9d1ba1befd6f,Tech,negative,neutral,negative,negative,negative,
21f04a5e6b5af718,Tech,neutral,neutral,neutral,neutral,neutral,
631fe690de322186,Tech,negative,negative,neutral,negative,negative,
368c027d79a30578,Tech,neutral,neutral,neutral,neutral,neutral,gold_dev
083078270c40a20e,Tech,negative,negative,negative,negative,negative,
3a5909c35fc3ea53,Tech,neutral,neutral,neutral,neutral,neutral,
5b0c755d093361e1,Social,neutral,neutral,neutral,neutral,neutral,gold_test
988c6c7d3f05b619,Public,negative,negative,negative,negative,negative,gold_test
ab71120990435d8b,Tech,neutral,positive,positive,positive,positive,gold_test
87834da5f8bdf732,Tech,negative,negative,negative,negative,negative,
33eb0e234f455929,Tech,neutral,positive,positive,positive,positive,
5cc4592ff682b522,Tech,positive,positive,positive,positive,positive,
0e3c6f34bb43f7c1,Tech,neutral,neutral,neutral,neutral,neutral,
a0e499c417ef1416,Tech,negative,negative,negative,negative,negative,gold_train
09588f164116c7ad,Tech,negative,negative,negative,negative,negative,
16d305b92f1d00f3,Tech,negative,negative,negative,negative,negative,
145f8b0194f808da,Tech,negative,neutral,negative,negative,negative,
48abc1f886b4dc31,Tech,positive,positive,positive,positive,positive,
c15cfa14a79806dd,Public,negative,negative,negative,negative,negative,gold_test
9dbf76a363de7c4b,Finance,positive,positive,positive,positive,positive,gold_test
937e84bdc74cb0dd,Finance,negative,negative,negative,negative,negative,gold_train
f734f213bd112e2d,Finance,negative,negative,negative,negative,negative,gold_test
8f0a786440611ebc,Public,neutral,neutral,neutral,neutral,neutral,gold_test
349e6a4609051d07,Tech,negative,negative,positive,negative,negative,
d9a53ad654a56dcf,Tech,neutral,negative,negative,negative,negative,gold_test
f52f169b7d791ca5,Tech,negative,negative,negative,negative,negative,
2d4769c89c7640bd,Public,negative,negative,negative,negative,negative,gold_test
17cde851283be65e,Tech,negative,negative,negative,negative,negative,
74f715f49dbedaa1,Finance,negative,negative,negative,negative,negative,gold_test
1ded725a6f364565,Tech,neutral,neutral,neutral,neutral,neutral,gold_test
dfb0011c7302f23c,Tech,negative,negative,negative,negative,negative,
3ca8a81aee1e4183,Tech,negative,negative,negative,negative,negative,
31c66cf1ee22e016,Tech,negative,negative,negative,negative,negative,
ce4d0e543d4c7e76,Tech,neutral,neutral,neutral,neutral,neutral,
afb2c57704c6e6ed,Finance,negative,positive,positive,positive,positive,gold_test
b2cffbd52b4f8c7f,Social,negative,negative,negative,negative,negative,gold_test
c89af14543f32a65,Tech,negative,negative,negative,negative,negative,
14ac054c42e21c11,Tech,neutral,neutral,neutral,neutral,neutral,
45811c34e405fb1d,Finance,negative,negative,negative,negative,negative,gold_test
8b992e03dfcde2cc,Tech,positive,positive,positive,positive,positive,
49abf3ba08e91b53,Tech,neutral,neutral,neutral,neutral,neutral,
50a91ec998bf537c,Tech,neutral,positive,positive,positive,positive,
4507d0c4620d9351,Retail,negative,negative,positive,negative,negative,gold_dev
18a6243d14f11c87,Tech,positive,positive,positive,positive,positive,
1b0cfd06a7e442d6,Tech,neutral,neutral,positive,neutral,neutral,
3832cc87372f2fcd,Finance,negative,negative,negative,negative,negative,gold_test
000af2e091fa6385,Retail,negative,negative,negative,negative,negative,gold_test
dc8106f6b3ea2c3e,Finance,negative,negative,negative,negative,negative,gold_test
a0fb68fd8025fa84,Tech,neutral,neutral,neutral,neutral,neutral,
8b0237c126c2e288,Tech,neutral,neutral,neutral,neutral,neutral,
ce699bc3edc9b2a3,Tech,neutral,neutral,neutral,neutral,neutral,
41873474c0d77fed,Tech,negative,negative,negative,negative,negative,gold_test
e82d2db4095a114c,Tech,positive,neutral,positive,positive,positive,
307bc8860ab22118,Tech,neutral,neutral,neutral,neutral,neutral,
27569cc1498e399f,Tech,neutral,neutral,neutral,neutral,neutral,
886df25b24861531,Tech,neutral,neutral,neutral,neutral,neutral,
00b6414824fca8ad,Social,negative,negative,negative,negative,negative,gold_test
07303a2e0e5feb19,Tech,negative,negative,negative,negative,negative,
d93ba4483f4c8454,Tech,neutral,neutral,neutral,neutral,neutral,
331e2bd5178b9d2a,Finance,neutral,neutral,neutral,neutral,neutral,gold_dev
4a8eb0cbc5993bbb,Tech,positive,positive,positive,positive,positive,
779c90e5a6f0dc85,Tech,positive,negative,negative,negative,negative,
1850d64dbc346828,Tech,neutral,neutral,neutral,neutral,neutral,
74b26fabf1ddc2e0,Social,neutral,neutral,neutral,neutral,neutral,gold_test
e976d53607c91788,Social,neutral,neutral,neutral,neutral,neutral,gold_test
6efc21791e997de5,Tech,negative,negative,negative,negative,negative,
b33b554cf5acfd07,Public,positive,positive,positive,positive,positive,gold_test
1230e0027fc53984,Tech,neutral,negative,neutral,neutral,neutral,
ce6081a0ba815119,Public,negative,negative,negative,negative,negative,gold_test
1ffcd83a6915f1ec,Public,negative,negative,negative,negative,negative,gold_train
7568168886e61826,Tech,positive,neutral,neutral,neutral,neutral,
df4962f3fc8b1934,Public,negative,negative,negative,negative,negative,gold_test
9454f7ba0d984f8d,Tech,neutral,neutral,neutral,neutral,neutral,
36e49e44fd9fdf8c,Tech,neutral,neutral,neutral,neutral,neutral,gold_train
2e5b4e468aa80cdf,Social,negative,negative,negative,negative,negative,gold_test
d88a620d8990c8b5,Retail,positive,positive,positive,positive,positive,gold_test
a7f134b3604a3385,Social,neutral,neutral,neutral,neutral,neutral,gold_test
188691069fc4e537,Tech,neutral,positive,neutral,neutral,neutral,
dd960085845952ba,Tech,neutral,neutral,neutral,neutral,neutral,
e0f98b2d66180178,Tech,neutral,neutral,neutral,neutral,neutral,
7e168621b50e62ad,Finance,positive,positive,positive,positive,positive,gold_test
929a308d45032347,Tech,positive,positive,positive,positive,positive,gold_test
b5e87635b1e133e3,Tech,neutral,neutral,neutral,neutral,neutral,
b18a2508e6db380e,Retail,negative,negative,negative,negative,negative,gold_test
7e6a78ce0e10ffe6,Retail,neutral,neutral,neutral,neutral,neutral,gold_dev
03b335d3092d833f,Tech,positive,positive,positive,positive,positive,
065d21b2a423295c,Finance,neutral,neutral,neutral,neutral,neutral,gold_train
9e74eb45d4a6737f,Tech,positive,positive,positive,positive,positive,
42bc3c13e0382caa,Retail,neutral,neutral,neutral,neutral,neutral,gold_dev
48c166d7eb55d4b3,Public,neutral,negative,negative,negative,negative,gold_dev
576206f85e999b5a,Tech,neutral,neutral,neutral,neutral,neutral,
e43de7bfd57356aa,Tech,negative,negative,negative,negative,negative,
1e67af83ee428743,Retail,negative,negative,negative,negative,negative,gold_test
17b16797d4483552,Social,positive,positive,positive,positive,positive,gold_test
2c8dbec5440ffecb,Tech,neutral,neutral,neutral,neutral,neutral,gold_test
ae42cd6e73fc08ca,Finance,positive,positive,positive,positive,positive,gold_test
13bf2d3e16a79eee,Tech,neutral,neutral,neutral,neutral,neutral,
128a3ee974578fe9,Tech,negative,negative,negative,negative,negative,gold_test
8244c0ec4f180bb1,Retail,positive,positive,positive,positive,positive,gold_test
c9d9b2d66fb7d9b1,Social,positive,positive,positive,positive,positive,gold_test
bcd18801dcaf8785,Tech,negative,negative,negative,negative,negative,gold_test
2a2f667917ff1cdc,Public,negative,positive,negative,negative,negative,gold_test
78ae68faefce9943,Retail,negative,negative,negative,negative,negative,gold_test
49cc57b4412173b2,Tech,positive,positive,positive,positive,positive,gold_test
7becdb503d1d7ef0,Finance,positive,positive,positive,positive,positive,gold_test
554c7808df204983,Tech,positive,positive,positive,positive,positive,
7f4557604111c119,Tech,neutral,neutral,neutral,neutral,neutral,
35e0ee2ecbbfa9f9,Finance,neutral,neutral,neutral,neutral,neutral,gold_test
6aad9cdfb60e02e7,Public,negative,negative,negative,negative,negative,gold_dev
ad6719e4849f45ec,Tech,neutral,neutral,neutral,neutral,neutral,
dc4ade7e66b9b88c,Public,neutral,neutral,neutral,neutral,neutral,gold_test
31db9ddcd3751b21,Public,negative,negative,negative,negative,negative,gold_test
d780cc086125032a,Public,neutral,neutral,neutral,neutral,neutral,gold_test
504084db02f43db7,Tech,positive,positive,positive,positive,positive,
0a2614a081860830,Tech,positive,positive,positive,positive,positive,
893a0b2116263c20,Retail,negative,negative,negative,negative,negative,gold_test
1855682491fae58a,Tech,positive,positive,positive,positive,positive,
820e19a3c3c8e1fe,Tech,positive,positive,positive,positive,positive,
c871db0405b6a0a5,Tech,positive,positive,positive,positive,positive,
b64208ed20699232,Social,negative,neutral,negative,negative,negative,gold_test
7b0d95f3c731f299,Finance,positive,neutral,neutral,neutral,neutral,gold_test
1b83d4efa66a1099,Finance,positive,neutral,neutral,neutral,neutral,gold_dev
4843c7b6048f0e8f,Tech,positive,positive,positive,positive,positive,
71e573e51df10e60,Tech,positive,positive,positive,positive,positive,
978478e9f0e0eda2,Tech,negative,neutral,negative,negative,negative,
6f6a2cf13cae7de7,Tech,neutral,negative,negative,negative,negative,
9dbabe6af670a5b2,Tech,positive,positive,positive,positive,positive,
090e45beda02b010,Finance,negative,negative,negative,negative,negative,gold_test
bb7758620a964f8a,Tech,positive,positive,positive,positive,positive,
9b9e5e76f5b11fd3,Tech,positive,positive,positive,positive,positive,
6616c7d5f4465b9f,Finance,positive,negative,negative,negative,negative,gold_dev
52bb302dbff0bda4,Tech,neutral,neutral,neutral,neutral,neutral,gold_dev
6d0b07dbbef99940,Tech,neutral,neutral,neutral,neutral,neutral,
f64680844549a702,Tech,positive,positive,positive,positive,positive,
0e70a245b18f84c4,Public,negative,negative,negative,negative,negative,gold_dev
df13c3e93dfddf5b,Public,neutral,neutral,neutral,neutral,neutral,gold_test
4fb6e3242ceca0eb,Tech,neutral,neutral,neutral,neutral,neutral,
55e3b3ee6e3d1954,Retail,neutral,neutral,neutral,neutral,neutral,gold_test
522f4ce0367db4f8,Social,negative,negative,negative,negative,negative,gold_test
f57649fd1479e2f4,Tech,neutral,neutral,neutral,neutral,neutral,
150a61c44358fc69,Tech,positive,positive,positive,positive,positive,
ec5d4e822abb4614,Tech,negative,neutral,neutral,neutral,neutral,
333543537102c2cb,Tech,positive,positive,positive,positive,positive,
6aa20a588204c92e,Retail,neutral,neutral,neutral,neutral,neutral,gold_test
75ecf270d762a1d3,Public,negative,negative,negative,negative,negative,gold_train
46fd0ee96980c301,Tech,positive,positive,positive,positive,positive,
bd579a4998d15d31,Public,negative,negative,negative,negative,negative,gold_test
4a7705d385318851,Tech,neutral,neutral,neutral,neutral,neutral,
328bab7b36dc3fee,Tech,positive,positive,positive,positive,positive,
65e75a03d05e61bd,Finance,negative,negative,negative,negative,negative,gold_test
239b4560ff3a819c,Tech,neutral,neutral,neutral,neutral,neutral,
2a298e21bc493a3b,Social,negative,neutral,negative,negative,negative,gold_test
38cdf5cfd8251665,Tech,neutral,neutral,neutral,neutral,neutral,
cb8e08321d931cf7,Tech,neutral,neutral,neutral,neutral,neutral,gold_test
7a786841d249b592,Tech,negative,neutral,neutral,negative,negative,
5ea78b877b586af5,Tech,neutral,neutral,neutral,neutral,neutral,
abb6bed6c2cb0922,Tech,neutral,negative,negative,negative,negative,
f3796a70f8439410,Tech,neutral,neutral,positive,neutral,neutral,
37e6203e00dd1649,Finance,neutral,neutral,neutral,neutral,neutral,gold_dev
f2a3948dd4eef69d,Public,negative,negative,negative,negative,negative,gold_dev
773315f50447c456,Tech,neutral,neutral,neutral,neutral,neutral,
5a7d577fddb13d3c,Tech,neutral,neutral,neutral,neutral,neutral,
4ffe03cbf1063aab,Tech,neutral,neutral,neutral,neutral,neutral,
37814b6d2a6d53be,Public,negative,negative,negative,negative,negative,gold_train
6e51bf381828c271,Public,neutral,neutral,neutral,neutral,neutral,gold_dev
9c4636c40b5e8fd6,Finance,neutral,neutral,negative,neutral,neutral,gold_dev
4317f6598c1cb321,Public,negative,negative,negative,negative,negative,gold_train
1285d1c982e38c99,Tech,negative,negative,negative,negative,negative,
88f5b1ed7a285486,Retail,neutral,neutral,positive,neutral,neutral,gold_dev
81ac1a7e3e229756,Tech,neutral,negative,neutral,neutral,neutral,
054a5e2ff70611ac,Tech,negative,negative,negative,negative,negative,
fc247c8fa802138c,Tech,positive,positive,positive,positive,positive,
38a9951c7011e29f,Tech,neutral,neutral,neutral,neutral,neutral,
a26f701cdaf4fe09,Tech,neutral,neutral,neutral,neutral,neutral,gold_dev
587b56d4722e1d79,Tech,negative,negative,negative,negative,negative,
f10675293ead7a94,Public,negative,negative,negative,negative,negative,gold_test
6467e2100cff4eab,Tech,neutral,neutral,positive,neutral,neutral,
eabc9d559b28d186,Tech,positive,positive,positive,positive,positive,
4887f2bee8d13f21,Retail,neutral,neutral,neutral,neutral,neutral,gold_test
9233bdd76268b838,Social,neutral,neutral,neutral,neutral,neutral,gold_test
243d5b3c52f3e459,Tech,negative,negative,negative,negative,negative,
47896d648ecc2cb0,Tech,neutral,neutral,negative,neutral,neutral,
04babb446063707d,Retail,negative,negative,negative,negative,negative,gold_test
d12e36185a814ac0,Retail,negative,neutral,neutral,negative,negative,gold_test
8e075f5f0ca8f32e,Social,neutral,neutral,neutral,neutral,neutral,gold_test
a38de2cabdbd131b,Social,neutral,neutral,neutral,neutral,neutral,gold_test
85334412868f280f,Social,positive,positive,positive,positive,positive,gold_test
de3c8e29d925361b,Tech,neutral,negative,neutral,neutral,neutral,
3565f301f7e06b08,Tech,positive,positive,positive,positive,positive,
554d3e4c0e407de3,Tech,negative,negative,negative,negative,negative,
10a622793d0f8446,Tech,neutral,neutral,neutral,neutral,neutral,
cff2ab484c90a588,Finance,negative,positive,positive,positive,positive,gold_test
8f69cbc040cb7b71,Tech,neutral,neutral,neutral,neutral,neutral,
c5fccc8916db6a04,Finance,positive,positive,positive,positive,positive,gold_test
dc842a1a1412c294,Tech,neutral,neutral,negative,neutral,neutral,
b5d2773f7c6da27d,Tech,positive,positive,neutral,positive,positive,gold_test
e4b9afa75dc6e71d,Public,negative,negative,negative,negative,negative,gold_test
58be63e0f583608a,Tech,negative,positive,negative,negative,negative,
5ae0847fb3309da6,Public,neutral,neutral,neutral,neutral,neutral,gold_test
a2bee0e6094d37d7,Tech,neutral,neutral,neutral,neutral,neutral,
29fb8d26955cae09,Public,neutral,neutral,neutral,neutral,neutral,gold_train
752f0aa2a9be3164,Tech,neutral,positive,positive,positive,positive,
1e0b5c163b384f67,Tech,positive,positive,positive,positive,positive,gold_test
f6420eb1c1ca36d5,Tech,negative,negative,negative,negative,negative,gold_test
4f2fae18402e1277,Tech,negative,negative,negative,negative,negative,
b99f62aaf8460ace,Tech,neutral,negative,neutral,neutral,neutral,
ac759fa860a07f31,Tech,neutral,neutral,neutral,neutral,neutral,
3b676a3b949eb008,Finance,negative,negative,negative,negative,negative,gold_dev
f9c82f24e4c71390,Tech,neutral,neutral,neutral,neutral,neutral,
6946eb9b57e4d2ae,Tech,negative,negative,negative,negative,negative,
125f178bba58f2cd,Tech,neutral,neutral,neutral,neutral,neutral,
638d96461b0b2aa5,Retail,positive,positive,positive,positive,positive,gold_test
178cd17306d3b42a,Tech,neutral,neutral,neutral,neutral,neutral,
513794ac2123ec21,Retail,positive,negative,negative,negative,negative,gold_test
9629688463c77464,Retail,neutral,neutral,neutral,neutral,neutral,gold_test
c54f8dc07f8b77be,Tech,negative,negative,negative,negative,negative,gold_test
eeb4df199a949287,Tech,positive,positive,positive,positive,positive,
69760c5cacaf63d8,Tech,positive,neutral,neutral,neutral,neutral,
e1545f5ab09a32a5,Tech,neutral,neutral,neutral,neutral,neutral,
231db623f4087c0f,Tech,negative,negative,negative,negative,negative,gold_test
72c28f0a8b7878aa,Retail,negative,negative,negative,negative,negative,gold_test
d968a98785f8739c,Tech,neutral,neutral,neutral,neutral,neutral,
d3df5da9ad370efc,Tech,neutral,neutral,neutral,neutral,neutral,
f70f7854697c7e0d,Retail,negative,negative,negative,negative,negative,gold_test
996936a95118ec32,Tech,negative,negative,negative,negative,negative,
5d834b23584a0a62,Tech,positive,positive,positive,positive,positive,
623d3dc65328ba76,Social,positive,positive,neutral,positive,positive,gold_test
14b413554207cc72,Public,neutral,neutral,neutral,neutral,neutral,gold_train
7a52777c0b7e0d92,Tech,negative,neutral,negative,negative,negative,
11ac9e5d706c36c5,Retail,negative,negative,negative,negative,negative,gold_dev
6831ff312fc58723,Retail,negative,neutral,neutral,neutral,neutral,gold_test
5fca64565eca68b9,Public,positive,neutral,neutral,neutral,neutral,gold_train
4b5f1971b0aa4994,Tech,negative,negative,negative,negative,negative,
f9d22ce675e1ff4b,Tech,neutral,positive,positive,positive,positive,
a52a0a34884ba71d,Finance,positive,positive,positive,positive,positive,gold_test
8a116292aee5d0bd,Tech,negative,negative,negative,negative,negative,
0727a8e20512d57c,Tech,neutral,neutral,neutral,neutral,neutral,
837e1e2c2055cec7,Public,neutral,neutral,neutral,neutral,neutral,gold_train
66f0d6b980d07e07,Tech,negative,neutral,negative,negative,negative,
bb034b14c5bbca81,Tech,negative,negative,negative,negative,negative,
7b5c7de369cbe326,Tech,neutral,neutral,neutral,neutral,neutral,
a00cfc51154f450f,Tech,negative,positive,negative,negative,negative,gold_test
3620dd9540a288fe,Retail,neutral,neutral,neutral,neutral,neutral,gold_test
22487cff525738f3,Retail,neutral,neutral,neutral,neutral,neutral,gold_test
b8fece571d878e96,Public,positive,positive,positive,positive,positive,gold_test
addd787d1068bce2,Public,positive,positive,positive,positive,positive,gold_test
27a843c6ca9d50f3,Tech,positive,positive,positive,positive,positive,gold_test
bbb05bbe65a2bad8,Public,neutral,positive,neutral,neutral,neutral,gold_test
095f9fd727074a6e,Tech,positive,positive,positive,positive,positive,gold_test
fa5d4a0f7cfa8ef9,Tech,neutral,neutral,neutral,neutral,neutral,gold_dev
e84d7ac033ccd196,Tech,negative,neutral,neutral,neutral,neutral,
dc1921315cd8eb5e,Tech,neutral,neutral,neutral,neutral,neutral,
7db3851efb008fe7,Tech,neutral,neutral,neutral,neutral,neutral,
e04a3893d026387b,Tech,positive,neutral,neutral,neutral,neutral,
4acae198f7fb36e0,Tech,neutral,neutral,neutral,neutral,neutral,
4242af82cd8a4175,Tech,negative,negative,positive,negative,negative,gold_dev
8a2763f3c06d4dfe,Social,negative,positive,positive,negative,negative,gold_test
562b0a21c41464e0,Tech,negative,negative,negative,negative,negative,gold_test
a185576db963b8ae,Tech,negative,negative,negative,negative,negative,
a6b0a0a32461ee9c,Tech,negative,negative,negative,negative,negative,gold_test
37ac5fc034d96dd0,Retail,positive,positive,positive,positive,positive,gold_dev
9c3badc943c57773,Retail,positive,positive,positive,positive,positive,gold_test
dd7238ba33e0bc25,Finance,positive,positive,positive,positive,positive,gold_test
05a058c64a6cf23a,Tech,negative,negative,negative,negative,negative,
baee0b6bbfb02138,Public,neutral,neutral,neutral,neutral,neutral,gold_dev
c2bf92ef075e286f,Tech,negative,negative,negative,negative,negative,
d9b0fe1bedcae165,Finance,positive,positive,positive,positive,positive,gold_train
b8c3573ca5d337b6,Finance,positive,positive,positive,positive,positive,gold_test
ce907dbcec143a08,Retail,negative,positive,negative,negative,negative,gold_test
eb1fb4d776a10d7d,Tech,positive,neutral,neutral,neutral,neutral,
c4852a4040e8f0a7,Social,positive,positive,positive,positive,positive,gold_test
9ed5e8bae689a2b5,Tech,negative,positive,negative,negative,negative,
da3395cf1895c8d7,Tech,negative,negative,negative,negative,negative,
72c14c18c30acad0,Tech,positive,positive,positive,positive,positive,
e8536d304e26f26f,Tech,positive,positive,positive,positive,positive,
5a247b75b416d980,Social,positive,neutral,positive,positive,positive,gold_test
72572ab243c9f24c,Public,negative,negative,negative,negative,negative,gold_dev
4cd8f9a76d18232f,Public,negative,negative,negative,negative,negative,gold_test
3391335ce4de0c7b,Tech,negative,negative,negative,negative,negative,
a8a9c0560b07b73f,Social,positive,positive,positive,positive,positive,gold_test
0112daf649c70bb2,Retail,positive,positive,positive,positive,positive,gold_dev
7d294247b624e009,Tech,positive,positive,negative,positive,positive,
9d46facc00d15302,Social,neutral,positive,positive,positive,positive,gold_test
88e2a01c8a57604e,Social,positive,positive,positive,positive,positive,gold_test
3c1f9af2e3d1e40e,Tech,neutral,neutral,neutral,neutral,neutral,
46607ac10109f60c,Tech,positive,positive,positive,positive,positive,
7e515d93946b4359,Public,positive,positive,positive,positive,positive,gold_dev
c775b1e661617f9d,Social,positive,positive,positive,positive,positive,gold_test
13030b95ff158232,Tech,neutral,neutral,neutral,neutral,neutral,
a7f1f38736c3ebf7,Tech,neutral,neutral,neutral,neutral,neutral,
833cbad59590c900,Tech,negative,positive,positive,positive,positive,
cbcf563c1eb612a3,Tech,negative,negative,negative,negative,negative,
75f5225efdbff186,Tech,negative,negative,negative,negative,negative,
6db2d52e891d8d29,Social,positive,neutral,positive,positive,positive,gold_test
86d158322b17e736,Public,negative,neutral,negative,negative,negative,gold_test
bab582749821b654,Tech,neutral,neutral,neutral,neutral,neutral,
3f9c53882e6eedc5,Retail,positive,positive,positive,positive,positive,gold_test
c25bc99f9e8172d6,Tech,neutral,neutral,neutral,neutral,neutral,
4b2d15b5cce8f62d,Tech,negative,negative,negative,negative,negative,
ee6543892ea6be4d,Tech,positive,positive,positive,positive,positive,
69662a7619a155ff,Tech,positive,positive,positive,positive,positive,
cdbaf5b60a262596,Public,positive,positive,positive,positive,positive,gold_dev
2b775c17181f2404,Tech,neutral,neutral,neutral,neutral,neutral,
03f3ba47e9311368,Tech,negative,negative,negative,negative,negative,
bd1bf07da6dd6998,Retail,negative,negative,negative,negative,negative,gold_test
8be9be091ec1c2d2,Tech,neutral,neutral,neutral,neutral,neutral,
aca77613713f5385,Tech,neutral,neutral,neutral,neutral,neutral,
1f3ef53da4bcf087,Tech,neutral,neutral,neutral,neutral,neutral,
e4bd021021101e5f,Tech,negative,neutral,negative,negative,negative,
9aecf5c92f7e232a,Tech,positive,positive,positive,positive,positive,gold_test
d2994cb7ea365298,Retail,positive,positive,positive,positive,positive,gold_dev
9fc578c513467244,Tech,neutral,neutral,neutral,neutral,neutral,
8ef11fd4c548a460,Tech,positive,neutral,positive,positive,positive,
a7b56e102fe2c922,Tech,neutral,neutral,neutral,neutral,neutral,
a87e0d94c759771b,Retail,neutral,neutral,neutral,neutral,neutral,gold_dev
7a326f73d6bfe538,Tech,positive,positive,positive,positive,positive,
79036d869a9b7ec8,Public,neutral,neutral,neutral,neutral,neutral,gold_test
c180ece208454ab1,Finance,neutral,neutral,neutral,neutral,neutral,gold_train
192cb1c09868bb20,Tech,positive,positive,positive,positive,positive,gold_dev
3bbfef55c3a88014,Tech,positive,positive,positive,positive,positive,
5ea3246e065378e1,Social,negative,positive,positive,positive,positive,gold_test
1e9d3a4ba082cb19,Tech,positive,positive,positive,positive,positive,
ef98545ef1d00aa7,Tech,neutral,neutral,neutral,neutral,neutral,gold_test
784c00acef234705,Tech,positive,positive,negative,positive,positive,
93c637103b0131c3,Social,positive,positive,neutral,positive,positive,gold_test
a5a87087500cf38d,Tech,neutral,positive,positive,positive,positive,gold_dev
7669c67bd7533963,Tech,negative,negative,negative,negative,negative,
4a5f918c6f46abbc,Tech,positive,positive,positive,positive,positive,
80a4be4331bd0ccb,Tech,negative,negative,negative,negative,negative,
22b52e04a019661c,Tech,negative,negative,negative,negative,negative,
5d7b425cc929cb00,Finance,positive,positive,positive,positive,positive,gold_test
6a8707de98b1cac6,Tech,positive,positive,neutral,positive,positive,
daa310996445b3d5,Public,neutral,neutral,neutral,neutral,neutral,gold_train
068a63f6f224295f,Tech,neutral,neutral,neutral,neutral,neutral,
45ffa5b47aec38ac,Tech,neutral,neutral,negative,neutral,neutral,gold_dev
0898aca488f252c8,Public,neutral,neutral,neutral,neutral,neutral,gold_test
7ce345d78fc871dc,Tech,negative,negative,negative,negative,negative,
44d1ecc9ee83fffb,Social,negative,negative,negative,negative,negative,gold_test
7b020a1f5982302f,Public,negative,negative,negative,negative,negative,gold_dev
2be276063305d41d,Tech,negative,negative,negative,negative,negative,
810247290a9d616e,Social,negative,negative,negative,negative,negative,gold_test
1624537a76fda8da,Tech,negative,negative,negative,negative,negative,gold_test
27d0a9dd0bf98d3a,Tech,neutral,positive,neutral,neutral,neutral,
da5cdcca72f498b9,Tech,neutral,neutral,neutral,neutral,neutral,
8081318dc23d12f6,Social,positive,negative,positive,positive,positive,gold_test
0a37bd56d6aadfb5,Tech,positive,positive,negative,positive,positive,
9f4a7e5fd1250f37,Public,negative,negative,negative,negative,negative,gold_test
84d3149bdefc3f27,Tech,neutral,neutral,neutral,neutral,neutral,
bac43a455e2a8c93,Tech,positive,positive,positive,positive,positive,
f593a8e6d2e7d55c,Tech,neutral,neutral,neutral,neutral,neutral,gold_dev
f43c3685802ddbf6,Tech,neutral,neutral,neutral,neutral,neutral,
5ec16d9f8243547d,Tech,positive,positive,positive,positive,positive,
dec98e3f76ae6c94,Tech,positive,positive,positive,positive,positive,
9cab79bc427c350a,Tech,neutral,neutral,neutral,neutral,neutral,
abdfb8884b248dc0,Social,negative,negative,negative,negative,negative,gold_test
5cce0244cb5e7381,Public,negative,positive,negative,negative,negative,gold_test
b2662f19499b7294,Tech,negative,neutral,neutral,neutral,neutral,
07d8ae8b449de007,Public,negative,negative,negative,negative,negative,gold_dev
5e2cf6826a334d82,Social,positive,positive,positive,positive,positive,gold_test
fb57f190a051e60c,Public,neutral,neutral,neutral,neutral,neutral,gold_test
bce20c4a90834401,Tech,neutral,neutral,neutral,neutral,neutral,gold_test
e249c70352d99fc7,Tech,positive,positive,positive,positive,positive,
f73e9b7b1e4c5628,Social,positive,positive,positive,positive,positive,gold_test
4188470ef5e8f4d4,Tech,negative,negative,negative,negative,negative,gold_test
42b32f7d8bcee033,Finance,neutral,neutral,neutral,neutral,neutral,gold_test
07cc4fcc9ccf8c3f,Tech,neutral,neutral,neutral,neutral,neutral,
e6490e8bf89f775f,Retail,negative,negative,negative,negative,negative,gold_dev
e3f62be52362ecde,Tech,neutral,neutral,neutral,neutral,neutral,
595d3732305a3cf0,Public,negative,negative,negative,negative,negative,gold_train
d5cecb2f88d6f7ee,Public,negative,negative,negative,negative,negative,gold_dev
645de39cb5491a67,Retail,positive,positive,positive,positive,positive,gold_test
0bb354bdcf949aa1,Tech,neutral,neutral,neutral,neutral,neutral,gold_dev
d0d1fe31299c4513,Public,negative,negative,negative,negative,negative,gold_dev
f12330bceca448ef,Tech,negative,negative,negative,negative,negative,
2001843056df053a,Tech,neutral,neutral,positive,neutral,neutral,
b657527d697c4a3c,Tech,positive,positive,positive,positive,positive,gold_test
67654f6cc8878cd6,Public,neutral,neutral,neutral,neutral,neutral,gold_test
5cb93142767afaf9,Tech,negative,negative,negative,negative,negative,
cb24f021a2e545ba,Tech,neutral,neutral,neutral,neutral,neutral,
dd83e449b333f104,Tech,negative,negative,negative,negative,negative,
4b5769dba824206f,Social,neutral,neutral,neutral,neutral,neutral,gold_dev
791474ed22c507af,Tech,negative,negative,negative,negative,negative,
31a81253375ee592,Tech,positive,positive,positive,positive,positive,
89f35f2ba56e5c6c,Tech,negative,negative,negative,negative,negative,
0e39f9119f2024ef,Tech,negative,neutral,negative,negative,negative,
5f53eb6e4346da27,Tech,negative,negative,negative,negative,negative,
99053b54a9bd4cfb,Public,negative,negative,negative,negative,negative,gold_dev
523558c10aaac5e1,Tech,neutral,neutral,neutral,neutral,neutral,
93e4a587af8994cc,Finance,neutral,positive,positive,positive,positive,gold_test
4bd7ea9f49657a40,Tech,positive,positive,positive,positive,positive,gold_test
082595855aff10c6,Finance,neutral,neutral,neutral,neutral,neutral,gold_train
fad7f85fdef0907a,Tech,negative,negative,negative,negative,negative,
6d2e2d1da6cd5043,Tech,neutral,neutral,neutral,neutral,neutral,
8a07471100edc8e3,Tech,neutral,neutral,neutral,neutral,neutral,
a8f024acdebf4bd5,Tech,positive,negative,negative,negative,negative,
830005856c87b04e,Tech,neutral,neutral,neutral,neutral,neutral,
a5fa0cca3d92acee,Tech,neutral,neutral,neutral,neutral,neutral,
2b979cd91c34d043,Tech,negative,neutral,neutral,neutral,neutral,
548fc1eccf0edd5b,Tech,positive,neutral,neutral,neutral,neutral,gold_dev
6e71b6c61c7ec5f4,Public,negative,negative,negative,negative,negative,gold_dev
998e983e6a0e7a26,Social,neutral,positive,positive,positive,positive,gold_dev
bd5b4b04ae9427dd,Social,positive,positive,positive,positive,positive,gold_dev
c56e3b87e24cf097,Tech,negative,negative,neutral,negative,negative,
9717f2f5fd834f3d,Public,positive,neutral,neutral,neutral,neutral,gold_test
0cd9f576351f87a8,Tech,neutral,positive,positive,neutral,neutral,
51f68d76e0da6e3b,Tech,negative,negative,negative,negative,negative,
9aefd8cd5cc5eb7d,Tech,neutral,neutral,neutral,neutral,neutral,
fb88726f7b5aa49e,Retail,neutral,neutral,neutral,neutral,neutral,gold_test
ba24323b99df91b6,Tech,neutral,neutral,neutral,neutral,neutral,
fb8676a990e0d42a,Tech,negative,negative,negative,negative,negative,
8b9865ab3a595cfa,Tech,negative,negative,neutral,negative,negative,
0aca8298bbcd970b,Tech,neutral,positive,neutral,neutral,neutral,
f0078f4efb5c8e7e,Tech,negative,negative,negative,negative,negative,
d2a5af57e20c930f,Tech,neutral,neutral,neutral,neutral,neutral,
98ffa234241b489a,Social,positive,positive,positive,positive,positive,gold_test
b85d135cd0c7b660,Finance,negative,negative,negative,negative,negative,gold_test
37a24561df50ccdf,Tech,neutral,neutral,neutral,neutral,neutral,
db8949048830fc11,Tech,negative,negative,negative,negative,negative,
95b1e00adc15c9db,Tech,neutral,neutral,negative,neutral,neutral,
0f98b537244acc11,Finance,negative,negative,negative,negative,negative,gold_train
d2c3db6d7a133e76,Tech,neutral,negative,negative,negative,negative,
a7c81288bb43e65c,Finance,positive,positive,positive,positive,positive,gold_test
3c2508e77457e9da,Tech,positive,positive,positive,positive,positive,gold_test
20a4ef3e79d2537c,Tech,negative,neutral,neutral,neutral,neutral,
4cb060fb8f1d4589,Tech,neutral,neutral,neutral,neutral,neutral,gold_train
b046d7fe5d4e3454,Public,neutral,neutral,neutral,neutral,neutral,gold_test
aacdc3c3481399e3,Tech,neutral,negative,neutral,neutral,neutral,
cab5260aeb39b3fb,Tech,negative,negative,neutral,negative,negative,
e7a3203c31ac9950,Tech,neutral,neutral,neutral,neutral,neutral,
f94b1c47142b576b,Public,neutral,neutral,neutral,neutral,neutral,gold_test
4fd70febb5d28667,Retail,positive,positive,negative,positive,positive,gold_test
5acfdc9fa11001dd,Tech,neutral,neutral,neutral,neutral,neutral,
624d06294e793da8,Finance,neutral,neutral,neutral,neutral,neutral,gold_test
3f0d27985918effe,Tech,positive,neutral,positive,positive,positive,
53d99f832ce2acec,Tech,neutral,neutral,neutral,neutral,neutral,
7d397bb146e3bd13,Tech,neutral,neutral,neutral,neutral,neutral,gold_test
fa655e381d3a657e,Tech,neutral,negative,negative,negative,negative,gold_test
6b04db9fdc86fa33,Tech,positive,positive,positive,positive,positive,gold_test
86773caf0bdf2915,Public,positive,negative,negative,negative,negative,gold_dev
15723962f820b8d2,Public,positive,neutral,neutral,neutral,neutral,gold_dev
d17c56f4f483e004,Tech,neutral,neutral,neutral,neutral,neutral,
430008c3d5fb2856,Tech,negative,negative,negative,negative,negative,
2a3e9236edcbc769,Tech,neutral,positive,neutral,neutral,neutral,
64c221ffe228befd,Tech,positive,positive,positive,positive,positive,
d320aee767d197f8,Tech,negative,negative,negative,negative,negative,
e9c9d2bbcc0531af,Retail,positive,positive,positive,positive,positive,gold_test
d86c6222d3c6e498,Public,neutral,negative,neutral,neutral,neutral,gold_dev
f2902e836be71b68,Public,neutral,positive,neutral,neutral,neutral,gold_dev
7b6884398fe52494,Tech,neutral,neutral,neutral,neutral,neutral,
5513e41bf7378573,Tech,neutral,neutral,neutral,neutral,neutral,
eea0da9074cef08f,Tech,neutral,positive,neutral,neutral,neutral,
222b8693d2617a3c,Tech,neutral,neutral,neutral,neutral,neutral,
03bbafe29b638aa8,Public,neutral,neutral,neutral,neutral,neutral,gold_test
33b66d0419de1639,Tech,neutral,neutral,neutral,neutral,neutral,
e779b1d8664365b5,Retail,negative,negative,negative,negative,negative,gold_test
75fb3d6232f9c3f7,Tech,positive,positive,positive,positive,positive,gold_test
720ba256f2e39dcc,Tech,neutral,neutral,positive,neutral,neutral,gold_test
5d67ce2beb192b47,Tech,neutral,neutral,neutral,neutral,neutral,
0e4788cb68e66de9,Tech,neutral,neutral,neutral,neutral,neutral,
4da3788e936bbe57,Tech,positive,positive,negative,positive,positive,gold_test
bf21f0f27c33988e,Tech,positive,positive,positive,positive,positive,
a52272f47dd096a0,Tech,negative,negative,negative,negative,negative,
edaf939111a1e028,Social,neutral,neutral,neutral,neutral,neutral,gold_dev
9cf181e2a4deed6b,Tech,negative,negative,negative,negative,negative,
730d47475f374d23,Tech,neutral,negative,negative,negative,negative,
03d1a7b3562cae2a,Tech,negative,negative,negative,negative,negative,
b7ffbcf54e9368bd,Retail,neutral,neutral,neutral,neutral,neutral,gold_test
df4121ad0b0a4810,Tech,neutral,neutral,neutral,neutral,neutral,
425fd3f450d0aae5,Tech,positive,positive,negative,positive,positive,gold_test
4090c6dd3580322d,Public,negative,negative,negative,negative,negative,gold_dev
3dbeae9a7544ff97,Retail,neutral,neutral,neutral,neutral,neutral,gold_dev
2755e5d0bdc6ac74,Social,positive,positive,positive,positive,positive,gold_test
c6a3b9c30a5b60ad,Tech,neutral,neutral,negative,neutral,neutral,
4b58b030e4297642,Tech,neutral,neutral,neutral,neutral,neutral,
fc3e09adb27ffef9,Tech,negative,negative,negative,negative,negative,
161482ba729b7d79,Tech,negative,neutral,neutral,neutral,neutral,
a1a9829f9e78734f,Tech,neutral,negative,negative,negative,negative,
631f786d7f5afd16,Tech,negative,negative,negative,negative,negative,
3ba9f1a2943df9be,Tech,neutral,neutral,neutral,neutral,neutral,
b0e2bf74491477d6,Tech,negative,negative,negative,negative,negative,
9132e5913c77e98a,Tech,negative,negative,negative,negative,negative,
a9f4ffa91bdb1bf3,Tech,negative,negative,negative,negative,negative,
4cf14cfdf3c3297e,Public,positive,positive,positive,positive,positive,gold_test
2ae6d87b47c3f9bf,Tech,neutral,neutral,neutral,neutral,neutral,
d6fc91a01bc1b2ff,Social,neutral,neutral,positive,positive,positive,gold_test
485ccf009336d865,Tech,neutral,neutral,neutral,neutral,neutral,
2ab44feb2c619a56,Tech,negative,negative,negative,negative,negative,
a23df81cd5b07071,Tech,neutral,neutral,neutral,neutral,neutral,
970f0310da924818,Tech,negative,negative,negative,negative,negative,
b5e195c9387fd98e,Public,negative,negative,positive,negative,negative,gold_test
369cd6474d777587,Public,negative,negative,negative,negative,negative,gold_test
7fa7ecc5c008a820,Retail,negative,negative,negative,negative,negative,gold_test
31bc3a3db3c06be2,Public,negative,negative,negative,negative,negative,gold_dev
11ed54f58391f449,Tech,neutral,neutral,neutral,neutral,neutral,
b3a71204504aef49,Social,positive,positive,positive,positive,positive,gold_test
a4d0964ea5093a25,Tech,negative,negative,negative,negative,negative,
8cfc609f84152573,Tech,neutral,neutral,neutral,neutral,neutral,
3b0988b888fc6fcf,Tech,neutral,neutral,positive,neutral,neutral,
f6053f7ded47a06e,Finance,negative,negative,negative,negative,negative,gold_test
c7dce29c41906458,Tech,negative,negative,negative,negative,negative,
e3a2a346daf2aeca,Tech,neutral,neutral,neutral,neutral,neutral,
8d6bc9c95ff7f9e9,Tech,neutral,positive,neutral,neutral,neutral,
ddf6a35526ea4d04,Tech,neutral,neutral,positive,neutral,neutral,
7e72933a9a19c1f2,Tech,negative,negative,negative,negative,negative,
e09c57ff7a8986ff,Tech,negative,negative,negative,negative,negative,
6aba1dab71fdcd02,Tech,neutral,neutral,neutral,neutral,neutral,
7113ae32496e6b16,Tech,positive,neutral,neutral,neutral,neutral,
818b99d8d026f74e,Finance,negative,negative,negative,negative,negative,gold_test
c00bd1ddd8044bf5,Tech,neutral,neutral,neutral,neutral,neutral,
c4da25c92b6614b8,Tech,negative,negative,negative,negative,negative,
6a3c91105e636c2b,Tech,positive,positive,positive,positive,positive,gold_test
29ea4a45d6fdd717,Tech,negative,neutral,neutral,neutral,neutral,
8003759f7809c0c3,Tech,neutral,neutral,neutral,neutral,neutral,
b3e62be3dc58b152,Tech,positive,positive,positive,positive,positive,
404b4dfae78ee25d,Tech,negative,negative,negative,negative,negative,gold_test
56f6221034311bea,Tech,neutral,neutral,neutral,neutral,neutral,
6daf7a472a37cb11,Public,positive,positive,positive,positive,positive,gold_dev
73101c682960aef4,Tech,negative,negative,negative,negative,negative,
34ad4db3066da220,Tech,neutral,neutral,neutral,neutral,neutral,
17c1830500867e45,Tech,negative,negative,negative,negative,negative,
0133cdc186d63a4c,Tech,neutral,neutral,neutral,neutral,neutral,
380f6998547a2211,Public,negative,negative,negative,negative,negative,gold_train
42e0a23b7937007b,Tech,positive,positive,positive,positive,positive,
ea9d4bc1cc6a4686,Public,negative,negative,negative,negative,negative,gold_train
0923190168e00829,Social,negative,negative,negative,negative,negative,gold_test
779d0251a178e2ad,Retail,neutral,neutral,neutral,neutral,neutral,gold_dev
5a81d5a70667053b,Tech,negative,negative,negative,negative,negative,
ab0d077f83084676,Tech,negative,negative,negative,negative,negative,
3fefa04ffc9fc3c5,Public,negative,negative,negative,negative,negative,gold_train
65fe9c584b0e8ad2,Public,negative,negative,negative,negative,negative,gold_train
9c56014c2535537b,Tech,positive,negative,negative,negative,negative,gold_test
e3ba22695630606e,Public,negative,negative,positive,negative,negative,gold_train
bd7f61b607f92fc3,Public,negative,negative,negative,negative,negative,gold_dev
354280d55f6250ba,Public,positive,positive,positive,positive,positive,gold_test
f87594d494a9d847,Tech,negative,negative,negative,negative,negative,
1223e6ca14e1214d,Public,negative,negative,positive,negative,negative,gold_test
17f69eba13322643,Tech,positive,positive,positive,positive,positive,gold_test
1ba7ac2950eeca8c,Tech,neutral,negative,neutral,neutral,neutral,
31eb0e42f1846fd9,Tech,neutral,neutral,positive,neutral,neutral,
93781085023a109a,Tech,positive,positive,positive,positive,positive,gold_test
3f8c1d6b7c284cea,Tech,negative,negative,negative,negative,negative,
8049e95ab22776a6,Social,positive,positive,positive,positive,positive,gold_test
fe17513c69ed783b,Finance,positive,positive,positive,positive,positive,gold_test
308dd61bf69167c2,Tech,positive,positive,negative,positive,positive,
ed9e582d77fbf182,Tech,neutral,neutral,neutral,neutral,neutral,
c1da8f46df9aa942,Tech,neutral,neutral,neutral,neutral,neutral,
801ac968f117439b,Social,positive,positive,positive,positive,positive,gold_test
d754d7740bbc7421,Tech,negative,neutral,negative,negative,negative,
e431a763fddd86ad,Social,negative,negative,negative,negative,negative,gold_test
5d67f0986bd74298,Tech,negative,negative,negative,negative,negative,
8851109cc5578853,Social,positive,positive,positive,positive,positive,gold_test
776e1f4d26cd5667,Tech,negative,negative,negative,negative,negative,gold_test
f63bc7b4ef8a8186,Public,negative,negative,negative,negative,negative,gold_test
867b64e99dab1bfe,Tech,positive,positive,positive,positive,positive,
86dc71d922064589,Tech,neutral,neutral,neutral,neutral,neutral,gold_test
4a95e63741fdcaf0,Tech,negative,negative,negative,negative,negative,gold_test
8eb454f51d296d3e,Finance,negative,negative,negative,negative,negative,gold_test
ee5fd272292d17ea,Tech,neutral,neutral,neutral,neutral,neutral,
7565e0eea4dad764,Tech,negative,neutral,negative,negative,negative,
97767e2838ee29fe,Tech,neutral,positive,neutral,neutral,neutral,
6237758602ec2455,Social,positive,positive,positive,positive,positive,gold_test
2536b112a526b44f,Tech,neutral,neutral,neutral,neutral,neutral,
88112774dfa0423c,Public,negative,negative,negative,negative,negative,gold_train
3a0fd8386ba6c1cf,Finance,positive,positive,positive,positive,positive,gold_test
d41ea7804a129cfc,Tech,neutral,neutral,neutral,neutral,neutral,
bc63398afe361d16,Public,negative,negative,negative,negative,negative,gold_train
31f0a06781f5bada,Tech,negative,negative,positive,negative,negative,
e2f728319ab3a64a,Public,negative,negative,negative,negative,negative,gold_dev
62795fd81d671aee,Tech,neutral,neutral,neutral,neutral,neutral,gold_dev
824e4b83fb562e5b,Public,negative,negative,negative,negative,negative,gold_dev
9e7ec58ca1cb7778,Finance,neutral,neutral,neutral,neutral,neutral,gold_test
feecd3aeef86538a,Public,negative,negative,negative,negative,negative,gold_dev
5b0d96c0010e8d73,Tech,negative,negative,negative,negative,negative,
1538b60e4c553edd,Public,negative,negative,negative,negative,negative,gold_dev
e354bb2952d542b3,Tech,negative,negative,negative,negative,negative,gold_test
b0d83c49c144874b,Public,negative,negative,negative,negative,negative,gold_train
e6adcd76738ec3a0,Tech,neutral,neutral,neutral,neutral,neutral,
e49a7bd5ef52f022,Public,negative,negative,negative,negative,negative,gold_train
017f1374a444985a,Tech,neutral,neutral,neutral,neutral,neutral,gold_train
ca92c29ab22d8abc,Tech,negative,negative,negative,negative,negative,
60e10be63a23500d,Tech,neutral,neutral,negative,neutral,neutral,
e1ab2ad828585d4c,Tech,negative,negative,negative,negative,negative,
06322e93c045b852,Public,negative,negative,negative,negative,negative,gold_dev
fa086e2ca97f1e55,Tech,neutral,neutral,neutral,neutral,neutral,
2d75b53b50d77bd9,Public,negative,negative,negative,negative,negative,gold_train
29b47fa6d10203a8,Tech,positive,negative,negative,negative,negative,
cdaee584a1f2e04f,Tech,negative,negative,negative,negative,negative,
715dbe0445081ab9,Tech,neutral,neutral,neutral,neutral,neutral,
9c7511d237a00ec5,Tech,neutral,positive,neutral,neutral,neutral,gold_test
069ad7511800bc6c,Tech,negative,negative,negative,negative,negative,
12a6697fe3bf371b,Public,negative,negative,negative,negative,negative,gold_dev
2aa40a5b9cba92fb,Public,positive,negative,positive,positive,positive,gold_train
ab936e516f0c4344,Tech,negative,negative,negative,negative,negative,
1cb7f7fea69ae1f3,Tech,negative,positive,positive,positive,positive,
33bacdb8a06b7317,Finance,negative,negative,negative,negative,negative,gold_test
3894b7475a99fd3d,Tech,negative,negative,negative,negative,negative,
9b9b60320dd4f8f6,Tech,neutral,neutral,neutral,neutral,neutral,
55a9204bf511742b,Tech,neutral,neutral,neutral,neutral,neutral,
66b8da963d22792b,Tech,neutral,neutral,neutral,neutral,neutral,
52eb53b87b47138c,Tech,positive,positive,positive,positive,positive,
d527e062e30aa1a2,Tech,negative,negative,negative,negative,negative,gold_test
5d7db754f97cc814,Tech,neutral,neutral,neutral,neutral,neutral,
62b1c6b4b8b25975,Tech,positive,positive,positive,positive,positive,
191825ca3d70601e,Public,neutral,neutral,neutral,neutral,neutral,gold_dev
adddd4a49444f44d,Tech,neutral,neutral,neutral,neutral,neutral,
50535c5a7122ebf2,Tech,neutral,positive,neutral,neutral,neutral,
9a617610c957a5f3,Tech,negative,negative,negative,negative,negative,
de5a0b4c49eb62b3,Retail,negative,negative,positive,negative,negative,gold_test
a792847e2afe4ec8,Tech,neutral,neutral,neutral,neutral,neutral,
a523e72db5cb37a3,Tech,neutral,neutral,neutral,neutral,neutral,
ba4ebdc9c6849368,Tech,neutral,neutral,neutral,neutral,neutral,
60a15f88c01e5b2e,Tech,neutral,neutral,neutral,neutral,neutral,
cb10fc5fef1fc5b0,Social,negative,negative,negative,negative,negative,gold_test
3520dd4b104a0751,Tech,neutral,neutral,neutral,neutral,neutral,
db2a91a2bc49ed2e,Tech,positive,neutral,positive,neutral,neutral,
4c49e4aa3c43df85,Tech,neutral,positive,positive,positive,positive,
3297a3f51c599532,Tech,positive,neutral,neutral,neutral,neutral,
35fd1e42ac24f715,Tech,negative,negative,negative,negative,negative,
aecc4feec42b3324,Retail,negative,neutral,negative,negative,negative,gold_test
c5e908a7ed1753cd,Public,neutral,neutral,neutral,neutral,neutral,gold_dev
b80f4197253ec1d8,Public,negative,negative,negative,negative,negative,gold_dev
93982e8c44b40d76,Tech,neutral,neutral,neutral,neutral,neutral,
16a758e5b7e3d62c,Tech,neutral,neutral,neutral,neutral,neutral,gold_train
dc499580c9745f08,Tech,neutral,neutral,neutral,neutral,neutral,
2e203f1389c68ee7,Tech,negative,negative,negative,negative,negative,gold_train
dfdf04d18cfec23f,Public,negative,negative,negative,negative,negative,gold_train
ef61e41da0588da5,Public,negative,negative,negative,negative,negative,gold_test
32c55b0fee20ebf0,Tech,positive,positive,positive,positive,positive,
eb63fa49582f88b0,Tech,positive,positive,positive,positive,positive,
8014cba8e74ee7f9,Tech,neutral,neutral,positive,positive,positive,
9527238878c15bf3,Tech,positive,positive,positive,positive,positive,
66c387fde40fbf1d,Tech,positive,positive,positive,positive,positive,gold_test
3b755ec973e11b4d,Tech,positive,positive,neutral,positive,positive,
3f4332de3b258656,Public,neutral,neutral,neutral,neutral,neutral,gold_dev
b1e021b77be42614,Tech,negative,negative,negative,negative,negative,
9eb0a934fa967e55,Tech,positive,positive,positive,positive,positive,
6a77a72fd9e40881,Tech,negative,neutral,negative,negative,negative,
6f912ebc90e5117c,Tech,neutral,neutral,neutral,neutral,neutral,
fc5ec593510f495c,Tech,positive,negative,positive,positive,positive,gold_dev
daa394c7b45d7c32,Tech,positive,positive,positive,positive,positive,
3ba94262dc98d656,Tech,neutral,neutral,neutral,neutral,neutral,
071c8b8f2a1a3445,Tech,positive,positive,positive,positive,positive,
0b8f7cad7fe11ca4,Tech,neutral,neutral,neutral,neutral,neutral,
3bd773d28da8b79d,Tech,neutral,positive,neutral,neutral,neutral,gold_test
bc86ff7b73cca4f2,Tech,neutral,neutral,neutral,neutral,neutral,
4b2336df822b2993,Tech,neutral,neutral,neutral,neutral,neutral,
66c3a2d9fbfaf91f,Tech,positive,positive,positive,positive,positive,
3eb08b13ebf9bab9,Tech,positive,positive,positive,positive,positive,gold_test
61369315c47c3653,Tech,neutral,neutral,neutral,neutral,neutral,
b219d75cb0daa054,Tech,neutral,neutral,neutral,neutral,neutral,
8e9efac5b33e0b5f,Social,neutral,neutral,neutral,neutral,neutral,gold_test
4d2bd727124d481c,Social,neutral,neutral,neutral,neutral,neutral,gold_test
e61af44b5bad5979,Tech,positive,positive,negative,positive,positive,
5aff08b0b6348861,Tech,neutral,negative,negative,negative,negative,
012b6f607534d0e8,Tech,neutral,neutral,positive,neutral,neutral,
42d45a221232c7d8,Tech,positive,positive,positive,positive,positive,
2be5bd6345e745ba,Tech,neutral,neutral,neutral,neutral,neutral,
381a3b9679174543,Tech,negative,negative,negative,negative,negative,
6b5c7e4e8971fca1,Tech,neutral,neutral,neutral,neutral,neutral,
9e591046404f0df4,Public,negative,negative,negative,negative,negative,gold_test
28f36016741f0cca,Public,positive,neutral,neutral,neutral,neutral,gold_train
aca4ace6e907292a,Tech,neutral,neutral,neutral,neutral,neutral,
1ef818b0060402a1,Tech,negative,negative,negative,negative,negative,
0a2658b03e8a1f7b,Tech,negative,positive,negative,negative,negative,
82ae7a266f0f8131,Finance,neutral,negative,neutral,negative,negative,gold_test
8d71004467c04b41,Public,negative,negative,negative,negative,negative,gold_train
286192c938dc61f5,Social,positive,positive,positive,positive,positive,gold_test
663f8c4cc606e829,Tech,negative,neutral,neutral,neutral,neutral,
5c51ea547dcdb334,Tech,negative,negative,positive,negative,negative,
8d433d62bb5425fc,Tech,negative,negative,negative,negative,negative,gold_test
f9008cfd704bf5a1,Tech,neutral,neutral,neutral,neutral,neutral,gold_test
81a00b2e0d1743f9,Tech,positive,negative,negative,negative,negative,
0520524ef2f2be14,Tech,neutral,neutral,neutral,neutral,neutral,gold_test
0b874ed7eebf071e,Tech,negative,negative,negative,negative,negative,
f305bbc017c0c4bf,Tech,neutral,neutral,neutral,neutral,neutral,
b611f79a309196d8,Tech,negative,negative,negative,negative,negative,
4e07c298c6be28d4,Tech,neutral,neutral,neutral,neutral,neutral,
920fe481212e00b9,Tech,positive,positive,positive,positive,positive,gold_test
58ad88189021a1d4,Tech,neutral,neutral,neutral,neutral,neutral,
ad7c3b6ebe89c487,Tech,neutral,neutral,neutral,neutral,neutral,
0b4c1b6ed0e14016,Public,neutral,neutral,neutral,neutral,neutral,gold_dev
7bb94653a25aa8d6,Tech,neutral,neutral,neutral,neutral,neutral,
8957181d1cff0246,Social,positive,positive,positive,positive,positive,gold_test
16844561f32ff20d,Tech,neutral,neutral,neutral,neutral,neutral,
e80f63ae30711587,Retail,positive,positive,positive,positive,positive,gold_test
5f192c0bd4e492d5,Tech,positive,neutral,positive,positive,positive,
b2a41c6f1b133bc6,Finance,positive,positive,positive,positive,positive,gold_dev
6b8aa49ed5202f14,Tech,negative,negative,negative,negative,negative,
886bbd9cc7fff84c,Retail,neutral,neutral,neutral,neutral,neutral,gold_dev
a491d37600c9c820,Social,negative,negative,negative,negative,negative,gold_test
860c89538b4ce2e5,Tech,neutral,neutral,neutral,neutral,neutral,
f0c2c77bf36eeb5c,Tech,neutral,negative,neutral,negative,negative,
6f64895aed05b700,Tech,neutral,neutral,positive,neutral,neutral,
9ae0540de0b3d2f1,Tech,negative,negative,negative,negative,negative,gold_test
65d7d8cae59e8c42,Tech,neutral,neutral,neutral,neutral,neutral,
e50ab89f8bff5203,Retail,neutral,negative,neutral,neutral,neutral,gold_test
e771cf644e32f84f,Public,negative,negative,negative,negative,negative,gold_dev
67c57383179788cc,Social,neutral,neutral,neutral,neutral,neutral,gold_test
8dead57d78a02004,Tech,negative,negative,negative,negative,negative,
03d518d7af8be8c6,Tech,negative,negative,negative,negative,negative,
e22bad0654daa250,Tech,neutral,neutral,neutral,neutral,neutral,
9714d03ba39bedd7,Tech,neutral,neutral,neutral,neutral,neutral,
d56a100553597266,Tech,neutral,neutral,neutral,neutral,neutral,gold_train
0c5fbdf87ddbccbf,Public,negative,negative,negative,negative,negative,gold_train
ea98dc6b482640f4,Tech,negative,negative,negative,negative,negative,gold_test
d202ccc5ec69a7fc,Public,negative,negative,positive,negative,negative,gold_test
a63b712c347a83d6,Retail,neutral,neutral,neutral,neutral,neutral,gold_dev
83b41021a6cd3c5c,Tech,neutral,neutral,neutral,neutral,neutral,
39969298d0aa44e8,Tech,positive,positive,positive,positive,positive,gold_test
30a6c05f9c01cbd5,Tech,positive,positive,positive,positive,positive,
7cdcbc02e0610fa0,Finance,neutral,neutral,neutral,neutral,neutral,gold_train
c471f87988a68922,Tech,positive,positive,positive,positive,positive,
f846542fc05de78b,Retail,negative,negative,neutral,negative,negative,gold_test
4db1feaf03397617,Tech,positive,positive,positive,positive,positive,gold_test
1b33acf706ae1c9d,Tech,positive,negative,negative,negative,negative,
802f968b1bdba65d,Tech,positive,positive,positive,positive,positive,
5753ae9e66c71de7,Tech,positive,positive,neutral,positive,positive,
2adb90b4f5165b98,Tech,negative,negative,negative,negative,negative,
e0e84c8ff6dd4dbf,Social,negative,negative,negative,negative,negative,gold_test
be73e6bcd945e3b8,Tech,positive,positive,positive,positive,positive,
426ed448f758ea80,Tech,negative,neutral,neutral,neutral,neutral,
aadda51e71e77662,Tech,negative,negative,negative,negative,negative,
a872b42817e57514,Tech,positive,negative,positive,negative,negative,
37573edc8557fd56,Tech,neutral,neutral,neutral,neutral,neutral,
66cb3c1838a314d1,Tech,neutral,neutral,negative,neutral,neutral,
8a4ee5080190e9a5,Finance,negative,negative,negative,negative,negative,gold_test
f3074e1d32387762,Tech,negative,negative,negative,negative,negative,
0a46c26701e6e8a2,Tech,negative,negative,negative,negative,negative,
a55ab2db4d6c6984,Tech,neutral,neutral,neutral,neutral,neutral,
2a96a56039ed3966,Tech,neutral,neutral,neutral,neutral,neutral,
873eb36567c03e27,Tech,neutral,neutral,neutral,neutral,neutral,
baa55335d1a23f77,Tech,neutral,neutral,neutral,neutral,neutral,
4ae93375da45ad6a,Tech,neutral,neutral,neutral,neutral,neutral,
400387df3df30a28,Tech,neutral,neutral,neutral,neutral,neutral,
93a41cb9962a7de8,Tech,neutral,neutral,neutral,neutral,neutral,
daa80da7b4e1ff88,Tech,positive,positive,positive,positive,positive,
57e5fb54a7e41640,Finance,neutral,neutral,neutral,neutral,neutral,gold_test
660027eb298e215a,Finance,negative,neutral,neutral,neutral,neutral,gold_test
00cbbfc356600f5b,Finance,neutral,neutral,neutral,neutral,neutral,gold_test
6237f9a6d7c5542b,Tech,neutral,neutral,neutral,neutral,neutral,
78b4bc07d9652f6f,Tech,positive,positive,positive,positive,positive,
a6b1e492ce4176bb,Finance,negative,neutral,negative,negative,negative,gold_test
923a290b6453a8b6,Finance,positive,positive,positive,positive,positive,gold_test
90548357bf4cc7ff,Tech,neutral,neutral,neutral,neutral,neutral,
9955d63bbed9423c,Finance,negative,negative,positive,negative,negative,gold_test
9f53da12ab5dd3d0,Tech,positive,positive,positive,positive,positive,gold_test
c7eca847c3e7656e,Tech,positive,positive,positive,positive,positive,gold_test
ae47b1dbbeff314c,Finance,negative,negative,negative,negative,negative,gold_test
8208d0282fc1729f,Public,neutral,negative,negative,negative,negative,gold_train
4ea560ef86688b04,Tech,neutral,neutral,neutral,neutral,neutral,
e6fa2c756e867909,Tech,positive,positive,positive,positive,positive,
1aee4e21fe1989b2,Tech,neutral,neutral,neutral,neutral,neutral,
ed5ad3ad312e7145,Tech,neutral,negative,negative,negative,negative,
fd4c6f9360745de0,Tech,positive,positive,positive,positive,positive,
29d9de008a7863f9,Tech,neutral,neutral,neutral,neutral,neutral,
231a3762a5c6e585,Tech,negative,negative,neutral,negative,negative,
3e76662332eb7a66,Finance,negative,negative,negative,negative,negative,gold_test
75660383e5e7b74e,Finance,neutral,neutral,neutral,neutral,neutral,gold_test
d87dc10ffc192c60,Tech,positive,positive,positive,positive,positive,
ab60af85f8f32833,Tech,neutral,neutral,neutral,neutral,neutral,
4a6e1afecf073f70,Finance,neutral,neutral,neutral,neutral,neutral,gold_train
0ae87c5c62bb21c9,Tech,positive,positive,positive,positive,positive,
37b46e69fe3f2625,Tech,negative,negative,neutral,negative,negative,
c469e1985ea815ac,Retail,negative,negative,negative,negative,negative,gold_test
f952534a2f3ca0e9,Retail,neutral,neutral,positive,neutral,neutral,gold_test
35b006b429cefd24,Tech,neutral,neutral,neutral,neutral,neutral,
683c2619d6d48c98,Tech,neutral,neutral,negative,neutral,neutral,
ea1702ceb5980f0e,Tech,neutral,neutral,neutral,neutral,neutral,
1a82c1a00dacf7c6,Tech,neutral,neutral,neutral,neutral,neutral,gold_test
f3a3c353ae95090a,Public,negative,negative,negative,negative,negative,gold_dev
00e5d4c9516ef332,Public,negative,negative,negative,negative,negative,gold_train
d37642b0be389963,Public,negative,neutral,neutral,neutral,neutral,gold_test
ce50b65e74fcb92e,Public,negative,negative,negative,negative,negative,gold_train
ba4e20190f01fca5,Public,neutral,neutral,neutral,neutral,neutral,gold_test
ca94a282e2ee3cbf,Tech,neutral,neutral,negative,neutral,neutral,
d9b9399d614cff81,Tech,neutral,neutral,neutral,neutral,neutral,
765bfaaa29720b0e,Social,positive,positive,positive,positive,positive,gold_test
45f4e5acc42ede44,Tech,neutral,neutral,neutral,neutral,neutral,
6d450dc8aac553e8,Tech,neutral,neutral,neutral,neutral,neutral,
f2d45393d485230e,Social,positive,positive,positive,positive,positive,gold_dev
3cd3d34130049451,Social,neutral,neutral,positive,neutral,neutral,gold_test
b204ce2648200b5f,Tech,negative,negative,negative,negative,negative,
125948d6dd5b84dd,Tech,positive,positive,neutral,positive,positive,
01466483e9667515,Tech,negative,positive,negative,negative,negative,
2c1c9bb1d1f183f9,Retail,positive,positive,positive,positive,positive,gold_test
90a0ec6ab0be9b9e,Public,negative,negative,negative,negative,negative,gold_dev
dc2584515a642dca,Tech,neutral,neutral,neutral,neutral,neutral,
6213ea83f188acb6,Tech,neutral,neutral,neutral,neutral,neutral,
783bcc7babcfe6d9,Retail,neutral,neutral,neutral,neutral,neutral,gold_test
fc7e47de4e5d2e9d,Tech,positive,positive,positive,positive,positive,
50ce3d0baeb09ab2,Tech,neutral,neutral,neutral,neutral,neutral,
9ccd1db15873e485,Social,negative,negative,negative,negative,negative,gold_test
1a152d6171d251ba,Tech,positive,negative,negative,negative,negative,
d2bf8edb700d26ac,Finance,negative,negative,negative,negative,negative,gold_test
a1f816456bfa0104,Tech,neutral,positive,positive,neutral,neutral,
cf991535f4bc3f7e,Tech,negative,negative,negative,negative,negative,
6ac9a783f9806850,Tech,negative,negative,negative,negative,negative,
4c5e6465c7660f7c,Tech,negative,negative,positive,negative,negative,
804f2a9cd3763c7b,Public,neutral,neutral,neutral,neutral,neutral,gold_dev
74e4f3bd6866ecde,Tech,neutral,neutral,neutral,neutral,neutral,
81474d66938773e1,Finance,neutral,neutral,neutral,neutral,neutral,gold_test
6521746ede6c032b,Tech,negative,negative,negative,negative,negative,
10f151995a5b7004,Tech,negative,negative,negative,negative,negative,gold_test
03f1dfe2205a224a,Tech,neutral,neutral,neutral,neutral,neutral,
1b5a92bada178cf2,Finance,neutral,neutral,negative,neutral,neutral,gold_test
4e0fe5fa048b3996,Social,negative,negative,negative,negative,negative,gold_test
5bd69bf603a77e24,Tech,negative,neutral,neutral,neutral,neutral,
b12e25d89ea9dd4d,Tech,neutral,neutral,neutral,neutral,neutral,
1085aefb26e8cbb8,Tech,negative,negative,negative,negative,negative,
bf5730f02135ffc5,Tech,negative,negative,negative,negative,negative,
ef17cb470f76785f,Tech,negative,negative,negative,negative,negative,
ada2576700184e8d,Retail,neutral,neutral,neutral,neutral,neutral,gold_test
930541759b5e9a88,Tech,negative,negative,negative,negative,negative,gold_dev
f8dfa196f150aa5f,Tech,positive,positive,positive,positive,positive,
31506cb13c3cb9fa,Tech,neutral,neutral,neutral,neutral,neutral,
be159b2fffabeaed,Finance,negative,negative,neutral,negative,negative,gold_dev
d8b2387177bed517,Retail,neutral,negative,negative,negative,negative,gold_test
241543527678355c,Tech,negative,negative,negative,negative,negative,
44165a041eecd3b2,Tech,negative,negative,negative,negative,negative,gold_test
3b8b72067711e9f1,Tech,positive,positive,positive,positive,positive,
1fb0ae91e231b87e,Tech,negative,negative,negative,negative,negative,
82170e8599c26da3,Retail,positive,positive,positive,positive,positive,gold_test
f8d1572d25c10ac9,Retail,neutral,neutral,neutral,neutral,neutral,gold_test
18e44b1338c6ae9c,Tech,neutral,neutral,neutral,neutral,neutral,
6352e6f00f792173,Retail,negative,negative,positive,negative,negative,gold_test
6bdea5a3946b0eac,Public,negative,negative,neutral,negative,negative,gold_test
8d90b47f8cecaa41,Retail,positive,negative,negative,negative,negative,gold_dev
821c96e5af4540bc,Tech,negative,negative,negative,negative,negative,gold_test
b48670f9b04c49d7,Tech,neutral,positive,positive,positive,positive,
500b1926fbbd2e65,Tech,negative,negative,negative,negative,negative,
aa445266b23e9b3e,Tech,neutral,negative,neutral,neutral,neutral,gold_dev
ca9fb82d0ccdf584,Tech,neutral,neutral,neutral,neutral,neutral,
2ba0853d0d4f5b5e,Public,positive,negative,negative,negative,negative,gold_dev
c234e5873c899f82,Finance,negative,negative,negative,negative,negative,gold_test
1ac594ba091b0370,Public,negative,negative,negative,negative,negative,gold_test
0bb10f1bc602e83e,Tech,neutral,neutral,neutral,neutral,neutral,
1fbbc1030ff60e5e,Tech,positive,positive,positive,positive,positive,
07f77aed861ed8a0,Tech,negative,negative,neutral,negative,negative,
fbf745b2a6789ed1,Finance,neutral,neutral,neutral,neutral,neutral,gold_test
3115008129fe3c96,Retail,neutral,neutral,neutral,neutral,neutral,gold_test
20dfc65d129a9b89,Tech,negative,negative,neutral,negative,negative,
1cb5bcc566d96de9,Tech,negative,negative,negative,negative,negative,
4a698333b0a4ac72,Tech,neutral,positive,positive,positive,positive,
646eccdc0e88e0e0,Tech,neutral,neutral,neutral,neutral,neutral,
16faa9f889bed1f5,Tech,positive,positive,positive,positive,positive,
416f962444c3db6c,Tech,positive,positive,positive,positive,positive,
3915fb698d2f8530,Tech,neutral,neutral,neutral,neutral,neutral,
89a8b8ad4490558c,Tech,positive,positive,positive,positive,positive,
67cf598492bf9f3a,Tech,neutral,neutral,neutral,neutral,neutral,
937f7dc917fbbc44,Social,positive,positive,positive,positive,positive,gold_test
7796a37507f6507d,Retail,positive,neutral,neutral,neutral,neutral,gold_test
3a14cc01463422ba,Tech,neutral,neutral,neutral,neutral,neutral,gold_test
f7a95e76282c3f64,Tech,neutral,neutral,neutral,neutral,neutral,gold_test
244952f50622f29a,Tech,neutral,positive,positive,positive,positive,
d8f857acb18f8d5b,Tech,negative,negative,negative,negative,negative,
5caaf8dca7133b5c,Tech,negative,negative,negative,negative,negative,gold_test
97820fdd47628293,Tech,positive,positive,positive,positive,positive,
7b9917ae484adc0e,Social,positive,positive,positive,positive,positive,gold_dev
cd84b09329260942,Tech,negative,negative,negative,negative,negative,
38e8066b28994067,Tech,neutral,neutral,neutral,neutral,neutral,
0308a21cf65fb4bf,Tech,neutral,neutral,neutral,neutral,neutral,
6c25a7883e3ab2e8,Tech,neutral,neutral,neutral,neutral,neutral,
e3a3c5680106feb2,Tech,neutral,positive,positive,positive,positive,
cfaca8f47b23091e,Tech,negative,negative,negative,negative,negative,
001d8f6342dd6995,Finance,neutral,neutral,neutral,neutral,neutral,gold_train
e9ad17559a90006b,Tech,positive,negative,negative,negative,negative,
4b11fa664af26e7a,Tech,neutral,negative,negative,negative,negative,
e4884e3158b92144,Finance,negative,negative,neutral,negative,negative,gold_train
573ae1b60ac0ca74,Tech,positive,positive,positive,positive,positive,
19708e22fe5fe004,Tech,negative,negative,negative,negative,negative,
adbcbcbb479c51ab,Tech,negative,negative,negative,negative,negative,
ee62795f283833d1,Social,positive,positive,negative,positive,positive,gold_test
11aca2968730536d,Tech,negative,neutral,neutral,neutral,neutral,gold_test
fcafb2a47b728b11,Tech,positive,positive,neutral,positive,positive,
c8836634adb219a9,Tech,positive,positive,positive,positive,positive,
89ecb185280ee674,Tech,neutral,neutral,neutral,neutral,neutral,
ddf185f4a25c017c,Finance,positive,positive,positive,positive,positive,gold_dev
48b56c6de8c21426,Tech,positive,positive,positive,positive,positive,
eee858769719aba4,Tech,neutral,negative,neutral,neutral,neutral,
9390e9ca66b73c89,Tech,neutral,neutral,neutral,neutral,neutral,
ff4b2585348c8c6e,Tech,neutral,neutral,neutral,neutral,neutral,
c00e53bd540bc3fb,Tech,neutral,neutral,neutral,neutral,neutral,
e9312d2b72a1c475,Tech,positive,positive,positive,positive,positive,gold_dev
aba9f116da189585,Tech,positive,neutral,positive,positive,positive,
2c6612f55826335b,Tech,neutral,neutral,positive,neutral,neutral,
af711541e823a187,Tech,positive,negative,negative,negative,negative,
c591314976f41c44,Finance,positive,negative,negative,negative,negative,gold_test
b4fc51881ac0a1e3,Tech,negative,negative,negative,negative,negative,
e9e6fc653a763fbc,Finance,positive,positive,positive,positive,positive,gold_train
768f173de229c7c1,Tech,positive,positive,neutral,positive,positive,
3179b0f353a0f5a5,Retail,positive,positive,positive,positive,positive,gold_test
017932ef2f252b35,Finance,negative,negative,negative,negative,negative,gold_test
416092560f3f2db3,Finance,positive,positive,positive,positive,positive,gold_test
86d93f0d55d2e8c1,Retail,positive,positive,positive,positive,positive,gold_test
65be5242e0f0c894,Tech,positive,positive,positive,positive,positive,gold_test
9515eecc5fad38d8,Tech,negative,negative,positive,negative,negative,gold_test
90d848ce98750a21,Tech,neutral,neutral,neutral,neutral,neutral,
1c42e79e578df17f,Tech,neutral,neutral,neutral,neutral,neutral,
ca673fc009275dd3,Public,neutral,neutral,neutral,neutral,neutral,gold_test
fd782e56e55ed8cf,Retail,negative,neutral,neutral,neutral,neutral,gold_dev
94407cb0346d3bea,Retail,neutral,neutral,negative,neutral,neutral,gold_dev
b18fe878ea22df60,Tech,positive,positive,positive,positive,positive,
7851cbdccfa0ba4f,Tech,neutral,negative,negative,negative,negative,
d25ca6c71f4dd255,Tech,negative,neutral,neutral,neutral,neutral,
646ceb7c04a72be4,Public,neutral,neutral,neutral,neutral,neutral,gold_test
aa9d93c99591b046,Tech,neutral,neutral,neutral,neutral,neutral,
e803ffd6660f2bef,Tech,neutral,neutral,neutral,neutral,neutral,
a2e974ccb370bcdb,Public,neutral,negative,negative,negative,negative,gold_dev
0ed40c797e198750,Tech,neutral,neutral,neutral,neutral,neutral,
657d55286ef38e42,Finance,negative,negative,negative,negative,negative,gold_test
bcedd58148fdda6b,Tech,positive,negative,negative,negative,negative,gold_test
e4e55e0f8af5fabd,Tech,neutral,neutral,neutral,neutral,neutral,
fcd35074b98db698,Tech,neutral,neutral,neutral,neutral,neutral,
68d57a25f39b2bb8,Tech,neutral,neutral,neutral,neutral,neutral,
07ad9f5e3de6e22b,Tech,neutral,negative,neutral,neutral,neutral,
16d75ecdeda37cee,Tech,negative,negative,negative,negative,negative,
a77e2bb825ba75a5,Tech,neutral,neutral,neutral,neutral,neutral,
2daeee66a8214314,Tech,positive,positive,neutral,positive,positive,
50ea7bf62a406294,Tech,positive,positive,positive,positive,positive,
9c30384cb187bc52,Tech,neutral,neutral,neutral,neutral,neutral,
d684d0e29b2795bd,Tech,positive,positive,positive,positive,positive,
02e8da9ccd7c46ae,Tech,positive,positive,negative,positive,positive,gold_test
f69b35334fdfdec5,Tech,neutral,neutral,negative,neutral,neutral,
dcdff803cebd1ace,Retail,neutral,neutral,neutral,neutral,neutral,gold_test
b511820c81c68d8a,Tech,neutral,neutral,neutral,neutral,neutral,
755e2e19953d0a99,Tech,neutral,neutral,neutral,neutral,neutral,
bb7dd70a4075437d,Public,neutral,neutral,neutral,neutral,neutral,gold_dev
65e2b530baecdeda,Social,positive,positive,negative,positive,positive,gold_test
9da4bcd956db2362,Tech,negative,negative,negative,negative,negative,
c38775a86b082908,Finance,negative,neutral,neutral,neutral,neutral,gold_train
34d9795609929703,Tech,neutral,neutral,neutral,neutral,neutral,
0d39cd1aeab1e6b3,Tech,neutral,neutral,neutral,neutral,neutral,
eb65f950fca76b62,Social,positive,positive,positive,positive,positive,gold_test
6f4bb19d0c17a9eb,Tech,neutral,negative,neutral,neutral,neutral,
aae65a5e9b61b09a,Tech,neutral,neutral,neutral,neutral,neutral,
f0ed0e21c5cc4a1e,Tech,neutral,positive,neutral,neutral,neutral,
3d95cfd3324917a0,Tech,negative,negative,negative,negative,negative,gold_dev
4613c47656dd2c76,Tech,neutral,neutral,positive,neutral,neutral,
90468cbd0968215c,Tech,positive,positive,positive,positive,positive,
6c2a8cbc86e10f8e,Tech,positive,positive,positive,positive,positive,
eaca6ad27cca468b,Tech,neutral,neutral,negative,neutral,neutral,
098ab7be72b04cd8,Tech,neutral,neutral,neutral,neutral,neutral,gold_test
1fa291873a6f87cb,Tech,negative,negative,negative,negative,negative,
77e625c49b3cfe8c,Tech,neutral,neutral,neutral,neutral,neutral,
7375423b1089d42c,Tech,positive,positive,positive,positive,positive,
f2446677336e6472,Tech,negative,negative,negative,negative,negative,
b9626db7b348477b,Retail,positive,positive,positive,positive,positive,gold_test
422ca5f30e0720ae,Tech,negative,negative,negative,negative,negative,gold_test
ab3c277010838f49,Finance,negative,negative,negative,negative,negative,gold_train
014f7f2e1d806222,Tech,negative,negative,negative,negative,negative,
ac7a123498bdc8e3,Tech,positive,positive,positive,positive,positive,
332d56959b0ed077,Tech,negative,positive,negative,negative,negative,
c9d87953dad6faba,Tech,neutral,neutral,neutral,neutral,neutral,gold_train
a9712431ca00de33,Tech,negative,negative,negative,negative,negative,
4bb7b284ed888ba3,Tech,negative,negative,negative,negative,negative,
2def48bdcba9af60,Tech,neutral,neutral,neutral,neutral,neutral,
7939c6cafc100962,Tech,positive,positive,positive,positive,positive,
8a9d64221a16ef90,Tech,neutral,neutral,neutral,neutral,neutral,
fad23657c99c1d54,Social,negative,negative,negative,negative,negative,gold_test
b171cf224b1f11e5,Tech,neutral,neutral,negative,neutral,neutral,
f2ea5e0241015689,Public,negative,negative,negative,negative,negative,gold_test
2e75d953f5bb7540,Social,positive,positive,positive,positive,positive,gold_test
59c151aad3ca47b1,Tech,neutral,negative,neutral,neutral,neutral,
3a5b44f1917901ed,Tech,negative,negative,negative,negative,negative,gold_test
159d08644a51ace1,Tech,negative,negative,negative,negative,negative,
77d19b9b16a0b9c8,Tech,neutral,neutral,neutral,neutral,neutral,
a210d46992845998,Tech,negative,negative,negative,negative,negative,
21bb6b86687882dc,Tech,negative,negative,negative,negative,negative,gold_train
e6b7ef3e025db98d,Tech,negative,negative,negative,negative,negative,
c6cb1495d4aff829,Tech,negative,negative,negative,negative,negative,
cab45568439c2afb,Social,negative,negative,negative,negative,negative,gold_test
0b432b124320602a,Tech,negative,negative,neutral,negative,negative,
cd16b34657771be6,Tech,positive,positive,positive,positive,positive,
bbfc0a3ce7747769,Tech,neutral,neutral,neutral,neutral,neutral,
7380da5a775f9304,Tech,negative,negative,negative,negative,negative,
56fe0c4b952e8364,Tech,negative,negative,neutral,negative,negative,
af7c590bcab913ab,Tech,neutral,neutral,neutral,neutral,neutral,
8b576693a0e765fb,Tech,neutral,neutral,neutral,neutral,neutral,
a121e5384863197b,Tech,negative,negative,negative,negative,negative,
117c8d912650337a,Tech,negative,negative,negative,negative,negative,gold_test
f71674faf63a8fdc,Tech,neutral,neutral,neutral,neutral,neutral,
5adcf3c6afba9346,Tech,negative,negative,positive,negative,negative,
925faa10ed2152d5,Tech,neutral,neutral,neutral,neutral,neutral,
892d6f27f872c5a9,Retail,neutral,neutral,neutral,neutral,neutral,gold_dev
3a56b3e777eef04b,Tech,neutral,neutral,neutral,neutral,neutral,
79f6108938665b93,Tech,positive,positive,positive,positive,positive,gold_test
19baa48c627a6456,Tech,neutral,neutral,neutral,neutral,neutral,
3e3bc57e80f33eef,Tech,neutral,negative,negative,negative,negative,
f119d1d7e557bd4d,Tech,negative,neutral,negative,negative,negative,
4f1acd32a59f1657,Tech,negative,negative,negative,negative,negative,gold_dev
51f44ea369c56722,Public,negative,negative,negative,negative,negative,gold_test
e642fbd8f001e9ca,Social,negative,negative,negative,negative,negative,gold_test
995e107b9a20ce1c,Tech,negative,negative,negative,negative,negative,
2e8bdf9cf55603d3,Public,negative,negative,negative,negative,negative,gold_test
7dc3df2a15ed1d0a,Tech,negative,neutral,neutral,neutral,neutral,
77850e3a9a893062,Tech,neutral,neutral,neutral,neutral,neutral,
9e2639235e1980f9,Tech,negative,negative,positive,negative,negative,
0b4c13e693ca0acd,Tech,negative,negative,negative,negative,negative,
e049b6a188334805,Tech,positive,neutral,positive,positive,positive,
1b05f96fa8c7df33,Tech,negative,negative,positive,negative,negative,
8f6781e0ebd5d2ba,Tech,negative,negative,negative,negative,negative,
24b41df223ba86c1,Tech,negative,neutral,neutral,neutral,neutral,
27572919fd84afe1,Tech,negative,negative,negative,negative,negative,
0a69dcffb1580aab,Tech,negative,negative,negative,negative,negative,gold_test
a34184bb325c753f,Tech,neutral,neutral,neutral,neutral,neutral,
077361282726c952,Tech,positive,neutral,neutral,neutral,neutral,gold_test
857000732a90063a,Tech,neutral,neutral,neutral,neutral,neutral,
369bcfcab9cc1217,Tech,negative,negative,negative,negative,negative,
38b94fa926bf94dd,Tech,neutral,neutral,neutral,neutral,neutral,gold_dev
282e408b3000e2f5,Social,positive,positive,positive,positive,positive,gold_test
a31b2ca8dfbb504f,Tech,negative,positive,negative,negative,negative,
23784bb68ec632f8,Tech,negative,negative,negative,negative,negative,
a96060a684f84e16,Tech,neutral,neutral,neutral,neutral,neutral,
a0d29aa3dbe4b6cc,Tech,neutral,neutral,neutral,neutral,neutral,
3346202093145e9a,Tech,neutral,negative,neutral,neutral,neutral,
506c340711553626,Tech,neutral,neutral,neutral,neutral,neutral,
ea7394053ebe73fe,Social,positive,positive,positive,positive,positive,gold_dev
f218030b57c69ed3,Social,negative,negative,negative,negative,negative,gold_test
b3dc807db12b6ebe,Tech,negative,negative,negative,negative,negative,
6bb3ea85b743874e,Retail,neutral,neutral,neutral,neutral,neutral,gold_dev
70ac6c93de6d9b0c,Retail,neutral,neutral,neutral,neutral,neutral,gold_test
de82e0331b585e5c,Tech,neutral,neutral,neutral,neutral,neutral,
89d3413d87ff640e,Tech,negative,negative,negative,negative,negative,
84bde07ef7f14314,Retail,neutral,neutral,neutral,neutral,neutral,gold_dev
d1acfc226fba4527,Tech,neutral,neutral,neutral,neutral,neutral,
caec4776061310a6,Tech,neutral,neutral,neutral,neutral,neutral,gold_test
c0d3a1edc8211928,Tech,negative,negative,negative,negative,negative,
29411f4efc858359,Social,neutral,neutral,neutral,neutral,neutral,gold_test
220402422d38101b,Social,negative,negative,negative,negative,negative,gold_test
82e66ed5b660de5e,Tech,negative,negative,negative,negative,negative,
ccf4ef90053acd7c,Tech,positive,positive,positive,positive,positive,gold_test
8248cfbf3c709e43,Tech,neutral,neutral,neutral,neutral,neutral,
ada26f0fbb5419e7,Tech,neutral,negative,neutral,neutral,neutral,
54575d00d8ea2398,Social,negative,negative,negative,negative,negative,gold_test
67f522fe5a60d47a,Tech,negative,negative,negative,negative,negative,
396abef57fe957b9,Finance,negative,negative,negative,negative,negative,gold_test
89991a58a595b235,Tech,neutral,neutral,neutral,neutral,neutral,
6ce1b533065dc920,Retail,positive,neutral,neutral,neutral,neutral,gold_dev
32c02139d2c4e241,Tech,positive,positive,positive,positive,positive,
f55964482f2e1b48,Retail,positive,positive,positive,positive,positive,gold_test
a64ce843bda2805b,Social,neutral,neutral,negative,neutral,neutral,gold_test
00e8daed2bd241e6,Tech,negative,positive,positive,positive,positive,
c797cb041adee0bf,Tech,neutral,neutral,neutral,neutral,neutral,
c0f7f8dcdffe9fed,Tech,negative,negative,negative,negative,negative,
777f7bae6cd4e731,Public,negative,negative,positive,negative,negative,gold_test
4f5b137bd911f66c,Tech,neutral,positive,positive,positive,positive,
17932a8d1265a57d,Finance,positive,positive,positive,positive,positive,gold_test
8c3e7d4714b92fb1,Finance,negative,negative,negative,negative,negative,gold_test
2cb1325662ba2328,Finance,neutral,neutral,neutral,neutral,neutral,gold_train
c6a687dee7eaafdd,Public,negative,negative,negative,negative,negative,gold_test
68b31a5427ce8b8d,Tech,neutral,positive,neutral,neutral,neutral,
e2254b207b80635e,Tech,neutral,neutral,neutral,neutral,neutral,
ee1f9eae852331a1,Tech,positive,positive,positive,positive,positive,
ac634f8d52adf2e9,Retail,neutral,neutral,neutral,neutral,neutral,gold_dev
ab4162e0b26c8532,Finance,positive,positive,positive,positive,positive,gold_test
719ebdcf089ce4b6,Social,negative,negative,negative,negative,negative,gold_test
993177e8d3d26156,Tech,neutral,neutral,neutral,neutral,neutral,gold_train
2b41cb181278d675,Tech,neutral,neutral,neutral,neutral,neutral,
e3bfe27e85689d3f,Finance,negative,negative,negative,negative,negative,gold_test
12ab8ffdd42c3319,Tech,neutral,neutral,neutral,neutral,neutral,
10c6b700b9371716,Retail,negative,negative,negative,negative,negative,gold_test
6b88fa1520fc32e7,Tech,negative,negative,negative,negative,negative,
3f078a2a8451b8f5,Social,neutral,neutral,negative,neutral,neutral,gold_test
a16737c788e332c5,Finance,positive,positive,positive,positive,positive,gold_test
ee47403b542f882b,Finance,negative,negative,negative,negative,negative,gold_train
adb3160de88c29a6,Tech,positive,positive,positive,positive,positive,
4762931cf15712de,Public,positive,negative,positive,positive,positive,gold_test
99612f74a3d07d18,Tech,neutral,neutral,neutral,neutral,neutral,
d3e0195909801db3,Public,negative,negative,negative,negative,negative,gold_test
9e99daf9568a8a86,Finance,negative,negative,negative,negative,negative,gold_test
aa52de6aec9f10d5,Tech,neutral,neutral,neutral,neutral,neutral,
b5132a8d5a5eab0a,Tech,positive,positive,positive,positive,positive,gold_test
74c68f1e680e8583,Tech,neutral,neutral,neutral,neutral,neutral,
2bdc068699b1d507,Tech,negative,negative,negative,negative,negative,gold_dev
a77ecc7dacca3d58,Tech,neutral,neutral,neutral,neutral,neutral,
467ae8df5bd8c3ee,Retail,neutral,neutral,neutral,neutral,neutral,gold_test
ffed72a5390460c7,Public,neutral,neutral,neutral,neutral,neutral,gold_test
ea9e006f95345a89,Public,positive,neutral,neutral,neutral,neutral,gold_train
d93ecda2f960edee,Tech,negative,negative,negative,negative,negative,
e3fb31ba155d5ee4,Tech,neutral,neutral,positive,neutral,neutral,
4d17b8ce08cb976b,Social,neutral,neutral,neutral,neutral,neutral,gold_test
8633141d9d0be668,Tech,neutral,neutral,neutral,neutral,neutral,
4700d97eb61c60e2,Tech,positive,positive,positive,positive,positive,
6b12424a986d9c17,Social,positive,neutral,positive,positive,positive,gold_test
3da0013f6e99db66,Tech,positive,positive,positive,positive,positive,
b47f68b76ff04eee,Tech,positive,positive,positive,positive,positive,
b465e169b6e76503,Tech,positive,negative,positive,positive,positive,gold_test
5ad0d039e77ae4e8,Social,positive,positive,positive,positive,positive,gold_test
ed6b42b547bae6b7,Tech,positive,negative,positive,positive,positive,
46be79f0a6c1aa73,Tech,positive,positive,positive,positive,positive,gold_test
425a0e636d1430a3,Retail,positive,positive,positive,positive,positive,gold_test
568fcfb3ff48ed50,Tech,positive,positive,positive,positive,positive,gold_test
36f10c7321075e11,Tech,positive,positive,positive,positive,positive,gold_test
193d7940d963eb21,Public,neutral,neutral,neutral,neutral,neutral,gold_test
7b566737350ef2a0,Tech,positive,positive,positive,positive,positive,
ed1922842699abcb,Social,positive,positive,positive,positive,positive,gold_dev
a3c70835363be2dc,Tech,positive,neutral,neutral,neutral,neutral,
b47d292e854f3233,Tech,negative,neutral,neutral,neutral,neutral,
956efda04ebc6314,Tech,positive,positive,positive,positive,positive,
f3485611642dade9,Tech,positive,positive,positive,positive,positive,gold_test
6ea80efeba6a65f8,Tech,positive,positive,positive,positive,positive,gold_test
9c1065d955bdedb4,Tech,neutral,negative,negative,negative,negative,gold_dev
c5f6fde8cd7156b0,Tech,negative,negative,negative,negative,negative,gold_test
60b6364770d4a274,Tech,negative,negative,negative,negative,negative,
0d85cb4d50ef0d2e,Tech,neutral,neutral,neutral,neutral,neutral,
7235f04d61d01764,Public,negative,negative,negative,negative,negative,gold_test
6e8f32ca65f961f7,Public,negative,negative,negative,negative,negative,gold_test
be43aa9338ae2a6e,Social,negative,negative,negative,negative,negative,gold_test
a8a01badcb232277,Tech,negative,negative,negative,negative,negative,
02e0554595e608d6,Tech,negative,negative,negative,negative,negative,gold_test
189fc2dca01c18a3,Public,negative,negative,negative,negative,negative,gold_test
5d60b7cb42732a36,Tech,positive,positive,positive,positive,positive,
89c559b9853d5bce,Tech,neutral,neutral,neutral,neutral,neutral,
1f67eac1512c2c11,Finance,neutral,neutral,neutral,neutral,neutral,gold_train
7938261964cdf6ad,Tech,positive,positive,positive,positive,positive,
3c5ac85c232c6329,Tech,negative,negative,negative,negative,negative,
d353aa134bbc2ccb,Finance,positive,positive,positive,positive,positive,gold_test
fa7fd7578dfd4017,Tech,positive,positive,positive,positive,positive,gold_test
04a3cbf4ff6b9c5c,Tech,negative,negative,negative,negative,negative,gold_test
4d5d8de8d92a28a9,Tech,positive,positive,positive,positive,positive,
e0c26d09c2abbfde,Social,positive,positive,positive,positive,positive,gold_test
4dca7960efb8f22d,Social,neutral,negative,negative,negative,negative,gold_test
c2d091f9c2dd910f,Tech,positive,positive,positive,positive,positive,
3c530335795a0488,Tech,positive,positive,positive,positive,positive,
596e5749cdabc68c,Retail,neutral,neutral,neutral,neutral,neutral,gold_test
33a18e1f8b27e310,Tech,neutral,neutral,neutral,neutral,neutral,
54dca5c343c240ef,Social,positive,positive,positive,neutral,neutral,gold_test
b10ee0d07c19f898,Tech,neutral,neutral,neutral,neutral,neutral,
33d26e16ccc63272,Tech,negative,negative,negative,negative,negative,
9946d5b894b9f8ba,Tech,positive,positive,positive,positive,positive,gold_test
d8fcbe43ac4afa9b,Retail,positive,positive,positive,positive,positive,gold_test
940d491828990b4d,Tech,negative,positive,negative,negative,negative,
9f263ab752f9dc0b,Finance,negative,negative,negative,negative,negative,gold_test
05d824ac63d4ec82,Public,negative,negative,negative,negative,negative,gold_dev
62c79218d9cb7fa2,Public,negative,positive,negative,negative,negative,gold_train
7530d59f915723bc,Tech,neutral,positive,neutral,neutral,neutral,
03d7189f36cc3b5b,Public,positive,positive,positive,positive,positive,gold_test
f3f901ea0ecde708,Social,negative,negative,negative,negative,negative,gold_test
3428b461e09e6342,Tech,neutral,neutral,neutral,neutral,neutral,
64d8fd57737a5e0d,Retail,positive,positive,positive,positive,positive,gold_test
010aea55d4df899c,Tech,negative,negative,negative,negative,negative,gold_train
e6215ae77870b682,Tech,positive,neutral,neutral,neutral,neutral,
b312162666f1c475,Tech,negative,negative,negative,negative,negative,
1c73ae5c36bad999,Tech,negative,negative,negative,negative,negative,
78faaa94beaa3769,Social,positive,positive,positive,positive,positive,gold_test
0eec56f372100f1e,Social,neutral,neutral,neutral,neutral,neutral,gold_test
abd957ba5b79c1db,Tech,neutral,negative,neutral,neutral,neutral,
e355b242b6b891fe,Tech,positive,positive,neutral,positive,positive,
96f42593ca2fff17,Tech,positive,positive,positive,positive,positive,
8d20ceee1408f408,Retail,neutral,neutral,neutral,neutral,neutral,gold_dev
7021bbbb649c4790,Tech,positive,positive,positive,positive,positive,
d5c0db8588786c2c,Tech,positive,positive,positive,positive,positive,
6dd94ce5d650a6e4,Tech,negative,negative,neutral,negative,negative,
5b79762fa3312920,Tech,neutral,neutral,neutral,neutral,neutral,
f3d67458c33d25a7,Tech,neutral,neutral,neutral,neutral,neutral,
a3fbf91ed6299037,Tech,positive,positive,positive,positive,positive,gold_test
987c4efd7055e28f,Social,positive,positive,positive,positive,positive,gold_test
42ff580bec30db2b,Tech,positive,positive,positive,positive,positive,gold_test
d0e5538ee2d12505,Tech,neutral,neutral,neutral,neutral,neutral,
2c09e6abdfe32327,Finance,neutral,negative,negative,negative,negative,gold_test
ed717e39cc925326,Public,positive,positive,positive,positive,positive,gold_test
62d3d552e2e1ad22,Finance,neutral,neutral,positive,positive,positive,gold_train
695eea3abc69b785,Public,positive,positive,positive,positive,positive,gold_dev
2b5ff223fd81d371,Tech,neutral,neutral,neutral,neutral,neutral,
14fa3f919095ddbb,Tech,positive,positive,negative,positive,positive,gold_dev
1828e43c0bf48e78,Public,positive,positive,positive,positive,positive,gold_test
04efe208866ce4bf,Social,positive,positive,positive,positive,positive,gold_dev
d2c89954decdb9e8,Public,positive,positive,positive,positive,positive,gold_test
b0e7d2870a5beba1,Tech,neutral,neutral,neutral,neutral,neutral,
9efb0263eb22926a,Finance,negative,positive,positive,positive,positive,gold_test
da0f1926e3021f35,Tech,neutral,neutral,neutral,neutral,neutral,
da5a259efe6d9184,Tech,positive,positive,positive,positive,positive,gold_test
df0cff70e5c4ef46,Public,neutral,neutral,neutral,neutral,neutral,gold_test
18e9a36d6fc392ff,Retail,positive,positive,positive,positive,positive,gold_test
d0d2205b384966b7,Social,positive,positive,positive,positive,positive,gold_dev
2c4c34c94402a5ac,Public,positive,positive,positive,positive,positive,gold_test
71f554743926303b,Finance,positive,positive,positive,positive,positive,gold_test
d1ba58e10e88eb38,Retail,positive,positive,positive,positive,positive,gold_test
a793bee32c001557,Retail,neutral,negative,neutral,neutral,neutral,gold_test
a484173c563133d6,Tech,positive,positive,positive,positive,positive,
743723f7e0fb9169,Tech,negative,negative,negative,negative,negative,gold_test
6ab6be706e0c9986,Tech,neutral,neutral,neutral,neutral,neutral,
0da9c44164adeb07,Retail,negative,negative,negative,negative,negative,gold_test
ad31f86225b9548e,Public,negative,negative,negative,negative,negative,gold_dev
b9c203d6b9e0dd46,Tech,positive,neutral,neutral,neutral,neutral,
8ec8c6da70a995a0,Tech,negative,negative,negative,negative,negative,gold_test
a9571c841d9537e0,Tech,negative,negative,negative,negative,negative,
7c542cbf222aa17e,Public,negative,negative,negative,negative,negative,gold_dev
6146091b3c2ef48e,Tech,negative,negative,negative,negative,negative,
c07b24efe796c7ea,Tech,negative,negative,negative,negative,negative,
482f00dc729ce344,Tech,positive,positive,positive,positive,positive,
8eda58b7177ec8de,Tech,neutral,neutral,neutral,neutral,neutral,
aea33eb103363fdd,Tech,negative,negative,negative,negative,negative,
81352c474aa3fb69,Finance,neutral,neutral,neutral,neutral,neutral,gold_train
6627ac8b20be909d,Tech,negative,negative,negative,negative,negative,
93b8b806a495c8ac,Tech,negative,negative,negative,negative,negative,
d8e9dd563657448d,Tech,negative,negative,negative,negative,negative,gold_train
617ba6a5616517e9,Tech,neutral,neutral,neutral,neutral,neutral,
8049ccea8d0c85cb,Finance,negative,negative,negative,negative,negative,gold_test
826667b92fdf873a,Tech,negative,negative,negative,negative,negative,
7caed82e0dc7e187,Tech,neutral,positive,neutral,neutral,neutral,
29b4522c8b345ed4,Tech,neutral,neutral,neutral,neutral,neutral,gold_dev
7aedded89a9e04f5,Tech,positive,positive,positive,positive,positive,
2047b89a58c9272a,Public,negative,negative,negative,negative,negative,gold_dev
580dbbc04d147730,Tech,neutral,neutral,neutral,neutral,neutral,
96c5efe9e62654f0,Public,neutral,neutral,neutral,neutral,neutral,gold_train
e94c5dd8dc2c7411,Tech,neutral,neutral,neutral,neutral,neutral,
d947f67bdd393a85,Tech,positive,positive,positive,positive,positive,
2e3ec0e70fa9f397,Tech,neutral,negative,negative,negative,negative,
95502694227011c6,Retail,neutral,neutral,neutral,neutral,neutral,gold_test
df063998b26be10c,Social,negative,negative,negative,negative,negative,gold_test
f80501010634eaab,Tech,neutral,neutral,neutral,neutral,neutral,
852e8dc02dae8804,Public,negative,negative,negative,negative,negative,gold_dev
e27ac332a22ab70d,Retail,positive,positive,positive,positive,positive,gold_test
6d14f7615e3c8b15,Social,negative,negative,negative,negative,negative,gold_test
7f19faa7c2a0d0ea,Tech,neutral,neutral,neutral,neutral,neutral,
2ef1d68af96647fd,Tech,negative,negative,negative,negative,negative,
c7216d90a1aeaf4a,Tech,positive,positive,positive,positive,positive,gold_test
90574083bebb490d,Tech,negative,negative,negative,negative,negative,
115fe485fd05a234,Tech,negative,negative,negative,negative,negative,
e089022dc93afc47,Tech,neutral,neutral,neutral,neutral,neutral,
f4564b56ec9d5c49,Tech,neutral,neutral,neutral,neutral,neutral,
eb630c9edc92e741,Retail,neutral,neutral,neutral,neutral,neutral,gold_test
2a1cf4b14444e299,Retail,neutral,neutral,neutral,neutral,neutral,gold_test
a37e66bec628eeda,Tech,negative,negative,negative,negative,negative,
b3b65bdc8c4240dd,Retail,negative,negative,neutral,negative,negative,gold_test
9d10ae124af3350d,Retail,neutral,negative,negative,negative,negative,gold_test
41d42609f82881df,Tech,neutral,neutral,neutral,neutral,neutral,
fd4c14f69cbe3ec8,Tech,negative,negative,negative,negative,negative,
21b8a3803ace2ddb,Tech,negative,negative,negative,negative,negative,
b4bbbc00f73fd3eb,Tech,positive,positive,positive,positive,positive,
da80d321e3a42d57,Retail,negative,neutral,negative,negative,negative,gold_test
9026affe09ddb672,Tech,positive,positive,positive,positive,positive,gold_test
b1cc859a072b14b5,Retail,negative,negative,negative,negative,negative,gold_test
6c7bbb3ee80447ec,Retail,negative,positive,negative,negative,negative,gold_test
77039f1592f74ced,Tech,neutral,negative,negative,negative,negative,
91a3a7bc3eeb32b1,Tech,negative,negative,negative,negative,negative,
d68c523a9d450a35,Tech,neutral,neutral,negative,neutral,neutral,
3fc150786a30b854,Tech,neutral,negative,negative,negative,negative,
ac34f11ffca74784,Tech,neutral,neutral,neutral,neutral,neutral,
41e22965e7a90ace,Tech,neutral,neutral,neutral,neutral,neutral,
361009129232ddfb,Social,negative,negative,negative,negative,negative,gold_test
4e38459413e2f8f9,Social,positive,positive,positive,positive,positive,gold_test
855758e42bc0e779,Tech,positive,positive,neutral,positive,positive,
b400439bee4d535f,Tech,positive,neutral,neutral,neutral,neutral,
7b56a4fadc698034,Tech,neutral,positive,neutral,neutral,neutral,
e06eb66b07b81dd2,Tech,positive,negative,positive,positive,positive,
36c77d706f342193,Tech,neutral,neutral,neutral,neutral,neutral,
d42ca6a9a1ddffc7,Tech,neutral,neutral,neutral,neutral,neutral,
e9578be5c37d34eb,Tech,positive,positive,positive,positive,positive,
1b390c38c5c761e7,Tech,neutral,positive,neutral,neutral,neutral,
6c3f66d3bcfdcd87,Tech,negative,negative,negative,negative,negative,
05c9a5af0d1ffd94,Tech,neutral,positive,positive,positive,positive,
108a3c922163366a,Tech,neutral,neutral,neutral,neutral,neutral,
a830a325134776f1,Tech,negative,negative,negative,negative,negative,
a02c55257971a3e7,Tech,positive,neutral,positive,positive,positive,
cbf5da1811d3cc85,Tech,negative,negative,negative,negative,negative,
555b847c54cc3ca4,Tech,negative,negative,negative,negative,negative,
e0e57faa83a87ae6,Tech,neutral,negative,neutral,neutral,neutral,
c1d5675ec937f6b1,Tech,neutral,neutral,negative,neutral,neutral,
b7c8259cdb71f453,Tech,negative,negative,negative,negative,negative,
d4032504fd93ae47,Tech,negative,negative,negative,negative,negative,
9af4e5b8c59a68e4,Tech,negative,negative,negative,negative,negative,
4b1a66d4ffa91039,Tech,positive,neutral,positive,positive,positive,
30357553d97df059,Tech,positive,positive,positive,positive,positive,
5f448a649153164f,Tech,positive,positive,negative,positive,positive,
48ad262b551e0ed8,Tech,neutral,neutral,neutral,neutral,neutral,
d461380698b0c75a,Tech,neutral,neutral,neutral,neutral,neutral,
058fb5dc4d41f8d6,Tech,positive,positive,positive,positive,positive,
15cb40c10f7a3162,Tech,negative,negative,negative,negative,negative,
a2af6a3b40fbd493,Tech,negative,negative,negative,negative,negative,
4581e22dc388a7e1,Tech,negative,negative,positive,negative,negative,
c7b26b1321354a84,Social,positive,positive,positive,positive,positive,gold_test
1218ff2390548cff,Tech,positive,positive,positive,positive,positive,
3d5c0001d4c6e599,Public,negative,positive,negative,negative,negative,gold_train
abf546981f3917f2,Public,negative,negative,negative,negative,negative,gold_dev
786b090a4cc89aa6,Tech,neutral,neutral,neutral,neutral,neutral,
0102548553b3ae46,Tech,neutral,neutral,neutral,neutral,neutral,
8633f829a70bb997,Public,negative,negative,negative,negative,negative,gold_train
f888fe76a152e6a6,Public,negative,negative,negative,negative,negative,gold_dev
ebea672f67f42ea3,Public,negative,neutral,negative,negative,negative,gold_train
b74d8a2e358c0489,Tech,negative,negative,negative,negative,negative,
69327bc976f6bdc7,Retail,positive,positive,positive,positive,positive,gold_dev
107bc165a444c307,Tech,positive,positive,positive,positive,positive,
21ea9f5449c338a6,Tech,negative,negative,positive,negative,negative,
6112f45dc57763dd,Tech,neutral,positive,neutral,neutral,neutral,
76c84c59d598b6ad,Retail,neutral,neutral,neutral,neutral,neutral,gold_test
f77c3d4abd5566fc,Public,neutral,neutral,neutral,neutral,neutral,gold_train
22f81264efee2dfc,Tech,negative,negative,negative,negative,negative,
23dec2c8fd6f369d,Tech,neutral,neutral,neutral,neutral,neutral,
2a884fb0b128ab51,Finance,negative,positive,positive,positive,positive,gold_train
2076e765732d513c,Tech,negative,neutral,neutral,neutral,neutral,
aa0efde1175edea7,Tech,negative,neutral,neutral,neutral,neutral,
e8b543427087ee06,Retail,neutral,neutral,neutral,neutral,neutral,gold_test
b720ae56e194ab90,Tech,positive,positive,negative,positive,positive,
08bbdf943f5b86b1,Tech,positive,positive,positive,positive,positive,
494d0329e3bb1bc5,Retail,neutral,neutral,neutral,neutral,neutral,gold_test
bf6e2a63cb32791a,Tech,neutral,neutral,neutral,neutral,neutral,
d261206b2f1a64ca,Tech,negative,negative,negative,negative,negative,
7cec1d14d125df01,Tech,positive,negative,negative,negative,negative,
752f34b61647d14c,Tech,negative,negative,negative,negative,negative,
8b3275ec9b784ef0,Tech,negative,negative,negative,negative,negative,
4c6462057a4aea0e,Retail,neutral,neutral,negative,neutral,neutral,gold_test
6f6796b5101e8e7e,Retail,negative,negative,negative,negative,negative,gold_test
da2a7ffbf54c93bb,Social,negative,negative,negative,negative,negative,gold_test
7c1c43a2f57d820c,Finance,neutral,neutral,neutral,neutral,neutral,gold_train
4edb6560768181e0,Retail,neutral,neutral,neutral,neutral,neutral,gold_test
38b0b1368523deb5,Social,negative,negative,negative,negative,negative,gold_test
e95c064b19817492,Tech,positive,positive,positive,positive,positive,
d1c037e863448496,Tech,positive,positive,positive,positive,positive,
33a4401efdba1a05,Tech,neutral,neutral,neutral,neutral,neutral,
be292c8840517524,Public,negative,negative,negative,negative,negative,gold_test
825439ff9cec7cb4,Social,positive,positive,positive,positive,positive,gold_test
d45008ecb9a44789,Tech,neutral,neutral,neutral,neutral,neutral,
0659ad82f264039f,Tech,negative,negative,negative,negative,negative,
8fe8b226cc7b2dc8,Tech,negative,negative,negative,negative,negative,
7da77d5d881001f8,Tech,negative,negative,negative,negative,negative,
63fa68d9583fac91,Tech,positive,negative,positive,positive,positive,
f35ea3bde148cca2,Tech,negative,negative,negative,negative,negative,
311f8fb605bb3db3,Tech,positive,positive,positive,positive,positive,
eae900c091b0efbe,Social,neutral,positive,positive,positive,positive,gold_test
4b66e99088b89832,Tech,neutral,neutral,neutral,neutral,neutral,
3afb915b1f926bb8,Finance,negative,negative,positive,negative,negative,gold_test
3966917f2541be8f,Tech,negative,negative,negative,negative,negative,gold_test
e89a9de6bb264c1e,Tech,neutral,neutral,neutral,neutral,neutral,
77d7935020d35d47,Tech,positive,positive,neutral,positive,positive,gold_test
78510b8d96239079,Public,negative,negative,negative,negative,negative,gold_train
c83e88f89e5ac5ae,Tech,positive,positive,positive,positive,positive,
0b0076384e424306,Tech,neutral,neutral,neutral,neutral,neutral,
91d9c815a16f99da,Tech,neutral,positive,neutral,neutral,neutral,
2a9e7c04a13f9df5,Tech,negative,negative,negative,negative,negative,
c7dd820b0c442c1c,Tech,positive,positive,positive,positive,positive,
750162f4158e3478,Social,neutral,neutral,neutral,neutral,neutral,gold_test
42121ca537bad19a,Public,positive,positive,positive,positive,positive,gold_test
e89d00d46c1d42a1,Tech,negative,negative,negative,negative,negative,
4e028d8f30c0892e,Tech,neutral,negative,neutral,neutral,neutral,
0e59790d14bbd5a7,Social,positive,positive,positive,positive,positive,gold_dev
ed408c7c5f17bd2d,Tech,neutral,neutral,neutral,neutral,neutral,
6558c3995628bc94,Tech,neutral,neutral,neutral,neutral,neutral,
15875c67eddce53f,Tech,neutral,neutral,neutral,neutral,neutral,
7b1a614050c37bc2,Tech,positive,positive,positive,positive,positive,
e33bb08009bfe5db,Tech,neutral,neutral,neutral,neutral,neutral,
33d7babd67afd9cd,Social,neutral,neutral,neutral,neutral,neutral,gold_test
a3889de32a04546e,Tech,negative,negative,positive,negative,negative,gold_train
005c2510482e170c,Tech,negative,negative,negative,negative,negative,
b645a39e3de35628,Tech,neutral,neutral,neutral,neutral,neutral,
d4f4b38f85e46228,Tech,negative,negative,negative,negative,negative,
17d28cc665e1253d,Public,neutral,neutral,neutral,neutral,neutral,gold_test
01b6f855079d239b,Social,positive,positive,positive,positive,positive,gold_dev
d5e78b4fb2cc38eb,Tech,neutral,neutral,neutral,neutral,neutral,
26e4441a0fa2f428,Social,positive,positive,positive,positive,positive,gold_test
9519cc549f85fa8e,Tech,positive,positive,positive,positive,positive,
e7201b97c1ebb54b,Tech,positive,positive,positive,positive,positive,
db66f58f3294aeea,Tech,positive,positive,positive,positive,positive,
3d9e92d1b5e2f804,Social,neutral,neutral,neutral,neutral,neutral,gold_test
3c55e0172e2709f6,Public,neutral,neutral,neutral,neutral,neutral,gold_dev
40744dc95c5106fc,Tech,negative,negative,negative,negative,negative,
0851ca19f5348f06,Finance,positive,positive,positive,positive,positive,gold_test
9aa9f2e7175b1972,Public,positive,positive,positive,positive,positive,gold_test
a82ebe3010ada380,Tech,neutral,negative,neutral,neutral,neutral,
7fac2d1c6351fea1,Tech,negative,negative,negative,negative,negative,gold_test
83116c0a4df6ccb4,Social,negative,negative,negative,negative,negative,gold_test
6c63b6dee8d3e976,Retail,neutral,neutral,neutral,neutral,neutral,gold_test
e79ef5dc6d52d0b1,Public,neutral,neutral,neutral,neutral,neutral,gold_test
d6344b1b73c2e6e8,Social,positive,positive,positive,positive,positive,gold_dev
65969bf219a72fa5,Public,positive,negative,positive,positive,positive,gold_test
5cc1626edee34499,Public,positive,positive,positive,positive,positive,gold_test
37e945769ba1d211,Social,neutral,neutral,neutral,neutral,neutral,gold_dev
23fc8f204febb86c,Tech,neutral,neutral,neutral,neutral,neutral,
b050b545bbcd467a,Social,positive,positive,positive,positive,positive,gold_test
dd866458499316e7,Social,positive,positive,positive,positive,positive,gold_test
fe4b862e3171d848,Retail,negative,negative,negative,negative,negative,gold_test
5f1f2ee9a39dd9ac,Social,neutral,neutral,neutral,neutral,neutral,gold_dev
a5f431be963961cc,Tech,negative,negative,negative,negative,negative,
78f7cdd85bd1dd83,Tech,negative,negative,negative,negative,negative,gold_train
dac2d1ce3479dbb4,Tech,neutral,positive,positive,positive,positive,
be48728eadb3774a,Social,positive,positive,positive,positive,positive,gold_test
2cf22dd5768e58d4,Social,positive,positive,neutral,positive,positive,gold_test
3e90992578f5a78a,Retail,negative,negative,negative,negative,negative,gold_test
39c7b00a14881590,Tech,neutral,neutral,neutral,neutral,neutral,
6b507dbcd41ef629,Tech,negative,negative,negative,negative,negative,gold_test
a1dd4e6124edce81,Tech,neutral,neutral,neutral,neutral,neutral,
40ca0f4facd1a68b,Retail,neutral,neutral,neutral,neutral,neutral,gold_dev
2a38e3ebc1519e25,Tech,positive,neutral,positive,neutral,neutral,
85de794fb8f6647a,Tech,neutral,positive,positive,positive,positive,
f77cf4d77870dda5,Tech,positive,positive,positive,positive,positive,gold_dev
82eeaceee2b2b395,Retail,positive,neutral,positive,positive,positive,gold_test
e0420471f6fe8677,Tech,negative,negative,negative,negative,negative,
436b1059b8549804,Retail,positive,positive,positive,positive,positive,gold_test
95ac0b105039712e,Tech,negative,negative,negative,negative,negative,
2f868544ad8436c4,Retail,neutral,negative,negative,negative,negative,gold_test
084981f56e6446d3,Tech,neutral,neutral,neutral,neutral,neutral,
5b365014aad49200,Retail,negative,neutral,negative,negative,negative,gold_test
edb5ce0f439f1a14,Tech,positive,positive,positive,positive,positive,
22aab9520d7728ef,Tech,negative,negative,negative,negative,negative,
2d24f52217caaa3d,Tech,neutral,neutral,neutral,neutral,neutral,
ad9fa2eaaa8bd0b9,Retail,negative,negative,negative,negative,negative,gold_test
e7c54fc977634aaa,Tech,negative,negative,negative,negative,negative,
7f81986ce16e32b7,Tech,positive,positive,positive,positive,positive,
41621ab8a7b0b039,Tech,neutral,neutral,neutral,neutral,neutral,gold_test
8926003a2b47e0ad,Tech,negative,negative,negative,negative,negative,
142f878d09fc3137,Social,negative,negative,negative,negative,negative,gold_test
cea9be61a9cb6c56,Retail,negative,negative,negative,negative,negative,gold_test
bb5c51b040379070,Tech,negative,negative,negative,negative,negative,gold_test
622ec4dd502d7908,Tech,neutral,negative,neutral,neutral,neutral,
8305328603b91985,Tech,neutral,neutral,positive,neutral,neutral,
f96af17a58d4dbbe,Public,negative,neutral,neutral,neutral,neutral,gold_dev
05e8cb719247f1ac,Tech,neutral,neutral,negative,neutral,neutral,
28070421a7371c59,Tech,neutral,neutral,neutral,neutral,neutral,
ded604ca51b97984,Tech,neutral,neutral,negative,neutral,neutral,
ffb3242b9b760a65,Tech,neutral,neutral,neutral,neutral,neutral,gold_test
516977e919b16f9e,Tech,negative,negative,negative,negative,negative,
1d7e36416ad0d622,Tech,negative,positive,negative,positive,positive,
eed4d8a5e6bf2437,Tech,negative,negative,negative,negative,negative,
cf917a5612a93954,Tech,negative,positive,positive,positive,positive,
7970d47a71edec8b,Tech,positive,positive,positive,positive,positive,
75aadd5987662b3c,Tech,negative,negative,negative,negative,negative,
60706826f16fea0a,Social,negative,negative,negative,negative,negative,gold_test
7c792ccae147d4e4,Tech,negative,negative,negative,negative,negative,
03e674874cd7426d,Social,negative,negative,negative,negative,negative,gold_dev
593c4407817028dd,Public,negative,negative,negative,negative,negative,gold_train
0361e5cc2bf57ba6,Retail,positive,positive,positive,positive,positive,gold_test
04efc6e9f5f39ab6,Public,neutral,neutral,neutral,neutral,neutral,gold_train
d8b903cc8b26ad56,Tech,neutral,neutral,neutral,neutral,neutral,
5407ae367601e133,Tech,neutral,neutral,neutral,neutral,neutral,
5dff99029ab6ab73,Tech,positive,positive,positive,positive,positive,
dba91862df6bd6de,Tech,neutral,neutral,neutral,neutral,neutral,
431f087550b9d8aa,Tech,neutral,neutral,negative,neutral,neutral,
aec338a8908c233f,Tech,positive,neutral,neutral,neutral,neutral,
a33d5dfb5ec467ef,Tech,positive,positive,positive,positive,positive,
f06c41cbb7ac805b,Tech,neutral,neutral,neutral,neutral,neutral,
d6936549bdf5efc3,Tech,neutral,neutral,neutral,neutral,neutral,
aa0f6ab4acdd46ad,Tech,positive,positive,positive,positive,positive,
4c5e4c0a0a821f53,Tech,negative,negative,negative,negative,negative,
f24051ee19591aed,Tech,neutral,positive,neutral,neutral,neutral,
6730bd41787e5d39,Tech,neutral,neutral,neutral,neutral,neutral,
025de45b92078fd2,Tech,neutral,neutral,neutral,neutral,neutral,
f7ad490c282c3bfb,Tech,neutral,neutral,neutral,neutral,neutral,
944ac094528ffa2c,Tech,neutral,neutral,neutral,neutral,neutral,
4d0f9a550835c4de,Tech,negative,negative,negative,negative,negative,
42d7b67d3b8769ee,Tech,neutral,neutral,neutral,neutral,neutral,
cb29ebe96a52c952,Tech,negative,neutral,negative,negative,negative,
2ef49750936e2df3,Tech,positive,positive,negative,positive,positive,
056f802bcf0568bc,Tech,neutral,neutral,neutral,neutral,neutral,
33aa75d0c7db27c0,Tech,negative,negative,negative,negative,negative,
37e80b661dd0e233,Tech,negative,negative,negative,negative,negative,
6bfff56e80ca9312,Tech,positive,neutral,positive,positive,positive,
66d4eaaba0c66a49,Tech,neutral,neutral,neutral,neutral,neutral,
6cb79794e86b2f12,Tech,neutral,neutral,neutral,neutral,neutral,
57a3215c2d6793b5,Tech,neutral,neutral,neutral,neutral,neutral,
ceb5d7ea278ec1fa,Tech,positive,positive,positive,positive,positive,
bf978c126f957a83,Tech,positive,positive,positive,positive,positive,
e016d8fcc0398b52,Tech,neutral,positive,neutral,neutral,neutral,
b7556870c998a836,Tech,neutral,neutral,neutral,neutral,neutral,
a10112383a59b344,Tech,neutral,neutral,negative,neutral,neutral,gold_test
0534f6f09c701e2d,Tech,positive,positive,positive,positive,positive,
5eed8fb36ae49c78,Tech,neutral,neutral,neutral,neutral,neutral,
a2419b92b59f9422,Tech,positive,positive,positive,positive,positive,
afe604e442551302,Tech,positive,positive,positive,positive,positive,
7bd6c60063b11576,Tech,positive,positive,positive,positive,positive,
e993a035cc53b9f3,Tech,positive,positive,negative,positive,positive,
955a3d7a4c5c8c42,Tech,neutral,neutral,neutral,neutral,neutral,
61a303de329ceda9,Tech,neutral,positive,positive,positive,positive,
01e7b5aeaaeed1d4,Tech,negative,neutral,negative,negative,negative,
7a3f64ed78bf274d,Tech,neutral,neutral,neutral,neutral,neutral,
a3f51c11e35a0ddf,Tech,negative,negative,negative,negative,negative,
e3cb555f7390a288,Tech,positive,positive,positive,positive,positive,
07da4a0cf699af40,Tech,positive,positive,positive,positive,positive,gold_test
2feaaf993247a3d7,Tech,negative,negative,negative,negative,negative,
f3018140eb384a87,Tech,neutral,neutral,neutral,neutral,neutral,
d3bb722dfab91e4d,Tech,neutral,neutral,neutral,neutral,neutral,
2362fcc6d239f01e,Tech,neutral,neutral,neutral,neutral,neutral,
0b29c4ecb45f70ba,Tech,negative,negative,negative,negative,negative,
8d9baa2a452344c6,Tech,positive,positive,positive,positive,positive,
7a02e851f117864c,Tech,negative,negative,negative,negative,negative,
edde3ba00521de0e,Tech,neutral,neutral,neutral,neutral,neutral,
d01bb6c13099ffa7,Tech,positive,positive,positive,positive,positive,
c64df3b54653a9e3,Tech,neutral,neutral,neutral,neutral,neutral,
916e00a0582e05ce,Tech,neutral,neutral,neutral,neutral,neutral,
f40022ca29f48756,Tech,negative,negative,negative,negative,negative,
2197c336dd938fa4,Tech,negative,negative,negative,negative,negative,
674798ba1c71c5b5,Tech,positive,neutral,positive,positive,positive,
1802bcfcaa635079,Tech,negative,neutral,neutral,neutral,neutral,
143e45384021815e,Tech,positive,positive,positive,positive,positive,
7cb6367628c32aab,Tech,positive,negative,negative,negative,negative,
5a0fd7e55f8f76b6,Tech,neutral,neutral,neutral,neutral,neutral,
ca09c46cc94f9a0f,Tech,positive,positive,positive,positive,positive,
a268dc299d7731df,Tech,neutral,neutral,neutral,neutral,neutral,
772c342681829f4c,Tech,neutral,neutral,neutral,neutral,neutral,
bfa7fb4eec767767,Tech,neutral,neutral,neutral,neutral,neutral,
b9e520b76831b702,Tech,positive,neutral,neutral,neutral,neutral,
d0c6ab1a38ba510c,Tech,negative,negative,negative,negative,negative,
1819ea1096104676,Tech,negative,negative,negative,negative,negative,
b7b18b7b63a42f11,Tech,negative,neutral,negative,negative,negative,
c3222431f0c63299,Public,neutral,neutral,neutral,neutral,neutral,gold_test
1fab1f064848bed2,Tech,positive,positive,positive,positive,positive,
30787ab4a92be46c,Tech,neutral,neutral,neutral,neutral,neutral,
7f56347c5689ef85,Tech,neutral,neutral,neutral,neutral,neutral,
b4b577abe63d3d6f,Tech,negative,negative,negative,negative,negative,
0ebfaba1eb66c408,Finance,neutral,negative,neutral,neutral,neutral,gold_train
5dc4e320603db91f,Tech,neutral,neutral,neutral,neutral,neutral,gold_test
a0575d4040def08b,Finance,positive,positive,positive,positive,positive,gold_test
80302af01056c6d7,Finance,neutral,negative,negative,negative,negative,gold_dev
c2c6e87026d8d65d,Tech,neutral,neutral,neutral,neutral,neutral,
385f490441b1e998,Tech,neutral,neutral,neutral,neutral,neutral,
a5ac05433855da7d,Tech,negative,negative,negative,negative,negative,
2f449a6e25e10486,Tech,neutral,neutral,neutral,neutral,neutral,
58f8b2ec96169d8d,Tech,neutral,neutral,neutral,neutral,neutral,
b2ac24eeb70f92d7,Tech,positive,positive,positive,positive,positive,
5165788ccb890f16,Tech,positive,positive,positive,positive,positive,
571f1bcbdfd8deb4,Tech,neutral,neutral,neutral,neutral,neutral,
aae228dfd6c20ef7,Tech,neutral,positive,neutral,neutral,neutral,
5f3e4cbed8aa5dd6,Tech,neutral,neutral,neutral,neutral,neutral,
5dd32d613af143d6,Tech,neutral,neutral,neutral,neutral,neutral,gold_test
29f1f1242ee20eae,Tech,neutral,neutral,positive,neutral,neutral,
c3e2edc1c9b37106,Tech,neutral,neutral,neutral,neutral,neutral,
85058030e3275dcf,Tech,neutral,neutral,neutral,neutral,neutral,
507a32d706014c18,Tech,neutral,neutral,neutral,neutral,neutral,
e5a3149aa1d085fa,Tech,neutral,neutral,neutral,neutral,neutral,
0c50a25f0c466432,Public,positive,neutral,neutral,neutral,neutral,gold_test
08db2e924cbe3c4f,Tech,neutral,neutral,neutral,neutral,neutral,
da4debc4ba31ea27,Tech,neutral,neutral,neutral,neutral,neutral,gold_train
74bde23f259f9082,Finance,negative,negative,negative,negative,negative,gold_test
12516581713d12f0,Tech,neutral,neutral,neutral,neutral,neutral,
01141023edd8a40c,Tech,neutral,neutral,neutral,neutral,neutral,gold_test
2c9f7968d3127095,Tech,neutral,neutral,neutral,neutral,neutral,
56d7e0ca07d9e295,Tech,neutral,neutral,neutral,neutral,neutral,gold_test
bacf89bd62d10532,Tech,neutral,neutral,positive,neutral,neutral,
4e14017b7f357f90,Tech,neutral,neutral,neutral,neutral,neutral,
b5a26a4869bb9ca1,Tech,neutral,neutral,neutral,neutral,neutral,
dbfb3bd2bbedf339,Tech,neutral,neutral,neutral,neutral,neutral,
99c2049a1e685fa2,Tech,neutral,neutral,neutral,neutral,neutral,gold_test
d6b784eeee9d66ff,Tech,neutral,neutral,neutral,neutral,neutral,
878e1df6026397b4,Tech,neutral,neutral,neutral,neutral,neutral,gold_test
6087d5840b72b402,Tech,neutral,neutral,neutral,neutral,neutral,
5c37108db6f10c5a,Tech,neutral,neutral,neutral,neutral,neutral,
244522e94093c1a2,Tech,neutral,neutral,neutral,neutral,neutral,
5666ac43451ee744,Tech,negative,negative,negative,negative,negative,
0b2e6851b94115b9,Tech,neutral,neutral,neutral,neutral,neutral,
11070b2e8b6eb26a,Tech,neutral,neutral,neutral,neutral,neutral,
532eef20157a551b,Tech,neutral,negative,neutral,neutral,neutral,
0a7a7cd9a2af513c,Tech,neutral,neutral,neutral,neutral,neutral,gold_test
c07795919baa04d0,Tech,neutral,neutral,neutral,neutral,neutral,
b62d743b8a7605a8,Tech,neutral,neutral,neutral,neutral,neutral,gold_test
5d99cef35021b565,Tech,neutral,neutral,neutral,neutral,neutral,
97881de8bbea046e,Tech,neutral,neutral,negative,neutral,neutral,gold_test
e5933ee55b38aa35,Tech,neutral,neutral,neutral,neutral,neutral,
a40ac6112c740029,Tech,neutral,negative,neutral,neutral,neutral,gold_test
8c932bdace1cc60b,Tech,neutral,neutral,neutral,neutral,neutral,gold_test
b8b2be2fd1b30466,Tech,neutral,neutral,neutral,neutral,neutral,
6e3e028f467161f3,Tech,neutral,neutral,neutral,neutral,neutral,
244a4e57af4a61b6,Tech,neutral,neutral,neutral,neutral,neutral,
9a015a0008390dbf,Tech,neutral,neutral,neutral,neutral,neutral,gold_test
899e4ec088c71e2b,Tech,neutral,neutral,neutral,neutral,neutral,
f69a23ed43620777,Tech,neutral,neutral,neutral,neutral,neutral,
6f1728341bc5516a,Tech,neutral,neutral,neutral,neutral,neutral,
0c807abe369d7b2f,Tech,neutral,neutral,neutral,neutral,neutral,gold_test
e08ae4081abb97e0,Retail,neutral,neutral,neutral,neutral,neutral,gold_dev
11ba4474018c441e,Finance,negative,neutral,negative,negative,negative,gold_dev
4fa731db1c937503,Tech,negative,negative,negative,negative,negative,gold_test
98c1ab9ec9192667,Public,positive,positive,positive,positive,positive,gold_test
bd9ec739c292210a,Social,positive,positive,positive,positive,positive,gold_test
a843ec7b2ac1c03d,Tech,neutral,neutral,neutral,neutral,neutral,
a5766551cd4f3588,Tech,negative,neutral,negative,neutral,neutral,
30308393d10bfc23,Tech,neutral,negative,negative,negative,negative,
6de98b120341acd9,Public,neutral,neutral,neutral,neutral,neutral,gold_train
59d9b57c2f4e4033,Retail,positive,negative,positive,positive,positive,gold_test
7fdfcf9bcc9746e5,Tech,positive,positive,positive,positive,positive,
80e56d597f409b20,Tech,positive,positive,positive,positive,positive,
b8e4f95c24ef3c06,Tech,neutral,negative,neutral,neutral,neutral,
33fac97e691335af,Tech,neutral,neutral,neutral,neutral,neutral,
516479322f7e497b,Tech,neutral,neutral,neutral,neutral,neutral,
525fdf5fe51ec035,Tech,positive,positive,negative,positive,positive,
86dccbf693d2ff49,Tech,neutral,neutral,neutral,neutral,neutral,
dd168b289c26b4a6,Tech,negative,negative,negative,negative,negative,
5e2df79263abbd4a,Tech,neutral,neutral,neutral,neutral,neutral,
1a5c71bbdd832896,Tech,positive,negative,positive,positive,positive,
92013e4f2cfb7ee0,Finance,neutral,neutral,neutral,neutral,neutral,gold_train
03b38f8d3738bb0f,Tech,positive,positive,positive,positive,positive,
8949b5d459d9cb25,Tech,positive,negative,negative,negative,negative,
0738700d8e411fa5,Tech,neutral,neutral,neutral,neutral,neutral,
36f31a048069db4b,Tech,positive,positive,positive,positive,positive,
c2e4698c65ac48d3,Tech,positive,positive,neutral,positive,positive,
e1b2aaf814f5ea70,Tech,positive,neutral,positive,positive,positive,
923af88c4e6620a2,Tech,positive,positive,positive,positive,positive,
d4ec41b44b14c8c1,Tech,positive,negative,negative,negative,negative,
ef61368b5a5ca838,Tech,neutral,neutral,neutral,neutral,neutral,
5b6ccf8f5fa46b3b,Tech,negative,negative,negative,negative,negative,
516e95af5e9823f6,Social,negative,negative,negative,negative,negative,gold_test
0c385f5d7d06fbc2,Tech,neutral,positive,positive,positive,positive,
10056fb9a001014a,Tech,neutral,neutral,neutral,neutral,neutral,
573e79c446e1e60f,Tech,neutral,neutral,neutral,neutral,neutral,
840c617bc10f5faa,Tech,positive,negative,positive,positive,positive,
e5525e32f959ade3,Tech,neutral,neutral,neutral,neutral,neutral,
935ff1aaebb95606,Social,positive,neutral,positive,positive,positive,gold_test
edd88533549dfd09,Tech,negative,negative,negative,negative,negative,
4b361683d3f1c6af,Tech,negative,negative,negative,negative,negative,
5e88ce495217e2a9,Tech,negative,neutral,neutral,neutral,neutral,
80e499337cc30eb8,Tech,negative,negative,negative,negative,negative,
2ba3595a1864cb1e,Tech,negative,negative,negative,negative,negative,
492a55ce03fdee1f,Tech,positive,positive,positive,positive,positive,
ae9e13999a945211,Finance,positive,negative,negative,negative,negative,gold_test
22abb720bab7a612,Retail,neutral,neutral,neutral,neutral,neutral,gold_dev
7ffe19317571dd15,Tech,neutral,neutral,neutral,neutral,neutral,
cec7c31c7768322b,Tech,negative,negative,negative,negative,negative,
ac2cb941bc63489f,Tech,positive,positive,positive,positive,positive,
e1d6a14bc3685f48,Tech,negative,negative,negative,negative,negative,
e66685e9a177c478,Tech,neutral,neutral,neutral,neutral,neutral,gold_train
70c0cb7255ede791,Tech,neutral,neutral,neutral,neutral,neutral,
ce77e404e2f94a26,Tech,negative,negative,neutral,negative,negative,
54e9d2e1b22f6601,Tech,negative,negative,negative,negative,negative,
462de1b0a4cf172e,Tech,neutral,neutral,neutral,neutral,neutral,
4fd7e76f3e4ddbe9,Finance,positive,positive,positive,positive,positive,gold_test
197fdf89fa0b7993,Finance,neutral,neutral,neutral,neutral,neutral,gold_train
a3bafb8b565eb9f7,Tech,negative,neutral,neutral,neutral,neutral,
aba515aa4494826b,Tech,neutral,neutral,neutral,neutral,neutral,
95245b7d25d7edef,Finance,negative,neutral,negative,negative,negative,gold_test
f7a293db7be7c1a8,Social,positive,positive,negative,positive,positive,gold_test
0a17e68f553f1cf6,Tech,negative,negative,negative,negative,negative,gold_test
14ee5ff8d014bd59,Tech,positive,positive,positive,positive,positive,
cd17eeda115414bc,Tech,neutral,neutral,neutral,neutral,neutral,
41024fdd5c9bf961,Tech,positive,negative,positive,positive,positive,gold_test
414447beb7d91cdb,Retail,neutral,neutral,negative,neutral,neutral,gold_test
16f833f8f7039a49,Tech,neutral,neutral,neutral,neutral,neutral,
e011729dbe13bd41,Public,neutral,neutral,neutral,neutral,neutral,gold_test
9f0e65fafe8319b1,Tech,negative,negative,negative,negative,negative,
64ae7e537f8a533a,Tech,positive,negative,negative,negative,negative,
62fa84830a13beae,Tech,positive,positive,negative,positive,positive,
738462aff95b6e97,Tech,positive,positive,neutral,positive,positive,
dd6a803b02f9b333,Tech,positive,positive,positive,positive,positive,
372e833e01bc62c1,Social,positive,positive,positive,positive,positive,gold_test
c8dd872d52742b80,Tech,positive,positive,positive,positive,positive,
0b9bedd49a71b5f6,Tech,neutral,neutral,neutral,neutral,neutral,
dfd6355872936764,Tech,neutral,neutral,neutral,neutral,neutral,
9104bd236d454193,Tech,neutral,neutral,neutral,neutral,neutral,
2f21ee459e5bf017,Public,neutral,negative,negative,negative,negative,gold_dev
ee69b81df4529b4f,Tech,positive,positive,positive,positive,positive,
861eeca4aba349d9,Social,neutral,neutral,neutral,neutral,neutral,gold_dev
633eebfe10e265ba,Tech,negative,negative,negative,negative,negative,
a7ef4d2555925efc,Tech,negative,negative,negative,negative,negative,
946ab43263421ba5,Retail,neutral,neutral,neutral,neutral,neutral,gold_test
90892cb3e4e17574,Tech,negative,negative,negative,negative,negative,
1ed5305d1710e9bc,Social,positive,positive,positive,positive,positive,gold_test
e5663728280ebbd8,Social,positive,positive,positive,positive,positive,gold_test
d7110f11c8854e50,Social,positive,positive,positive,positive,positive,gold_test
2b385c22660f629f,Finance,positive,positive,positive,positive,positive,gold_test
70133ed61f5ad28d,Tech,positive,negative,positive,positive,positive,
e5e9441b60e5a96e,Tech,neutral,neutral,negative,neutral,neutral,
0af15bb8d737582f,Public,negative,negative,negative,negative,negative,gold_test
15b879d509b160a2,Social,negative,neutral,negative,negative,negative,gold_test
3127731be5ee3f71,Tech,negative,negative,negative,negative,negative,
c6965999d03ac834,Tech,neutral,positive,positive,positive,positive,gold_test
e636453192ddf770,Tech,positive,positive,positive,positive,positive,
0e5fdb73668ba1f0,Tech,neutral,neutral,neutral,neutral,neutral,
f7ee2ccd9055037d,Tech,neutral,neutral,neutral,neutral,neutral,
557491a8c71b0b34,Tech,negative,negative,negative,negative,negative,
513d256f1820932f,Tech,neutral,neutral,negative,neutral,neutral,
f51d82c498deb95a,Finance,negative,negative,negative,negative,negative,gold_test
8d34016d41111415,Tech,negative,negative,negative,negative,negative,gold_test
f9e39fe3e0aa1a0e,Retail,neutral,neutral,neutral,neutral,neutral,gold_dev
d04ed7c9111221eb,Finance,positive,positive,positive,positive,positive,gold_test
ae8f66606d2078bf,Tech,negative,negative,neutral,negative,negative,
79b328a68c9d9e1a,Tech,neutral,neutral,neutral,neutral,neutral,
39eab2f1a0ace5e4,Tech,positive,positive,positive,positive,positive,gold_test
b66e459a15c5caec,Social,neutral,neutral,neutral,neutral,neutral,gold_test
6def1ab2098cc247,Tech,negative,negative,negative,negative,negative,
ce08b5b64d22a15a,Finance,positive,positive,positive,positive,positive,gold_test
a30361e480f63e16,Tech,positive,positive,positive,positive,positive,
cda74abcd73a886d,Tech,positive,positive,positive,positive,positive,
80888cd727e93f06,Tech,neutral,neutral,neutral,neutral,neutral,
780516dc8142105c,Tech,positive,positive,positive,positive,positive,
7772b82df1462d53,Tech,positive,positive,positive,positive,positive,
ce486e21e0258900,Social,neutral,positive,neutral,neutral,neutral,gold_test
832d5296a74a34fa,Tech,positive,positive,positive,positive,positive,
44da270d5cde0b92,Tech,negative,negative,negative,negative,negative,
300bc53213266c59,Public,neutral,negative,negative,negative,negative,gold_test
27c9e6ff685ca191,Tech,positive,neutral,positive,positive,positive,
4bf2369241d0c80c,Finance,negative,negative,negative,negative,negative,gold_test
86278f041bdccc45,Social,positive,positive,positive,positive,positive,gold_test
b4c49419cfabe0f6,Tech,negative,negative,negative,negative,negative,gold_test
fd99d04d1d188bae,Tech,positive,neutral,neutral,neutral,neutral,
2c778a34e99c0782,Finance,negative,negative,negative,negative,negative,gold_test
fb32a10252073417,Tech,negative,negative,negative,negative,negative,
4820b036f7c44c18,Public,negative,negative,negative,negative,negative,gold_dev
69ea93953831216e,Tech,positive,positive,positive,positive,positive,
02a63fa189cc1053,Social,neutral,negative,neutral,neutral,neutral,gold_test
dde67d22fcd7dcee,Tech,negative,negative,negative,negative,negative,
f84f4c9460f50a63,Tech,negative,negative,negative,negative,negative,
ccfa10f28c2f965a,Social,negative,negative,positive,negative,negative,gold_test
9bcb8cbd3bda5fb0,Retail,positive,positive,positive,positive,positive,gold_test
e58ceee0535151f8,Tech,positive,positive,positive,positive,positive,gold_test
013df62ec2fe0fa0,Public,neutral,neutral,neutral,neutral,neutral,gold_train
07dc4720e6e86afd,Tech,positive,positive,positive,positive,positive,
a15784f81b266d59,Social,neutral,neutral,neutral,neutral,neutral,gold_test
74898b191962564e,Tech,neutral,neutral,neutral,neutral,neutral,
97b2c28a61210f6a,Tech,positive,positive,positive,positive,positive,
6a3d5aa538b2b3c6,Tech,neutral,neutral,neutral,neutral,neutral,
fb7b9b943041a475,Finance,neutral,neutral,neutral,neutral,neutral,gold_test
ddc2da39546b727d,Tech,neutral,neutral,neutral,neutral,neutral,
aae89c0c44d98240,Finance,neutral,neutral,neutral,neutral,neutral,gold_test
973b88d6d3d23a61,Retail,positive,positive,positive,positive,positive,gold_test
a3d8a298a5f6b8b3,Tech,neutral,negative,neutral,neutral,neutral,
40bc04ba91488967,Retail,neutral,neutral,negative,neutral,neutral,gold_test
aaadc507918b9ab7,Retail,positive,neutral,positive,positive,positive,gold_test
5f5865d1410641d2,Tech,neutral,negative,neutral,neutral,neutral,
6ea562afb6d7c6cc,Tech,positive,positive,positive,positive,positive,
04610fc26534d29b,Tech,positive,positive,positive,positive,positive,
99685941b97bab6b,Tech,positive,positive,positive,positive,positive,gold_test
104b4f22a734a634,Tech,positive,neutral,positive,positive,positive,
b0fafe08b9451706,Social,positive,negative,positive,positive,positive,gold_test
92dfe8310d421aba,Tech,negative,positive,negative,negative,negative,
087da17fa818abca,Finance,positive,neutral,neutral,neutral,neutral,gold_dev
c687789b7cc99f50,Tech,neutral,positive,neutral,neutral,neutral,
ce7ec36e9576cc06,Tech,negative,neutral,negative,neutral,neutral,
2427b9dd1f884b85,Tech,positive,positive,positive,positive,positive,
58704138874fbc57,Tech,positive,positive,neutral,positive,positive,
d6ab98496c572199,Tech,positive,positive,positive,positive,positive,gold_test
b381b1b2d2342ed9,Finance,positive,positive,positive,positive,positive,gold_test
13bbe083334eb9cd,Tech,positive,neutral,positive,positive,positive,gold_test
a6a30a14903fde3a,Tech,negative,negative,negative,negative,negative,
2ba4a555337ae288,Tech,neutral,neutral,neutral,neutral,neutral,
bef70b089ec99d9c,Social,negative,negative,negative,negative,negative,gold_test
7133f2d681f57120,Tech,neutral,neutral,neutral,neutral,neutral,
2bd2b058c2b25e34,Tech,positive,positive,positive,positive,positive,
02cda29fbeb6d83d,Tech,positive,neutral,positive,positive,positive,
ed6ffe79600efa39,Tech,neutral,neutral,neutral,neutral,neutral,
bdd2110ab0a790c5,Tech,negative,negative,negative,negative,negative,gold_test
c80c0aff510725de,Retail,negative,negative,negative,negative,negative,gold_test
8afe6902d662635d,Retail,negative,negative,neutral,negative,negative,gold_test
9861f089d6ac5a35,Tech,neutral,neutral,neutral,neutral,neutral,
ffca256b7d204c2d,Finance,neutral,neutral,neutral,neutral,neutral,gold_test
880f33c3d752b62c,Tech,positive,positive,neutral,positive,positive,
1abf3d966653cac0,Tech,negative,negative,negative,negative,negative,
9f00785ae325b5e8,Tech,positive,negative,positive,positive,positive,
17516658f272e7b6,Finance,negative,negative,negative,negative,negative,gold_train
878cb9a849f5fcc3,Finance,neutral,neutral,neutral,neutral,neutral,gold_dev
ed2dacc726e388ed,Tech,positive,positive,positive,positive,positive,
defd850833040f8b,Tech,neutral,neutral,neutral,neutral,neutral,
e21e7c02df259674,Tech,neutral,neutral,neutral,neutral,neutral,
29f9e0f0ece6bcc7,Tech,positive,neutral,neutral,neutral,neutral,
e1de30c2155ab568,Tech,neutral,neutral,neutral,neutral,neutral,
0706cc3a0c1caa27,Tech,neutral,positive,neutral,neutral,neutral,
72dc133aa0b1a29d,Tech,neutral,neutral,neutral,neutral,neutral,
01efc08bd964b0f1,Tech,positive,positive,positive,positive,positive,
bb6f32b031540389,Tech,neutral,neutral,neutral,neutral,neutral,
c8612d233246d7b1,Tech,positive,positive,positive,positive,positive,
53e119cfdc047d5f,Tech,negative,negative,negative,negative,negative,
be3a395261d0e176,Tech,neutral,neutral,neutral,neutral,neutral,
4beea45472a41ae9,Tech,neutral,neutral,neutral,neutral,neutral,
77807af146429c62,Tech,negative,negative,negative,negative,negative,
2de7365bd56d80d6,Tech,positive,positive,positive,positive,positive,gold_test
8a4bd3824c56170b,Tech,neutral,neutral,neutral,neutral,neutral,
02dc1810ed56dbf0,Social,positive,neutral,positive,positive,positive,gold_test
ddc73a429db6e927,Tech,negative,negative,negative,negative,negative,
d13428e4129f9155,Social,neutral,neutral,neutral,neutral,neutral,gold_dev
24f47f44f5f27f65,Tech,negative,negative,negative,negative,negative,
06958c7bc53e7626,Finance,neutral,neutral,neutral,neutral,neutral,gold_dev
1b442e78e11c2124,Finance,neutral,neutral,neutral,neutral,neutral,gold_test
e119e688a641692e,Tech,negative,negative,negative,negative,negative,gold_train
40b48ab0c202b7ef,Finance,positive,positive,positive,positive,positive,gold_test
0dd8e86d7ccd0144,Tech,positive,positive,positive,positive,positive,
f7ddc223da6f885e,Tech,negative,negative,negative,negative,negative,
dc1f8db1d5fde2f5,Tech,negative,negative,negative,negative,negative,
b63e3e271eda603c,Tech,neutral,negative,negative,negative,negative,
295c1849773d6aa2,Tech,neutral,neutral,neutral,neutral,neutral,
8ff1ad5476fa64c2,Public,neutral,neutral,positive,neutral,neutral,gold_test
ac36dc6b84980aed,Public,negative,negative,positive,negative,negative,gold_test
23b7d3d04e969abf,Retail,neutral,neutral,neutral,neutral,neutral,gold_test
344282e00f7a5c04,Finance,negative,negative,negative,negative,negative,gold_test
879f7465818a2e70,Tech,neutral,neutral,neutral,neutral,neutral,
c7bf766b50512074,Tech,positive,neutral,neutral,neutral,neutral,
f7dd6f4171b83b57,Tech,positive,positive,positive,positive,positive,
a59b675b9feb8cff,Tech,neutral,neutral,neutral,neutral,neutral,
fc28803e568d9644,Tech,neutral,neutral,neutral,neutral,neutral,gold_dev
d5dbd5e20a164105,Tech,positive,positive,positive,positive,positive,
6a430620771592f6,Tech,neutral,neutral,neutral,neutral,neutral,
f1ecb7ed4fbd58c2,Tech,positive,positive,positive,positive,positive,
5fed71216e88e7a5,Social,neutral,neutral,neutral,neutral,neutral,gold_test
b0083fd117f37368,Social,positive,positive,positive,positive,positive,gold_test
cdbe988cd1971b66,Tech,negative,negative,negative,negative,negative,
882febc2d6388de8,Tech,neutral,neutral,neutral,neutral,neutral,
73f3934aaa8ce9ec,Public,neutral,neutral,negative,neutral,neutral,gold_test
d0f0f9c45f3580c1,Finance,negative,negative,negative,negative,negative,gold_train
13146b20bf15ae65,Tech,negative,positive,negative,negative,negative,
21c45d0e5d25be87,Social,positive,neutral,positive,positive,positive,gold_test
9bcc2eaaf07abff4,Public,neutral,neutral,neutral,neutral,neutral,gold_train
8d880047445f1953,Tech,neutral,neutral,neutral,neutral,neutral,
23ad4284f5268e2d,Finance,neutral,neutral,neutral,neutral,neutral,gold_dev
e92faa52f94ac754,Tech,positive,positive,positive,positive,positive,
e8253da4f14b5ea8,Finance,neutral,neutral,neutral,neutral,neutral,gold_train
b192999748420ef9,Retail,negative,positive,negative,negative,negative,gold_test
5676dfbe4e241f3d,Retail,positive,positive,positive,positive,positive,gold_test
e8e798eea9a8aae2,Tech,positive,positive,positive,positive,positive,
734f8c39dfb127de,Retail,neutral,neutral,neutral,neutral,neutral,gold_test
cb4c2b522dcdc917,Tech,negative,negative,negative,negative,negative,
1b0e854df10d49f7,Tech,neutral,neutral,positive,neutral,neutral,
cf826d71f9330f24,Retail,positive,positive,neutral,positive,positive,gold_test
0c67442da60ee768,Public,negative,negative,negative,negative,negative,gold_train
ac8b94cdced73da5,Tech,positive,positive,neutral,positive,positive,gold_test
2a648a57c4bc3c13,Tech,neutral,neutral,neutral,neutral,neutral,
3ea5178893668b88,Tech,negative,negative,negative,negative,negative,
3868fa989f22bc69,Social,neutral,neutral,neutral,neutral,neutral,gold_test
38171e06db07ac65,Retail,neutral,positive,neutral,neutral,neutral,gold_test
8dc31c2f48b855c2,Retail,neutral,positive,neutral,neutral,neutral,gold_test
b99ee3a28a3b1a32,Retail,positive,negative,negative,negative,negative,gold_test
53fbc086cce2e65d,Tech,neutral,neutral,negative,neutral,neutral,gold_dev
b9e76f75ea9e3e07,Tech,positive,positive,positive,positive,positive,
4df4538060d9e36c,Public,negative,negative,negative,negative,negative,gold_dev
979caef323cd9533,Finance,negative,negative,negative,negative,negative,gold_test
ea229ff1f658711d,Tech,neutral,neutral,neutral,neutral,neutral,
9948cf0bedada6cd,Tech,positive,negative,positive,positive,positive,
3db913409730f734,Tech,negative,positive,negative,negative,negative,
8c2d3cf2f40721fd,Finance,neutral,positive,neutral,neutral,neutral,gold_train
508023bb360c574c,Tech,negative,negative,negative,negative,negative,
9a05e3c69464374c,Tech,neutral,neutral,negative,neutral,neutral,
cc40f3a64b8920eb,Tech,positive,positive,positive,positive,positive,
6f961d3ee3b78c27,Tech,neutral,neutral,neutral,neutral,neutral,
f062f1197a3dcd5b,Tech,neutral,neutral,neutral,neutral,neutral,
48e9a70469497834,Tech,neutral,neutral,neutral,neutral,neutral,gold_train
170e50d8422ea447,Tech,neutral,neutral,neutral,neutral,neutral,
998f153ded1129c4,Tech,neutral,neutral,neutral,neutral,neutral,
ba5228273731bd50,Social,negative,neutral,neutral,neutral,neutral,gold_test
4e6e7d27b71b2bb4,Tech,positive,positive,positive,positive,positive,
b9e8300cde31d22e,Finance,neutral,neutral,neutral,neutral,neutral,gold_test
9adeb9c322479945,Tech,neutral,neutral,neutral,neutral,neutral,gold_dev
289cc535299e185d,Tech,positive,positive,positive,positive,positive,gold_test
ce663ce6ba4dfbbd,Finance,neutral,neutral,neutral,neutral,neutral,gold_dev
c63f53c9a4cf1c09,Finance,neutral,neutral,neutral,neutral,neutral,gold_train
eb5184e0c65125d5,Tech,negative,negative,neutral,negative,negative,
762b74b31160057e,Public,negative,negative,neutral,negative,negative,gold_test
01725e5ecd5fcdd8,Public,negative,negative,negative,negative,negative,gold_dev
cc77016000a740d6,Tech,neutral,neutral,neutral,neutral,neutral,
056a825631be81c6,Finance,positive,positive,positive,positive,positive,gold_test
6da2ca88e552d327,Finance,neutral,neutral,positive,neutral,neutral,gold_train
5ae25109ae42e87b,Retail,positive,positive,positive,positive,positive,gold_test
6e03a96042a05614,Public,negative,negative,negative,negative,negative,gold_test
27d944c570b6b00d,Tech,neutral,neutral,negative,neutral,neutral,
7198de4da0a040dc,Tech,positive,negative,negative,negative,negative,
581dd83d2aa8ef2a,Tech,neutral,neutral,positive,neutral,neutral,
b77250ffa06253a4,Retail,positive,positive,positive,positive,positive,gold_test
96f0f2b200270eed,Tech,positive,positive,positive,positive,positive,
ec5589306ba8b66f,Public,negative,negative,negative,negative,negative,gold_dev
e1a1b944899295ff,Tech,negative,negative,negative,negative,negative,
bbd534c56aec28da,Tech,negative,positive,negative,negative,negative,
96a08c7e474d74ec,Tech,negative,negative,negative,negative,negative,
ec934ae3cf5a6030,Tech,positive,positive,positive,positive,positive,
fac2d5c70c720ba9,Tech,negative,neutral,negative,negative,negative,
25ffe55dd864693e,Public,negative,negative,positive,negative,negative,gold_test
6dbd04ad7c206496,Finance,negative,negative,negative,negative,negative,gold_test
6dcc1cb4910b08dd,Public,neutral,neutral,neutral,neutral,neutral,gold_test
d95c21b9b5c9a9a1,Public,neutral,neutral,neutral,neutral,neutral,gold_test
0f0d3f51edafbdee,Social,positive,positive,positive,positive,positive,gold_test
e86a3bd3772a9341,Tech,neutral,positive,neutral,neutral,neutral,
0c62032c9c8b33bb,Tech,neutral,neutral,neutral,neutral,neutral,
93ee7d14b6c46cf0,Tech,neutral,neutral,neutral,neutral,neutral,gold_dev
467be7fe0a1be8ce,Tech,positive,positive,positive,positive,positive,
0673985a8c0baece,Tech,neutral,neutral,neutral,neutral,neutral,
2cbf243d4efff93c,Tech,neutral,neutral,neutral,neutral,neutral,gold_test
58c983a4c4d1531a,Tech,neutral,neutral,neutral,neutral,neutral,
2e909f0ba333430e,Tech,neutral,neutral,neutral,neutral,neutral,
771df80d09c823aa,Tech,neutral,neutral,neutral,neutral,neutral,
ae6a7524f4c63544,Tech,negative,negative,negative,negative,negative,
96281c2e764cdf91,Tech,positive,positive,positive,positive,positive,
3e76c2c20e749ba4,Public,neutral,neutral,neutral,neutral,neutral,gold_dev
e2baa7aeb776e543,Public,negative,positive,negative,negative,negative,gold_test
a287d0361ea4e3f9,Tech,positive,positive,positive,positive,positive,gold_test
d8ddd039c948cb5b,Tech,negative,negative,negative,negative,negative,gold_test
ad6a38931f2fa54b,Tech,neutral,neutral,neutral,neutral,neutral,
51e71582230610f3,Tech,negative,negative,negative,negative,negative,
ae98a967e1867815,Tech,negative,negative,negative,negative,negative,gold_test
1251f12cf08bcb53,Tech,positive,positive,positive,positive,positive,
a43e7ccd520f11cd,Social,neutral,neutral,neutral,neutral,neutral,gold_test
a14b67f97a3cf205,Tech,negative,negative,negative,negative,negative,
6d200c8f6d0172ba,Tech,negative,negative,negative,negative,negative,
07067003ee77e905,Social,neutral,neutral,neutral,neutral,neutral,gold_test
cbfc3a98d7daf87b,Tech,neutral,neutral,neutral,neutral,neutral,
2a7bc2112346a562,Tech,positive,positive,positive,positive,positive,
ef5b05a71ba37741,Tech,neutral,neutral,neutral,neutral,neutral,
28035b3a0a91f7ec,Public,negative,negative,negative,negative,negative,gold_dev
718a139f593e7ebb,Tech,negative,neutral,neutral,neutral,neutral,
8bc919b8b1f50e8d,Tech,negative,negative,negative,negative,negative,
3426a428da88d621,Tech,negative,negative,negative,negative,negative,
0632dc68ac3ebc47,Tech,negative,negative,negative,negative,negative,
0c1dbe9cec269821,Tech,positive,negative,negative,negative,negative,gold_test
e458b04f9e7d7767,Social,neutral,neutral,neutral,neutral,neutral,gold_dev
d7b01a763e246f05,Tech,neutral,positive,neutral,neutral,neutral,
2e967c9483660be5,Tech,negative,negative,negative,negative,negative,
2e755e45654aeafd,Public,positive,positive,neutral,positive,positive,gold_test
09fbc10061c3c443,Retail,neutral,neutral,negative,neutral,neutral,gold_test
980b00eac93962af,Tech,neutral,neutral,neutral,neutral,neutral,gold_train
8c0c57334418eca5,Retail,negative,negative,negative,negative,negative,gold_test
4397efd9cac92f89,Tech,positive,positive,positive,positive,positive,
8fe29fac75a7b897,Tech,negative,negative,negative,negative,negative,gold_test
3ebabbce454960e3,Finance,neutral,neutral,neutral,neutral,neutral,gold_dev
75a869ff31584950,Tech,positive,positive,positive,positive,positive,gold_test
e974edfec10b5968,Social,neutral,neutral,neutral,neutral,neutral,gold_dev
c311e40816204c4a,Tech,negative,negative,negative,negative,negative,
6c248e40d3f2a694,Tech,negative,positive,positive,positive,positive,
a9b4f526c56bbd8b,Tech,negative,neutral,neutral,neutral,neutral,
86ba1d742a4900a8,Finance,negative,negative,neutral,negative,negative,gold_test
9b9d91205161dcdd,Tech,positive,positive,positive,positive,positive,
e82236d6b1987549,Tech,neutral,neutral,neutral,neutral,neutral,
28c5752f227aeb0d,Tech,positive,positive,positive,positive,positive,
c1f1e89cc901036f,Tech,positive,neutral,neutral,neutral,neutral,
ed3d404b320c5d36,Public,neutral,neutral,neutral,neutral,neutral,gold_dev
d09584f72f8c9d81,Tech,negative,negative,negative,negative,negative,
f9785dae216499db,Tech,neutral,neutral,neutral,neutral,neutral,
d15605d89691d4e0,Tech,positive,positive,positive,positive,positive,
03010511cd882c4c,Tech,negative,negative,neutral,negative,negative,
14419310eb06e49f,Tech,negative,negative,negative,negative,negative,
89afe17c147cd503,Tech,neutral,neutral,neutral,neutral,neutral,
583af0a6bc75c4f8,Tech,positive,positive,neutral,positive,positive,
1adb11171787dfa2,Tech,neutral,positive,neutral,neutral,neutral,
4b64a80a8b7a0e1b,Tech,neutral,neutral,neutral,neutral,neutral,
4ed5f83e058c9743,Tech,negative,negative,negative,negative,negative,gold_test
d0e3e60a3347c389,Tech,neutral,neutral,neutral,neutral,neutral,
d6f2ff8450d97633,Tech,neutral,neutral,neutral,neutral,neutral,
66e7b2ad665c1401,Tech,neutral,neutral,neutral,neutral,neutral,
00e5a0fc7fcc68b5,Tech,positive,neutral,neutral,neutral,neutral,
908252dba4f8275c,Tech,negative,negative,negative,negative,negative,
8f0aa9b3d34047c0,Tech,negative,negative,negative,negative,negative,gold_test
2b8d67f1662f3c93,Tech,positive,positive,negative,negative,negative,
bf7765afd61e0bcf,Tech,negative,neutral,neutral,neutral,neutral,
010867ad3388408b,Tech,neutral,neutral,neutral,neutral,neutral,
2de2c358584fec8c,Tech,neutral,neutral,neutral,neutral,neutral,
c699071c8c41cdb0,Tech,neutral,neutral,neutral,neutral,neutral,gold_test
7760a270851219c9,Tech,negative,negative,negative,negative,negative,gold_test
020e6c48c9e0dbfa,Tech,negative,negative,negative,negative,negative,
943b1a1eba24d1a9,Tech,neutral,positive,neutral,neutral,neutral,gold_dev
abd2c87c8fc02da7,Tech,positive,neutral,neutral,neutral,neutral,gold_test
590700272b6d5aca,Tech,neutral,neutral,neutral,neutral,neutral,
eae1723c6e7c81f1,Tech,negative,negative,negative,negative,negative,
dd0ae7370b179d78,Tech,neutral,neutral,positive,neutral,neutral,
a5cba4be10849407,Tech,neutral,neutral,neutral,neutral,neutral,gold_test
43e66159f7128e0e,Tech,neutral,neutral,neutral,neutral,neutral,
bdbd06c48db275c0,Tech,positive,positive,positive,positive,positive,
7e7c755ccef64d62,Tech,neutral,neutral,neutral,neutral,neutral,gold_test
ee25ceff15e4eb61,Tech,neutral,neutral,neutral,neutral,neutral,
491a6b1b62f4d0ec,Tech,neutral,neutral,neutral,neutral,neutral,
93c445791b182a4e,Finance,positive,positive,positive,positive,positive,gold_test
b657325783586492,Tech,positive,positive,positive,positive,positive,gold_test
80c9b8ed35484d2c,Public,negative,negative,negative,negative,negative,gold_dev
e7dc803fcb3562b3,Tech,negative,negative,negative,negative,negative,
601b9c8da85a9b2b,Tech,neutral,neutral,neutral,neutral,neutral,
5de638932ea5964f,Tech,neutral,neutral,neutral,neutral,neutral,
ba4919d02e339b6c,Tech,positive,positive,positive,positive,positive,
bf50cdc255327c25,Tech,positive,positive,positive,positive,positive,
4599e2cf0332c2eb,Tech,neutral,positive,positive,positive,positive,
8f070ef3083c4668,Tech,positive,positive,positive,positive,positive,
acc76b6c5e72c1bf,Tech,neutral,positive,positive,positive,positive,
580e5211f51fdd80,Tech,positive,negative,positive,positive,positive,
efe60e8d015b174e,Tech,neutral,neutral,neutral,neutral,neutral,
1467bcad396d9753,Tech,positive,positive,positive,positive,positive,
744ea369fc21658a,Tech,neutral,neutral,neutral,neutral,neutral,
c70f89f4be3583f4,Tech,neutral,neutral,neutral,neutral,neutral,
29fa1bd6dfa422ba,Retail,negative,negative,negative,negative,negative,gold_test
c100dcd57fe843f4,Tech,neutral,neutral,neutral,neutral,neutral,
1acdbdc754b54b2e,Tech,neutral,neutral,positive,neutral,neutral,
f76eaeb882693bb4,Tech,negative,negative,negative,negative,negative,
783a806fd69edbd3,Tech,positive,positive,positive,positive,positive,
d5ee39bd334c729f,Tech,negative,neutral,negative,negative,negative,
b615fe16dc67d15d,Tech,neutral,positive,neutral,neutral,neutral,
2128e606d36df37e,Tech,positive,positive,positive,positive,positive,gold_test
f14ee819d790cad1,Finance,negative,negative,positive,negative,negative,gold_dev
fa241ba1d6ad75e3,Tech,negative,negative,negative,negative,negative,
6303672f49be8c76,Social,positive,negative,positive,positive,positive,gold_test
4732272600fc66ac,Tech,positive,neutral,positive,positive,positive,
80c1938a7a804d5c,Tech,positive,positive,positive,positive,positive,
8080c73425891bb0,Tech,neutral,neutral,neutral,neutral,neutral,
8c4ea9da80eacbd2,Tech,positive,positive,negative,positive,positive,
21b57404ddc05f06,Tech,positive,positive,positive,positive,positive,gold_test
92ab46b194c6b44a,Social,positive,positive,positive,positive,positive,gold_test
c4cf0b72893a4f93,Tech,negative,negative,negative,negative,negative,
01f0306a9428fc70,Tech,neutral,neutral,neutral,neutral,neutral,
96dd29cdc2de7b6d,Social,positive,positive,positive,positive,positive,gold_test
a31559092be91a85,Finance,negative,negative,negative,negative,negative,gold_test
17811cf08eafb317,Tech,negative,negative,negative,negative,negative,
7bd1f000aeab0c0f,Tech,neutral,neutral,neutral,neutral,neutral,
8150d69dddfbbcb2,Tech,neutral,positive,positive,positive,positive,
e38f988513a399d4,Social,positive,positive,neutral,positive,positive,gold_test
ce3659f55b6941e7,Social,positive,positive,positive,positive,positive,gold_test
8916b5b88206ed9e,Tech,positive,neutral,positive,positive,positive,gold_test
4f38107cf00550a5,Social,positive,positive,neutral,positive,positive,gold_test
793d6ceab9c0c485,Tech,neutral,neutral,negative,neutral,neutral,
b676cecf5eb14b41,Tech,neutral,neutral,neutral,neutral,neutral,
798e4f32964cba63,Tech,positive,neutral,neutral,neutral,neutral,
11aeb52a74e7331b,Tech,negative,negative,negative,negative,negative,
f3b0f46672b8f8df,Public,negative,negative,negative,negative,negative,gold_dev
02adb4789eca45b2,Tech,positive,positive,positive,positive,positive,
76c67f8d774994a9,Finance,negative,negative,negative,negative,negative,gold_test
5b1ed0c9f2b9aded,Tech,positive,positive,positive,positive,positive,
7940ea5159f10d7e,Tech,positive,positive,positive,positive,positive,
36fb49c0689b0a0b,Tech,positive,negative,negative,negative,negative,
2278768d32581d5f,Tech,neutral,negative,negative,negative,negative,gold_test
801cf16da273e7f7,Tech,negative,negative,negative,negative,negative,gold_test
180537f446c0e8a1,Tech,negative,neutral,neutral,neutral,neutral,
cb882b277babf7ca,Tech,neutral,neutral,neutral,neutral,neutral,
444a2ac130faa9d5,Tech,positive,positive,positive,positive,positive,
442683b764b26137,Tech,positive,positive,positive,positive,positive,gold_test
64ff33b9e77623a9,Tech,positive,positive,positive,positive,positive,gold_test
5b554c34098ed3ac,Public,negative,negative,negative,negative,negative,gold_test
b2c93e61930bae72,Tech,negative,negative,negative,negative,negative,
22354a9140bcabab,Tech,negative,negative,negative,negative,negative,
4d199de4b4357175,Tech,negative,neutral,neutral,neutral,neutral,
f4a6715f01154efb,Tech,positive,positive,negative,positive,positive,
4ea46a8377a931e8,Tech,negative,negative,negative,negative,negative,
8ca4d5a84fb14324,Tech,negative,positive,negative,positive,positive,
4a48c55fb0a5946f,Tech,neutral,neutral,neutral,neutral,neutral,
3a55aa2563d943df,Tech,negative,neutral,negative,negative,negative,
aa571b8d905df120,Tech,positive,positive,positive,positive,positive,
ffa0089ff1939729,Tech,negative,negative,negative,negative,negative,
6eaa52a898cce707,Tech,positive,positive,neutral,neutral,neutral,
abab5bd946b2022d,Tech,negative,negative,negative,negative,negative,
86eb7ffc76819370,Tech,neutral,neutral,neutral,neutral,neutral,gold_test
a9e1ca67a43647a0,Tech,positive,positive,negative,positive,positive,
22def32fbde953cc,Tech,neutral,neutral,negative,neutral,neutral,
fb0c1e6910af6372,Tech,positive,positive,positive,positive,positive,
c5817dcfd95709bf,Tech,neutral,neutral,neutral,neutral,neutral,
9561c1695c174811,Tech,neutral,neutral,neutral,neutral,neutral,
3edb00cd2bb75a04,Tech,negative,negative,negative,negative,negative,
692ce359be380cbd,Tech,negative,negative,negative,negative,negative,
ad19b48e137f3de7,Tech,neutral,negative,neutral,neutral,neutral,
89b3ea767944abd5,Tech,negative,negative,negative,negative,negative,
5c4ce9d40b16f975,Tech,neutral,neutral,positive,neutral,neutral,
b270cd9c4b974862,Tech,neutral,neutral,neutral,neutral,neutral,
77c4e7d1a504d000,Tech,neutral,neutral,neutral,neutral,neutral,
ed37655571a12106,Tech,negative,negative,negative,negative,negative,
61ae6fa5a83460ed,Tech,neutral,neutral,neutral,neutral,neutral,
fd1ceef611452670,Tech,positive,positive,positive,positive,positive,
8ee708791f5b00a7,Tech,neutral,neutral,neutral,neutral,neutral,
98e8952e83afbee3,Tech,positive,neutral,positive,positive,positive,
d8541a78ae558cd8,Tech,positive,neutral,neutral,neutral,neutral,
2fc3da89e3063e2b,Tech,neutral,neutral,neutral,neutral,neutral,
af14785d9eb2e712,Finance,neutral,neutral,neutral,neutral,neutral,gold_dev
6a172652fc6a4f7e,Tech,negative,negative,negative,negative,negative,
d9b56810e42101cf,Tech,neutral,neutral,neutral,neutral,neutral,
101e81689747835b,Tech,neutral,positive,neutral,neutral,neutral,
54deca762fa6f254,Tech,neutral,neutral,neutral,neutral,neutral,
929493dc34698e4d,Finance,neutral,neutral,neutral,neutral,neutral,gold_train
7e2de8b51a1397a8,Tech,neutral,neutral,neutral,neutral,neutral,
26eaf495f1a59ada,Finance,neutral,neutral,neutral,neutral,neutral,gold_test
339fe58935e0e633,Finance,neutral,negative,neutral,neutral,neutral,gold_dev
c1fcbc8d9042f79f,Tech,negative,positive,positive,positive,positive,
c2b442ae42c90997,Finance,positive,positive,positive,positive,positive,gold_test
9773444504b03af8,Finance,neutral,neutral,neutral,neutral,neutral,gold_test
d3b9a6fcc2afd4a3,Finance,negative,negative,neutral,negative,negative,gold_test
e5b70c795980e5b1,Tech,positive,positive,neutral,positive,positive,gold_test
ee7caf0634b11312,Finance,neutral,neutral,neutral,neutral,neutral,gold_test
9d8d7b68bf6efb8a,Tech,neutral,neutral,neutral,neutral,neutral,
2f5a09a32a01ac1c,Finance,negative,negative,negative,negative,negative,gold_test
5e3d4fa4d4e7cfaa,Finance,neutral,neutral,neutral,neutral,neutral,gold_test
ae932f809cdafa19,Finance,neutral,neutral,positive,neutral,neutral,gold_test
84b93811ed83c15d,Retail,neutral,positive,neutral,neutral,neutral,gold_test
a5f4ce2ffc61fd20,Social,negative,positive,negative,negative,negative,gold_test
18531d2ba355d274,Retail,negative,negative,negative,negative,negative,gold_test
8dfd22ec8f9739ff,Tech,negative,negative,negative,negative,negative,
9e4fb667d2a5936d,Tech,negative,negative,negative,negative,negative,
93e8d365dd236061,Tech,neutral,positive,neutral,neutral,neutral,
5d80e439c4969f37,Public,negative,negative,negative,negative,negative,gold_test
a83699b98057f5f3,Tech,neutral,positive,neutral,neutral,neutral,
2d459ca46a58da00,Social,positive,positive,positive,positive,positive,gold_test
3e32a5ab56bf549a,Tech,positive,neutral,positive,positive,positive,gold_test
45eeb33051c84631,Tech,negative,negative,negative,negative,negative,
15901c66e18919c1,Social,negative,negative,negative,negative,negative,gold_test
b664a7e8613d70f6,Tech,positive,positive,positive,positive,positive,
36d2bcd34831eb85,Tech,neutral,neutral,neutral,neutral,neutral,
23fa3270f530f1d4,Social,neutral,neutral,neutral,neutral,neutral,gold_test
421aebb6f720fb8b,Tech,neutral,neutral,neutral,neutral,neutral,
439bb554d56b6a48,Tech,negative,negative,negative,negative,negative,
4024bede6ee1fa55,Tech,positive,positive,positive,positive,positive,
e254002985b3a8f6,Tech,negative,neutral,neutral,neutral,neutral,
d5e3308fcf999081,Tech,neutral,neutral,neutral,neutral,neutral,gold_test
0db3da33fbb0df34,Finance,positive,positive,negative,positive,positive,gold_test
cbea0ab15f442fab,Tech,neutral,neutral,neutral,neutral,neutral,
91982e63fff2fe69,Social,neutral,neutral,neutral,neutral,neutral,gold_test
a0b42a232d157e2e,Tech,negative,negative,negative,negative,negative,
ab6d2f7a29b42fa1,Finance,negative,neutral,negative,negative,negative,gold_train
a814d03cf91736ea,Public,positive,positive,positive,positive,positive,gold_test
e805ea8a0cb11ad2,Tech,neutral,neutral,neutral,neutral,neutral,
ca7a8e108e8a6433,Tech,negative,negative,neutral,negative,negative,
65afec4352bcfc46,Tech,neutral,neutral,neutral,neutral,neutral,
afc967053c4cabc6,Tech,neutral,neutral,neutral,neutral,neutral,gold_test
9f363f60328e9334,Tech,neutral,neutral,neutral,neutral,neutral,
9f7a30ce2fbc7149,Tech,neutral,neutral,neutral,neutral,neutral,
50e904b0588629dd,Tech,neutral,neutral,neutral,neutral,neutral,
848bd2025403f0c5,Tech,negative,negative,negative,negative,negative,
2b7bfc2b13ca5ab5,Retail,positive,positive,positive,positive,positive,gold_test
16dde453dd57e1b8,Tech,positive,positive,neutral,positive,positive,
a89a16bd60c5e50d,Tech,negative,positive,positive,positive,positive,
825ce98e5a2cae82,Tech,neutral,neutral,neutral,neutral,neutral,
f8c829fa73955869,Tech,neutral,neutral,neutral,neutral,neutral,
c828b9be4e55872b,Tech,positive,positive,positive,positive,positive,
8a72bb73ba085316,Retail,positive,positive,positive,positive,positive,gold_dev
81e92bfd0a040082,Tech,neutral,neutral,neutral,neutral,neutral,
e1ee1d4d03c7cb7d,Retail,negative,negative,negative,negative,negative,gold_dev
884d65b4a7efaae1,Tech,neutral,neutral,neutral,neutral,neutral,
6710dbc85471109f,Tech,neutral,neutral,neutral,neutral,neutral,
204384641ce58801,Tech,positive,neutral,positive,positive,positive,gold_test
3422d52b76a92e89,Public,neutral,neutral,neutral,neutral,neutral,gold_test
1b1e7bc05dd935ef,Retail,negative,negative,negative,negative,negative,gold_dev
3dd5ecf27937ac53,Tech,neutral,neutral,neutral,neutral,neutral,
8f2c81bdbb98c5c4,Social,neutral,neutral,neutral,neutral,neutral,gold_test
690cc2b62663b759,Tech,negative,negative,negative,negative,negative,
09f2a870dddca5e6,Tech,negative,neutral,neutral,neutral,neutral,
da8986a31e71275a,Tech,negative,negative,negative,negative,negative,
5f9d11bc8de7b393,Social,negative,negative,negative,negative,negative,gold_test
da1c673a3f352a32,Tech,positive,positive,positive,positive,positive,gold_test
295a591f628b83da,Tech,neutral,neutral,neutral,neutral,neutral,
316d9cc7c1cbd560,Public,negative,negative,negative,negative,negative,gold_test
b12f095e106b1e3f,Social,negative,negative,positive,negative,negative,gold_test
eda80f8e6700cafd,Finance,positive,neutral,neutral,neutral,neutral,gold_train
cc3305ab7765426c,Retail,negative,negative,negative,negative,negative,gold_test
3a861e9d08f80e25,Tech,neutral,negative,negative,negative,negative,
58f2a380531436b6,Tech,neutral,neutral,neutral,neutral,neutral,
a872b22cc6a27a59,Retail,neutral,neutral,neutral,neutral,neutral,gold_test
6b97843998e08b3c,Tech,negative,negative,negative,negative,negative,
34a0c8e15066bb95,Retail,negative,negative,negative,negative,negative,gold_test
fc91ea7f66705304,Tech,negative,positive,positive,positive,positive,
8b9b28b84e8fb75e,Social,positive,positive,positive,positive,positive,gold_test
24126843333c6217,Tech,neutral,neutral,neutral,neutral,neutral,gold_dev
f86d534729fe4b27,Tech,neutral,neutral,neutral,neutral,neutral,
7e75c55a7ae46b9c,Tech,positive,positive,neutral,positive,positive,
bad5404afac3eeb0,Social,positive,neutral,positive,positive,positive,gold_test
d56212673b85200d,Public,negative,negative,negative,negative,negative,gold_test
3ef1f8f57356c0e2,Tech,neutral,neutral,neutral,neutral,neutral,
3d5ac09e249cdca7,Social,neutral,neutral,neutral,neutral,neutral,gold_test
9d7a09146dd0d8ea,Social,neutral,negative,negative,neutral,neutral,gold_test
6c6c8cf53329bc8b,Tech,negative,negative,negative,negative,negative,gold_dev
8f548be550895ae3,Tech,negative,negative,negative,negative,negative,gold_test
142a7931cfa049f8,Tech,neutral,neutral,negative,neutral,neutral,
f3173dde381a94e0,Social,positive,positive,positive,positive,positive,gold_dev
e74aa86e2c792b89,Retail,neutral,negative,neutral,neutral,neutral,gold_test
750b9de70fc0e0ec,Retail,neutral,neutral,neutral,neutral,neutral,gold_test
305cc722d7f4d013,Tech,negative,negative,negative,negative,negative,gold_test
666889d1a0afa921,Tech,neutral,neutral,neutral,neutral,neutral,
1bf4e7b16b2f2488,Tech,neutral,neutral,neutral,neutral,neutral,
ab8018b274721d78,Tech,neutral,neutral,neutral,neutral,neutral,
152d45e4de861ef7,Tech,positive,positive,positive,positive,positive,
3826d2d5d0f9373a,Finance,neutral,neutral,neutral,neutral,neutral,gold_dev
e664e5d478b334bd,Tech,neutral,neutral,neutral,neutral,neutral,gold_test
4ec7256e98974ae3,Finance,positive,neutral,neutral,neutral,neutral,gold_dev
63a7df3bac8f8e6c,Tech,negative,negative,negative,negative,negative,
15fb1cbb5b6e440e,Tech,negative,negative,negative,negative,negative,gold_test
2ea53b5f4cccb4f9,Tech,negative,negative,negative,negative,negative,
e599ad18da2a722e,Tech,neutral,neutral,neutral,neutral,neutral,
33a814c136932174,Tech,neutral,neutral,neutral,neutral,neutral,
41c39f457fc16851,Tech,neutral,neutral,neutral,neutral,neutral,
6efbf736c10a0e47,Tech,neutral,neutral,neutral,neutral,neutral,
37e566c68efd1ae1,Tech,neutral,neutral,neutral,neutral,neutral,
35f1cf383f88c371,Tech,negative,negative,negative,negative,negative,
6d41950a66832782,Tech,neutral,neutral,neutral,neutral,neutral,
1910c9f083ba8fa9,Tech,neutral,neutral,neutral,neutral,neutral,
4445602860f380e1,Finance,positive,positive,positive,positive,positive,gold_test
36ca4ec6ceb14e29,Tech,neutral,neutral,neutral,neutral,neutral,
3d6ae3c5e11bc402,Retail,negative,negative,negative,negative,negative,gold_test
4878f703a1a03f73,Public,neutral,neutral,negative,neutral,neutral,gold_test
5444be2de0cf6a55,Finance,negative,negative,negative,negative,negative,gold_test
a521937b91359d5d,Finance,negative,negative,negative,negative,negative,gold_dev
5714dd0e354ce4a9,Tech,neutral,neutral,neutral,neutral,neutral,
eecf13cf85c74b5c,Tech,negative,negative,negative,negative,negative,
678f83c63293cf21,Finance,neutral,neutral,neutral,neutral,neutral,gold_train
7b45339db46a9933,Tech,negative,negative,positive,negative,negative,
707b871b5d8da107,Tech,neutral,neutral,neutral,neutral,neutral,
6cbc74bb7891593a,Tech,positive,positive,positive,positive,positive,gold_test
22e4231d37f75ab8,Public,negative,positive,positive,negative,negative,gold_test
abd9c93dd2359cd5,Tech,neutral,neutral,neutral,neutral,neutral,
54dff41b359cb9d7,Tech,negative,negative,negative,negative,negative,
98a0b15bcc239710,Tech,positive,negative,negative,negative,negative,gold_train
00f19a1a65bd58ef,Tech,neutral,neutral,neutral,neutral,neutral,
0cb2370a8eb0ab22,Tech,negative,positive,negative,negative,negative,
47c2f73bc1a4fa33,Retail,neutral,neutral,neutral,neutral,neutral,gold_dev
67696fae7f2b60c2,Public,neutral,negative,negative,negative,negative,gold_test
bc3d0dea34e4df2a,Tech,negative,negative,negative,negative,negative,
b673ee8134acfd36,Tech,positive,positive,positive,positive,positive,
2af822af133e62b0,Tech,neutral,neutral,neutral,neutral,neutral,
dff7af2819fba6d1,Tech,negative,negative,negative,negative,negative,
7bd4d0103257d954,Tech,positive,positive,neutral,positive,positive,
07120d1588e1358d,Finance,positive,positive,positive,positive,positive,gold_test
c0ac1c23e8bc2eb6,Finance,negative,negative,negative,negative,negative,gold_test
165c6b6bee3a6d9c,Retail,negative,negative,negative,negative,negative,gold_test
36566b837f725cc8,Tech,negative,negative,negative,negative,negative,
a267d46dcb6723fc,Tech,neutral,neutral,neutral,neutral,neutral,
65198acd922035bb,Public,negative,negative,negative,negative,negative,gold_test
1b3c6748b001bb62,Tech,neutral,neutral,neutral,neutral,neutral,
1c4c056c22c7d7b6,Public,negative,negative,negative,negative,negative,gold_test
2c95080fccc9b6d8,Public,negative,negative,negative,negative,negative,gold_test
29a2ce995529d653,Tech,negative,negative,negative,negative,negative,gold_test
48e413ef70c23c4c,Tech,neutral,neutral,neutral,neutral,neutral,
e9c8f56b7b1642e6,Social,negative,negative,negative,negative,negative,gold_test
b366c04613665b14,Tech,positive,positive,positive,positive,positive,
fe12a98d7bc50ea2,Tech,positive,positive,positive,positive,positive,gold_test
32c0dc85a3f039c3,Tech,negative,negative,negative,negative,negative,
d43625fb523591a2,Public,positive,positive,positive,positive,positive,gold_test
df3a0bb7b82eeeed,Retail,negative,negative,negative,negative,negative,gold_dev
110d073e6aed13fa,Public,positive,positive,positive,positive,positive,gold_dev
a4f4f5d14415a1cd,Tech,negative,negative,negative,negative,negative,
70eb0cb0ed8b8e7a,Finance,negative,negative,negative,negative,negative,gold_test
e37a949a8e9d0a21,Social,positive,positive,positive,positive,positive,gold_test
06019bb5a0505ee4,Tech,negative,neutral,neutral,neutral,neutral,
05bec3f172b17ea5,Tech,neutral,neutral,neutral,neutral,neutral,
94bbfcf89284462a,Public,negative,negative,negative,negative,negative,gold_dev
14c82ac24ad67906,Tech,negative,negative,negative,negative,negative,gold_train
dd48933ee9ae7b8d,Finance,negative,negative,negative,negative,negative,gold_test
5e89ba15fb48c7d9,Tech,neutral,neutral,neutral,neutral,neutral,
beed76d746685773,Tech,negative,negative,negative,negative,negative,
3006ac2f4914f947,Retail,neutral,neutral,neutral,neutral,neutral,gold_test
517ad9cf3ef62d40,Public,neutral,neutral,neutral,neutral,neutral,gold_train
5538eaa3152c6c2a,Public,neutral,neutral,neutral,neutral,neutral,gold_train
be49cd9c1cb18bdc,Public,negative,positive,negative,positive,positive,gold_train
2abc0f0d5eb5f64a,Public,neutral,neutral,neutral,neutral,neutral,gold_train
5f6e08ef766d2c26,Tech,neutral,neutral,neutral,neutral,neutral,
3044fca0b7e48440,Tech,positive,negative,negative,negative,negative,
b529a7d5c62a0f21,Retail,negative,negative,negative,negative,negative,gold_test
0312d09aa7a74909,Tech,neutral,neutral,neutral,neutral,neutral,
062e01d58dfbc26d,Tech,neutral,neutral,neutral,neutral,neutral,
36927c51ea4e0625,Tech,neutral,neutral,neutral,neutral,neutral,
3c96b9fb5ae57e7d,Tech,neutral,neutral,neutral,neutral,neutral,
d723d79fb009cc75,Tech,negative,negative,negative,negative,negative,
8ca4511d3d1f2c83,Tech,negative,negative,negative,negative,negative,
d6b5072e5dd815f5,Tech,neutral,positive,positive,positive,positive,
61f6cef903a51a8c,Tech,positive,neutral,positive,positive,positive,
e274e0df701de589,Tech,positive,neutral,neutral,neutral,neutral,gold_test
066ccb2563d91454,Retail,negative,negative,negative,negative,negative,gold_test
1a9b77b60b184090,Finance,negative,negative,negative,negative,negative,gold_test
7a900deb2953761d,Tech,neutral,neutral,neutral,neutral,neutral,
6b4c9ca9e403d46e,Tech,neutral,neutral,neutral,neutral,neutral,
f15771df45ce4cb9,Tech,negative,negative,negative,negative,negative,
18c080a9ddca91d4,Tech,neutral,neutral,neutral,neutral,neutral,
03dd7ef0ffd38845,Tech,neutral,neutral,neutral,neutral,neutral,
9c7c269f807599b4,Tech,neutral,neutral,neutral,neutral,neutral,
3b47ecdf9f8b1cd8,Tech,neutral,neutral,neutral,neutral,neutral,
68e832f7c284e6d5,Tech,positive,positive,positive,positive,positive,
04f3526278697905,Tech,neutral,neutral,neutral,neutral,neutral,
c01abe465081f289,Tech,neutral,negative,neutral,neutral,neutral,
59468ef576718421,Finance,negative,negative,negative,negative,negative,gold_dev
662c1b7c0ad7d766,Tech,negative,negative,negative,negative,negative,gold_train
5d7ae5d26907e2b9,Tech,neutral,neutral,neutral,neutral,neutral,
cb68662ffd5be62e,Tech,neutral,neutral,positive,neutral,neutral,
172b11a7ae8f9577,Tech,neutral,neutral,neutral,neutral,neutral,
7572eac02c951d50,Tech,positive,positive,positive,positive,positive,
c48c9721232b8618,Tech,neutral,neutral,neutral,neutral,neutral,
0c4b6427f91e35e0,Tech,neutral,neutral,neutral,neutral,neutral,
410cc9d606e8ce40,Tech,positive,positive,positive,positive,positive,gold_test
d1ed7ef2a2804693,Social,negative,negative,negative,negative,negative,gold_test
8fb55ccb9a307343,Tech,neutral,neutral,neutral,neutral,neutral,
6bc069bfb5aa6fe3,Tech,neutral,neutral,neutral,neutral,neutral,
174c288cdfa2efcd,Social,neutral,neutral,positive,neutral,neutral,gold_test
70bcea339f5bdde0,Social,positive,positive,positive,positive,positive,gold_test
02e98b42ea9e4c48,Public,positive,negative,positive,positive,positive,gold_test
dbb6266bfd4fbf14,Social,positive,neutral,positive,positive,positive,gold_test
fe8f0cba2494d2cd,Social,positive,neutral,positive,positive,positive,gold_test
7850cfa8b0797b86,Tech,negative,positive,negative,negative,negative,
6beeb4362467801d,Social,positive,positive,positive,positive,positive,gold_test
1b2cf5d8c6150759,Social,neutral,neutral,neutral,neutral,neutral,gold_test
5aaa1c4fbaae23e6,Tech,negative,negative,negative,negative,negative,
a60f3c590e9866a4,Tech,neutral,neutral,neutral,neutral,neutral,
1653397e01a01afa,Tech,positive,positive,positive,positive,positive,
ffedc4f9a2fd58d6,Tech,neutral,negative,neutral,neutral,neutral,
b9eda8f8df584c7c,Tech,positive,positive,positive,positive,positive,
611dd9966ef21c38,Tech,neutral,positive,positive,positive,positive,
f3f2844ea1ab7f00,Tech,neutral,neutral,neutral,neutral,neutral,
b23f1978cb201dd7,Tech,negative,negative,negative,negative,negative,
2c5335ea3ad0e4a0,Tech,positive,positive,positive,positive,positive,
6e0fe4cf1329163f,Tech,positive,positive,positive,positive,positive,
ece36469ab3958e1,Tech,negative,neutral,negative,negative,negative,
6b36122806d3fc72,Tech,positive,positive,positive,positive,positive,
265f117865eb9327,Tech,neutral,neutral,neutral,neutral,neutral,
ad77896a2fb887cf,Tech,neutral,neutral,neutral,neutral,neutral,
235edb5f886377e2,Tech,positive,neutral,positive,positive,positive,
fbea7b7a3240cfcb,Tech,negative,negative,negative,negative,negative,
6428c704b869ff6f,Tech,neutral,neutral,neutral,neutral,neutral,
f4e1566cbd18733b,Tech,positive,positive,positive,positive,positive,
31fda49f3c99011e,Tech,positive,positive,positive,positive,positive,
a57a5f9589bc8cb4,Tech,positive,positive,positive,positive,positive,
75c526f0d4a3cc20,Tech,negative,positive,positive,positive,positive,
e18fadf4bcef530f,Tech,negative,positive,positive,positive,positive,
a1989dcd33567873,Tech,positive,positive,positive,positive,positive,
f72afa7722abd2e9,Tech,neutral,neutral,neutral,neutral,neutral,
970a9077de088373,Tech,positive,positive,positive,positive,positive,
09982c2dd00ac432,Tech,positive,positive,positive,positive,positive,
4e0f3ed1336a6bc4,Tech,neutral,positive,positive,positive,positive,
fa9e549d44455553,Tech,negative,negative,negative,negative,negative,gold_test
f3f7b8a7866a6492,Tech,positive,neutral,positive,positive,positive,
3889f3b3791df632,Tech,neutral,neutral,neutral,neutral,neutral,
e5776bc0898d8995,Tech,neutral,neutral,neutral,neutral,neutral,
b436482bc5ccadff,Tech,neutral,neutral,neutral,neutral,neutral,
a2d725b97c6c8cbb,Tech,neutral,neutral,negative,neutral,neutral,
13df65f3fa3652df,Tech,neutral,neutral,neutral,neutral,neutral,
5f33e53cb65ddd0a,Finance,neutral,neutral,positive,neutral,neutral,gold_test
3c02683a24ab9263,Social,neutral,neutral,neutral,neutral,neutral,gold_dev
4ee10fcc8daba4f0,Public,neutral,neutral,neutral,neutral,neutral,gold_test
f5664b1cf676f9d4,Tech,neutral,neutral,neutral,neutral,neutral,
477687eff4febbfc,Social,positive,positive,positive,positive,positive,gold_test
a1c43d1865aca0fb,Tech,positive,positive,positive,positive,positive,
b316c9193ba95e59,Tech,positive,positive,positive,positive,positive,gold_test
c60990fdac802c21,Tech,positive,positive,positive,positive,positive,
d5ed3edb91c985d0,Finance,neutral,neutral,neutral,neutral,neutral,gold_dev
5f6c0ce70ff9c09b,Finance,negative,positive,positive,positive,positive,gold_test
4ec9aad03a33fae6,Tech,neutral,neutral,neutral,neutral,neutral,gold_test
b1b4edb97e7dbc76,Tech,positive,positive,positive,positive,positive,gold_test
da2e941b4ca30ac7,Tech,positive,positive,positive,positive,positive,
0dd9888a8129a1b1,Tech,neutral,positive,neutral,neutral,neutral,
b2dc61aff62fcbdb,Tech,positive,positive,positive,positive,positive,
561a5e3b49450f6c,Tech,negative,neutral,neutral,neutral,neutral,
67cf9c3de47d0160,Tech,negative,negative,negative,negative,negative,
1d7f9cf7cbb5f47e,Tech,negative,negative,negative,negative,negative,
52680c28c0bb1620,Tech,neutral,neutral,neutral,neutral,neutral,
c03fc8f339835d3f,Retail,negative,negative,negative,negative,negative,gold_test
d6f3e3550d8d3354,Tech,neutral,neutral,neutral,neutral,neutral,
42470b1dae953c98,Tech,negative,negative,negative,negative,negative,
1b0e697a8d1cb0a4,Finance,neutral,neutral,neutral,neutral,neutral,gold_train
bd7525dd06a80f2e,Tech,negative,negative,negative,negative,negative,gold_test
fb46b61b4b1198ba,Retail,positive,positive,positive,positive,positive,gold_test
34d2b1af4a1f0f40,Tech,negative,negative,positive,positive,positive,
b222d9d00fcb0326,Tech,neutral,neutral,neutral,neutral,neutral,
5b90c099d7908fd4,Public,neutral,neutral,neutral,neutral,neutral,gold_train
aaa6f78cb4b7b277,Tech,neutral,neutral,neutral,neutral,neutral,
a633c14ab6a8ece7,Tech,neutral,neutral,neutral,neutral,neutral,
2bfd20ef2992a417,Tech,neutral,neutral,neutral,neutral,neutral,
12eff498374e14dc,Tech,positive,positive,positive,positive,positive,
f5491e6b369acad1,Public,positive,positive,positive,positive,positive,gold_test
a9c04d2409c3ce71,Tech,neutral,positive,positive,positive,positive,gold_test
96bba3f19cd714b9,Finance,negative,negative,positive,positive,positive,gold_test
feaa4d8396b8b4a6,Tech,neutral,positive,neutral,neutral,neutral,
3733954d13660fdd,Retail,positive,positive,positive,positive,positive,gold_test
35628cda3f5df3c5,Tech,negative,negative,negative,negative,negative,
d7911b2ff7abd079,Retail,neutral,positive,neutral,neutral,neutral,gold_test
075cc17f4935905a,Public,positive,neutral,positive,positive,positive,gold_test
64fc73d4a7b07795,Finance,positive,positive,positive,positive,positive,gold_dev
0a749741a2adf3e5,Tech,neutral,neutral,neutral,neutral,neutral,
aaf56ad949b21cdd,Tech,negative,negative,negative,negative,negative,
a7dde106bcf78ea6,Public,neutral,neutral,neutral,neutral,neutral,gold_train
b3a0a7332d7b7815,Tech,neutral,neutral,negative,neutral,neutral,
6dc95df0b0bdcc61,Tech,neutral,neutral,neutral,neutral,neutral,
86e0caa400ec56f9,Finance,positive,positive,positive,positive,positive,gold_test
e74ababd085eca49,Social,negative,negative,negative,negative,negative,gold_test
6ccbac7a4ffdc4b8,Retail,positive,neutral,positive,positive,positive,gold_test
a3271efcd8ba39b1,Public,neutral,neutral,neutral,neutral,neutral,gold_dev
3ee05d9bf5ccccc9,Retail,positive,positive,positive,positive,positive,gold_test
1272e1035ad095d8,Retail,positive,negative,positive,positive,positive,gold_test
c9ef089f4b5b87c5,Tech,neutral,neutral,neutral,neutral,neutral,
4a5032ff58db2448,Tech,negative,negative,negative,negative,negative,
9924529d91f133a8,Tech,positive,positive,positive,positive,positive,
9adc2f2e9555dbf1,Public,neutral,negative,neutral,negative,negative,gold_test
9fe2195864f78003,Public,neutral,neutral,neutral,neutral,neutral,gold_test
b2c010517d568aa3,Tech,positive,positive,positive,positive,positive,gold_test
8e8f1a8715c82201,Public,negative,negative,negative,negative,negative,gold_train
e95f9a80c1e6ed2d,Public,negative,negative,negative,negative,negative,gold_train
633305b83d0c1db9,Public,negative,negative,negative,negative,negative,gold_train
46e856dab6b1f868,Public,negative,negative,neutral,negative,negative,gold_train
4b8dd0a501703267,Tech,negative,negative,negative,negative,negative,
4d3bbed4095bf756,Tech,positive,positive,positive,positive,positive,
da1029fe68b783d5,Finance,neutral,neutral,neutral,neutral,neutral,gold_dev
608883649c80408c,Retail,neutral,neutral,neutral,neutral,neutral,gold_test
c6f104aab7824dac,Retail,neutral,neutral,neutral,neutral,neutral,gold_test
416f04796b4c145a,Tech,negative,negative,neutral,negative,negative,
36d3126dfa4823eb,Tech,negative,negative,negative,negative,negative,
d64f77432281f4d4,Social,neutral,neutral,neutral,neutral,neutral,gold_test
f2d75f88cb1ed364,Tech,neutral,neutral,neutral,neutral,neutral,
388f57f75f226d41,Retail,negative,neutral,negative,negative,negative,gold_dev
f26bf2728de5a63f,Public,positive,neutral,neutral,neutral,neutral,gold_dev
dea59c2cd0d401c3,Tech,neutral,neutral,neutral,neutral,neutral,
e224f1a0b32913fe,Tech,neutral,neutral,neutral,neutral,neutral,
59093a5be0ec4351,Tech,neutral,neutral,neutral,neutral,neutral,
3a836b23db02e254,Tech,negative,negative,negative,negative,negative,
233ce293d3a42cd3,Tech,negative,negative,neutral,negative,negative,
8b4c51d2e9bb0a94,Tech,negative,neutral,neutral,neutral,neutral,
8c2fc10245f7adcc,Tech,neutral,neutral,neutral,neutral,neutral,
748cfd042e403ba4,Tech,negative,negative,neutral,negative,negative,
2bcb673703577066,Tech,neutral,neutral,neutral,neutral,neutral,
be0530d52b4853fa,Tech,negative,negative,negative,negative,negative,gold_dev
d7d353f31ce74702,Tech,neutral,neutral,neutral,neutral,neutral,
bf28202adbcc01e8,Tech,negative,negative,negative,negative,negative,
6458442457076905,Tech,negative,negative,negative,negative,negative,
89eeb15c02dc3bf9,Finance,neutral,neutral,neutral,neutral,neutral,gold_test
ad3c6c7157ca5beb,Finance,neutral,neutral,neutral,neutral,neutral,gold_test
223284a982cc9221,Tech,positive,positive,positive,positive,positive,gold_test
0905480502227855,Tech,positive,positive,positive,positive,positive,
6c0ed9c43343ca88,Tech,negative,negative,negative,negative,negative,
1d464b0da4fc0ad7,Tech,neutral,negative,neutral,neutral,neutral,
c15a320a3538099b,Tech,neutral,neutral,neutral,neutral,neutral,
9988094bb3273275,Tech,negative,negative,negative,negative,negative,
a7b33401c18d6fae,Social,neutral,neutral,neutral,neutral,neutral,gold_dev
b5070802fb5122cb,Tech,neutral,neutral,neutral,neutral,neutral,
14a16001cca12f57,Retail,neutral,neutral,neutral,neutral,neutral,gold_test
37285d371a63e550,Tech,positive,positive,positive,positive,positive,
0c36b75176ee0be8,Tech,positive,positive,positive,positive,positive,
5b3fafb648ee274c,Tech,neutral,neutral,neutral,neutral,neutral,
fd4e9207b18d606e,Tech,neutral,neutral,neutral,neutral,neutral,
701e844e0d889f6d,Tech,negative,neutral,negative,negative,negative,
04a5daee2ede5ddc,Retail,positive,positive,positive,positive,positive,gold_test
565efbfd4b2a60fb,Tech,negative,neutral,negative,negative,negative,
28cbfb5df43c7a47,Tech,neutral,neutral,neutral,neutral,neutral,
b366545c8333e803,Tech,neutral,neutral,neutral,neutral,neutral,
795d13f1d512286a,Social,positive,positive,neutral,positive,positive,gold_test
4dc9d089f935fbb8,Tech,positive,positive,positive,positive,positive,
de2bc16b475ab068,Tech,negative,negative,negative,negative,negative,
d9ba1c1bf0d7abb7,Tech,neutral,neutral,neutral,neutral,neutral,
3d669b79927247d6,Finance,neutral,neutral,negative,neutral,neutral,gold_test
a5df810bb5286a56,Social,neutral,neutral,negative,neutral,neutral,gold_dev
acdddf8ecb2d7ff1,Public,negative,negative,negative,negative,negative,gold_test
417bd124bb52209c,Tech,neutral,neutral,positive,neutral,neutral,
e017d65c62cd077b,Tech,negative,negative,negative,negative,negative,
9b90db72e6ce1193,Tech,neutral,negative,negative,negative,negative,
1c9c3ab4cd177b1f,Tech,positive,neutral,neutral,neutral,neutral,
3bbe0dd7dd9bc21b,Tech,positive,negative,positive,negative,negative,
b090d1293148f71b,Tech,positive,positive,positive,positive,positive,
0e002fb7ee799295,Tech,negative,negative,negative,negative,negative,
54d2297a6c2c910d,Tech,neutral,neutral,neutral,neutral,neutral,
bbc46b2ace3df4de,Retail,neutral,neutral,neutral,neutral,neutral,gold_test
44f5f2006d71a75c,Tech,neutral,neutral,neutral,neutral,neutral,
fae0603473f26a73,Tech,negative,negative,negative,negative,negative,gold_test
763d59fd48d34f39,Tech,negative,neutral,negative,negative,negative,
ffcd670fb9dd64d1,Finance,neutral,neutral,neutral,neutral,neutral,gold_train
bb078b4c1563f68a,Tech,neutral,neutral,neutral,neutral,neutral,
bbc85734a67c95db,Tech,negative,negative,negative,negative,negative,
27f191af643bafcb,Tech,negative,negative,negative,negative,negative,gold_test
7ca0b8f5b4fb7dc7,Finance,neutral,neutral,neutral,neutral,neutral,gold_dev
0c33efc49032e78d,Tech,negative,negative,negative,negative,negative,gold_test
9e96fdcf65ce1428,Tech,neutral,neutral,neutral,neutral,neutral,
4356a4e588fb2f31,Tech,positive,positive,positive,positive,positive,gold_test
f16e02890651e1b0,Finance,neutral,neutral,neutral,neutral,neutral,gold_train
3dc804ff9fa1d8e1,Tech,negative,negative,negative,negative,negative,
9277a049e43b665c,Tech,negative,negative,negative,negative,negative,
97e155bfe1419dd0,Public,neutral,negative,neutral,neutral,neutral,gold_dev
db7a1030a4f112ea,Tech,neutral,neutral,neutral,neutral,neutral,
4e26ef2266c520a3,Tech,negative,negative,negative,negative,negative,
d2e575383bcab1fa,Tech,neutral,neutral,neutral,neutral,neutral,
5b1d13e55f3e39dd,Finance,neutral,neutral,neutral,neutral,neutral,gold_train
b9d050c16eb65c77,Tech,neutral,neutral,neutral,neutral,neutral,
451b266da52b68bc,Tech,neutral,neutral,neutral,neutral,neutral,
967d5247f33ed7b2,Finance,neutral,neutral,negative,neutral,neutral,gold_dev
8b67a8a9403086f1,Tech,negative,negative,negative,negative,negative,
30126c7e30ee2fcf,Tech,negative,negative,neutral,negative,negative,
4544ebe8199d73e7,Social,neutral,neutral,neutral,neutral,neutral,gold_test
ed7cdca15f8bb517,Tech,neutral,neutral,neutral,neutral,neutral,
014fea87d1d9fa1d,Tech,neutral,neutral,neutral,neutral,neutral,
e6531ed67641a76d,Social,neutral,neutral,neutral,neutral,neutral,gold_dev
5b27644be0dc554d,Tech,neutral,neutral,positive,neutral,neutral,
31bab3fcf9f2a21c,Tech,negative,negative,negative,negative,negative,
8bdf658f25299999,Tech,neutral,neutral,neutral,neutral,neutral,
daae1e3ff907b979,Finance,neutral,neutral,neutral,neutral,neutral,gold_dev
4f2b1762f644ab1d,Tech,negative,negative,negative,negative,negative,
c51f956a3daf3a3e,Tech,negative,negative,positive,negative,negative,
cd27ebf074c0fe5f,Tech,negative,negative,negative,negative,negative,
321f05b8e86a38ba,Tech,negative,negative,negative,negative,negative,
5ce9fa8732759bde,Social,neutral,neutral,neutral,neutral,neutral,gold_dev
227ea1e9abf84a66,Tech,neutral,neutral,neutral,neutral,neutral,
a84670004b08e4bd,Public,positive,positive,positive,positive,positive,gold_dev
113bb074df75ae5d,Tech,neutral,neutral,neutral,neutral,neutral,
d6e0edda0d3cceb6,Tech,negative,positive,negative,negative,negative,
f1268fd02ee3515a,Tech,negative,negative,negative,negative,negative,
87ba62abe310aaa2,Tech,negative,negative,negative,negative,negative,
bd97a00598b2e430,Finance,neutral,neutral,neutral,neutral,neutral,gold_dev
9f7c80418e3a24c8,Retail,negative,negative,negative,negative,negative,gold_test
dc8ae51497522c16,Tech,negative,negative,negative,negative,negative,
0c1eed36d36f3c17,Tech,negative,negative,negative,negative,negative,
2bac15833c8b5f6e,Finance,negative,negative,negative,negative,negative,gold_train
43df33ecaff9a325,Tech,neutral,neutral,neutral,neutral,neutral,
74f2a1bec7669e1f,Tech,neutral,neutral,neutral,neutral,neutral,
5917b0c4e9d53a25,Finance,neutral,neutral,neutral,neutral,neutral,gold_dev
295fd3d6aa2f4570,Tech,neutral,neutral,neutral,neutral,neutral,gold_test
d8a29854ae91c3a0,Tech,neutral,neutral,neutral,neutral,neutral,
2712fe37337afb5f,Tech,positive,positive,positive,positive,positive,
d1c16fb5d2bf4e49,Tech,negative,negative,negative,negative,negative,
e3ff9e700bfd4ca9,Finance,neutral,neutral,negative,neutral,neutral,gold_dev
fe9b0d35b6c0c729,Retail,neutral,neutral,neutral,neutral,neutral,gold_dev
c12a3af854d3f66e,Tech,neutral,neutral,neutral,neutral,neutral,
e5d171a5cc8980a6,Tech,negative,neutral,neutral,neutral,neutral,
70044a89acac81cc,Retail,neutral,neutral,neutral,neutral,neutral,gold_test
a01ed5ce818b88f0,Tech,neutral,neutral,neutral,neutral,neutral,
6e372b87062f964f,Tech,neutral,neutral,neutral,neutral,neutral,
0ea4d558a0d2dba2,Tech,negative,neutral,neutral,neutral,neutral,
5d676c1095fa35e6,Tech,neutral,neutral,neutral,neutral,neutral,
bde61a65d9b679cd,Tech,positive,positive,positive,positive,positive,
d71fef2a66aa54ca,Tech,negative,negative,negative,negative,negative,
7203ce0ccb27536e,Tech,negative,negative,negative,negative,negative,
4514fa9aff3877ea,Tech,neutral,neutral,neutral,neutral,neutral,
3bfb4771c74aaa00,Tech,neutral,neutral,neutral,neutral,neutral,
cae77b8e9d1659ca,Tech,negative,negative,negative,negative,negative,
eb4d11619c593347,Tech,neutral,neutral,neutral,neutral,neutral,
49324f8f614003b6,Tech,positive,positive,positive,positive,positive,
c75f102f819c4bc0,Tech,neutral,negative,neutral,neutral,neutral,
f22714145d13d482,Tech,positive,neutral,neutral,neutral,neutral,
2ad0271d0ea6edef,Public,neutral,neutral,neutral,neutral,neutral,gold_dev
e36b47fa0f5dd4f6,Tech,neutral,neutral,neutral,neutral,neutral,
fc34a63fe34d40c7,Tech,neutral,negative,neutral,neutral,neutral,
ae0cf4c3f5ea4ebf,Tech,neutral,neutral,neutral,neutral,neutral,
92a3003b6e315f47,Finance,neutral,neutral,neutral,neutral,neutral,gold_test
827debabcc2ebbe2,Tech,positive,positive,positive,positive,positive,
06ed6022a78247bf,Tech,positive,positive,positive,positive,positive,
ee9b90dec5cc1fc0,Tech,positive,positive,positive,positive,positive,
fed377ae7ed3b9ce,Tech,negative,negative,negative,negative,negative,
4132ad0693fc7850,Finance,negative,negative,negative,negative,negative,gold_dev
34e1d6789659e5c3,Tech,positive,positive,positive,positive,positive,
8899db0c67f59693,Tech,neutral,positive,positive,positive,positive,
62b27d218c841c37,Tech,positive,positive,positive,positive,positive,
f70d2c25533d6235,Tech,negative,negative,positive,negative,negative,
c8640e91d649be5a,Tech,negative,negative,negative,negative,negative,
a5a09f135c37aad5,Public,positive,positive,positive,positive,positive,gold_dev
81b53c449adcd699,Tech,neutral,neutral,neutral,neutral,neutral,
4c13f686b31bb4aa,Tech,neutral,neutral,neutral,neutral,neutral,
7ad778c7b6d56067,Tech,negative,negative,negative,negative,negative,
ff0e1c42c52847c3,Tech,positive,positive,positive,positive,positive,
643361242688b614,Retail,negative,negative,negative,negative,negative,gold_test
f8bdfcf214a498c6,Tech,neutral,neutral,neutral,neutral,neutral,
f7ea0f5ecdff6fbf,Tech,positive,neutral,neutral,neutral,neutral,gold_test
5e6a3a78c33ce503,Tech,negative,negative,negative,negative,negative,
afa5f710b69e7940,Tech,positive,positive,positive,positive,positive,
2207438bd8778a99,Tech,neutral,positive,neutral,neutral,neutral,
3b1025d11b0e36cd,Tech,neutral,neutral,neutral,neutral,neutral,
cba79802f8c2305e,Tech,neutral,neutral,neutral,neutral,neutral,
6f8099498c3e7b26,Finance,neutral,neutral,neutral,neutral,neutral,gold_train
22fc42a1462e2a71,Tech,neutral,neutral,neutral,neutral,neutral,
8ad77e0dc62db832,Tech,positive,negative,negative,negative,negative,
7bbf21841468fd4b,Tech,positive,positive,positive,positive,positive,
c31390f31d9c18c6,Tech,neutral,neutral,neutral,neutral,neutral,
669b6047210b6046,Tech,neutral,positive,neutral,neutral,neutral,
f25be0aedf6f9cf2,Retail,neutral,neutral,neutral,neutral,neutral,gold_dev
98f2989e92c28025,Finance,neutral,negative,negative,negative,negative,gold_dev
2f118e382eb7ab19,Tech,positive,positive,positive,positive,positive,gold_test
3979397eb71d6c65,Tech,negative,negative,negative,negative,negative,
0a24ee133018f72f,Tech,negative,negative,negative,negative,negative,
a3845baa8f7df7e1,Finance,neutral,neutral,neutral,neutral,neutral,gold_train
6d33e37e419bda3e,Public,positive,positive,positive,positive,positive,gold_train
fefa8e9ea787e7ba,Tech,neutral,neutral,neutral,neutral,neutral,
f0cd58619fcaa75f,Tech,positive,positive,positive,positive,positive,
bca9dff36d67e962,Tech,negative,negative,negative,negative,negative,
bfa2e30f8c9fe80b,Tech,negative,negative,negative,negative,negative,
91eb183e657e3096,Tech,neutral,neutral,neutral,neutral,neutral,
95cb2a63c2a15701,Tech,positive,neutral,neutral,neutral,neutral,
69acc59fe088b70a,Tech,positive,positive,positive,positive,positive,
94c284ad0959df08,Tech,negative,negative,negative,negative,negative,
f21ec420cb12175e,Tech,negative,negative,negative,negative,negative,
94badb0f7ce04be7,Tech,neutral,neutral,neutral,neutral,neutral,
5f0ff19514979824,Tech,positive,positive,positive,positive,positive,gold_test
dfd1ede20c36d824,Tech,positive,positive,positive,positive,positive,
16a8636a9e0a4f83,Tech,positive,neutral,neutral,positive,positive,
7e55528dba1be3f5,Tech,negative,negative,negative,negative,negative,
6912d223926007bf,Tech,negative,negative,negative,negative,negative,
6450a9aad7986b90,Tech,neutral,neutral,neutral,neutral,neutral,
fb3293c7e0286bf3,Tech,positive,negative,negative,positive,positive,
a55bae87b203a958,Tech,positive,positive,negative,positive,positive,
cd5470bfb1f8015c,Tech,neutral,neutral,neutral,neutral,neutral,
a598572e0a4b2508,Tech,positive,positive,positive,positive,positive,
58a785910f1739ed,Tech,neutral,neutral,neutral,neutral,neutral,
76bd0f4587359405,Tech,neutral,neutral,neutral,neutral,neutral,
1e71f04a7f613336,Tech,neutral,neutral,neutral,neutral,neutral,
a2d6a3be9814de7a,Tech,neutral,neutral,neutral,neutral,neutral,
1893a8735503963e,Tech,neutral,neutral,neutral,neutral,neutral,
ff1f0052fee7af01,Tech,negative,negative,negative,negative,negative,
433116348f8f5284,Tech,neutral,neutral,neutral,neutral,neutral,
073b390b7819c4f4,Tech,negative,negative,negative,negative,negative,
8e0ee8a5f52acef2,Tech,neutral,neutral,neutral,neutral,neutral,
73befe6110fa809f,Tech,positive,positive,positive,positive,positive,
523d56abb4c47e1e,Tech,positive,negative,negative,negative,negative,
ebc831c30e656e57,Tech,negative,negative,negative,negative,negative,
7c586cc2aa395453,Tech,positive,positive,positive,positive,positive,
b1ada5c3a4a68419,Tech,positive,neutral,neutral,neutral,neutral,
bead11c1cb8f9c04,Tech,neutral,neutral,neutral,neutral,neutral,
66a785f6d342afe0,Tech,neutral,neutral,neutral,neutral,neutral,
3189f67747b523f7,Tech,neutral,neutral,neutral,neutral,neutral,
fec0a51a5233de04,Tech,neutral,neutral,neutral,neutral,neutral,
992e7c5b26f18f3b,Tech,neutral,neutral,neutral,neutral,neutral,
a352c8dcc4f16a1f,Tech,positive,positive,positive,positive,positive,
b3a092d5201db5e4,Tech,positive,positive,positive,positive,positive,
b500fc343f647c94,Tech,negative,negative,negative,negative,negative,
fef858c41d45d69f,Retail,neutral,neutral,neutral,neutral,neutral,gold_test
a2352655b1d85b48,Tech,neutral,neutral,neutral,neutral,neutral,
9de56d60f44503a4,Finance,neutral,neutral,neutral,neutral,neutral,gold_test
141273140c3f3e47,Tech,positive,positive,positive,positive,positive,
7e69a295c5ce9499,Tech,negative,negative,negative,negative,negative,
d7e8db683dafc7b8,Tech,negative,negative,negative,negative,negative,gold_test
cfc247b985aae980,Tech,neutral,neutral,neutral,neutral,neutral,
db694d33291c9ef3,Retail,neutral,neutral,negative,neutral,neutral,gold_test
5b47b0f65d9fd281,Tech,neutral,neutral,negative,neutral,neutral,
f5f75e451c0e2251,Tech,neutral,neutral,neutral,neutral,neutral,
d79bc2cbdfec3797,Tech,neutral,neutral,negative,neutral,neutral,
4369c0d13d6e66a1,Tech,neutral,neutral,neutral,neutral,neutral,
daa103f11fc1463c,Tech,positive,positive,positive,positive,positive,
fd88c1890f2c9a1a,Finance,neutral,neutral,neutral,neutral,neutral,gold_dev
1934c991a8d4a74b,Tech,neutral,neutral,neutral,neutral,neutral,gold_train
81ac8534cded7c30,Tech,negative,negative,neutral,negative,negative,
75213101b4097247,Tech,neutral,neutral,neutral,neutral,neutral,
6d0d8281eb4784eb,Tech,negative,negative,negative,negative,negative,
7c8fef7f102c791e,Finance,neutral,neutral,neutral,neutral,neutral,gold_dev
2531936473fc18d6,Tech,neutral,neutral,neutral,neutral,neutral,
2642c5c780c03bec,Finance,positive,neutral,neutral,neutral,neutral,gold_test
3ce79e8034fd94f6,Tech,negative,negative,negative,negative,negative,
2207f89e5a094518,Tech,neutral,neutral,neutral,neutral,neutral,
10b9053259c41fc8,Tech,negative,negative,negative,negative,negative,gold_dev
c33312b9c422156d,Tech,neutral,positive,neutral,neutral,neutral,
8671b65f27c0adde,Retail,negative,negative,negative,negative,negative,gold_test
368e3c66131564ed,Retail,positive,neutral,neutral,neutral,neutral,gold_test
396c0b48fea895be,Tech,positive,positive,positive,positive,positive,
4342ee3e3642edc6,Tech,positive,positive,positive,positive,positive,
eaa70ce9ab093f38,Finance,neutral,neutral,neutral,neutral,neutral,gold_test
35ba5e34f699b2d0,Tech,negative,neutral,negative,negative,negative,
91383982741b32e8,Tech,positive,negative,negative,negative,negative,
379d9c3fd254a85d,Tech,positive,positive,positive,positive,positive,
507b0bcff773ee19,Tech,positive,positive,positive,positive,positive,
5d677d01ff67f531,Public,positive,positive,positive,positive,positive,gold_dev
a27508e1dbe2f7a8,Public,positive,positive,positive,positive,positive,gold_test
fbf33a21f10e799e,Tech,neutral,negative,neutral,neutral,neutral,gold_test
a9358b5c36a04f2e,Tech,neutral,neutral,neutral,neutral,neutral,
899eec6eaef72929,Public,neutral,neutral,neutral,neutral,neutral,gold_train
99509e09475c80c6,Tech,neutral,neutral,neutral,neutral,neutral,
24d69fe72b0da201,Tech,negative,negative,negative,negative,negative,gold_test
ff535fe6efc19a92,Tech,neutral,positive,positive,positive,positive,
c435b45801f6c56b,Tech,neutral,neutral,neutral,neutral,neutral,gold_test
0a84a68a8b238b68,Tech,negative,negative,negative,negative,negative,
c3d6773aad5a76e9,Tech,negative,negative,negative,negative,negative,
ce4d9d37a414387e,Tech,neutral,neutral,neutral,neutral,neutral,
256d31d8712d79a8,Tech,positive,positive,positive,positive,positive,
ff172521213c1f5c,Tech,neutral,neutral,neutral,neutral,neutral,
c4108922acfe1c85,Tech,negative,negative,negative,negative,negative,gold_test
357dc1c93a9cd8b1,Tech,neutral,neutral,neutral,neutral,neutral,
c68a454737410932,Tech,negative,negative,negative,negative,negative,
5cb4f84251c1b636,Tech,positive,positive,positive,positive,positive,
328ad1e80e0c65ad,Tech,neutral,positive,neutral,neutral,neutral,
770fed6444ce0e51,Tech,positive,positive,positive,positive,positive,
be612f3a4ea2a7b1,Tech,neutral,negative,neutral,neutral,neutral,
80701e74779257ac,Tech,neutral,neutral,neutral,neutral,neutral,
0f21ffe686dffaca,Retail,negative,negative,negative,negative,negative,gold_test
6a0c2c99f362cd48,Tech,negative,negative,negative,negative,negative,
2c76fa06913e6736,Social,positive,positive,positive,positive,positive,gold_test
c012bb3243cbb178,Finance,neutral,neutral,neutral,neutral,neutral,gold_test
f0fd88babdc84c40,Tech,neutral,neutral,neutral,neutral,neutral,
8c3347bad4af814c,Tech,negative,negative,negative,negative,negative,
8484a0d010a88a78,Tech,negative,negative,negative,negative,negative,
4b6016ac98affb15,Tech,negative,positive,negative,negative,negative,
6933e060e0b5939e,Finance,positive,positive,negative,positive,positive,gold_test
44b2325fa07de478,Tech,positive,positive,positive,positive,positive,gold_test
72376a908ed5d852,Social,negative,negative,negative,negative,negative,gold_test
cb39efacbc72f5a9,Retail,neutral,neutral,negative,neutral,neutral,gold_dev
2449e3ca85fec4e9,Tech,neutral,neutral,positive,neutral,neutral,
c829792f89d1d597,Tech,neutral,neutral,neutral,neutral,neutral,
2778abf8dd3d9376,Tech,positive,positive,negative,positive,positive,
17f3a99e005f3c27,Tech,neutral,neutral,neutral,neutral,neutral,
d7de85b9b861bb7b,Tech,neutral,neutral,neutral,neutral,neutral,
a1cd402749dfd4b7,Tech,positive,negative,positive,positive,positive,
8b9d6fdd9c254289,Tech,neutral,positive,neutral,neutral,neutral,
a6c55e034c640453,Tech,neutral,neutral,neutral,neutral,neutral,
193b2f9fecb81582,Tech,neutral,neutral,neutral,neutral,neutral,
9ed1df757ec3c04f,Public,neutral,negative,negative,negative,negative,gold_dev
96ef5543adf22829,Public,negative,negative,negative,negative,negative,gold_test
12d1801879a10a6b,Social,neutral,neutral,negative,neutral,neutral,gold_test
76482cfb6680f6fb,Finance,negative,negative,negative,negative,negative,gold_test
e56bd2533c3a58c6,Tech,negative,positive,negative,negative,negative,gold_test
87fae3976be5c706,Tech,neutral,neutral,neutral,neutral,neutral,
201259c1ed0e9d42,Tech,negative,positive,negative,negative,negative,
429557305e966d13,Tech,neutral,neutral,neutral,neutral,neutral,
e8c76031b077de9e,Public,negative,positive,positive,positive,positive,gold_test
72e94f94915321b8,Tech,negative,negative,negative,negative,negative,
716743656dc277a4,Tech,negative,negative,negative,negative,negative,
eb5e55c9c82d2ecc,Finance,neutral,neutral,neutral,neutral,neutral,gold_test
25396c2e358f531b,Finance,neutral,neutral,neutral,neutral,neutral,gold_dev
aeae3c02fdacec6d,Tech,negative,negative,negative,negative,negative,
574ace6397ad684c,Tech,positive,positive,positive,positive,positive,gold_test
1ffc83b705fc4afc,Finance,negative,negative,negative,negative,negative,gold_test
055ada39a31691cc,Public,neutral,neutral,neutral,neutral,neutral,gold_train
407a7407f9f06b51,Tech,positive,positive,positive,positive,positive,
0404e6a93e644ca1,Tech,neutral,neutral,neutral,neutral,neutral,
55bba631f8da0767,Tech,positive,positive,positive,positive,positive,
4fd6f85fe1e846ed,Tech,negative,negative,negative,negative,negative,
1ccb3c860bd62873,Tech,positive,negative,negative,negative,negative,
363ff23ca163dacb,Tech,positive,positive,positive,positive,positive,
09c41b07d481c616,Tech,neutral,neutral,neutral,neutral,neutral,
4b159b3f2a7b4031,Tech,positive,negative,positive,positive,positive,
174a2b124b48db57,Tech,neutral,neutral,neutral,neutral,neutral,
662bea607f11658f,Tech,positive,positive,positive,positive,positive,
83057472a8860516,Tech,negative,neutral,neutral,neutral,neutral,
c663155ef7b936f9,Finance,neutral,neutral,neutral,neutral,neutral,gold_test
7de5726725d7630a,Finance,neutral,negative,negative,negative,negative,gold_test
9b65966e09ea4b85,Public,neutral,neutral,neutral,neutral,neutral,gold_train
2204c10d9ec9032e,Public,positive,negative,negative,negative,negative,gold_train
51f54bb004e35908,Public,negative,negative,negative,negative,negative,gold_train
e2f76d22082e840c,Social,positive,positive,positive,positive,positive,gold_test
ad34e0927f7bab46,Social,positive,positive,positive,positive,positive,gold_test
92292641174be645,Tech,negative,negative,negative,negative,negative,
740628d9d82850cc,Tech,neutral,neutral,neutral,neutral,neutral,
d7d19026a16fe4a8,Social,positive,positive,positive,positive,positive,gold_test
1116cf981c320b60,Tech,positive,negative,negative,positive,positive,
a12f14cd19a2264f,Tech,positive,positive,positive,positive,positive,
51d6859a8558ed83,Tech,negative,negative,negative,negative,negative,gold_test
98ea64ca9c283403,Retail,neutral,neutral,neutral,neutral,neutral,gold_dev
8ff731a943e763a2,Tech,negative,negative,negative,negative,negative,
f5dabb9a6343f742,Tech,neutral,neutral,neutral,neutral,neutral,
25400dc0124e6a6b,Tech,neutral,neutral,neutral,neutral,neutral,
aa4f47c68083e8b8,Tech,negative,negative,negative,negative,negative,
048aad0c06dee516,Tech,positive,positive,positive,positive,positive,
95fe7c28b42aa96e,Tech,negative,negative,neutral,negative,negative,
dd979c547c4695d3,Tech,neutral,neutral,neutral,neutral,neutral,
b921163e652b961f,Tech,neutral,neutral,negative,neutral,neutral,
75618057ff0c5ab7,Tech,neutral,positive,neutral,neutral,neutral,
9e7b07e695f640d0,Retail,positive,positive,positive,positive,positive,gold_test
13312276d67180f2,Tech,negative,neutral,negative,negative,negative,
5c00f3a73afefc8a,Tech,neutral,neutral,neutral,neutral,neutral,
0652e8addc81102c,Tech,neutral,neutral,neutral,neutral,neutral,
8c1f85eb6cda5085,Tech,negative,negative,negative,negative,negative,
446c63d967afed5b,Finance,neutral,neutral,neutral,neutral,neutral,gold_train
56b9022913fd352e,Tech,positive,positive,positive,positive,positive,
ab45a76e05abbea0,Tech,neutral,neutral,positive,neutral,neutral,
9746f47e9fbd9484,Tech,neutral,neutral,neutral,neutral,neutral,
9d1f83dd94f63208,Tech,neutral,negative,neutral,neutral,neutral,
308589c802c8b8e0,Tech,negative,negative,negative,negative,negative,
bd491c91aa03f752,Tech,positive,positive,positive,positive,positive,
c0ab0cdb2c2d1353,Finance,neutral,neutral,neutral,neutral,neutral,gold_dev
c48d16f1dad4eadb,Tech,negative,neutral,negative,negative,negative,
402909866e24a914,Public,negative,negative,negative,negative,negative,gold_train
658bdcad76c687ac,Tech,neutral,neutral,neutral,neutral,neutral,
91e7ccfbc5a25abe,Tech,neutral,neutral,neutral,neutral,neutral,
ede772ef06d55411,Tech,negative,negative,negative,negative,negative,
5b62438850537362,Tech,neutral,neutral,neutral,neutral,neutral,
eb81949cc7a2f4c2,Tech,negative,negative,negative,negative,negative,
fae1a903fbc0dda5,Tech,positive,positive,positive,positive,positive,
be8bcd40fdbfadcb,Public,neutral,neutral,neutral,neutral,neutral,gold_train
28190f8550e0a3ab,Tech,positive,positive,positive,positive,positive,
153aba452ee4dd78,Tech,negative,negative,negative,negative,negative,
ee7a81ab6e4700b5,Tech,negative,negative,negative,negative,negative,
72b1b49f5dae24b6,Tech,positive,positive,positive,positive,positive,
4d3664128ea7c4ab,Tech,positive,positive,positive,positive,positive,
134b96364c55299b,Social,positive,negative,positive,positive,positive,gold_test
e140017aefb9383d,Tech,positive,positive,positive,positive,positive,
09e092f39d9e393f,Social,negative,negative,negative,negative,negative,gold_test
34bf666bbc82821e,Tech,neutral,neutral,neutral,neutral,neutral,
88154b60a90e5307,Tech,positive,positive,positive,positive,positive,
1466e6fa20e8c906,Tech,neutral,neutral,neutral,neutral,neutral,
f4237be414831450,Tech,negative,negative,negative,negative,negative,
815a3cae38dcf2e2,Tech,negative,negative,negative,negative,negative,gold_test
77eb8579c35ee30d,Finance,positive,positive,positive,positive,positive,gold_train
f8887faa0b75d337,Retail,positive,positive,positive,positive,positive,gold_test
07ee9600645042e1,Tech,negative,negative,negative,negative,negative,
c012265f907c9d40,Tech,neutral,neutral,positive,neutral,neutral,
393f46354b6fab8e,Tech,neutral,neutral,neutral,neutral,neutral,
4ad112d77f6e0942,Tech,negative,negative,negative,negative,negative,
8bd79af2f9208363,Tech,negative,negative,negative,negative,negative,
4d97fb20fbb0ab04,Tech,positive,positive,positive,positive,positive,gold_test
b5d5ae498c7f1fd1,Tech,neutral,neutral,neutral,neutral,neutral,
0dc2077b53cc111d,Tech,negative,negative,negative,negative,negative,
c5f24cd5cc71b940,Tech,neutral,neutral,neutral,neutral,neutral,
efa97fc0f2838b08,Tech,negative,positive,negative,negative,negative,
65cf53a2cd429a4f,Tech,neutral,neutral,neutral,neutral,neutral,
b6d96dc79fa70727,Tech,positive,positive,positive,positive,positive,
4c6fc4f79bf71097,Tech,neutral,neutral,neutral,neutral,neutral,
a13c434539377353,Tech,negative,negative,negative,negative,negative,gold_test
c5e30aa8473eecea,Tech,neutral,neutral,neutral,neutral,neutral,
749eb997318d5a0a,Tech,neutral,neutral,positive,neutral,neutral,
efbaafc6b269d4be,Tech,negative,negative,negative,negative,negative,
241febab90b450c8,Tech,negative,negative,negative,negative,negative,
a3f444cf781c425a,Tech,positive,negative,positive,positive,positive,
deac43c63b46f201,Tech,neutral,neutral,neutral,neutral,neutral,
898f5b7c6dd61363,Tech,positive,positive,positive,positive,positive,
73f5296c2821d464,Tech,neutral,neutral,neutral,neutral,neutral,
c7be599ca3d0c989,Tech,neutral,neutral,neutral,neutral,neutral,
f1f77c0a95b9bba9,Tech,negative,negative,negative,negative,negative,gold_test
ef91aa3c07eae4c2,Tech,neutral,neutral,neutral,neutral,neutral,
fa4db0aaa570c55a,Finance,positive,positive,positive,positive,positive,gold_test
973a37aef92d69b7,Tech,positive,positive,positive,positive,positive,gold_test
d8b93b7d20152c2d,Social,positive,positive,positive,positive,positive,gold_test
4c08d47a3e34a48a,Tech,negative,negative,negative,negative,negative,
b34e271cc6b27e61,Tech,positive,positive,positive,positive,positive,gold_test
d1f8dee2d2ba7769,Tech,positive,positive,positive,positive,positive,
d6af61eb198ab711,Tech,neutral,neutral,positive,neutral,neutral,
e3dac4964aa1c8fd,Tech,negative,negative,negative,negative,negative,
a9784d158d56ee54,Tech,neutral,neutral,neutral,neutral,neutral,
0a7df1126dee9f88,Tech,negative,neutral,negative,negative,negative,
31f43ae5b16e04a8,Tech,negative,negative,negative,negative,negative,
e4abba8718f8a879,Tech,neutral,neutral,neutral,neutral,neutral,
c22fb5be6ef845e1,Tech,positive,negative,positive,positive,positive,
ab08dea01515d61d,Tech,neutral,neutral,neutral,neutral,neutral,
b696a44819ec5f87,Tech,neutral,neutral,neutral,neutral,neutral,
1e7278f5ce4b77dd,Tech,positive,positive,positive,positive,positive,
6b1aaf4e47d005bb,Tech,positive,positive,positive,positive,positive,gold_test
b4e1eae0df52a34f,Retail,positive,positive,positive,positive,positive,gold_test
99852ddf504ab6fd,Retail,negative,negative,negative,negative,negative,gold_test
425c8690ba3083c3,Tech,negative,negative,negative,negative,negative,
bf2762f117066907,Tech,neutral,neutral,neutral,neutral,neutral,
5abba1d2aa636ba4,Tech,positive,positive,positive,positive,positive,gold_dev
95c6358a9456ea4b,Tech,neutral,neutral,neutral,neutral,neutral,
befcf5cfdc11dba5,Tech,neutral,neutral,neutral,neutral,neutral,
ed4efe78c388f059,Tech,negative,negative,negative,negative,negative,
3bd343a9f95a559d,Tech,neutral,neutral,neutral,neutral,neutral,
81740041dc44571d,Tech,neutral,neutral,neutral,neutral,neutral,gold_dev
8daa6960f3ddf9cc,Tech,neutral,neutral,neutral,neutral,neutral,gold_train
ceab041a26d02da4,Tech,positive,positive,positive,positive,positive,
cba8995a04d01efd,Tech,neutral,neutral,neutral,neutral,neutral,
d30d9c4085d6fcc4,Tech,neutral,neutral,neutral,neutral,neutral,
05156cc4ace8ccc1,Public,negative,negative,negative,negative,negative,gold_train
2b00f5a446c51483,Public,negative,negative,positive,negative,negative,gold_dev
bc73eabb520b147b,Public,negative,negative,negative,negative,negative,gold_test
80efdff75d6a8fbd,Tech,positive,negative,negative,negative,negative,gold_train
12457ddd0b6b2b45,Tech,neutral,positive,neutral,neutral,neutral,
504c93b1f6254c53,Tech,positive,positive,positive,positive,positive,
af5df6c612fedbb8,Tech,neutral,negative,neutral,neutral,neutral,gold_train
8efde149198105c4,Tech,neutral,neutral,neutral,neutral,neutral,
6ccf855ff1abb6e7,Finance,neutral,neutral,neutral,neutral,neutral,gold_dev
89910f06337804b5,Tech,positive,neutral,positive,positive,positive,gold_test
7344559f2523d0b7,Tech,positive,positive,positive,positive,positive,gold_test
15232ffcfd4640e2,Public,positive,positive,neutral,positive,positive,gold_test
c3c3b38c91270e36,Public,negative,negative,negative,negative,negative,gold_dev
5da05e8a93a05548,Public,negative,negative,negative,negative,negative,gold_test
7e2801155e6506ef,Public,positive,neutral,positive,positive,positive,gold_test
d6ffd437e29ab7ef,Tech,neutral,neutral,neutral,neutral,neutral,
451a258b72127158,Retail,neutral,neutral,neutral,neutral,neutral,gold_dev
4e4de40b34ef91b8,Tech,positive,positive,positive,positive,positive,
795ebfebf23cb41e,Tech,positive,positive,positive,positive,positive,
92e7ceca127c244a,Tech,positive,positive,positive,positive,positive,
3566d7acddff6df4,Tech,neutral,negative,neutral,neutral,neutral,
ac7468dae7126e2b,Finance,positive,positive,positive,positive,positive,gold_test
ef7152927a5fc54c,Tech,neutral,negative,neutral,neutral,neutral,gold_train
f7f33701c1ce2ebd,Public,positive,positive,neutral,positive,positive,gold_test
11ab4bff8ab50b4c,Public,negative,negative,negative,negative,negative,gold_test
d5603d812d6c42f7,Public,negative,negative,neutral,negative,negative,gold_train
65cb949f89738e41,Public,negative,positive,negative,negative,negative,gold_dev
d9ef5f5d7adad2be,Tech,positive,positive,positive,positive,positive,gold_test
bdd1b289c694410d,Tech,neutral,neutral,neutral,neutral,neutral,gold_train
8f16dbeb1a2c0f46,Tech,positive,positive,positive,positive,positive,
d955549a3063ee53,Social,positive,positive,positive,positive,positive,gold_test
ac19316790e526c3,Tech,positive,positive,positive,positive,positive,gold_test
fd7a502e694fa3e1,Tech,neutral,neutral,neutral,neutral,neutral,gold_test
988b5e556f2696a6,Finance,positive,positive,positive,positive,positive,gold_test
a261108a025254ae,Tech,positive,positive,positive,positive,positive,
b17ed6dc1df5d91e,Public,neutral,neutral,negative,neutral,neutral,gold_test
b256bdefdc46777a,Public,neutral,neutral,neutral,neutral,neutral,gold_test
27f7c5416ed9d558,Finance,neutral,neutral,neutral,neutral,neutral,gold_dev
788b432c35a05966,Social,negative,positive,negative,positive,positive,gold_dev
a00ddf70e51888e8,Finance,neutral,neutral,neutral,neutral,neutral,gold_test
e8670ebd79fdb541,Tech,neutral,neutral,neutral,neutral,neutral,
6e525799df1fc010,Tech,negative,negative,negative,negative,negative,
8cf7b36b2214777e,Tech,negative,negative,negative,negative,negative,
255bf6820d864625,Tech,neutral,neutral,negative,neutral,neutral,
516d151c79b8c967,Tech,neutral,neutral,neutral,neutral,neutral,
4c71d5a8780ca398,Tech,positive,negative,negative,negative,negative,
b1be55fad3bd448f,Tech,neutral,neutral,neutral,neutral,neutral,
d54ab671e9cd04f0,Tech,neutral,positive,positive,positive,positive,
20d9256765610794,Tech,positive,positive,positive,positive,positive,
665b98e5459d94ff,Tech,neutral,neutral,neutral,neutral,neutral,
b22c1bcdb7c115b1,Public,neutral,neutral,neutral,neutral,neutral,gold_dev
dc3635ed9c4905c2,Tech,negative,positive,positive,positive,positive,
2762da76c114e7ac,Tech,positive,positive,positive,positive,positive,
f63567c8cb22db4d,Tech,neutral,negative,neutral,neutral,neutral,
739f3556a71f03e0,Tech,positive,positive,positive,positive,positive,
d49bf8799f9970cf,Tech,neutral,positive,positive,positive,positive,
6d0ddecb048f58fd,Tech,negative,negative,negative,negative,negative,
1ceb2a61b600757f,Tech,neutral,neutral,neutral,neutral,neutral,
ce3927171ca17a55,Tech,neutral,positive,neutral,neutral,neutral,
14cf5be5fd07ddaf,Tech,negative,negative,negative,negative,negative,
064c061e5a827534,Finance,positive,positive,positive,positive,positive,gold_test
43ea6413383db563,Tech,neutral,neutral,neutral,neutral,neutral,gold_test
620801244d5b81e0,Tech,negative,negative,negative,negative,negative,
417ef63f92a5e7ce,Tech,positive,positive,positive,positive,positive,
91eeb500311ef912,Finance,positive,positive,negative,positive,positive,gold_dev
9f0222aef28f07f5,Tech,neutral,neutral,neutral,neutral,neutral,
3387168995b86475,Tech,negative,negative,negative,negative,negative,
53e3df30d91fa938,Tech,negative,negative,negative,negative,negative,
536a70d789eee8b4,Tech,negative,negative,negative,negative,negative,
0bbc83582d392675,Tech,positive,positive,positive,positive,positive,
0be1e99725288857,Public,neutral,neutral,neutral,neutral,neutral,gold_test
513058f26fec4ba7,Tech,positive,neutral,neutral,neutral,neutral,
a5415707c1f3c777,Retail,positive,positive,positive,positive,positive,gold_test
db966667640275db,Retail,negative,negative,negative,negative,negative,gold_dev
723d1d5af834a93c,Retail,positive,positive,positive,positive,positive,gold_test
46b6e4a91f11b39c,Tech,neutral,negative,neutral,neutral,neutral,
bea3764b1a53aba4,Tech,negative,negative,negative,negative,negative,
4617201d0dda86ea,Tech,neutral,neutral,neutral,neutral,neutral,
4758a0b6b7490f6e,Finance,neutral,neutral,neutral,neutral,neutral,gold_test
c9f6cc3d17e98d42,Finance,positive,positive,positive,positive,positive,gold_test
b880fca402edd5b4,Public,neutral,neutral,neutral,neutral,neutral,gold_train
db07b30d8b30eb25,Tech,negative,positive,positive,positive,positive,
427c01742e12e7dc,Finance,negative,negative,negative,negative,negative,gold_test
1947be7a9d02fd90,Tech,neutral,neutral,neutral,neutral,neutral,
e2fe2e7e7ba50a5a,Tech,negative,negative,negative,negative,negative,
d23d4a19e991b908,Retail,neutral,neutral,neutral,neutral,neutral,gold_test
d7c04da94235d739,Tech,neutral,neutral,neutral,neutral,neutral,
ddacaed7caded94d,Tech,negative,negative,neutral,negative,negative,
e4ea04f00f1f0bf7,Finance,positive,positive,positive,positive,positive,gold_test
ebe1e4c37be04d12,Tech,negative,neutral,neutral,neutral,neutral,gold_test
0d250fe1660df5ad,Tech,neutral,negative,negative,negative,negative,
a07721a00ac2df50,Tech,neutral,neutral,neutral,neutral,neutral,
eda81f46a342d50b,Tech,negative,negative,negative,negative,negative,
0c953f9394bfe9ea,Social,neutral,neutral,neutral,neutral,neutral,gold_test
c72adc663b7a0dad,Tech,negative,negative,negative,negative,negative,gold_test
e8e8919beb23607c,Tech,positive,negative,negative,negative,negative,
9ea6864e6e04421e,Tech,positive,positive,positive,positive,positive,
cf69ae8444aeaa29,Tech,neutral,neutral,negative,neutral,neutral,
f8d51234be50d5e4,Social,neutral,neutral,neutral,neutral,neutral,gold_test
e630d66b6615e78e,Public,negative,negative,negative,negative,negative,gold_train
b3ddfe95f61ecefb,Tech,negative,negative,negative,negative,negative,
455d3f42f69c4e39,Tech,neutral,neutral,neutral,neutral,neutral,
c46ae8c0cbf7a9a0,Finance,negative,negative,negative,negative,negative,gold_train
4aa47319b3539123,Social,negative,neutral,neutral,neutral,neutral,gold_test
e38dc986d609ecf3,Public,positive,neutral,neutral,neutral,neutral,gold_test
b546d8716a538ae1,Public,neutral,neutral,neutral,neutral,neutral,gold_test
46c0d0d3817ec370,Tech,neutral,neutral,neutral,neutral,neutral,
c3ecdef04ccc1aee,Tech,positive,positive,positive,positive,positive,
12dae3efd076428a,Tech,neutral,neutral,neutral,neutral,neutral,
d785b00235621ef6,Tech,negative,negative,negative,negative,negative,
2b0ac00d76877bf6,Tech,neutral,neutral,neutral,neutral,neutral,
8122bc1b5bb23238,Tech,negative,negative,negative,negative,negative,gold_test
057f2313023d76c0,Tech,neutral,neutral,neutral,neutral,neutral,
b7c3c2a737b46fbc,Tech,neutral,neutral,neutral,neutral,neutral,
dfb9af626e3b579b,Tech,neutral,neutral,positive,neutral,neutral,
2eee6cc58df71de6,Tech,positive,neutral,neutral,neutral,neutral,
451816b72be13722,Tech,negative,negative,neutral,negative,negative,
b38884ff506e46ab,Retail,neutral,neutral,neutral,neutral,neutral,gold_test
45c849755275bf35,Tech,negative,positive,negative,negative,negative,
c1790298eeb996ac,Tech,neutral,neutral,neutral,neutral,neutral,
2d9f2b401805475d,Tech,neutral,neutral,neutral,neutral,neutral,
374dde221e3c3a67,Tech,negative,positive,positive,positive,positive,gold_test
a4ec9d4250caaa44,Tech,positive,positive,positive,positive,positive,gold_test
bccf017aa8f1d2a6,Tech,neutral,neutral,neutral,neutral,neutral,
1f1b549b296f92b1,Tech,neutral,neutral,positive,neutral,neutral,
5cbc6f12ac7e7a2a,Tech,neutral,neutral,neutral,neutral,neutral,
4413929ddd300d5d,Finance,positive,positive,positive,positive,positive,gold_test
7b75b4481067f708,Social,neutral,neutral,neutral,neutral,neutral,gold_dev
09df47fbf285edab,Finance,negative,negative,negative,negative,negative,gold_dev
ac5b28ddfcb6c9d9,Tech,positive,positive,positive,positive,positive,
4bcf4d98aeff574f,Tech,neutral,negative,neutral,neutral,neutral,
0aaf9413b457a128,Tech,neutral,positive,positive,positive,positive,gold_test
eba154301bbf19ac,Public,neutral,neutral,neutral,neutral,neutral,gold_test
a4deca93803cdb83,Tech,neutral,neutral,negative,neutral,neutral,
9368d92f0b9851eb,Tech,negative,negative,positive,negative,negative,
18e52eb110e4e7a4,Retail,neutral,neutral,neutral,neutral,neutral,gold_test
52fac75e63c4e4d7,Tech,positive,positive,positive,positive,positive,
4562512405789b97,Finance,neutral,neutral,neutral,neutral,neutral,gold_dev
c0eff92d55e8cf5e,Tech,positive,positive,positive,positive,positive,
78bf8863c8163c4b,Tech,neutral,neutral,neutral,neutral,neutral,
e7b8d7880e129e17,Tech,positive,positive,positive,positive,positive,
12e3114a376dd7e7,Tech,negative,neutral,neutral,neutral,neutral,
6624c6b963e3ac79,Tech,negative,negative,neutral,neutral,neutral,
eb7ea99df94cdc3c,Tech,neutral,neutral,neutral,neutral,neutral,
ae81f9986806881c,Tech,positive,positive,positive,positive,positive,
1ed10f383ab914d2,Tech,negative,negative,negative,negative,negative,
b686ab964242cfc9,Finance,negative,negative,negative,negative,negative,gold_test
e7d0d8a90f6463d9,Tech,negative,negative,negative,negative,negative,gold_test
e9f0217b96683b4b,Finance,negative,negative,negative,negative,negative,gold_test
3255815f61473c46,Tech,neutral,neutral,neutral,neutral,neutral,
f6e778faffaf0587,Tech,neutral,neutral,neutral,neutral,neutral,
340e0770471ef11b,Tech,negative,negative,negative,negative,negative,
ac4f8be9e610ff15,Tech,positive,positive,positive,positive,positive,gold_test
0b163bd6e0f3099c,Tech,positive,positive,positive,positive,positive,gold_test
b29ea14ccac9c936,Social,negative,negative,negative,negative,negative,gold_test
8004571c90a152d5,Tech,neutral,neutral,neutral,neutral,neutral,
7ae18a07b7547de3,Social,neutral,neutral,neutral,neutral,neutral,gold_test
d21a017bcff0fcca,Finance,neutral,neutral,neutral,neutral,neutral,gold_test
1ff1cab449705fe6,Tech,neutral,neutral,neutral,neutral,neutral,
82f3b3cf0e9505ff,Tech,positive,positive,positive,positive,positive,
48ac66d0e33a6902,Tech,neutral,neutral,neutral,neutral,neutral,
2c74d64bdf633d41,Tech,positive,positive,positive,positive,positive,
63fa410317eaf1e0,Retail,neutral,neutral,neutral,neutral,neutral,gold_dev
24b82f59d1096737,Tech,neutral,neutral,neutral,neutral,neutral,
e6a4d352a7ef6e99,Retail,negative,neutral,negative,neutral,neutral,gold_test
756b6a675a2ca22f,Tech,negative,negative,negative,negative,negative,
9df3388b0b5d7748,Tech,neutral,negative,neutral,neutral,neutral,
c688a4c643060b3f,Tech,neutral,neutral,neutral,neutral,neutral,
3f6d58a94c1d46ba,Tech,negative,negative,negative,negative,negative,
eca83e41b16b355f,Tech,positive,negative,positive,positive,positive,
744d23d5253d6bcf,Public,neutral,neutral,neutral,neutral,neutral,gold_test
2a7e02909be10e28,Tech,negative,negative,negative,negative,negative,
4f798d8e5dc80d68,Tech,negative,negative,negative,negative,negative,
d6c8053713270e89,Finance,negative,negative,negative,negative,negative,gold_test
5797c2f31ed51801,Tech,negative,negative,negative,negative,negative,gold_test
31e79c831ba03372,Social,negative,negative,negative,negative,negative,gold_test
e7a9195373ddcb88,Public,neutral,neutral,neutral,neutral,neutral,gold_test
f1d1bc6292404f12,Tech,positive,positive,positive,positive,positive,
24a4a2a0bd2bebc7,Tech,negative,negative,negative,negative,negative,
4cfa7814c3f87d3b,Tech,neutral,negative,neutral,neutral,neutral,
ea5c5788037202cb,Tech,negative,positive,negative,positive,positive,
b43308452581d685,Retail,negative,negative,negative,negative,negative,gold_test
d4480213afeb41ee,Tech,neutral,neutral,neutral,neutral,neutral,
8c173e589e43ff1c,Tech,negative,negative,negative,negative,negative,
2d0efdb0079b810d,Tech,neutral,neutral,neutral,neutral,neutral,gold_test
2821dc9340603b56,Tech,positive,neutral,neutral,neutral,neutral,
573a603ad34d3be6,Tech,positive,positive,positive,positive,positive,
5c9ac2d18e757478,Tech,negative,negative,negative,negative,negative,
da858c7a8fd0f3be,Tech,neutral,neutral,neutral,neutral,neutral,
e40f4ac6c93f481b,Tech,negative,negative,negative,negative,negative,
f7e3c40d4204643e,Tech,neutral,neutral,neutral,neutral,neutral,
59a3027764030e3c,Tech,negative,negative,negative,negative,negative,
cf4eaf8c80d865ff,Tech,negative,negative,negative,negative,negative,gold_test
0945b9d4cbf8bf8f,Tech,neutral,neutral,neutral,neutral,neutral,
2555a06b5cbdd914,Tech,neutral,neutral,neutral,neutral,neutral,
afaaa53f3e2cb30c,Tech,negative,negative,positive,negative,negative,
a7185d09a32edb33,Tech,negative,negative,negative,negative,negative,
710feb52ffd2d3a3,Tech,neutral,neutral,neutral,neutral,neutral,
dd009800b9f0b62c,Tech,neutral,negative,negative,negative,negative,
c59d1181a62e1879,Tech,neutral,neutral,neutral,neutral,neutral,
5cd12433ee686d16,Tech,positive,positive,neutral,positive,positive,
6998bd03626c86d6,Tech,neutral,neutral,neutral,neutral,neutral,
276c8ea464f726bb,Public,neutral,neutral,neutral,neutral,neutral,gold_train
bc34d41f6f313e99,Tech,neutral,neutral,neutral,neutral,neutral,
b55c0376e0ed048b,Tech,positive,neutral,positive,neutral,neutral,
6828b5efec8b2a79,Public,neutral,neutral,neutral,neutral,neutral,gold_train
19da305abe07de4a,Public,negative,negative,negative,negative,negative,gold_train
6962815b758d14ca,Finance,negative,negative,negative,negative,negative,gold_test
af8997f4db532dcd,Social,negative,negative,negative,negative,negative,gold_test
d990a627b14cd058,Finance,neutral,neutral,neutral,neutral,neutral,gold_train
3511af84da747849,Tech,neutral,neutral,neutral,neutral,neutral,gold_test
99ea96829105e485,Tech,negative,negative,negative,negative,negative,
d091682c4b26ef45,Finance,negative,positive,positive,positive,positive,gold_test
b74037a1b35d9732,Tech,neutral,neutral,neutral,neutral,neutral,
ad8da4c347cba0bc,Tech,neutral,neutral,neutral,neutral,neutral,gold_test
f286758b10e48837,Tech,neutral,neutral,neutral,neutral,neutral,
03593794795612c9,Tech,positive,negative,positive,positive,positive,
6ba6f6499c0e608a,Tech,positive,neutral,positive,positive,positive,gold_test
f9b007dc44b58544,Tech,negative,positive,negative,negative,negative,
0fbc02034ae716f2,Tech,neutral,neutral,negative,neutral,neutral,
78ed4ff214ecc5c2,Tech,positive,negative,negative,negative,negative,
3df8bb4b860ba77e,Finance,positive,positive,positive,positive,positive,gold_test
b4622dac370f50f2,Retail,positive,positive,positive,positive,positive,gold_test
5b10d24dcd188d9b,Tech,positive,positive,positive,positive,positive,gold_test
774a22333fdf145c,Tech,positive,positive,positive,positive,positive,
f6af40ac0bf231fc,Social,neutral,neutral,neutral,neutral,neutral,gold_test
7704faa3182d7e7f,Tech,positive,positive,positive,positive,positive,
8e975c09b9de890a,Retail,neutral,neutral,negative,neutral,neutral,gold_dev
fb236a24628353f0,Tech,neutral,neutral,neutral,neutral,neutral,
1703ba9f491028ee,Social,positive,positive,positive,positive,positive,gold_test
b8bbfe88a216ee04,Social,neutral,neutral,neutral,neutral,neutral,gold_dev
4dc3bbf3110c7c29,Public,negative,negative,negative,negative,negative,gold_test
79a5c87fad45f8f1,Finance,neutral,neutral,neutral,neutral,neutral,gold_test
758e0f43b4479f95,Finance,neutral,neutral,negative,neutral,neutral,gold_dev
2d11678da039322d,Tech,positive,positive,positive,positive,positive,
3f9210197519f5bc,Tech,neutral,negative,neutral,neutral,neutral,
5e3c91aeec534ecd,Tech,neutral,neutral,negative,neutral,neutral,
503aba35528bb693,Tech,neutral,neutral,neutral,neutral,neutral,
3ad24ebb4d9a1003,Tech,neutral,neutral,neutral,neutral,neutral,
b35e93c33641961b,Tech,neutral,neutral,neutral,neutral,neutral,
fcfbb2671aed6c2f,Retail,neutral,neutral,negative,neutral,neutral,gold_test
3fc6f60212c4f007,Tech,neutral,neutral,positive,neutral,neutral,
e1f86bef68f33972,Tech,positive,positive,positive,positive,positive,
698b66825c4aa3b9,Tech,neutral,neutral,neutral,neutral,neutral,
fd7bc442384e3ac0,Tech,positive,positive,positive,positive,positive,
b7407fe37cd9849e,Tech,neutral,neutral,neutral,neutral,neutral,
f697f77ab61c6d26,Tech,negative,neutral,neutral,neutral,neutral,
72bb130512eb6dd9,Tech,neutral,neutral,neutral,neutral,neutral,
59529b826ff61ec3,Tech,positive,positive,positive,positive,positive,
90e9dff75179ef80,Tech,positive,positive,positive,positive,positive,
7132283f902e2aa1,Social,neutral,negative,negative,negative,negative,gold_test
953fe67b73f6d224,Tech,neutral,positive,neutral,neutral,neutral,
385bfc48c430c9b1,Public,positive,positive,positive,positive,positive,gold_train
884f98626886e479,Tech,neutral,neutral,negative,neutral,neutral,
b9c7a7af8b3f351d,Tech,positive,positive,positive,positive,positive,gold_test
f49f824cc1390e92,Tech,negative,neutral,neutral,neutral,neutral,
e31ddda2002901b2,Tech,neutral,neutral,neutral,neutral,neutral,gold_dev
4f9cfc3a82100555,Retail,negative,negative,negative,negative,negative,gold_test
66da3dd8c83ca601,Tech,neutral,neutral,neutral,neutral,neutral,
74a903d795c69096,Tech,neutral,neutral,neutral,neutral,neutral,
6635c7992501533f,Tech,negative,negative,negative,negative,negative,
735142bd1b895d6c,Tech,negative,negative,negative,negative,negative,
65694e6c7a51f586,Tech,neutral,neutral,neutral,neutral,neutral,
10297396692f91e9,Tech,negative,negative,negative,negative,negative,
21375f948fd9be07,Tech,negative,neutral,negative,negative,negative,
02556db0d37339a6,Tech,positive,neutral,neutral,neutral,neutral,
9d5e32f1c9b7a3c6,Tech,neutral,neutral,neutral,neutral,neutral,
c1166ef0cf4c34e8,Tech,negative,negative,negative,negative,negative,
ea11adf5aa1a43c3,Tech,neutral,neutral,neutral,neutral,neutral,
d5a11d0c40c0b66d,Tech,neutral,neutral,neutral,neutral,neutral,
7625f94958d10aeb,Tech,negative,negative,negative,negative,negative,gold_test
d4ded8baeb9165c9,Tech,positive,positive,positive,positive,positive,
52dce57eaf38f286,Public,neutral,neutral,neutral,neutral,neutral,gold_test
892b0302db5d9636,Public,neutral,neutral,neutral,neutral,neutral,gold_train
7ef6b2db7b04c16e,Tech,neutral,neutral,neutral,neutral,neutral,
515a5de82688abb8,Public,neutral,neutral,neutral,neutral,neutral,gold_test
02b800afe64335ac,Public,neutral,neutral,neutral,neutral,neutral,gold_dev
4bd9d942854461f3,Tech,neutral,neutral,neutral,neutral,neutral,
a3f60ccf89c26e36,Tech,neutral,neutral,neutral,neutral,neutral,gold_train
e825e0d6512ae77c,Tech,negative,negative,negative,negative,negative,
d883dc5609b9f024,Public,negative,neutral,neutral,neutral,neutral,gold_train
577f0c8e5e1b3e20,Tech,neutral,neutral,neutral,neutral,neutral,
b1e48dbc4bd444f5,Tech,negative,negative,negative,negative,negative,gold_test
da0c20ad44e8e43e,Finance,negative,negative,negative,negative,negative,gold_test
bb7f197bea7bbf99,Tech,positive,positive,positive,positive,positive,
cf3f61a298e050df,Tech,neutral,neutral,neutral,neutral,neutral,gold_test
9b83abfc4b80c0f6,Tech,neutral,neutral,neutral,neutral,neutral,
e3da3f9d2b90c60c,Social,neutral,neutral,neutral,neutral,neutral,gold_test
80a894e0b42d6527,Social,neutral,negative,negative,negative,negative,gold_test
29df95d163e11d81,Finance,neutral,neutral,neutral,neutral,neutral,gold_train
41a9189bcdc6801d,Retail,neutral,neutral,neutral,neutral,neutral,gold_test
664abeb0ab1ecca3,Tech,neutral,neutral,neutral,neutral,neutral,
e8dad84499d3a47b,Tech,neutral,neutral,neutral,neutral,neutral,
6fcd8892be5d3c31,Tech,positive,neutral,neutral,neutral,neutral,
60afe973bab4f4b6,Tech,neutral,neutral,neutral,neutral,neutral,
9750b73097eed321,Finance,positive,positive,positive,positive,positive,gold_test
f30942febefedf4f,Tech,neutral,neutral,neutral,neutral,neutral,
e42a0f7fb4ee39bc,Tech,positive,positive,positive,positive,positive,
b695d5fa4b468b40,Tech,neutral,neutral,positive,neutral,neutral,
6d7df287b7332efa,Tech,neutral,negative,neutral,neutral,neutral,gold_dev
be2c7f26683fcef8,Tech,positive,negative,positive,positive,positive,
8eb6b6b26a983378,Tech,neutral,neutral,neutral,neutral,neutral,gold_dev
039781b52c22603e,Tech,negative,negative,negative,negative,negative,
7790699aba3f3e4d,Public,neutral,neutral,neutral,neutral,neutral,gold_dev
fa7f54322fc265d6,Tech,neutral,neutral,neutral,neutral,neutral,
769bc1b16c8d54c4,Social,positive,positive,positive,positive,positive,gold_test
c248c221a7493614,Retail,neutral,neutral,neutral,neutral,neutral,gold_dev
80bc922aa9611b41,Tech,neutral,neutral,neutral,neutral,neutral,
9e9fba10a9324bdd,Social,neutral,neutral,neutral,neutral,neutral,gold_test
6559eef9ac1ba785,Tech,negative,negative,negative,negative,negative,
f50824fef6d32bcb,Tech,negative,negative,negative,negative,negative,gold_test
31d891f468131790,Tech,positive,positive,positive,positive,positive,
bd2b96fac1796327,Tech,neutral,neutral,positive,neutral,neutral,
c83f2f896e019435,Tech,neutral,neutral,neutral,neutral,neutral,
bd4f4d39ae61bb61,Tech,neutral,neutral,neutral,neutral,neutral,
d6497a8636dd81cf,Tech,negative,negative,negative,negative,negative,
7414f885b76aa609,Tech,positive,positive,positive,positive,positive,
cbdfbbcb035df763,Tech,neutral,neutral,neutral,neutral,neutral,
131657ff9f56c89b,Finance,negative,positive,positive,positive,positive,gold_test
8db1ac4455aa1ede,Tech,neutral,neutral,neutral,neutral,neutral,
72e04a099591abf3,Finance,negative,negative,negative,negative,negative,gold_test
11c9c0a9d47d42bc,Finance,neutral,neutral,neutral,neutral,neutral,gold_dev
01f0d318512b120c,Finance,neutral,neutral,neutral,neutral,neutral,gold_dev
8043da3447e23657,Tech,positive,positive,positive,positive,positive,
cce6026956feb7b3,Tech,positive,positive,positive,positive,positive,
67bbb52463943552,Tech,positive,neutral,neutral,neutral,neutral,
ed080699e1b62211,Public,neutral,neutral,neutral,neutral,neutral,gold_dev
005fdf624a9e131c,Tech,negative,negative,negative,negative,negative,gold_test
5923c267527c8845,Tech,neutral,neutral,neutral,neutral,neutral,
9abdbc33bedd89d6,Tech,neutral,neutral,neutral,neutral,neutral,
22f958f675655429,Retail,neutral,neutral,neutral,neutral,neutral,gold_dev
6a0b868ca2e589e5,Tech,neutral,neutral,neutral,neutral,neutral,
6a1bacfdff95e963,Finance,neutral,neutral,neutral,neutral,neutral,gold_dev
7bf0763672d5b7ab,Retail,negative,negative,negative,negative,negative,gold_test
386669e8990d56d9,Tech,positive,neutral,positive,positive,positive,
52c34c59d100caa8,Public,negative,negative,negative,negative,negative,gold_test
0e71162a75fe07f4,Tech,positive,positive,positive,positive,positive,
6660845248a8bd0a,Tech,neutral,negative,negative,negative,negative,
0be9cb9d68c093d4,Tech,neutral,neutral,neutral,neutral,neutral,
e0cf1ab869a36f81,Finance,positive,positive,positive,positive,positive,gold_test
be572f894abe196e,Public,negative,negative,negative,negative,negative,gold_test
b1d76b4531dfe0be,Tech,neutral,neutral,neutral,neutral,neutral,
6eda58bef487fae1,Tech,neutral,neutral,neutral,neutral,neutral,
5f8dd3f3f87f9890,Social,positive,positive,positive,positive,positive,gold_test
cae7f4e7f832f95c,Tech,neutral,positive,neutral,neutral,neutral,
aa733fa203a58e4e,Tech,positive,positive,neutral,positive,positive,
dea2dc17c494d8c4,Tech,positive,positive,positive,positive,positive,
4b6e3f651cfe8d7e,Tech,negative,negative,negative,negative,negative,
1e2a9c533458df88,Tech,positive,positive,positive,positive,positive,
58a138049dbcaad6,Tech,neutral,neutral,neutral,neutral,neutral,gold_dev
db443263b1f70f90,Tech,negative,negative,negative,negative,negative,
05e97e5c608e6921,Tech,neutral,neutral,neutral,neutral,neutral,
13ad3f903a9992e2,Tech,neutral,neutral,neutral,neutral,neutral,
4834831ad9f9c56d,Tech,neutral,neutral,neutral,neutral,neutral,
0307c4990dbfc7dd,Tech,negative,neutral,neutral,neutral,neutral,
6bbd6e55bbdf3fda,Tech,negative,neutral,negative,negative,negative,
72682a76a351b6fa,Tech,neutral,positive,positive,positive,positive,
cd84df70c8beb931,Tech,positive,positive,positive,positive,positive,gold_test
8a8cf6f713218514,Tech,neutral,neutral,neutral,neutral,neutral,
ce8f3c7c5a836bb7,Tech,negative,negative,negative,negative,negative,
83dff446f739fa19,Tech,neutral,neutral,neutral,neutral,neutral,
d5855195fc9efa24,Public,negative,negative,negative,negative,negative,gold_dev
6535631ff88568bf,Tech,neutral,positive,neutral,neutral,neutral,
f0bbc5bc7dd8ed55,Tech,positive,positive,positive,positive,positive,
8ab099af8b8c5113,Tech,neutral,positive,positive,neutral,neutral,
2a542e4afe12caf2,Tech,neutral,neutral,neutral,neutral,neutral,
b7279969441019bd,Tech,negative,negative,negative,negative,negative,
0f56fed513e8c805,Tech,negative,negative,negative,negative,negative,
d1925f4123bc31e3,Tech,neutral,neutral,neutral,neutral,neutral,
ab4a05ac1a6daa44,Tech,positive,positive,positive,positive,positive,
46de55c500a46b8e,Tech,neutral,neutral,neutral,neutral,neutral,
fde3ceeb127172b4,Finance,positive,positive,positive,positive,positive,gold_test
912de711fbbbe84a,Tech,negative,negative,negative,negative,negative,gold_train
50d7e6190f279c13,Tech,neutral,neutral,neutral,neutral,neutral,
eb22bfc5cef3b1c8,Tech,neutral,neutral,neutral,neutral,neutral,gold_test
21e363ad487c606c,Tech,positive,positive,positive,positive,positive,
b550604c022f95d8,Tech,neutral,neutral,neutral,neutral,neutral,
16c85091b2642b57,Tech,negative,negative,negative,negative,negative,
edd10860b0f378c5,Tech,neutral,neutral,positive,neutral,neutral,gold_test
ffd1e1f1fb4eab33,Public,positive,positive,positive,positive,positive,gold_train
390fa6ab3841583f,Tech,negative,negative,negative,negative,negative,
6bd2210f3fcbc6b0,Tech,negative,negative,negative,negative,negative,
3df436fa03b9cd86,Finance,negative,positive,positive,positive,positive,gold_test
65e7f1279ae8c267,Tech,positive,positive,positive,positive,positive,
24634988ebc14789,Tech,neutral,neutral,neutral,neutral,neutral,
f81a8777783c103d,Tech,neutral,neutral,neutral,neutral,neutral,
0f3303ae055c4679,Tech,negative,negative,negative,negative,negative,
e9a21fbc537c2525,Tech,neutral,neutral,neutral,neutral,neutral,
e750b71db2058578,Tech,negative,negative,negative,negative,negative,
3832744f0e49bfa8,Tech,negative,negative,negative,negative,negative,
7cbb1ac161baa926,Tech,positive,positive,positive,positive,positive,
ec036e50525dbc4d,Tech,neutral,neutral,neutral,neutral,neutral,
0ae1782eef3f24a8,Tech,positive,positive,positive,positive,positive,
c2954a59bbe1f477,Tech,negative,negative,negative,negative,negative,
44bde068d8401103,Tech,negative,negative,negative,negative,negative,
4ccb326edbc4e755,Retail,neutral,neutral,neutral,neutral,neutral,gold_test
2c88def157c08d8b,Tech,neutral,negative,negative,negative,negative,
e906d3d669b98cb4,Tech,neutral,neutral,neutral,neutral,neutral,
da4b71803217ef29,Tech,positive,positive,positive,positive,positive,
31080ce75e615c12,Tech,negative,negative,negative,negative,negative,
13ee8c874751c1a8,Tech,positive,neutral,positive,positive,positive,
711638b92137d859,Finance,negative,negative,negative,negative,negative,gold_test
ac6cac7ec151a4bc,Tech,negative,negative,negative,negative,negative,
76e6ecb8315551cb,Tech,negative,negative,negative,negative,negative,
54462ea491925068,Tech,negative,negative,negative,negative,negative,
e300c1e44fc05c9e,Tech,negative,negative,negative,negative,negative,
4d0c8823b382e58d,Tech,neutral,neutral,neutral,neutral,neutral,
847c29b3f02721ed,Tech,positive,positive,positive,positive,positive,
9b6fbfd6f3bd3d42,Finance,neutral,neutral,neutral,neutral,neutral,gold_dev
3076fead104dd98d,Tech,positive,positive,positive,positive,positive,
2a714d1160c77b2f,Tech,neutral,positive,positive,positive,positive,
c8de7e21c0ee7f91,Finance,negative,neutral,neutral,neutral,neutral,gold_test
15593e23a033fba8,Tech,neutral,neutral,neutral,neutral,neutral,
a48e81770f342e01,Tech,positive,positive,positive,positive,positive,
f4a61c46eecd9c5e,Tech,neutral,neutral,neutral,neutral,neutral,
0883978ca6b0f804,Retail,negative,negative,negative,negative,negative,gold_test
ab518d114c02af03,Tech,negative,negative,negative,negative,negative,
a80b394ecbbb1eea,Tech,neutral,neutral,neutral,neutral,neutral,
4a415b5eed1a2b2e,Tech,positive,negative,negative,negative,negative,
731e341ea984ef78,Tech,neutral,neutral,neutral,neutral,neutral,
0fdcc7cfefdc809c,Tech,neutral,neutral,neutral,neutral,neutral,
109ffc58ff8dcdec,Tech,negative,negative,negative,negative,negative,
2f2f2c29272f66d1,Tech,neutral,neutral,neutral,neutral,neutral,
babdf2a6ad22706c,Tech,positive,positive,positive,positive,positive,
72cb86355169e01e,Tech,neutral,neutral,neutral,neutral,neutral,
05494b3979861afb,Tech,positive,positive,positive,positive,positive,
eccea9fb968344fc,Tech,neutral,negative,neutral,neutral,neutral,gold_train
45d8b29d838008d4,Tech,negative,negative,negative,negative,negative,
c6527b233046431b,Tech,positive,positive,positive,positive,positive,
699678bf98c5a9c5,Retail,positive,positive,positive,positive,positive,gold_test
cf0d6ee022ad66e7,Tech,neutral,neutral,neutral,neutral,neutral,
241f380453d2d6ee,Tech,positive,negative,negative,negative,negative,
3f279b807dfbdea0,Tech,negative,negative,negative,negative,negative,gold_test
8ad557515ebd7f7f,Tech,neutral,neutral,neutral,neutral,neutral,
3cd2229822f3e986,Tech,neutral,neutral,neutral,neutral,neutral,
6f35a17569b684d4,Tech,neutral,neutral,neutral,neutral,neutral,
b36f992cbf11594f,Tech,neutral,neutral,neutral,neutral,neutral,
a0e95d95dc6a0d49,Tech,negative,negative,negative,negative,negative,
42ea487c9cced42b,Tech,neutral,positive,neutral,neutral,neutral,
f7e686236ce98f9d,Tech,negative,neutral,negative,negative,negative,
41e897c02dade356,Tech,neutral,neutral,neutral,neutral,neutral,gold_test
ed7868d25ef8ad2b,Tech,negative,negative,negative,negative,negative,
e64ed93cf256d620,Tech,positive,positive,positive,positive,positive,
901721155ad291bd,Tech,neutral,neutral,neutral,neutral,neutral,
3b71b232b39bc049,Tech,positive,positive,neutral,positive,positive,
441390e9ac3e2200,Tech,neutral,negative,negative,negative,negative,
c10d44f434eedc14,Tech,neutral,neutral,neutral,neutral,neutral,
5e0f40307ff26bff,Tech,positive,positive,positive,positive,positive,
78c7a8df0d70f790,Tech,positive,positive,positive,positive,positive,
290dfe6628d793ba,Tech,neutral,neutral,neutral,neutral,neutral,
d29fa6698180fd11,Tech,negative,negative,negative,negative,negative,
f9e1030b1bd97083,Tech,negative,negative,negative,negative,negative,
4b2336f5071b7a10,Tech,positive,positive,positive,positive,positive,
75d7ae24cfadd086,Tech,neutral,neutral,neutral,neutral,neutral,
385d86870bee1eca,Tech,negative,negative,negative,negative,negative,
f9daf48a5534368f,Tech,negative,negative,negative,negative,negative,
6fdead1b322c1bc2,Tech,negative,negative,negative,negative,negative,
32ef75262c928ca7,Tech,negative,negative,negative,negative,negative,
bb811b17f187bbb2,Tech,neutral,positive,neutral,neutral,neutral,
23d3442507afb25d,Tech,positive,positive,positive,positive,positive,
0d2ffa36a4003409,Tech,positive,neutral,neutral,neutral,neutral,
67e098d68e74d10f,Tech,negative,negative,negative,negative,negative,
e7d25bac2c186297,Tech,negative,negative,negative,negative,negative,
6f27dd1d0e239de2,Tech,negative,neutral,negative,negative,negative,
0a310155c419002e,Tech,neutral,negative,negative,negative,negative,
054378681007e029,Tech,negative,positive,negative,negative,negative,
a79928c20a7891c0,Finance,positive,positive,positive,positive,positive,gold_test
cdb686445a39a9c8,Public,neutral,neutral,neutral,neutral,neutral,gold_train
d43e5e0c1f9cd71d,Tech,negative,negative,negative,negative,negative,
4b423e0a3198852a,Retail,negative,negative,negative,negative,negative,gold_test
bcd102a2e9d9c7bf,Tech,neutral,neutral,neutral,neutral,neutral,
4d871b41e56a61d7,Public,positive,neutral,neutral,neutral,neutral,gold_train
772f594e6058247f,Tech,negative,negative,negative,negative,negative,
5144dca6dc7d4a45,Tech,neutral,neutral,neutral,neutral,neutral,
8ca543839a68b490,Tech,neutral,neutral,neutral,neutral,neutral,gold_train
d6e867faa2c780f3,Tech,neutral,positive,neutral,neutral,neutral,
3104891c57e1bfab,Finance,negative,negative,negative,negative,negative,gold_test
e116a26071d24505,Retail,neutral,neutral,neutral,neutral,neutral,gold_test
1921bf7368258f72,Retail,neutral,neutral,neutral,neutral,neutral,gold_test
59780b77ecc6cdb1,Tech,neutral,neutral,neutral,neutral,neutral,
5c9fffcd0dc4a449,Retail,positive,neutral,neutral,neutral,neutral,gold_test
646eba8f81cbe686,Tech,neutral,neutral,neutral,neutral,neutral,
c1d680c08c0757a6,Finance,negative,negative,negative,negative,negative,gold_train
f3213e3f46999076,Tech,neutral,neutral,negative,neutral,neutral,
0a18377796b47ab9,Tech,neutral,neutral,neutral,neutral,neutral,gold_test
149c705bdae6d28a,Tech,neutral,neutral,neutral,neutral,neutral,
2d1953790393b34b,Tech,neutral,neutral,negative,neutral,neutral,
909de83b9d06333b,Tech,positive,positive,positive,positive,positive,
848d665c482704e9,Finance,positive,positive,positive,positive,positive,gold_test
59403132f0f349d8,Retail,neutral,neutral,neutral,neutral,neutral,gold_test
dc8236c8cb4ccd71,Tech,neutral,neutral,neutral,neutral,neutral,gold_dev
20078d3c85a14200,Tech,neutral,positive,neutral,neutral,neutral,
a4681c87fbbf4cd7,Tech,neutral,neutral,neutral,neutral,neutral,
ce695ec6d3a37a54,Retail,positive,positive,positive,positive,positive,gold_test
f687ccc0e94f4905,Tech,positive,positive,positive,positive,positive,
a4163e60cfc051be,Tech,positive,positive,positive,positive,positive,
974775a586c1af21,Tech,neutral,neutral,neutral,neutral,neutral,gold_test
e62ab0ca5148b2f6,Retail,positive,positive,positive,positive,positive,gold_test
956bd06c15b36c92,Tech,positive,positive,positive,positive,positive,gold_dev
623544cce11a32d6,Tech,neutral,neutral,neutral,neutral,neutral,
8311afba9cf6e6a3,Social,positive,positive,positive,positive,positive,gold_test
9b26407150606b45,Tech,neutral,neutral,neutral,neutral,neutral,
22cd209b631300d6,Tech,neutral,neutral,neutral,neutral,neutral,
e1632b4fe7ce0f31,Tech,neutral,neutral,neutral,neutral,neutral,
4a1668bd95a844fc,Tech,neutral,neutral,negative,neutral,neutral,gold_dev
bc7a6bc2c6ad6a0f,Finance,neutral,positive,positive,positive,positive,gold_test
bf11a1446e00c9ac,Finance,neutral,neutral,neutral,neutral,neutral,gold_test
088b2313dca363f2,Tech,negative,negative,negative,negative,negative,
696fe90f5fa26a33,Tech,neutral,neutral,neutral,neutral,neutral,
75c8aef3ef097e0a,Tech,neutral,neutral,neutral,neutral,neutral,
33d8eee1c5957aca,Tech,negative,negative,negative,negative,negative,
34feffbc67dd165a,Tech,negative,negative,negative,negative,negative,
0a8c4e4fbf09e5b2,Tech,positive,negative,negative,negative,negative,
b3ee917915051825,Retail,neutral,neutral,neutral,neutral,neutral,gold_test
b57b034137c4fa11,Tech,neutral,neutral,neutral,neutral,neutral,
542c51607f4b2486,Tech,neutral,neutral,neutral,neutral,neutral,
1fa3b5fafafe4200,Tech,negative,positive,negative,negative,negative,
a9784e7bbc0d323a,Tech,neutral,neutral,neutral,neutral,neutral,
bcfc07f2f9d8e64a,Finance,neutral,neutral,neutral,neutral,neutral,gold_test
cfa691ff49b711bb,Tech,negative,negative,negative,negative,negative,
a38dfd408080f545,Tech,neutral,neutral,neutral,neutral,neutral,
b5e792003881cfb0,Social,neutral,positive,positive,positive,positive,gold_test
83a7170786480a15,Tech,neutral,neutral,neutral,neutral,neutral,
cf7f55bc6b18cc7a,Tech,positive,positive,positive,positive,positive,gold_dev
54115cbeed8a1d3c,Tech,negative,negative,negative,negative,negative,
6920b4db0aaa2a06,Finance,negative,negative,negative,negative,negative,gold_test
6a5cb519d70be1f1,Finance,positive,positive,positive,positive,positive,gold_test
f75a27fe9493a0db,Social,positive,positive,positive,positive,positive,gold_test
827a6e4386f0032f,Tech,negative,negative,negative,negative,negative,
7642b5f067245e8b,Finance,negative,negative,negative,negative,negative,gold_test
0afdb733dba01b53,Social,negative,negative,positive,negative,negative,gold_test
7ea153361c4f41f5,Tech,positive,neutral,neutral,neutral,neutral,
3c849f3a1251a19f,Tech,neutral,negative,negative,negative,negative,gold_train
95fd473c0e45290a,Tech,neutral,neutral,positive,neutral,neutral,
ab329f619f2bf681,Tech,positive,positive,positive,positive,positive,
38abf57997d4591b,Tech,neutral,neutral,neutral,neutral,neutral,
f57bf53b29aaf5dd,Tech,neutral,neutral,neutral,neutral,neutral,
85d8feeb6ef55449,Tech,neutral,neutral,neutral,neutral,neutral,
783047b353af296d,Tech,positive,positive,positive,positive,positive,gold_test
5c8bbd83f7ce8c45,Tech,negative,negative,negative,negative,negative,
92416bcb0a3fdd64,Social,positive,positive,positive,positive,positive,gold_test
4191371a8360038d,Social,positive,positive,positive,positive,positive,gold_test
5a0c9c0251de7ae5,Tech,positive,positive,positive,positive,positive,
92567d404f712f7d,Tech,neutral,neutral,neutral,neutral,neutral,
c72b10464f234476,Tech,negative,negative,negative,negative,negative,
e058934d344602e5,Tech,negative,negative,negative,negative,negative,
e93963a512397dc0,Tech,neutral,neutral,neutral,neutral,neutral,
c276f4f3123c1a75,Tech,positive,positive,neutral,positive,positive,gold_test
cf47605e76005511,Tech,positive,negative,negative,negative,negative,
2d1de6ae7bc1e523,Tech,neutral,neutral,neutral,neutral,neutral,gold_dev
257d1349520f6ca1,Public,negative,negative,negative,negative,negative,gold_test
58eb1a7bb9b3e664,Retail,positive,positive,positive,positive,positive,gold_test
3062f88af62b70d2,Tech,neutral,neutral,neutral,neutral,neutral,
f3673de04a6bfe57,Tech,negative,positive,negative,negative,negative,
d58e6e89335ed1dc,Tech,positive,positive,positive,positive,positive,
dacbe2be076859cc,Tech,neutral,neutral,neutral,neutral,neutral,
8803955f3068c8f5,Tech,neutral,neutral,neutral,neutral,neutral,
dc46d9818b4bd549,Tech,positive,positive,positive,positive,positive,
417087f3a234e1a2,Social,negative,negative,negative,negative,negative,gold_test
2339fda694c5de6e,Social,negative,negative,negative,negative,negative,gold_test
c31891fb20ef2b96,Tech,positive,negative,negative,negative,negative,
337a088f2673a8de,Tech,negative,negative,negative,negative,negative,
41f189d069d61865,Tech,neutral,neutral,neutral,neutral,neutral,
d75a3295d4ec7aae,Finance,neutral,neutral,neutral,neutral,neutral,gold_dev
b418d66fb45c7e11,Tech,neutral,neutral,neutral,neutral,neutral,
4a9930f34664b6a6,Tech,neutral,neutral,neutral,neutral,neutral,
467c478513eacd48,Tech,neutral,neutral,neutral,neutral,neutral,
d40567b807a192ed,Retail,positive,positive,positive,positive,positive,gold_dev
62246394983985cf,Tech,negative,negative,negative,negative,negative,
0f8f63de6e1254be,Social,positive,positive,positive,positive,positive,gold_test
2bc91add02fba7b4,Tech,neutral,neutral,neutral,neutral,neutral,
190714ca4199cc6c,Retail,positive,negative,positive,positive,positive,gold_test
3a4c00dbd07c242e,Tech,neutral,neutral,positive,neutral,neutral,
b41f0396b6a9d26b,Tech,neutral,neutral,neutral,neutral,neutral,
2e2efff9676bac26,Finance,positive,positive,positive,positive,positive,gold_test
fa453df9e7fbddab,Finance,positive,positive,positive,positive,positive,gold_test
b5d124b031572adc,Finance,positive,positive,positive,positive,positive,gold_test
7177ee1dbb68a9f9,Tech,negative,negative,negative,negative,negative,
5480643b11ad83cd,Tech,positive,positive,positive,positive,positive,
a82561a7257844a8,Tech,positive,positive,positive,positive,positive,
363991eea4fdb46c,Tech,positive,positive,positive,positive,positive,gold_test
931a031c468f8489,Tech,neutral,neutral,neutral,neutral,neutral,
cf9c782b3f0b4b83,Tech,neutral,neutral,negative,neutral,neutral,
37504b406f35478d,Tech,neutral,neutral,neutral,neutral,neutral,
8b5fd4d1015ade60,Social,positive,positive,positive,positive,positive,gold_test
c4da0741eb27d28b,Tech,negative,negative,negative,negative,negative,
4ee6a415f52a1092,Tech,negative,negative,negative,negative,negative,
1474da1efcb84e60,Tech,neutral,neutral,neutral,neutral,neutral,
2e18597fea4db63e,Tech,negative,negative,negative,negative,negative,
1ae9c6b1698e3a85,Tech,positive,positive,positive,positive,positive,gold_test
1ba515709efd9516,Finance,positive,positive,positive,positive,positive,gold_test
623e0e5d08149e49,Tech,neutral,negative,negative,negative,negative,gold_test
c2c34a90f42e7123,Tech,positive,positive,positive,positive,positive,gold_test
6641536e846ea0f2,Tech,positive,positive,positive,positive,positive,gold_test
ecb678a6fcd46246,Tech,neutral,neutral,neutral,neutral,neutral,
9abdad648fa401c6,Tech,negative,neutral,neutral,neutral,neutral,
ca9fdbb528bd6298,Social,neutral,neutral,neutral,neutral,neutral,gold_dev
7c47d6ac5eae71d1,Tech,neutral,negative,negative,negative,negative,
7dfa4492f1e203fb,Tech,positive,positive,positive,positive,positive,
9b353734d892011a,Tech,positive,positive,positive,positive,positive,
fa4a9e6376587127,Public,neutral,neutral,positive,neutral,neutral,gold_dev
bb9694bf40947534,Public,neutral,neutral,positive,neutral,neutral,gold_train
b2802646e31820f8,Public,negative,positive,negative,negative,negative,gold_train
6be5c52f7beef596,Tech,neutral,neutral,neutral,neutral,neutral,
b482d374477f5632,Retail,neutral,neutral,neutral,neutral,neutral,gold_dev
86b418d5fbd26325,Tech,neutral,neutral,neutral,neutral,neutral,
d0eef1efbd76e782,Social,negative,negative,negative,negative,negative,gold_dev
5a026a3ffd1f6917,Tech,negative,negative,negative,negative,negative,
e116f819a76a38a1,Tech,neutral,neutral,neutral,neutral,neutral,
4c0626a1c132af8b,Retail,positive,positive,positive,positive,positive,gold_test
eaf9209f59bc8499,Tech,neutral,neutral,neutral,neutral,neutral,
75a00e907b95dc0a,Finance,negative,negative,negative,negative,negative,gold_test
973c2c4b4447413d,Tech,negative,negative,negative,negative,negative,
276ef6db76c7f385,Tech,negative,negative,negative,negative,negative,
ac9bccdfd1f413e6,Tech,neutral,neutral,neutral,neutral,neutral,
6d1ca362730707e7,Tech,negative,positive,negative,negative,negative,gold_test
ac8cc951c59a5797,Retail,neutral,neutral,neutral,neutral,neutral,gold_test
f251c1adb36fd299,Social,positive,positive,positive,positive,positive,gold_test
c450af54d2c5b523,Tech,neutral,neutral,neutral,neutral,neutral,
dffe193840920de6,Tech,neutral,neutral,neutral,neutral,neutral,
2df3d71fb2cc2ad7,Tech,negative,negative,negative,negative,negative,
18ddafe6b6d43af1,Public,negative,negative,negative,negative,negative,gold_test
63624649dec7b30c,Tech,neutral,neutral,neutral,neutral,neutral,
2401bace8fbe2759,Tech,positive,neutral,neutral,neutral,neutral,
57704e860b651377,Tech,neutral,neutral,neutral,neutral,neutral,
25edf43a63a892c9,Tech,positive,neutral,positive,positive,positive,
0f1bed59ca6da23c,Tech,neutral,neutral,negative,neutral,neutral,
e8936a7eba86b5e0,Tech,neutral,neutral,positive,neutral,neutral,
4c3fb9db4439d3e7,Retail,neutral,neutral,neutral,neutral,neutral,gold_test
1b31da5402e4e79c,Tech,neutral,neutral,neutral,neutral,neutral,
e001e2c4fae9b72d,Tech,neutral,positive,neutral,neutral,neutral,
383e16b34ff82c1b,Social,positive,positive,positive,positive,positive,gold_test
4666813669527fe8,Tech,neutral,negative,neutral,neutral,neutral,gold_train
6e70f427365d7d10,Tech,neutral,neutral,neutral,neutral,neutral,
ff407d8cc7ca2f7a,Tech,negative,negative,negative,negative,negative,gold_test
ef94b5d5853dc25e,Retail,positive,positive,positive,positive,positive,gold_test
a5e020508bb7a4b3,Tech,positive,positive,positive,positive,positive,
28902b054c7584b0,Tech,neutral,neutral,neutral,neutral,neutral,
aa3cab42fc602900,Tech,neutral,neutral,neutral,neutral,neutral,
5cd288fabf7ddef3,Social,negative,negative,negative,negative,negative,gold_test
8838e4d4292d1ee7,Tech,negative,positive,negative,positive,positive,
021fe54918be5da6,Tech,neutral,neutral,neutral,neutral,neutral,
c7af1e60a893686a,Tech,neutral,neutral,negative,neutral,neutral,
28cd774dedcc77c4,Social,negative,positive,positive,positive,positive,gold_test
64ce6d19c6167ea3,Tech,positive,neutral,neutral,neutral,neutral,
51d1d8bdb5b82511,Tech,negative,negative,negative,negative,negative,
28f0c3f18cf60b34,Tech,neutral,neutral,neutral,neutral,neutral,
19f414726670e186,Tech,positive,negative,negative,negative,negative,
a6c7438427d1f754,Tech,positive,positive,positive,positive,positive,
5e030535deabf449,Tech,positive,positive,positive,positive,positive,
4f27881f98dc9302,Tech,positive,neutral,neutral,neutral,neutral,
817a92a0ba30af83,Tech,neutral,neutral,neutral,neutral,neutral,
c9e77a0d5f46d0f4,Tech,positive,positive,positive,positive,positive,
c8befc4e25d6b582,Tech,negative,negative,negative,negative,negative,
32f0994d61a13f67,Tech,positive,positive,negative,positive,positive,
aaa8567c28cd606f,Finance,negative,negative,negative,negative,negative,gold_test
6a46978376b5470a,Tech,neutral,neutral,neutral,neutral,neutral,
3d133af073f991c6,Social,negative,negative,negative,negative,negative,gold_test
3314d5747b874b6b,Tech,neutral,neutral,neutral,neutral,neutral,
debd693dbbce7e87,Tech,neutral,neutral,neutral,neutral,neutral,
a8cbc4f9a0019db7,Tech,neutral,neutral,neutral,neutral,neutral,
3886a101822622b6,Tech,negative,negative,negative,negative,negative,
51f689be9dd419e6,Tech,neutral,neutral,neutral,neutral,neutral,
8220ddd1e63e46ae,Tech,negative,negative,negative,negative,negative,
43eb052da2ebe05d,Tech,positive,positive,positive,positive,positive,
b2010af8eca8d6f3,Tech,negative,positive,positive,positive,positive,
86ad5b90f314d15b,Tech,negative,negative,negative,negative,negative,
339804f640eeaa60,Tech,positive,neutral,neutral,neutral,neutral,
c460a33f8e466a46,Finance,negative,negative,negative,negative,negative,gold_train
17571f512e8417a9,Tech,neutral,neutral,neutral,neutral,neutral,
8a9062e0f36e0989,Tech,negative,negative,negative,negative,negative,
a87ff0faf2ccbe9a,Tech,positive,positive,positive,positive,positive,
b7f397bc4f7805aa,Public,negative,neutral,negative,negative,negative,gold_dev
5be9a4d0302fb041,Public,neutral,neutral,neutral,neutral,neutral,gold_dev
b76a10d87a021f4e,Finance,negative,neutral,neutral,neutral,neutral,gold_test
02136fc74d3bed8d,Retail,neutral,positive,positive,positive,positive,gold_test
7d288bfc154cbc77,Tech,negative,negative,negative,negative,negative,
7469038e54519c5c,Tech,neutral,neutral,neutral,neutral,neutral,
e94e3df821972e0b,Tech,positive,neutral,positive,positive,positive,
118c13640bb36f1a,Tech,negative,negative,negative,negative,negative,
7f1e0d6c4e6ed193,Tech,neutral,neutral,neutral,neutral,neutral,
a3ed696979166d66,Tech,negative,negative,negative,negative,negative,
98a7d98e0b32f42e,Tech,neutral,neutral,neutral,neutral,neutral,
a57c032d5d10ebb1,Social,neutral,neutral,neutral,neutral,neutral,gold_dev
34fb9fe0fcecf4ce,Tech,positive,positive,positive,positive,positive,
676c4ea0b2688ae0,Tech,neutral,neutral,neutral,neutral,neutral,
325b56802f83aa7f,Tech,neutral,neutral,neutral,neutral,neutral,
61a0324c15f05039,Tech,negative,neutral,negative,negative,negative,
334690a15c5af6d2,Tech,negative,negative,negative,negative,negative,
d42981474f3ff582,Tech,positive,positive,positive,positive,positive,gold_test
4ed3c16679b8ac6b,Tech,negative,negative,negative,negative,negative,
b859f9096bdac691,Tech,negative,negative,negative,negative,negative,
f7d3f37544533d85,Finance,neutral,neutral,neutral,neutral,neutral,gold_train
947fe9dc9b193a91,Finance,neutral,neutral,positive,neutral,neutral,gold_test
c67e5becee34f61f,Public,neutral,neutral,neutral,neutral,neutral,gold_test
375d54b40045a535,Retail,negative,negative,negative,negative,negative,gold_test
495f0a6be56f7ba9,Tech,neutral,neutral,neutral,neutral,neutral,
5ecc19992aea969f,Public,negative,negative,negative,negative,negative,gold_test
c08e2163327f8c77,Tech,negative,negative,negative,negative,negative,
be3d953beeb9b5cf,Tech,negative,positive,negative,negative,negative,gold_test
2fe8281f85dc6b92,Tech,neutral,neutral,neutral,neutral,neutral,
84b128020c14666b,Finance,positive,positive,positive,positive,positive,gold_train
623ac6739a68c78e,Tech,negative,negative,negative,negative,negative,
ad0a5c089070eb5d,Finance,neutral,neutral,neutral,neutral,neutral,gold_test
7a9a34949a82c269,Tech,positive,neutral,neutral,neutral,neutral,
d4015b5aa7381056,Tech,neutral,neutral,neutral,neutral,neutral,
9d56f8af6632d0a1,Tech,positive,neutral,neutral,neutral,neutral,
6fa684418e23422b,Tech,neutral,neutral,neutral,neutral,neutral,
17371c038d4f02de,Tech,negative,negative,negative,negative,negative,
216bd782b3a13afb,Retail,negative,negative,negative,negative,negative,gold_test
9836b1eac6196553,Public,positive,positive,positive,positive,positive,gold_test
3731a187d24cd293,Finance,negative,negative,negative,negative,negative,gold_test
03a54aa16867f058,Social,neutral,neutral,neutral,neutral,neutral,gold_test
3a92d92fb2cdd14a,Tech,positive,positive,positive,positive,positive,
0b0705edf5293d43,Finance,negative,negative,negative,negative,negative,gold_test
6f1e1836b6f7f6eb,Finance,neutral,neutral,neutral,neutral,neutral,gold_test
68eaee26ed6588b1,Tech,negative,negative,negative,negative,negative,
8c020f834fc5c2da,Tech,negative,negative,negative,negative,negative,gold_test
4148c19e45d44c0b,Tech,neutral,neutral,neutral,neutral,neutral,
29028666df4f6cd3,Tech,neutral,neutral,neutral,neutral,neutral,
4c193db759cadc0e,Social,neutral,neutral,neutral,neutral,neutral,gold_dev
1a0342be3a9ecf9e,Tech,neutral,neutral,neutral,neutral,neutral,
7538eb30fbfc276b,Retail,negative,negative,negative,negative,negative,gold_test
88d96a9cf029e702,Tech,negative,negative,negative,negative,negative,gold_test
98bef0a5746ee795,Retail,negative,negative,negative,negative,negative,gold_test
fb45c9f5b2d9970f,Tech,positive,positive,positive,positive,positive,
892872b53e02f213,Retail,negative,negative,negative,negative,negative,gold_test
d6a64c8949072820,Retail,neutral,neutral,neutral,neutral,neutral,gold_test
d09b1d4a7baecbc3,Tech,neutral,neutral,neutral,neutral,neutral,
454f3a1316fbe6ed,Tech,neutral,negative,negative,negative,negative,
2cd7afacdd9fd700,Tech,negative,negative,negative,negative,negative,gold_dev
8837e7d033fc1150,Public,negative,negative,negative,negative,negative,gold_train
82cdc6f73bdcb2aa,Tech,neutral,neutral,neutral,neutral,neutral,gold_test
f2d6ba4e2e1c04dc,Tech,positive,positive,positive,positive,positive,
5886a97592994114,Tech,neutral,neutral,neutral,neutral,neutral,
5f4c8610d0f19f23,Finance,neutral,neutral,neutral,neutral,neutral,gold_train
2341d6461eb9d465,Tech,neutral,neutral,neutral,neutral,neutral,
fe3437ad07f7c91b,Tech,negative,negative,positive,negative,negative,
38d391097f4a7b91,Tech,neutral,neutral,neutral,neutral,neutral,
029a22bdbe5661fc,Tech,positive,positive,positive,positive,positive,
142f63ab26f63429,Tech,neutral,neutral,neutral,neutral,neutral,
dea6b5f5638caa75,Tech,positive,positive,positive,positive,positive,
9d74cd0b59278fc2,Tech,neutral,neutral,neutral,neutral,neutral,
8144ee1a4e4a8c15,Tech,positive,positive,neutral,positive,positive,
69b5e60449904b27,Tech,neutral,neutral,neutral,neutral,neutral,
b150f8586417ad0a,Tech,neutral,neutral,neutral,neutral,neutral,
30d9f6727621fa65,Social,positive,positive,positive,positive,positive,gold_test
665e8110ca2dddc4,Social,positive,negative,positive,positive,positive,gold_test
cb7e184cbe358cd6,Tech,neutral,neutral,neutral,neutral,neutral,gold_dev
938515ca60156f87,Tech,positive,neutral,neutral,neutral,neutral,gold_test
cbc4e59b99471b19,Tech,negative,negative,negative,negative,negative,
4d165360037e3a6c,Tech,positive,positive,positive,positive,positive,gold_test
da6869baa2ff77ea,Public,negative,negative,negative,negative,negative,gold_train
016015521fb265e5,Tech,positive,positive,positive,positive,positive,
f928248bbc544e86,Retail,neutral,neutral,neutral,neutral,neutral,gold_dev
37ef636963567b08,Finance,negative,negative,negative,negative,negative,gold_test
1b65b89ce997d28d,Tech,positive,positive,positive,positive,positive,
bf5238a9ad6b604d,Tech,neutral,neutral,neutral,neutral,neutral,
ae616c29a94ac8db,Tech,neutral,neutral,neutral,neutral,neutral,
637964c1d9671854,Tech,neutral,neutral,neutral,neutral,neutral,
0585c601ef9fcded,Tech,negative,positive,negative,negative,negative,
e67a2a0b48b44d98,Tech,neutral,neutral,neutral,neutral,neutral,
138131c694f1fa13,Tech,neutral,neutral,neutral,neutral,neutral,
25f47fa8736f1605,Tech,negative,neutral,negative,negative,negative,
ef8a490d8964f2b4,Finance,negative,negative,neutral,negative,negative,gold_test
13d01717356df758,Tech,neutral,neutral,neutral,neutral,neutral,
d114b0d826513dd5,Tech,neutral,neutral,neutral,neutral,neutral,
9348a8d5961e88a6,Tech,neutral,neutral,neutral,neutral,neutral,
5fa9f13c5f14d178,Tech,neutral,neutral,negative,neutral,neutral,
dea7473d625af162,Tech,neutral,neutral,neutral,neutral,neutral,
12e2fe9d38a88d36,Tech,neutral,neutral,neutral,neutral,neutral,
9316b9dcf2e9c054,Tech,neutral,neutral,neutral,neutral,neutral,
5289eab2ee9f4136,Tech,negative,negative,negative,negative,negative,
7ee5566363bf0b9e,Tech,neutral,neutral,neutral,neutral,neutral,
3196f2f86ca489f4,Tech,neutral,neutral,neutral,neutral,neutral,
02bfa28978de11a7,Tech,positive,positive,positive,positive,positive,
73f96c1c80363869,Tech,positive,negative,positive,positive,positive,
cf2a203eaa4ec622,Public,neutral,neutral,neutral,neutral,neutral,gold_train
bce2791a24933535,Tech,positive,positive,positive,positive,positive,
5ed782b1ad1ccee6,Tech,neutral,neutral,neutral,neutral,neutral,
d5555d5f68e00773,Tech,positive,positive,positive,positive,positive,
352984935223eccd,Tech,positive,positive,negative,positive,positive,
0f7ba071c3c2cdf1,Tech,negative,negative,negative,negative,negative,
cf5c4d858f35c4cc,Tech,neutral,neutral,neutral,neutral,neutral,
a731e9c71b69412d,Tech,positive,positive,positive,positive,positive,
ed9629ef755863b7,Tech,neutral,neutral,neutral,neutral,neutral,
40537b77de522d7d,Tech,neutral,neutral,neutral,neutral,neutral,
cecbfbd7d363331a,Tech,positive,neutral,neutral,neutral,neutral,gold_test
5b87bad04d7d584d,Tech,neutral,neutral,neutral,neutral,neutral,gold_dev
a6f9b7b14fb5309c,Tech,negative,negative,negative,negative,negative,
ed6e08072c0d6086,Tech,negative,negative,negative,negative,negative,
9c507db74ef1a168,Tech,neutral,neutral,neutral,neutral,neutral,
ae44004e1f6fbc27,Tech,neutral,neutral,neutral,neutral,neutral,
cc52c834a8de7a2f,Tech,negative,negative,negative,negative,negative,gold_test
9a15bf762aa4feef,Tech,positive,positive,positive,positive,positive,gold_test
a7bfa5a4d447ca6e,Tech,negative,negative,negative,negative,negative,gold_test
4075d80e1f90a681,Finance,positive,positive,positive,positive,positive,gold_test
5548a6ef248cd4fa,Retail,negative,negative,negative,negative,negative,gold_test
e57a1fc173d8d632,Retail,positive,positive,positive,positive,positive,gold_test
243df7d2b5213f56,Social,negative,negative,negative,negative,negative,gold_test
ed45748a99a91d92,Social,positive,positive,positive,positive,positive,gold_test
2a27999c9155407a,Social,positive,positive,positive,positive,positive,gold_test
0c2cdb19da253800,Tech,positive,positive,positive,positive,positive,gold_test
e9b3d6ebc25cf455,Tech,negative,negative,negative,negative,negative,gold_test
704c7715981c17dc,Tech,positive,neutral,positive,positive,positive,gold_test
3cceb5b6733b8aa5,Retail,negative,negative,negative,negative,negative,gold_test
a3b67cb7c6f6a92f,Tech,negative,negative,negative,negative,negative,gold_test
fa8d0a1b3491a068,Tech,negative,negative,neutral,negative,negative,gold_test
f43d9d43389da183,Finance,positive,positive,positive,positive,positive,gold_test
08cfdfc6ea79d8bb,Tech,positive,positive,positive,positive,positive,gold_test
e5e9a45e3f7fa6b8,Tech,negative,negative,negative,negative,negative,gold_test
c2c71523f24cb02a,Finance,positive,negative,negative,negative,negative,gold_test
644174994cb25d5a,Retail,positive,positive,positive,positive,positive,gold_test
e2d7552bb2f0c178,Tech,positive,positive,positive,positive,positive,gold_test
1aa1101df8522a29,Finance,negative,positive,positive,positive,positive,gold_test
e4fbc927ce4c29d0,Finance,positive,positive,negative,positive,positive,gold_test
30a62ae928ff4813,Tech,positive,positive,positive,positive,positive,gold_test
8ec5abf8c67cc39f,Tech,positive,positive,positive,positive,positive,gold_test
8fe35f363bb91729,Social,negative,positive,negative,negative,negative,gold_test
33f2d32011bababa,Social,negative,negative,negative,negative,negative,gold_test
aa09859a3c510689,Tech,positive,positive,positive,positive,positive,gold_test
50d41d163c072a8f,Finance,negative,negative,negative,negative,negative,gold_test
5f89bea4a50d7dbb,Tech,positive,positive,positive,positive,positive,gold_test
7595f7a3ed2acd64,Social,positive,positive,positive,positive,positive,gold_test
5d50429172b22c90,Tech,positive,positive,positive,positive,positive,gold_test
9ab3bf5d9366d1c7,Finance,positive,positive,positive,positive,positive,gold_test
9b564fd4bb96dfd1,Tech,negative,negative,negative,negative,negative,gold_test
ed6e20250b8b12f0,Tech,positive,positive,positive,positive,positive,gold_test
7abf22e170345a79,Tech,positive,positive,positive,positive,positive,gold_test
b10a76eb40b87c75,Finance,positive,positive,positive,positive,positive,gold_test
847c011fbb5acbdb,Social,negative,negative,negative,negative,negative,gold_test
38be2ff1baa3831b,Social,positive,positive,positive,positive,positive,gold_test
70299b1a59b026b9,Retail,positive,positive,positive,positive,positive,gold_test
b3e617deb65456ed,Retail,positive,positive,neutral,positive,positive,gold_test
edb69d47c36bafbb,Social,negative,negative,negative,negative,negative,gold_test
ee39daf4536667ec,Finance,positive,positive,positive,positive,positive,gold_test
614daebf388a4d84,Finance,neutral,positive,positive,positive,positive,gold_test
cf59c739460afc71,Tech,negative,negative,negative,negative,negative,gold_test
62ff086d0db225c4,Tech,negative,negative,negative,negative,negative,gold_test
9efe658d2fdc260b,Finance,negative,negative,negative,negative,negative,gold_test
6b949bbebd2445a0,Tech,negative,negative,negative,negative,negative,gold_test
f0dbe58f335f2bb6,Tech,positive,positive,positive,positive,positive,gold_test
f6580d66b0547dfe,Tech,negative,negative,negative,negative,negative,gold_test
07bd831593d0746d,Finance,positive,positive,positive,positive,positive,gold_test
5ca46c141ac4b4c7,Tech,neutral,neutral,neutral,neutral,neutral,
b5e270afd7b50020,Social,positive,positive,positive,positive,positive,gold_test
a53aa0f50a4a37e6,Social,positive,positive,positive,positive,positive,gold_test
a50b7e2d3d32cbc9,Social,positive,neutral,positive,positive,positive,gold_test
83067b3b5b481789,Finance,positive,positive,positive,positive,positive,gold_test
0402160df0c7bdb7,Social,positive,positive,positive,positive,positive,gold_test
1db8884c269926fa,Finance,neutral,neutral,neutral,neutral,neutral,gold_test
0d175eeb4fe22a3f,Finance,negative,negative,negative,negative,negative,gold_dev
a92d98675db3984d,Tech,negative,negative,negative,negative,negative,gold_test
271c674c2590aa45,Tech,neutral,neutral,neutral,neutral,neutral,
7e997c77fd02a937,Tech,negative,negative,negative,negative,negative,
e80b82f28bc99952,Tech,negative,negative,negative,negative,negative,
9b1bc5611086e400,Tech,positive,neutral,neutral,neutral,neutral,
75e53d3e189c9f3f,Tech,negative,negative,negative,negative,negative,
3105288189c614b7,Tech,neutral,neutral,neutral,neutral,neutral,
34bb9a025f885626,Tech,positive,positive,positive,positive,positive,gold_test
e6416103a36e4457,Tech,negative,negative,negative,negative,negative,
cb95ccc8f1e41ff6,Finance,negative,negative,negative,negative,negative,gold_test
0f1969d73af01bd6,Tech,neutral,neutral,neutral,neutral,neutral,
2b2c5222f6dcb06a,Tech,negative,negative,negative,negative,negative,
ff9b4db3b719d106,Finance,neutral,neutral,negative,neutral,neutral,gold_dev
b40954b01304bfa2,Social,positive,positive,positive,positive,positive,gold_test
7f1439d4dc5d97a3,Public,negative,negative,negative,negative,negative,gold_test
9ae770bb2911fe84,Public,negative,negative,negative,negative,negative,gold_test
2557eb007124cc38,Tech,neutral,neutral,neutral,neutral,neutral,
845c4b1f68ab5483,Tech,neutral,neutral,neutral,neutral,neutral,
ec989ccb3404be91,Tech,neutral,neutral,neutral,neutral,neutral,
62909d921b6406fd,Tech,negative,positive,negative,negative,negative,gold_train
5208d97261c5bd5b,Public,neutral,neutral,neutral,neutral,neutral,gold_train
b18e68ed6ec6ff0f,Retail,positive,positive,positive,positive,positive,gold_test
517bfc751d8372a0,Social,positive,positive,positive,positive,positive,gold_test
3073e2cf57a93878,Tech,neutral,negative,negative,negative,negative,
01e35a2918d32ae5,Tech,positive,positive,positive,positive,positive,
62f4c56791679aa8,Finance,positive,positive,positive,positive,positive,gold_test
a26fd28f03b29e6e,Retail,positive,positive,positive,positive,positive,gold_test
06e1acbef31b1c9b,Retail,neutral,neutral,neutral,neutral,neutral,gold_test
bdce0d17d22adfe4,Tech,positive,positive,positive,positive,positive,gold_test
72dec48da1a56aac,Social,negative,negative,negative,negative,negative,gold_test
369fae8c0522eeda,Public,negative,negative,negative,negative,negative,gold_dev
c96f14d55d5792c3,Public,neutral,neutral,neutral,neutral,neutral,gold_dev
81996da74de974f0,Tech,negative,neutral,negative,negative,negative,gold_test
290bce22faebff83,Tech,negative,negative,negative,negative,negative,
c2e502c2a3524d8a,Public,negative,negative,negative,negative,negative,gold_train
962d9ebee272e620,Social,neutral,neutral,neutral,neutral,neutral,gold_dev
0a49a01960b0e9b4,Tech,negative,positive,negative,negative,negative,gold_train
31f1a2c3d957cfec,Tech,neutral,neutral,neutral,neutral,neutral,
d0f1d98ef1bfcf6e,Social,positive,positive,positive,positive,positive,gold_test
c5a4cfc9b33d6517,Tech,negative,negative,negative,negative,negative,
558f325a8d787d1e,Finance,neutral,neutral,neutral,neutral,neutral,gold_train
d931fd9a69a58230,Social,positive,positive,positive,positive,positive,gold_test
63c5593ae7e6f393,Tech,neutral,positive,positive,negative,negative,
7ab91fa25e88251d,Tech,negative,neutral,negative,negative,negative,
d52764f6ef6a731f,Finance,negative,negative,negative,negative,negative,gold_test
a2d5a215fd05a0e6,Tech,positive,positive,positive,positive,positive,gold_test
b7f395d756c5871c,Finance,positive,positive,positive,positive,positive,gold_test
65a3b41856217f3d,Tech,positive,positive,positive,positive,positive,
23fe41d6d56cdbad,Tech,positive,neutral,positive,positive,positive,
34a9dc9868d4c4a3,Tech,negative,negative,negative,negative,negative,
3445dac8c49fc927,Tech,neutral,neutral,neutral,neutral,neutral,
0173199560061439,Tech,neutral,neutral,neutral,neutral,neutral,
f2b18f5b1eea1885,Tech,negative,positive,negative,negative,negative,
05856cbf749037c6,Finance,negative,negative,negative,negative,negative,gold_test
ec4ee0e96611fe14,Social,negative,neutral,neutral,neutral,neutral,gold_test
821213359733d898,Tech,positive,positive,neutral,positive,positive,gold_train
8cffd13f90bca67a,Finance,negative,negative,negative,negative,negative,gold_test
a526a6140cecccb1,Tech,positive,neutral,positive,positive,positive,
ad9f5b12439f7b10,Tech,negative,negative,negative,negative,negative,gold_test
4afa566f9d69bf64,Tech,negative,negative,negative,negative,negative,
06ee9a3a4ad1a2e5,Tech,negative,positive,negative,negative,negative,
3174119447977df9,Tech,neutral,neutral,neutral,neutral,neutral,
a9b63fa07ef2d8fc,Retail,neutral,neutral,neutral,neutral,neutral,gold_test
d9c1f90633830dbe,Tech,positive,positive,positive,positive,positive,
0281afe33ffb6764,Finance,positive,negative,positive,positive,positive,gold_test
d19da7415dba02f7,Tech,neutral,neutral,neutral,neutral,neutral,
c6570a80cf443ce1,Tech,neutral,neutral,neutral,neutral,neutral,
61bceda4ce6e5ea9,Tech,neutral,neutral,neutral,neutral,neutral,
083525321dda91de,Tech,neutral,neutral,positive,neutral,neutral,
452cf7e7431d10a6,Tech,neutral,neutral,neutral,neutral,neutral,
30a9f132bf7d8d4e,Tech,negative,neutral,negative,negative,negative,
625a5fdcb0a6f464,Finance,negative,negative,negative,negative,negative,gold_test
adf8c8d90d91bd29,Finance,negative,negative,negative,negative,negative,gold_test
14f1e1fbab922447,Tech,positive,positive,positive,positive,positive,
01701b72fc8489d8,Social,negative,negative,negative,negative,negative,gold_test
c3705a09e0b9a39b,Finance,negative,negative,negative,negative,negative,gold_test
8af56e7164a05aca,Social,neutral,neutral,neutral,neutral,neutral,gold_test
ed49c7bb1bbbcd76,Tech,neutral,positive,neutral,neutral,neutral,
416f8468a2986f46,Tech,negative,positive,negative,negative,negative,
15506a3e77528542,Tech,neutral,neutral,neutral,neutral,neutral,
2dd9c26a9904cb47,Tech,negative,neutral,negative,negative,negative,
d124861280fe1475,Tech,negative,negative,negative,negative,negative,gold_train
321261c79be419df,Tech,neutral,neutral,neutral,neutral,neutral,
be709bdc585d6b81,Tech,negative,neutral,neutral,neutral,neutral,
d1daccccb6444d09,Tech,neutral,neutral,neutral,neutral,neutral,
114ed2a4d25c8bb7,Tech,neutral,neutral,neutral,neutral,neutral,
61f87248b1469f01,Tech,neutral,neutral,neutral,neutral,neutral,
8c7c726cb7686817,Tech,neutral,neutral,neutral,neutral,neutral,
cebe612619849019,Finance,negative,negative,neutral,negative,negative,gold_test
66252f2e775771f3,Tech,neutral,neutral,neutral,neutral,neutral,
68ef4e4cdb62c0bf,Tech,negative,negative,negative,negative,negative,
479dc6688674b719,Tech,positive,neutral,positive,positive,positive,
e4dc6b858e27b4df,Tech,neutral,neutral,neutral,neutral,neutral,
1b969503932fb56c,Public,negative,negative,negative,negative,negative,gold_train
0b6a83fce93c489f,Retail,positive,negative,negative,negative,negative,gold_test
b3c66b5f1b174450,Social,negative,negative,negative,negative,negative,gold_test
d0de583294486132,Tech,negative,negative,neutral,neutral,neutral,
6362abd9ec811227,Finance,neutral,neutral,neutral,neutral,neutral,gold_dev
02c45a180d869b92,Tech,neutral,neutral,neutral,neutral,neutral,
51e35315ef17ce67,Tech,neutral,positive,neutral,neutral,neutral,
9b48a7c61851889f,Retail,negative,negative,positive,negative,negative,gold_test
5eff4eea572ba1ec,Tech,negative,negative,negative,negative,negative,
6f48cd4324a18e95,Social,positive,positive,positive,positive,positive,gold_dev
5b837584663e171c,Tech,neutral,neutral,neutral,neutral,neutral,
a1861fe239aba3d2,Public,negative,negative,negative,negative,negative,gold_test
abe5430fb5ba3c0d,Public,negative,negative,negative,negative,negative,gold_test
3f327f71b09806cf,Finance,positive,negative,negative,negative,negative,gold_test
6d1641db76b8ee88,Tech,neutral,neutral,neutral,neutral,neutral,
8a5f31f6a2313ca1,Finance,positive,positive,positive,positive,positive,gold_dev
3a3106357b646b54,Tech,positive,negative,positive,positive,positive,
b165d56b5261f4a5,Tech,neutral,neutral,neutral,neutral,neutral,
adc366a77ecef341,Tech,negative,positive,positive,positive,positive,
fb2fc42d9e6dc623,Tech,neutral,neutral,neutral,neutral,neutral,gold_train
8e666e2f753eab12,Tech,positive,positive,positive,positive,positive,gold_test
661f97a1cbdce417,Tech,neutral,neutral,neutral,neutral,neutral,
3b2e573ba6d0cdcf,Tech,negative,negative,negative,negative,negative,
4b731e2e48a112e2,Tech,neutral,neutral,neutral,neutral,neutral,
03e4d75f835732a9,Tech,neutral,neutral,neutral,neutral,neutral,gold_test
57251e0932282f51,Public,positive,positive,neutral,positive,positive,gold_test
831d7b81df22f18a,Social,negative,negative,negative,negative,negative,gold_test
e6b055d5e259c636,Retail,negative,negative,negative,negative,negative,gold_test
f312c266868d690b,Tech,neutral,neutral,neutral,neutral,neutral,
c07b33444589101b,Tech,neutral,neutral,neutral,neutral,neutral,
7f63cd2817f92b06,Finance,negative,positive,positive,positive,positive,gold_test
580d744893be0c82,Tech,neutral,neutral,neutral,neutral,neutral,
60c5a296cc19f147,Tech,negative,negative,negative,negative,negative,
b8810f6c1d8e0fd1,Public,negative,negative,negative,negative,negative,gold_test
436a137023add857,Tech,neutral,neutral,neutral,neutral,neutral,
bb23ca4c422222cd,Public,negative,negative,neutral,negative,negative,gold_dev
b4303a860edf24e6,Retail,neutral,neutral,neutral,neutral,neutral,gold_dev
1fdac4f2036f314f,Tech,neutral,neutral,neutral,neutral,neutral,
a843a0d02e210889,Retail,negative,negative,negative,negative,negative,gold_dev
94593f5bab2d977b,Tech,neutral,neutral,neutral,neutral,neutral,
d6296b50ef332e62,Tech,neutral,neutral,neutral,neutral,neutral,
4f7e508c97832621,Tech,positive,positive,positive,positive,positive,
c122ef1489d51621,Tech,neutral,positive,neutral,neutral,neutral,
ccb7e1db79e72fa4,Tech,positive,neutral,positive,positive,positive,gold_test
6b0a889efe675e87,Public,negative,negative,negative,negative,negative,gold_test
1a8e569ac5c4dead,Public,negative,negative,negative,negative,negative,gold_test
c40b4089aa20c091,Retail,positive,positive,positive,positive,positive,gold_test
11109eab622ef6f4,Social,positive,positive,positive,positive,positive,gold_test
22bbef43c312c2b8,Retail,neutral,neutral,neutral,neutral,neutral,gold_test
d2edfae8e63f3eb2,Social,positive,positive,positive,positive,positive,gold_test
a92c8dc39fe8c738,Tech,positive,positive,negative,positive,positive,
cd85aca2d1176add,Tech,negative,negative,negative,negative,negative,
db76553609eaa7ec,Social,negative,negative,negative,negative,negative,gold_test
75aacc657ca8a995,Tech,positive,positive,positive,positive,positive,
8fd10e22e6a18640,Social,negative,negative,negative,negative,negative,gold_test
1befab49a0d86bb4,Tech,positive,positive,positive,positive,positive,gold_test
989236cddf5343e3,Tech,negative,negative,negative,negative,negative,
5d1d0a8dd06abc70,Public,negative,negative,neutral,negative,negative,gold_test
5f56d6f0cf111f8a,Tech,positive,positive,positive,positive,positive,
b3a44655f3ebae11,Public,negative,negative,negative,negative,negative,gold_test
9fc8827fd4586a67,Retail,negative,negative,negative,negative,negative,gold_dev
5c16996699ae4ecf,Finance,positive,neutral,neutral,neutral,neutral,gold_test
e7a0522fb980195f,Tech,negative,neutral,neutral,neutral,neutral,
80914bcf1d4e0ef6,Finance,neutral,neutral,negative,neutral,neutral,gold_test
967c8eba21c87aea,Finance,neutral,neutral,neutral,neutral,neutral,gold_test
7770748a24af7269,Tech,positive,positive,neutral,neutral,neutral,
6b630aef96748bf8,Tech,negative,negative,positive,negative,negative,
3cb51f1c498af732,Tech,positive,neutral,positive,positive,positive,
9744d73a13b1b502,Retail,negative,negative,negative,negative,negative,gold_test
63a3a5a92485ea8c,Tech,neutral,neutral,neutral,neutral,neutral,
ef6f6876837691bf,Social,positive,positive,positive,positive,positive,gold_test
2bdd16c84fee65c7,Tech,positive,positive,positive,positive,positive,
50213e4ffcc99f3f,Tech,positive,positive,positive,positive,positive,gold_test
af2fb20560d6503b,Tech,neutral,neutral,neutral,neutral,neutral,
b62f358eac5ff614,Finance,neutral,neutral,neutral,neutral,neutral,gold_test
efba5a8fdc3bd60c,Finance,neutral,neutral,neutral,neutral,neutral,gold_dev
1775f4670bbd2aa5,Finance,negative,negative,negative,negative,negative,gold_test
d2de83b89c58badb,Tech,positive,neutral,neutral,neutral,neutral,
9cc279001471106c,Public,positive,negative,negative,negative,negative,gold_test
b48d7324f34a1279,Tech,neutral,neutral,neutral,neutral,neutral,
51c288e4a6bd8af0,Tech,positive,positive,positive,positive,positive,
0c3f766b78cc802a,Tech,negative,negative,negative,negative,negative,
2689f115a7b89ffa,Tech,neutral,neutral,neutral,neutral,neutral,
f2eac6027d146a6f,Tech,neutral,neutral,neutral,neutral,neutral,
8078ad842a31f3cb,Tech,positive,positive,positive,positive,positive,gold_test
4d7084cfb941efb4,Retail,negative,negative,negative,negative,negative,gold_test
c70f50ad4445f07d,Tech,negative,negative,negative,negative,negative,
eb1b900ab1d82d62,Tech,neutral,neutral,neutral,neutral,neutral,
7df7bccb59f43cbd,Retail,positive,positive,positive,positive,positive,gold_test
44ea1fc7cdca6e60,Tech,neutral,neutral,neutral,neutral,neutral,
53c8a59c9f1b7acc,Tech,positive,positive,neutral,positive,positive,
8f7c79b8fa401869,Tech,positive,positive,positive,positive,positive,
cdd0d7ffd8a7440c,Tech,negative,negative,negative,negative,negative,
7d570c28090ace23,Tech,positive,positive,positive,positive,positive,
e05577a8b61eab8c,Tech,neutral,neutral,neutral,neutral,neutral,
646d1fe2c759899a,Social,neutral,neutral,neutral,neutral,neutral,gold_dev
c9ed3354437f3284,Tech,negative,negative,negative,negative,negative,
43b8dbb5623393f1,Tech,neutral,neutral,neutral,neutral,neutral,gold_dev
77c6d22648b35039,Tech,negative,negative,negative,negative,negative,gold_test
40df6215c27a7ee3,Tech,neutral,neutral,neutral,neutral,neutral,
6efcbdbce2af87dc,Tech,negative,negative,negative,negative,negative,
558fd7c640d9e268,Tech,neutral,neutral,neutral,neutral,neutral,
e8554245590039d7,Tech,neutral,neutral,neutral,neutral,neutral,
2afefe9fe6ecd9dd,Tech,negative,negative,negative,negative,negative,
0adf63fd2b12973a,Tech,negative,negative,negative,negative,negative,
3301437043b3e235,Social,negative,negative,negative,negative,negative,gold_test
f81200a62068195a,Tech,neutral,neutral,neutral,neutral,neutral,
22439620bd613911,Tech,neutral,neutral,neutral,neutral,neutral,
6ab5f397e7f4d815,Tech,negative,negative,positive,negative,negative,gold_test
11ab21a7b2d9ab3e,Tech,negative,negative,negative,negative,negative,
c0521e1c2737c881,Finance,negative,negative,negative,negative,negative,gold_train
bac075095b7f8044,Tech,positive,positive,positive,positive,positive,
f0cafa0ad56d29bb,Tech,neutral,neutral,neutral,neutral,neutral,
b836d8a628bd8150,Finance,negative,negative,negative,negative,negative,gold_dev
c3fba4912785f74c,Tech,neutral,neutral,neutral,neutral,neutral,
6145b73a16c5a366,Finance,negative,negative,negative,negative,negative,gold_dev
69c1cd095ee9e300,Tech,neutral,neutral,neutral,neutral,neutral,
80f28841bcdfd633,Tech,negative,negative,positive,negative,negative,gold_test
df736f51d49185d7,Tech,neutral,negative,negative,negative,negative,
2bf07d90146d52bf,Tech,neutral,neutral,neutral,neutral,neutral,
5c5d4a189104b884,Retail,neutral,neutral,neutral,neutral,neutral,gold_test
916fbd0e5cc600d3,Retail,neutral,neutral,neutral,neutral,neutral,gold_test
eb483276b5bcf126,Tech,negative,negative,negative,negative,negative,
dc5c17c2263de96a,Tech,positive,positive,positive,positive,positive,
b3f429ca92399b1f,Retail,neutral,neutral,neutral,neutral,neutral,gold_dev
f2afc8806c90e68a,Finance,negative,positive,negative,negative,negative,gold_test
6a572a95b8b7f46a,Tech,positive,positive,positive,positive,positive,
0165d92fa4eb128f,Tech,neutral,neutral,neutral,neutral,neutral,
a9a1bff46ffe275e,Retail,negative,negative,negative,negative,negative,gold_test
2fa5471f36848e8f,Tech,negative,negative,negative,negative,negative,
2f5ee6874dbbdb89,Tech,neutral,positive,neutral,neutral,neutral,
12382788dd6fd5d3,Social,neutral,neutral,neutral,neutral,neutral,gold_test
06c9edc4406eaf67,Finance,negative,negative,negative,negative,negative,gold_test
fef44e0ed060c81d,Tech,neutral,neutral,neutral,neutral,neutral,
c96c6cc54750cf13,Tech,neutral,neutral,neutral,neutral,neutral,
7bdbd4719bd8d6e9,Tech,negative,negative,negative,negative,negative,
6dfdb9f314c965c5,Tech,neutral,negative,neutral,neutral,neutral,
8432fa647636a5cc,Tech,neutral,neutral,neutral,neutral,neutral,
240e9f460f7c94bc,Tech,positive,positive,positive,positive,positive,
4f51ca17e76acaa7,Tech,negative,negative,negative,negative,negative,
4281fbc49889536a,Tech,negative,neutral,neutral,neutral,neutral,
03c4963fea2aa826,Tech,negative,negative,negative,negative,negative,
b605d3881dcbaaa2,Public,neutral,neutral,neutral,neutral,neutral,gold_test
5072e7b5a5da2c05,Retail,negative,neutral,neutral,neutral,neutral,gold_test
b721e69e5e96b5c3,Tech,neutral,neutral,neutral,neutral,neutral,
c586e96ed211ad70,Tech,neutral,neutral,neutral,neutral,neutral,
fe0142ac7ef22652,Tech,neutral,neutral,positive,neutral,neutral,
24febdab415d2a90,Finance,negative,negative,negative,negative,negative,gold_test
f19b36cfaa29670f,Tech,neutral,neutral,neutral,neutral,neutral,
1eb95bc284563fa2,Social,negative,neutral,negative,negative,negative,gold_test
38e62324a0f8275c,Tech,positive,neutral,neutral,neutral,neutral,
ad5abd81dd0e9421,Tech,neutral,neutral,neutral,neutral,neutral,
4630ac3663fdd2c4,Retail,neutral,neutral,neutral,neutral,neutral,gold_test
2bf1a74a7a682876,Tech,neutral,neutral,neutral,neutral,neutral,
6ed9d8cc553253ef,Tech,neutral,neutral,neutral,neutral,neutral,
8514c10811a93b3f,Tech,negative,negative,negative,negative,negative,
e53c556008109cc9,Tech,neutral,neutral,neutral,neutral,neutral,
3c9a32c172fa4f18,Tech,neutral,neutral,neutral,neutral,neutral,
ade1da383017dff0,Tech,positive,positive,positive,positive,positive,
5b44e6f1c6a92a4e,Finance,negative,negative,negative,negative,negative,gold_train
a146479b3802a7f1,Finance,neutral,positive,neutral,neutral,neutral,gold_dev
290874dca6339fe5,Tech,neutral,negative,negative,negative,negative,
a6c5abbe9ea38364,Tech,negative,negative,negative,negative,negative,
7b5b0ebb22da40ae,Tech,negative,negative,negative,negative,negative,
176a4e4bd8320671,Tech,neutral,neutral,neutral,neutral,neutral,
9b6f30cbb90e44b9,Social,neutral,neutral,neutral,neutral,neutral,gold_test
36a84442818f848d,Tech,negative,negative,negative,negative,negative,
da73ed0c4cc512a9,Tech,positive,positive,positive,positive,positive,
9576c77fb01f5f4d,Tech,positive,positive,positive,positive,positive,
d580ef213d2233fd,Tech,negative,negative,negative,negative,negative,
33d6a5708ca374d0,Tech,neutral,neutral,neutral,neutral,neutral,
7e101588572f664a,Public,positive,negative,negative,negative,negative,gold_test
e564a6bd35993d5c,Tech,positive,neutral,neutral,neutral,neutral,
2f776b070ef47e97,Finance,negative,negative,negative,negative,negative,gold_test
0c515b715c46959a,Public,neutral,neutral,neutral,neutral,neutral,gold_dev
76ea22d0c83080ec,Tech,positive,positive,positive,positive,positive,
7d98cb1a7ae678ca,Tech,neutral,neutral,neutral,neutral,neutral,
a99e27f6489dc1ba,Tech,positive,positive,positive,positive,positive,
89a2ce2898a18a07,Tech,negative,negative,positive,negative,negative,
d7855f644789a414,Tech,positive,positive,positive,positive,positive,
39d67f8f3c24d5bc,Tech,neutral,neutral,neutral,neutral,neutral,
75915d134e1db145,Tech,neutral,neutral,neutral,neutral,neutral,
61ef9e23d76cde13,Tech,negative,negative,positive,negative,negative,
3beea5cc11233aa4,Tech,negative,negative,negative,negative,negative,
76f4e493fe95d021,Tech,negative,negative,positive,negative,negative,
665e4f7da79eea45,Tech,positive,positive,positive,positive,positive,gold_test
e76eab2d93300595,Tech,neutral,neutral,neutral,neutral,neutral,
5090f856e11ac299,Retail,negative,negative,negative,negative,negative,gold_test
644c547276f5b8a3,Tech,positive,positive,neutral,positive,positive,
b4b9537d0d748954,Tech,negative,neutral,negative,negative,negative,
baea1d0ed356269c,Tech,positive,positive,positive,positive,positive,
5c8c391353b7f595,Tech,negative,negative,negative,negative,negative,
a02c9d6ea48b6969,Tech,neutral,neutral,neutral,neutral,neutral,
e7b186674fafd929,Tech,neutral,neutral,neutral,neutral,neutral,
eae42e1c46c8b064,Tech,negative,negative,negative,negative,negative,gold_test
9a959be019a28a64,Finance,negative,negative,negative,negative,negative,gold_test
bcb6b8bb209baf1a,Finance,neutral,positive,positive,positive,positive,gold_test
c05f01d44659d0b2,Tech,neutral,neutral,neutral,neutral,neutral,
5c8307ae84522a2e,Retail,neutral,neutral,neutral,neutral,neutral,gold_dev
46b00742efbb239b,Finance,negative,negative,positive,negative,negative,gold_dev
44d54ca536a01e3a,Retail,negative,negative,negative,negative,negative,gold_test
da49bed8c76713fb,Tech,negative,negative,negative,negative,negative,
955dca20907151a5,Social,negative,neutral,negative,negative,negative,gold_test
cfb0f5470d220c4e,Public,negative,negative,negative,negative,negative,gold_test
2626f93ce36d99a8,Tech,neutral,neutral,neutral,neutral,neutral,
b44ac81191d4785b,Tech,neutral,neutral,neutral,neutral,neutral,
92ce38ba0e2cb4e8,Tech,positive,positive,positive,positive,positive,
14b2bce1cbf03631,Tech,neutral,neutral,neutral,neutral,neutral,
964e2c10219757f4,Finance,negative,negative,negative,negative,negative,gold_test
d026bfaa87dc6081,Public,positive,positive,positive,positive,positive,gold_test
2260ddbaa244b672,Public,negative,neutral,neutral,neutral,neutral,gold_test
7bb1349757fdcb34,Finance,negative,negative,negative,negative,negative,gold_test
d71c6df40825b887,Tech,negative,negative,negative,negative,negative,
bc6c8991ecb86025,Tech,neutral,neutral,neutral,neutral,neutral,
229f101ed68bb801,Tech,negative,negative,negative,negative,negative,gold_test
b0333d7a5abb0c75,Tech,neutral,neutral,neutral,neutral,neutral,gold_train
fb34a8ae60083ff5,Public,neutral,neutral,neutral,neutral,neutral,gold_dev
167a3a24643e74fd,Tech,positive,positive,positive,positive,positive,
8ba20a52cb74d084,Tech,positive,positive,positive,positive,positive,gold_test
d0f2c8991d6ce189,Public,neutral,neutral,neutral,neutral,neutral,gold_test
a98fc62cdb2fc8f5,Public,neutral,neutral,negative,negative,negative,gold_test
b6b3166c124b8d78,Tech,negative,negative,negative,negative,negative,
9cca5a4bb20f4806,Tech,negative,negative,negative,negative,negative,
e942db0a72030e19,Public,negative,negative,negative,negative,negative,gold_test
1edf05e1faab6e92,Tech,positive,positive,positive,positive,positive,
ee325036ac98ab11,Tech,negative,negative,neutral,negative,negative,
36a17e91e35342da,Tech,neutral,neutral,neutral,neutral,neutral,
1413d2cf18d34840,Tech,neutral,neutral,positive,neutral,neutral,
3a354deb8f565f32,Tech,negative,neutral,neutral,neutral,neutral,
3594b6df900cdd15,Tech,positive,negative,negative,negative,negative,
08c83c79460c83c7,Tech,positive,neutral,positive,positive,positive,
f29ed507ec8a7a55,Tech,positive,positive,positive,positive,positive,
704e2d3aa5f34451,Tech,positive,positive,neutral,positive,positive,
107dd85840008127,Tech,neutral,neutral,neutral,neutral,neutral,
8a70f6e7096e31f7,Tech,neutral,neutral,neutral,neutral,neutral,
b552ade03ea8b27b,Public,negative,negative,negative,negative,negative,gold_dev
afed2998ccf1a2b7,Social,negative,neutral,negative,negative,negative,gold_test
5eb803b5d4b6c7b0,Tech,positive,positive,positive,positive,positive,
86f110e984fc8e4b,Retail,positive,positive,neutral,positive,positive,gold_test
82528fc22e56d068,Tech,negative,negative,negative,negative,negative,
78a33fcf20394d6f,Tech,neutral,neutral,neutral,neutral,neutral,
5f7ea0992ed18a24,Tech,neutral,neutral,negative,neutral,neutral,gold_train
353f148c58625860,Finance,negative,negative,negative,negative,negative,gold_test
5a04d3cff9d7a377,Tech,neutral,neutral,neutral,neutral,neutral,gold_test
64b659c6079543db,Public,neutral,neutral,neutral,neutral,neutral,gold_test
a4d2324c8dff4bc7,Social,positive,positive,positive,positive,positive,gold_test
3c883186a87d8990,Tech,positive,positive,positive,positive,positive,
7684eade07853a83,Tech,neutral,negative,neutral,neutral,neutral,
ecdc54653b55c83e,Tech,negative,negative,negative,negative,negative,
b99ed7b936990cc8,Tech,positive,positive,positive,positive,positive,
277eafd20563d108,Tech,negative,negative,negative,negative,negative,
b4dab23b63374b65,Tech,neutral,neutral,neutral,neutral,neutral,
b5e960d49a7aa48f,Tech,positive,positive,positive,positive,positive,
c2b1e3a78cc4cd0e,Tech,positive,positive,neutral,positive,positive,gold_test
f5a976332a21fa47,Tech,neutral,negative,negative,negative,negative,
0426f78e2e824681,Tech,neutral,neutral,neutral,neutral,neutral,
e6292be5094d7c61,Tech,neutral,neutral,neutral,neutral,neutral,
36c7637850453ac8,Tech,neutral,neutral,neutral,neutral,neutral,
a35105ca3e0e1ccb,Finance,neutral,neutral,neutral,neutral,neutral,gold_train
e730d163ef5fb56c,Tech,positive,positive,positive,positive,positive,gold_test
4e887220dc441e0e,Tech,positive,negative,negative,negative,negative,
75dac3298fe9b6e5,Tech,neutral,neutral,neutral,neutral,neutral,
83acc1f1db9b8815,Finance,neutral,neutral,neutral,neutral,neutral,gold_dev
d708d59c9ada850d,Finance,neutral,neutral,neutral,neutral,neutral,gold_dev
576afaadb39da5c0,Finance,neutral,neutral,neutral,neutral,neutral,gold_train
17404d745dc2cb1d,Tech,neutral,neutral,neutral,neutral,neutral,gold_dev
ccca088285bc8dd1,Tech,neutral,neutral,neutral,neutral,neutral,
a53ab563b8e4e0f3,Tech,negative,negative,negative,negative,negative,
be4efae21c488ef2,Tech,neutral,neutral,neutral,neutral,neutral,
b1d71825b623eddd,Finance,positive,positive,positive,positive,positive,gold_train
f42894c896bbf7fe,Tech,neutral,neutral,neutral,neutral,neutral,
33d78bad26a2cf7d,Tech,negative,negative,negative,negative,negative,
8147b6d1630de353,Public,negative,negative,negative,negative,negative,gold_train
0be2e09198ae1a91,Tech,neutral,neutral,neutral,neutral,neutral,
c341ec7ad1d02e33,Tech,negative,negative,negative,negative,negative,
ca298587ebe37bd7,Tech,positive,positive,positive,positive,positive,
f7d4fff53be0999a,Tech,negative,negative,negative,negative,negative,
3aa3f74a60ff8957,Tech,negative,negative,negative,negative,negative,
f3f41fb85059cb52,Tech,neutral,neutral,neutral,neutral,neutral,
a14d1e3398131db8,Tech,neutral,neutral,neutral,neutral,neutral,
c5058974340c99d3,Tech,neutral,neutral,neutral,neutral,neutral,
f559167f9e0d0738,Tech,negative,negative,positive,negative,negative,
18a1392ea4befcaa,Retail,positive,positive,positive,positive,positive,gold_test
bac45f65b3b48a13,Tech,negative,negative,negative,negative,negative,
e16d2ac7f3f7d293,Tech,negative,negative,negative,negative,negative,
72fe4b90cce9a818,Retail,positive,negative,negative,negative,negative,gold_test
e50d806c6cfefdbf,Public,neutral,neutral,neutral,neutral,neutral,gold_dev
304205a2311ca0b1,Tech,positive,positive,positive,positive,positive,gold_test
54074b1f22eda3cd,Tech,negative,negative,negative,negative,negative,gold_test
30b2454bfc437b1a,Tech,negative,neutral,negative,negative,negative,
6c9e4b2e81ea83df,Tech,negative,negative,negative,negative,negative,
eb2b8f9dad1e923f,Retail,negative,negative,negative,negative,negative,gold_test
1d01d53b02aa1601,Tech,neutral,neutral,neutral,neutral,neutral,gold_test
1a824fd338c8bed4,Retail,negative,negative,negative,negative,negative,gold_test
d120b7ebe7b81fec,Tech,positive,positive,positive,positive,positive,
9a38ebd45ea887f4,Retail,negative,neutral,neutral,neutral,neutral,gold_test
04c528f9928e6736,Tech,negative,negative,negative,negative,negative,gold_train
f5f32cdb6151074b,Tech,negative,negative,negative,negative,negative,gold_test
b2d78f0e5c8c88dd,Tech,neutral,neutral,neutral,neutral,neutral,gold_test
02a6deac29e94f50,Tech,neutral,negative,neutral,neutral,neutral,
50ea2a43d74da5ad,Tech,neutral,neutral,neutral,neutral,neutral,
5a7fe7e8284ce9f9,Tech,neutral,negative,negative,negative,negative,
7f2d378f1c59f486,Tech,neutral,neutral,neutral,neutral,neutral,
0322dea35dae886d,Tech,neutral,neutral,neutral,neutral,neutral,gold_test
6bb4871c89f44539,Tech,neutral,neutral,neutral,neutral,neutral,
8d90996d1e7060c9,Tech,neutral,neutral,neutral,neutral,neutral,
faf6bad7230c74d8,Tech,neutral,neutral,neutral,neutral,neutral,
7919d6e317d52ef7,Tech,positive,positive,positive,positive,positive,
0d3655f9c832fef1,Tech,negative,positive,positive,positive,positive,gold_test
557c1e13511e6a34,Tech,neutral,neutral,neutral,neutral,neutral,
42b0785b4500a3ab,Tech,neutral,positive,neutral,neutral,neutral,
ca63d435725de6bd,Tech,positive,neutral,neutral,neutral,neutral,
282c26462140693b,Tech,neutral,neutral,neutral,neutral,neutral,gold_test
7ed756afe23272ee,Tech,positive,positive,positive,positive,positive,
824682ca8e9a1809,Tech,negative,negative,negative,negative,negative,gold_test
6ba36c883aaaeba6,Tech,neutral,neutral,neutral,neutral,neutral,
73b48083cabcf827,Tech,neutral,positive,positive,positive,positive,
c01854090c64f448,Tech,neutral,neutral,neutral,neutral,neutral,
afc40f6e47e34f1e,Tech,neutral,neutral,neutral,neutral,neutral,
6ac23d8f81d10cbd,Tech,neutral,neutral,neutral,neutral,neutral,
61d36810eb02dd9b,Tech,neutral,neutral,neutral,neutral,neutral,
f92064ac0eaa2a39,Tech,neutral,neutral,negative,neutral,neutral,
a3d8923566f3e178,Tech,neutral,neutral,neutral,neutral,neutral,gold_test
edbe0bba70177bf0,Tech,positive,positive,positive,positive,positive,
7de73e69b2c15ef0,Public,positive,neutral,positive,positive,positive,gold_test
6f332414ff72c2ac,Tech,neutral,neutral,neutral,neutral,neutral,
3d3ae1662af6b073,Tech,neutral,negative,neutral,neutral,neutral,
73abd9871bee284a,Social,positive,positive,positive,positive,positive,gold_dev
8dc8eaaba328cde5,Public,negative,positive,negative,negative,negative,gold_test
2d2da662217e3cf1,Public,negative,negative,negative,negative,negative,gold_test
3258ae9eac3c54a1,Public,negative,negative,negative,negative,negative,gold_test
ce0a5e3b399b4dae,Public,negative,negative,negative,negative,negative,gold_test
6bc67a7f650d2fe7,Public,positive,positive,positive,positive,positive,gold_test
f6d021873e65f234,Public,negative,negative,negative,negative,negative,gold_test
b867c22593cc529e,Public,negative,negative,positive,negative,negative,gold_test
642887d55c9c239e,Public,neutral,neutral,neutral,neutral,neutral,gold_test
497a8e7e6d2a73ba,Public,neutral,neutral,neutral,neutral,neutral,gold_test
7d3571586f612046,Public,positive,negative,negative,negative,negative,gold_test
e6eaaff3312b8bde,Public,negative,neutral,negative,negative,negative,gold_test
5de4b66e0c33d22d,Public,negative,negative,negative,negative,negative,gold_test
f74eb38fe8bfa480,Public,positive,positive,positive,positive,positive,gold_test
e7f11720d07eb4a3,Public,negative,negative,negative,negative,negative,gold_test
d5252b54ff5255da,Public,neutral,neutral,neutral,neutral,neutral,gold_test
d47e068d31f527f7,Public,neutral,neutral,neutral,neutral,neutral,gold_test
e399914492b95f48,Public,neutral,neutral,neutral,neutral,neutral,gold_test
74def28e337c296c,Public,neutral,neutral,negative,neutral,neutral,gold_test
8c05684e061341b9,Finance,negative,negative,negative,negative,negative,gold_dev
336b0ca0b28fd995,Public,neutral,neutral,neutral,neutral,neutral,gold_test
317baf70fc3d9909,Tech,neutral,neutral,neutral,neutral,neutral,
b1656a1aa4f042ec,Social,positive,positive,positive,positive,positive,gold_test
846e80fe31aa2a51,Retail,positive,positive,positive,positive,positive,gold_test
592e60e0e6019847,Tech,positive,positive,positive,positive,positive,
6821c2cc0ac80cf9,Tech,negative,negative,negative,negative,negative,
bae6a23997b32414,Tech,negative,negative,negative,negative,negative,gold_test
fcf19411d0101bd2,Tech,neutral,negative,negative,negative,negative,
5f60659efbf2a6c5,Tech,negative,negative,negative,negative,negative,
14e88451fefa9632,Tech,negative,negative,negative,negative,negative,
08bba65efebc2155,Tech,negative,negative,negative,negative,negative,
f95344d92fb4bc57,Tech,negative,positive,positive,positive,positive,
c3c945adef1db2be,Tech,positive,positive,positive,positive,positive,
1fecfcb31e5f23ca,Social,negative,negative,neutral,negative,negative,gold_test
8d77f606c1b995ed,Tech,neutral,neutral,neutral,neutral,neutral,
d14d88cfb73694a7,Tech,negative,negative,negative,negative,negative,
1c10a4145bf07888,Social,positive,positive,positive,positive,positive,gold_test
37bbded219ddc24f,Tech,positive,positive,positive,positive,positive,gold_test
625095e0df8b0b62,Finance,positive,positive,positive,positive,positive,gold_test
59c8a0ec7f104c4b,Tech,positive,negative,negative,negative,negative,
3f435247d92423a4,Tech,negative,negative,negative,negative,negative,gold_test
2d929ece15ecd6be,Tech,negative,negative,negative,negative,negative,
86a9d9241c409390,Tech,neutral,neutral,neutral,neutral,neutral,
6b53d550cc91ce8d,Tech,negative,negative,negative,negative,negative,
db2a996f2fcd2e71,Tech,negative,negative,negative,negative,negative,
7503e801076475dd,Finance,negative,negative,negative,negative,negative,gold_test
ccbcc57d327b9447,Tech,negative,negative,negative,negative,negative,
9a0c8aa5343034c5,Tech,negative,negative,negative,negative,negative,
4a430c8ef06ec9e8,Finance,neutral,neutral,neutral,neutral,neutral,gold_dev
05d639ab3f9522a7,Tech,positive,positive,positive,positive,positive,
8ae5c7cd45f5006b,Tech,neutral,neutral,neutral,neutral,neutral,
e55068d34eb841bd,Tech,negative,negative,negative,negative,negative,gold_test
15a8791bac037767,Tech,neutral,neutral,negative,neutral,neutral,
8703b09a648b69fb,Tech,neutral,neutral,neutral,neutral,neutral,gold_dev
aad80254b8fd9608,Tech,negative,negative,negative,negative,negative,gold_test
d2a2285be1440565,Tech,negative,negative,negative,negative,negative,
fcc4667bef491ab6,Tech,negative,negative,negative,negative,negative,gold_test
48f3060fc98ae32e,Tech,negative,negative,negative,negative,negative,gold_test
d8adcb256e516dd9,Public,negative,negative,negative,negative,negative,gold_train
0f7a93ed4544b164,Tech,negative,negative,negative,negative,negative,gold_test
639b859e7483d519,Tech,neutral,neutral,neutral,neutral,neutral,
bec9692f9600745a,Tech,positive,positive,positive,positive,positive,gold_test
4e259f0952e04968,Tech,positive,positive,positive,positive,positive,gold_test
15a59cee49b137e5,Tech,positive,neutral,neutral,neutral,neutral,
204ad4365d91520a,Tech,neutral,neutral,neutral,neutral,neutral,
9f7921aa413413a9,Tech,positive,positive,positive,positive,positive,
f2733d7263da790b,Tech,positive,positive,positive,positive,positive,
d205a401ce3c900c,Tech,positive,positive,positive,positive,positive,
dc10c2a256715f2e,Finance,negative,negative,negative,negative,negative,gold_train
f344fee75c8be10d,Tech,neutral,neutral,neutral,neutral,neutral,
1c6752f129eaba9a,Tech,negative,negative,negative,negative,negative,gold_test
01e5be3d74d4dd19,Tech,negative,neutral,neutral,neutral,neutral,
37c5e075b1679e69,Tech,negative,negative,negative,negative,negative,
b90d0990c621674d,Tech,negative,negative,negative,negative,negative,
b2cbb41cc65fbb27,Tech,positive,positive,positive,positive,positive,
ad3f04b48bf9ec67,Finance,neutral,neutral,neutral,neutral,neutral,gold_train
bb15cbe87b4a0683,Finance,neutral,neutral,neutral,neutral,neutral,gold_test
0d9c71822f3ba351,Tech,negative,negative,negative,negative,negative,gold_test
e6ec06bb1acebaad,Finance,neutral,neutral,neutral,neutral,neutral,gold_train
5b70d076ee3fef2a,Tech,neutral,neutral,neutral,neutral,neutral,
585637f083c5828d,Public,neutral,neutral,negative,neutral,neutral,gold_dev
d82d09bf52516015,Finance,negative,negative,negative,negative,negative,gold_test
44aa2e7372108635,Tech,negative,negative,negative,negative,negative,
0142c43b33421278,Tech,positive,positive,positive,positive,positive,gold_test
6c5a77cb2c18c36a,Tech,negative,negative,negative,negative,negative,
a35b525dee557516,Public,neutral,neutral,neutral,neutral,neutral,gold_train
5368c6a42005c3a0,Tech,neutral,neutral,neutral,neutral,neutral,
1dab974f540e4b25,Finance,negative,negative,negative,negative,negative,gold_test
393b1259855bdf8b,Tech,neutral,neutral,neutral,neutral,neutral,
6feba43cf8f790dc,Finance,neutral,neutral,neutral,neutral,neutral,gold_train
6c754e66890a97ca,Tech,neutral,neutral,neutral,neutral,neutral,
a632f03e717fce18,Finance,negative,negative,negative,negative,negative,gold_test
f9103f2a6985dfc5,Finance,negative,negative,negative,negative,negative,gold_train
25d8308b058c6dd3,Tech,positive,positive,positive,positive,positive,
3048eb42ecb82bb7,Tech,negative,negative,neutral,negative,negative,gold_test
1201684f31849734,Social,negative,neutral,negative,negative,negative,gold_test
7f3ea724823c2e7f,Tech,neutral,neutral,neutral,neutral,neutral,gold_dev
e5cc40e5d690bf23,Tech,neutral,neutral,neutral,neutral,neutral,
5b95f8aef98435d3,Tech,neutral,neutral,neutral,neutral,neutral,
aa94ed5f7e2ae523,Tech,positive,neutral,neutral,neutral,neutral,
1b397239c530bba0,Retail,negative,positive,negative,negative,negative,gold_test
312d569ba0950369,Tech,negative,negative,negative,negative,negative,
37b1c23e498176ec,Tech,negative,negative,negative,negative,negative,
2181e0badc64a598,Retail,negative,negative,negative,negative,negative,gold_dev
068c71cbed4fc3ab,Tech,negative,negative,neutral,negative,negative,gold_test
c66a98e28b34aebe,Tech,neutral,neutral,neutral,neutral,neutral,
40cc4fe7ea887b2b,Tech,positive,neutral,neutral,neutral,neutral,
72d86c730e11e320,Tech,neutral,neutral,neutral,neutral,neutral,
e6b61fdc5cdd1d02,Tech,neutral,neutral,neutral,neutral,neutral,
849100c891924de6,Tech,negative,negative,negative,negative,negative,
10d3aa73a1255ea6,Social,negative,negative,negative,negative,negative,gold_test
91b5bb05e8623c28,Tech,negative,negative,negative,negative,negative,
65ad168cd9f8a173,Finance,negative,negative,negative,negative,negative,gold_train
10ebd751b11851db,Tech,neutral,neutral,neutral,neutral,neutral,gold_dev
1ec036b3e0375a40,Tech,negative,negative,negative,negative,negative,
a1503c70c013b3ad,Tech,negative,negative,positive,negative,negative,
278cc9eb655baca6,Tech,neutral,neutral,neutral,neutral,neutral,
7ad15ab9001d9c78,Tech,neutral,neutral,neutral,neutral,neutral,
ccad927eed4004f9,Tech,positive,positive,positive,positive,positive,
ae8861cbb2c6051b,Tech,negative,negative,negative,negative,negative,
ec93c8bc738c4b91,Tech,neutral,negative,negative,neutral,neutral,
a327a8437ff7cf94,Tech,neutral,neutral,neutral,neutral,neutral,
b2fd4c771efb6648,Tech,positive,positive,positive,positive,positive,
9ab3f7234f0038c1,Tech,positive,neutral,neutral,neutral,neutral,
953d45850bbea49c,Finance,neutral,neutral,neutral,neutral,neutral,gold_test
8c70643215a94957,Tech,neutral,neutral,neutral,neutral,neutral,
187919f47b3c5a57,Retail,neutral,neutral,neutral,neutral,neutral,gold_test
a4721b0d9e13c242,Retail,neutral,neutral,neutral,neutral,neutral,gold_test
8691236d6407cf03,Tech,negative,negative,positive,negative,negative,
31c70796fe17dd0c,Tech,positive,positive,positive,positive,positive,
f7ecae8bff40f9b3,Tech,neutral,neutral,neutral,neutral,neutral,
fdcf615993a89410,Tech,neutral,neutral,neutral,neutral,neutral,
03ee49d1264f6afb,Tech,negative,negative,negative,negative,negative,
7c80d6eb40f954c4,Tech,positive,positive,positive,positive,positive,
e1a73e4df4c37d7b,Tech,neutral,neutral,neutral,neutral,neutral,
55180dc2dd35109a,Tech,negative,negative,negative,negative,negative,
1d089021a803ad1d,Finance,negative,negative,negative,negative,negative,gold_test
3c0f0284cc36502d,Tech,neutral,neutral,neutral,neutral,neutral,
618fe43b681cf291,Tech,neutral,neutral,neutral,neutral,neutral,
93cc8bb23c7aebeb,Tech,negative,positive,negative,negative,negative,
eda1bf95cb870bbb,Tech,positive,positive,positive,positive,positive,
cbe3695ef746f688,Tech,positive,negative,negative,negative,negative,
b4bcbf225281ba23,Retail,negative,negative,negative,negative,negative,gold_test
7bb9460a74fc0122,Finance,neutral,neutral,neutral,neutral,neutral,gold_test
b8afc725894b3d3f,Tech,neutral,negative,negative,negative,negative,
b3d3fd40baf22ee4,Tech,positive,positive,positive,positive,positive,
03f6cca11c128488,Tech,negative,negative,negative,negative,negative,
88cc480b15c5278f,Tech,neutral,neutral,neutral,neutral,neutral,
4a0e5cd7b6d6968e,Tech,neutral,neutral,neutral,neutral,neutral,
dacd1c1be50403aa,Tech,negative,negative,positive,negative,negative,
19ce7eab7f84ef3a,Tech,negative,negative,positive,negative,negative,
a5b33f7301434650,Tech,negative,negative,negative,negative,negative,
e968b0b196367b91,Tech,neutral,neutral,neutral,neutral,neutral,
c8b91eb7a2d0606c,Public,negative,neutral,neutral,negative,negative,gold_dev
b8532ae3c6db2916,Tech,negative,negative,neutral,negative,negative,
2c0b6b336e7cf153,Finance,neutral,neutral,neutral,neutral,neutral,gold_test
8132c15fdcf10742,Tech,neutral,neutral,neutral,neutral,neutral,
e48ccd705ce70be7,Tech,negative,negative,negative,negative,negative,
29d786ac68313c63,Tech,positive,positive,positive,positive,positive,
3e3abcfc6a61fffe,Tech,negative,negative,negative,negative,negative,
31d2c7a5e3a4a3df,Tech,neutral,neutral,neutral,neutral,neutral,
d3161acbe3d88b90,Tech,negative,negative,negative,negative,negative,
36071705617f3e08,Tech,positive,positive,positive,positive,positive,
799462dd683cd58f,Tech,neutral,neutral,neutral,neutral,neutral,
4966264879f87cae,Tech,negative,negative,negative,negative,negative,
8b70af2b66dbb455,Tech,negative,negative,negative,negative,negative,
79ff8b347b63a654,Tech,neutral,negative,negative,neutral,neutral,
4ec3b42adba5ac48,Tech,neutral,neutral,neutral,neutral,neutral,
bff8e1173539dff1,Tech,neutral,negative,negative,negative,negative,
bc16040e5518443b,Tech,neutral,neutral,neutral,neutral,neutral,
ebd80f9150f9cb53,Tech,positive,positive,positive,positive,positive,
6658d331a9e694e3,Tech,neutral,positive,neutral,neutral,neutral,
3d80afc42888647f,Tech,positive,positive,positive,positive,positive,
c89c4a77d5c4267d,Tech,neutral,neutral,neutral,neutral,neutral,
f87800d1df1ecac5,Tech,neutral,neutral,neutral,neutral,neutral,
5774d2ac4ecc46db,Tech,neutral,neutral,neutral,neutral,neutral,gold_test
1056fcde2ae0b183,Tech,negative,negative,negative,negative,negative,
fb69315a7331ef5e,Tech,neutral,neutral,neutral,neutral,neutral,
0e3dd7515da3a122,Tech,neutral,neutral,neutral,neutral,neutral,
0b8797a9974baf73,Tech,negative,negative,negative,negative,negative,
0b2bdc7ab685c017,Tech,neutral,neutral,neutral,neutral,neutral,
60bcbf3bce4410d9,Retail,positive,positive,positive,positive,positive,gold_test
bec890f9b7d125ed,Tech,negative,negative,negative,negative,negative,
b1c9293b946ec8cd,Tech,positive,positive,positive,positive,positive,
cb1559fc5595b14d,Tech,neutral,neutral,neutral,neutral,neutral,
e4add552c183653b,Tech,neutral,neutral,neutral,neutral,neutral,
e63a01cf01c19321,Tech,negative,neutral,neutral,neutral,neutral,gold_test
5e86160f750a7fce,Tech,neutral,negative,negative,negative,negative,
86b07a4cceeb3e11,Tech,negative,positive,negative,negative,negative,
d37c888b1f4d1ba1,Tech,positive,positive,negative,positive,positive,
d814d82f4b466fc2,Tech,positive,neutral,positive,positive,positive,
5c1b0aef5ed83bc1,Tech,neutral,neutral,neutral,neutral,neutral,
2683804ecddb7b14,Tech,neutral,neutral,neutral,neutral,neutral,
6b2b55e325eb0c7b,Tech,neutral,neutral,positive,neutral,neutral,gold_dev
1ef2b7c1972d0aa1,Tech,negative,negative,negative,negative,negative,
6366a3624395bdf3,Tech,positive,positive,positive,positive,positive,
78f948c500490df9,Tech,negative,negative,negative,negative,negative,
ac47aebc8879e910,Tech,neutral,neutral,negative,neutral,neutral,
da70a8bffc3879fc,Finance,negative,negative,negative,negative,negative,gold_train
659f7730ad515da1,Tech,neutral,neutral,neutral,neutral,neutral,
6cb5804fa03ef4fd,Retail,positive,positive,positive,positive,positive,gold_test
5093603f65923b76,Tech,neutral,negative,negative,negative,negative,
4d9bb0d99434beda,Tech,neutral,neutral,neutral,neutral,neutral,
7a73dbfbb15720a4,Finance,negative,negative,negative,negative,negative,gold_test
9c21364d01793589,Tech,neutral,neutral,neutral,neutral,neutral,
fd040891249000aa,Tech,negative,negative,negative,negative,negative,
49c2f5a8de980e20,Retail,neutral,neutral,neutral,neutral,neutral,gold_test
4531446d28a0e161,Tech,neutral,neutral,neutral,neutral,neutral,
9007036000feaf92,Tech,neutral,neutral,neutral,neutral,neutral,
7ae5e84e167cada6,Tech,negative,negative,negative,negative,negative,
c04234b0308666d6,Retail,neutral,neutral,neutral,neutral,neutral,gold_test
c0ccb445fa06e756,Finance,neutral,neutral,neutral,neutral,neutral,gold_dev
bd0bc9b71c35b044,Tech,neutral,negative,negative,negative,negative,
c387499fc444de95,Tech,negative,negative,negative,negative,negative,
568030e52f34d115,Tech,neutral,neutral,neutral,neutral,neutral,
b3f6c19aa9c885be,Tech,negative,negative,negative,negative,negative,
883801a0ddfc58c7,Finance,negative,positive,negative,negative,negative,gold_test
4120a7c192d0d67f,Retail,neutral,neutral,neutral,neutral,neutral,gold_test
bc573366985c848d,Tech,neutral,neutral,neutral,neutral,neutral,
877026bcf1dedfd1,Finance,neutral,neutral,neutral,neutral,neutral,gold_dev
725b0eb1ee01b0a6,Tech,positive,positive,positive,positive,positive,
67743130f8fe0024,Tech,negative,negative,negative,negative,negative,
4eb9fd5cac250cd5,Tech,positive,neutral,positive,positive,positive,
b03242df19436476,Tech,negative,negative,negative,negative,negative,
894e1c59b573e821,Tech,negative,negative,negative,negative,negative,
78853937afb2c025,Tech,negative,negative,negative,negative,negative,
bc035ac7efc7375a,Tech,positive,negative,negative,negative,negative,
bef581f25926b0ed,Tech,positive,positive,positive,positive,positive,
1572d86b542cc50f,Tech,negative,negative,negative,negative,negative,
a423ca3f38da1b24,Tech,neutral,negative,neutral,neutral,neutral,
86acafe4121213cf,Tech,neutral,neutral,neutral,neutral,neutral,
c60040759e277d69,Tech,negative,negative,negative,negative,negative,
d2a4beaf2f302717,Finance,positive,positive,positive,positive,positive,gold_test
5bf6f1357b40b628,Tech,neutral,neutral,neutral,neutral,neutral,
32e9a9860904053f,Tech,negative,negative,negative,negative,negative,
4b72eeb52a24efc0,Tech,neutral,neutral,neutral,neutral,neutral,
92e8e2055985c721,Tech,positive,positive,positive,positive,positive,
7db0ca31b3e74fd9,Tech,negative,negative,positive,negative,negative,
c7d521b4472d5073,Tech,neutral,neutral,neutral,neutral,neutral,
7aac877394b92434,Tech,neutral,neutral,neutral,neutral,neutral,
c4debfb9f8c72dbc,Tech,neutral,neutral,neutral,neutral,neutral,
fff315e19f423b20,Tech,negative,negative,negative,negative,negative,
228fa589afaeff34,Tech,neutral,neutral,neutral,neutral,neutral,
e3d8520346f86e77,Tech,negative,negative,neutral,negative,negative,
12da5d85092ab73e,Finance,neutral,neutral,neutral,neutral,neutral,gold_test
f1e10d5fc2e5f1e1,Tech,neutral,neutral,neutral,neutral,neutral,
d8348fb0bc8752b9,Tech,positive,negative,negative,negative,negative,
8246ca8fff76f14b,Tech,positive,positive,positive,positive,positive,
67a67db44262795f,Tech,positive,positive,positive,positive,positive,
986306a69d6c4214,Tech,negative,neutral,negative,negative,negative,
02df84eeb922c5a4,Tech,negative,positive,negative,negative,negative,
033bdbed445fd047,Tech,neutral,neutral,neutral,neutral,neutral,
5f383e6d3602627b,Tech,positive,positive,positive,positive,positive,
4a0e488cddd6abca,Tech,neutral,neutral,neutral,neutral,neutral,
7c0507090f66e7f9,Retail,negative,negative,negative,negative,negative,gold_test
57eb28292cf970be,Tech,neutral,neutral,neutral,neutral,neutral,
83037f762f4049ba,Tech,positive,neutral,positive,positive,positive,
1b2b4d70032a2239,Tech,negative,negative,negative,negative,negative,
d7dd1153afefe642,Tech,positive,negative,negative,negative,negative,gold_test
6a377136c380c764,Tech,neutral,neutral,neutral,neutral,neutral,
76dc7e7b166cf717,Tech,neutral,neutral,neutral,neutral,neutral,
746e22a49de3ae56,Tech,negative,negative,negative,negative,negative,
1609991caf49f095,Tech,positive,negative,positive,positive,positive,
edd80f18a8501576,Tech,negative,positive,negative,negative,negative,
0f9464f16b159c27,Tech,negative,negative,negative,negative,negative,
09860fa8aed5358d,Tech,neutral,neutral,neutral,neutral,neutral,
41ed6fd65f4039aa,Tech,neutral,neutral,neutral,neutral,neutral,
864dafd5c60ea800,Tech,neutral,neutral,neutral,neutral,neutral,
f38f17ca29d977a0,Tech,neutral,neutral,neutral,neutral,neutral,
4a84c497f1f62ee6,Social,neutral,neutral,neutral,neutral,neutral,gold_test
6ba6ab0439fb80b9,Social,neutral,neutral,neutral,neutral,neutral,gold_test
bfe90d44cac2f00c,Social,negative,negative,negative,negative,negative,gold_test
e8306a412eaba23a,Tech,positive,positive,positive,positive,positive,
6be6b11cfaa61221,Retail,neutral,neutral,neutral,neutral,neutral,gold_dev
ff0ecfa594103a78,Social,positive,positive,negative,positive,positive,gold_dev
d1f348f430bcc7ca,Tech,neutral,neutral,neutral,neutral,neutral,
f8ad817df41483c8,Tech,negative,negative,negative,negative,negative,
0eefc0e458e5c8f1,Tech,neutral,neutral,neutral,neutral,neutral,
a110a879bc6804c7,Tech,negative,negative,negative,negative,negative,gold_test
0f3cc2d411b6d0c3,Tech,neutral,neutral,neutral,neutral,neutral,
3b50d91f02ccf47b,Tech,negative,negative,negative,negative,negative,
ac4509768da1434c,Tech,neutral,negative,neutral,neutral,neutral,
7b7d7f5ce18050bd,Tech,negative,neutral,negative,negative,negative,
044dd2e13c89d08a,Tech,positive,positive,positive,positive,positive,
1bd6d83cfb242ff9,Tech,negative,negative,negative,negative,negative,
f2aa37ef33770011,Tech,neutral,neutral,neutral,neutral,neutral,
13ac62f0a2f4b07f,Tech,neutral,neutral,neutral,neutral,neutral,
76b183e43bb2ad44,Tech,neutral,neutral,negative,neutral,neutral,gold_test
f873442c492fdb75,Tech,neutral,neutral,neutral,neutral,neutral,
50e3eaafae242ee3,Tech,negative,negative,negative,negative,negative,
2da7ca670de91591,Finance,neutral,neutral,neutral,neutral,neutral,gold_dev
9925e0404a98eac5,Tech,negative,negative,negative,negative,negative,
7fa2712d5d67a538,Tech,neutral,neutral,neutral,neutral,neutral,gold_dev
fbfcb9920364e2c3,Tech,positive,positive,positive,positive,positive,
6a1980d2f718983d,Tech,neutral,neutral,neutral,neutral,neutral,
4c3acabbb932ac9f,Tech,positive,positive,positive,positive,positive,
43f9fd9c95acb154,Tech,neutral,neutral,positive,neutral,neutral,
2e768c644c536c84,Tech,neutral,neutral,neutral,neutral,neutral,
4b9f11b0093ffdf8,Tech,positive,negative,positive,positive,positive,
4c08a622175642ee,Finance,negative,neutral,negative,negative,negative,gold_dev
30a6d0978e064b7f,Finance,neutral,neutral,neutral,neutral,neutral,gold_train
91ac5ffacc9655ec,Tech,negative,negative,negative,negative,negative,
e15178017ca96652,Finance,neutral,neutral,neutral,neutral,neutral,gold_dev
887e805d4405236c,Tech,neutral,neutral,neutral,neutral,neutral,gold_train
225f2b5b0d813edd,Tech,positive,positive,positive,positive,positive,
7fbf38ed95c8dc6f,Tech,neutral,neutral,neutral,neutral,neutral,
ca7ab235a1ac837b,Tech,neutral,neutral,neutral,neutral,neutral,
22e7b0b2298d46b4,Tech,neutral,neutral,neutral,neutral,neutral,gold_dev
fe4daac2263a2e5c,Retail,neutral,neutral,neutral,neutral,neutral,gold_dev
0b7d1098ac0aa428,Tech,negative,neutral,negative,negative,negative,
b95ec1e8b8a7d6fb,Tech,negative,negative,negative,negative,negative,
911c00f1c0f1445f,Tech,neutral,neutral,neutral,neutral,neutral,
fc33573cfa31428b,Tech,positive,positive,positive,positive,positive,
e983e95e4f6b990f,Finance,negative,negative,negative,negative,negative,gold_dev
5313ff0a8e3f4964,Finance,negative,neutral,neutral,neutral,neutral,gold_dev
128cf65a8ad7563a,Tech,negative,negative,positive,negative,negative,
029aa938638247c2,Social,positive,positive,positive,positive,positive,gold_test
3009cfdb73ebac30,Retail,negative,negative,negative,negative,negative,gold_test
5d1f13861235d4b9,Tech,positive,positive,positive,positive,positive,
21a0c7a07ff36458,Tech,neutral,neutral,neutral,neutral,neutral,gold_train
54b913d0848ba578,Tech,neutral,neutral,neutral,neutral,neutral,
8c99550a03117e22,Tech,negative,negative,negative,negative,negative,
d5e6b293cfc647f9,Tech,neutral,neutral,neutral,neutral,neutral,
4a92eda3c36f1181,Tech,neutral,neutral,neutral,neutral,neutral,
2dc60d52c7ebe0b0,Tech,positive,negative,negative,negative,negative,
003bd3dc754eeb97,Tech,positive,positive,positive,positive,positive,
9cf9a9a25207984d,Tech,positive,positive,positive,positive,positive,
5b67553727ceae89,Tech,negative,negative,negative,negative,negative,
dc499c6ab63d9467,Tech,neutral,neutral,neutral,neutral,neutral,
5170b94bf226e363,Tech,positive,positive,positive,positive,positive,
ef4a9c27d41c40fb,Tech,negative,negative,negative,negative,negative,
8cce12caa69c6714,Tech,neutral,neutral,negative,neutral,neutral,
ff87b8a4c79330d0,Tech,positive,positive,positive,positive,positive,
e6e7651835ab461d,Tech,negative,negative,negative,negative,negative,
a42bf3b79f1a8ff6,Tech,negative,negative,negative,negative,negative,
bc3e5fd6395f5c33,Tech,neutral,neutral,neutral,neutral,neutral,
85aff814f30815d3,Tech,positive,positive,positive,positive,positive,
38aba36f7e745a6c,Tech,negative,negative,negative,negative,negative,
26e160159a3fc0a7,Tech,positive,positive,negative,positive,positive,
ce1ed9d8ae735c6a,Tech,positive,neutral,neutral,neutral,neutral,
abc16ddee9890743,Tech,neutral,neutral,neutral,neutral,neutral,gold_test
50a840dda2cba6ce,Tech,negative,negative,negative,negative,negative,
b5bf2f0827773a9d,Tech,positive,neutral,neutral,neutral,neutral,gold_test
b6b9a99032922e41,Public,neutral,neutral,neutral,neutral,neutral,gold_train
bceb1e254089bce3,Tech,negative,negative,negative,negative,negative,
cc18d005919987ad,Tech,negative,negative,negative,negative,negative,
75f2333f1495c7a1,Tech,neutral,neutral,neutral,neutral,neutral,
ef4588a7a5779c5f,Tech,positive,positive,positive,positive,positive,
6eb8b9aafde87462,Tech,positive,positive,positive,positive,positive,
32e24adca8cd7a58,Social,negative,positive,negative,negative,negative,gold_test
73d6c46947ec435d,Tech,neutral,neutral,neutral,neutral,neutral,
13345fb7fabee920,Tech,positive,positive,neutral,positive,positive,
584dbd76880301c7,Tech,neutral,neutral,neutral,neutral,neutral,
3523f24286ba6b31,Tech,neutral,neutral,neutral,neutral,neutral,
687325c87798bc81,Tech,neutral,neutral,neutral,neutral,neutral,
2b172d02a8fe8b83,Retail,neutral,neutral,positive,neutral,neutral,gold_dev
84cfa3055c68ee27,Tech,neutral,neutral,neutral,neutral,neutral,
b6039a6b4fc0b66c,Tech,neutral,neutral,neutral,neutral,neutral,
5fb841837dbc459e,Finance,negative,negative,negative,negative,negative,gold_train
7f76ff8adf2d0fb4,Tech,positive,positive,positive,positive,positive,
b7d441bba4f1be0a,Tech,neutral,neutral,negative,neutral,neutral,
929055ce7c5eb342,Tech,neutral,neutral,neutral,neutral,neutral,
752d15521fb6e9c6,Tech,positive,positive,positive,positive,positive,
f228275f360aee97,Tech,negative,negative,negative,negative,negative,
4abd380de806d4b3,Tech,neutral,positive,neutral,neutral,neutral,gold_test
94567fe9fc4850fb,Tech,negative,negative,negative,negative,negative,
bba1eb4f68fad039,Tech,positive,positive,negative,positive,positive,
0023dc731b17d09a,Social,positive,positive,positive,positive,positive,gold_test
b8544558d0a8744f,Finance,neutral,positive,positive,positive,positive,gold_test
061f065e7c808593,Tech,neutral,neutral,neutral,neutral,neutral,
5b5fba48050dabd3,Tech,negative,negative,negative,negative,negative,
ef12f58f9777631d,Tech,positive,positive,negative,positive,positive,
d305cb5c9b21ce58,Tech,neutral,neutral,neutral,neutral,neutral,
1780aa4eea6e1c6e,Tech,neutral,neutral,neutral,neutral,neutral,
790f86d2b30f16aa,Tech,positive,positive,positive,positive,positive,gold_test
f4e44ce1a7a362a6,Tech,negative,negative,negative,negative,negative,
f7b88f52d7a0561c,Tech,negative,negative,negative,negative,negative,gold_test
1cbca18422fd7094,Tech,negative,negative,neutral,negative,negative,
70c3210b5d4ce9fc,Tech,negative,neutral,negative,negative,negative,
536a5f95f5569789,Tech,positive,positive,positive,positive,positive,
c07fdc3de757793a,Tech,neutral,neutral,neutral,neutral,neutral,
1f5cc0eb14c9d0c4,Tech,negative,negative,neutral,negative,negative,gold_test
78345718edaed078,Tech,negative,negative,negative,negative,negative,
67d341a487b0deae,Tech,negative,negative,negative,negative,negative,
26bcca646a2ec8ab,Tech,negative,negative,negative,negative,negative,gold_test
e55996aad9c5e333,Tech,negative,neutral,negative,negative,negative,
ab325af96db0c506,Tech,negative,neutral,negative,negative,negative,
c7467c662bc305c7,Tech,neutral,neutral,neutral,neutral,neutral,
04f2c9d06cc4d991,Tech,negative,negative,negative,negative,negative,
6b82ba2280adb10b,Retail,neutral,neutral,neutral,neutral,neutral,gold_test
a5df8f8bf0f7fbe1,Tech,negative,neutral,negative,negative,negative,
62bbd8f6a1e25410,Tech,neutral,neutral,neutral,neutral,neutral,
009b9aafd954594e,Tech,negative,negative,negative,negative,negative,
445099e63d96f6ee,Tech,neutral,neutral,neutral,neutral,neutral,
0546c27d3550b7fc,Tech,negative,negative,negative,negative,negative,
e9fb105061c735b2,Tech,positive,positive,positive,positive,positive,
27c44d3d53242ab6,Social,negative,negative,negative,negative,negative,gold_test
bc51a7bee177bbab,Tech,negative,neutral,neutral,neutral,neutral,
b23079bd0c9ca7eb,Tech,neutral,neutral,neutral,neutral,neutral,gold_test
ae95a31154dbfbe0,Tech,negative,positive,negative,negative,negative,
a79dda39dc14acaa,Tech,neutral,neutral,neutral,neutral,neutral,
f52c709a43d19cdd,Tech,negative,negative,negative,negative,negative,
841bf5de422fac47,Tech,neutral,neutral,neutral,neutral,neutral,
989a62fe1eef88b3,Tech,neutral,neutral,neutral,neutral,neutral,
c2fc3fe3eb2139e8,Tech,negative,negative,negative,negative,negative,
11a6c0fbb0592f33,Tech,negative,negative,negative,negative,negative,
a0780d068ac891fe,Finance,neutral,neutral,neutral,neutral,neutral,gold_train
391c4713023e5027,Finance,neutral,neutral,neutral,neutral,neutral,gold_dev
54c208b7845e9bd4,Tech,neutral,neutral,neutral,neutral,neutral,
d271d0448279c98e,Tech,negative,negative,negative,negative,negative,
b2db4509f385c74d,Tech,positive,positive,positive,positive,positive,gold_test
1fbcca9ce1dc4827,Tech,neutral,neutral,neutral,neutral,neutral,
ab2bec9a4b138bae,Tech,negative,negative,negative,negative,negative,
f8b823a5463e4e13,Retail,negative,negative,negative,negative,negative,gold_test
edef0539e6224a27,Tech,neutral,neutral,neutral,neutral,neutral,
b55442e364d436ba,Tech,negative,negative,negative,negative,negative,
1d832e3ade424603,Tech,negative,negative,negative,negative,negative,
f9d4441e17f085ac,Tech,negative,negative,negative,negative,negative,
df417dd6bbba5d4c,Tech,negative,neutral,negative,negative,negative,
81eee2f670270ff8,Tech,neutral,neutral,neutral,neutral,neutral,
bbb1f2ff12f472d0,Tech,negative,negative,negative,negative,negative,
7e8b204d7079e512,Tech,positive,positive,positive,positive,positive,
f726212508425e3b,Tech,negative,negative,negative,negative,negative,
60bf607224afb6d2,Tech,neutral,neutral,positive,neutral,neutral,
bbfb2d937ef1c550,Tech,negative,neutral,neutral,neutral,neutral,gold_test
ac1a83cd30b55c7e,Tech,negative,negative,negative,negative,negative,
02d9a3454bf1840d,Retail,positive,positive,positive,positive,positive,gold_test
2dc2b41adb2d9433,Tech,negative,negative,negative,negative,negative,gold_train
3f4ae1bd6c014dc0,Retail,neutral,neutral,negative,neutral,neutral,gold_test
19a565f016ab9b74,Tech,positive,positive,negative,positive,positive,
1210bc71fe720017,Tech,positive,negative,negative,negative,negative,
a016c88b769359ae,Tech,negative,negative,negative,negative,negative,
5f453116bfc6a8b7,Public,neutral,positive,positive,positive,positive,gold_test
08daa56996963f76,Tech,neutral,neutral,neutral,neutral,neutral,
357cea1ac265d234,Tech,positive,positive,positive,positive,positive,
ff88316640462e20,Finance,positive,positive,positive,positive,positive,gold_test
4fd45c714f7a4335,Tech,positive,positive,positive,positive,positive,gold_test
b5e04db3e7f798a5,Tech,negative,negative,negative,negative,negative,
241c2501fa9ae133,Social,negative,negative,negative,negative,negative,gold_test
dc1e6ba5aa8c969e,Finance,positive,positive,negative,positive,positive,gold_test
975a1ce206a8cfb3,Tech,negative,negative,negative,negative,negative,
d4ae11a2447784b6,Public,positive,negative,negative,negative,negative,gold_train
0cbe5ec82b20724c,Social,neutral,neutral,neutral,neutral,neutral,gold_test
9b42416a89bbac2a,Social,positive,neutral,neutral,neutral,neutral,gold_test
bcf60bd4c363f4ff,Tech,negative,negative,negative,negative,negative,gold_train
d680413bc5d89dc2,Tech,neutral,neutral,neutral,neutral,neutral,
c7494b5468034ded,Tech,neutral,neutral,neutral,neutral,neutral,
aed8def901defff0,Retail,neutral,neutral,neutral,neutral,neutral,gold_test
718c8aaf05656ba9,Finance,positive,positive,positive,positive,positive,gold_train
a1227945d4da9fee,Tech,positive,positive,positive,positive,positive,
29c194eeb1d455c0,Finance,positive,positive,positive,positive,positive,gold_train
c1b10832d1f74ab8,Retail,neutral,neutral,neutral,neutral,neutral,gold_test
e0c7b4ad81013e53,Retail,negative,negative,negative,negative,negative,gold_test
59e438d69e87a456,Social,negative,positive,positive,positive,positive,gold_test
e67679585b9168ed,Social,negative,neutral,neutral,neutral,neutral,gold_dev
0f12e6aeb4eed0be,Public,neutral,neutral,neutral,neutral,neutral,gold_train
f90063159bead342,Tech,neutral,neutral,neutral,neutral,neutral,
f70f5b0ab7c09d2b,Tech,neutral,neutral,neutral,neutral,neutral,
9d51d745fdc0a746,Social,positive,neutral,positive,positive,positive,gold_dev
b6956d3f42b61b5a,Public,negative,negative,negative,negative,negative,gold_test
7707ef3e03e58ea1,Tech,positive,positive,positive,positive,positive,gold_test
5b090315cb2b203f,Tech,negative,negative,negative,negative,negative,
3fc1d6779760ffe3,Social,positive,positive,positive,positive,positive,gold_test
1d583dd19bc8795f,Social,negative,negative,negative,negative,negative,gold_test
b70ec50dda27fbe9,Retail,neutral,neutral,neutral,neutral,neutral,gold_test
980ba75ea9d53d81,Tech,neutral,neutral,neutral,neutral,neutral,
e6cbcc961b663b2c,Social,positive,positive,positive,positive,positive,gold_test
0a9e12298d6baddf,Public,negative,negative,negative,negative,negative,gold_dev
ebb0b8592c4c451f,Public,negative,negative,negative,negative,negative,gold_dev
d5155024bd0de8ac,Public,negative,negative,negative,negative,negative,gold_dev
55882a51d7eebf18,Retail,neutral,neutral,neutral,neutral,neutral,gold_test
b879997222b67746,Social,positive,positive,positive,positive,positive,gold_test
6e7586c24a511a57,Tech,negative,negative,negative,negative,negative,gold_dev
70de7fa0e9c6bb85,Tech,neutral,neutral,neutral,neutral,neutral,
831337c084ed37d0,Tech,negative,negative,negative,negative,negative,
98c8608bc7fc457f,Tech,neutral,neutral,neutral,neutral,neutral,
543f3efb5c55b381,Social,negative,negative,negative,negative,negative,gold_test
7dec8140351ea183,Tech,negative,negative,negative,negative,negative,
d33ee829602e74c1,Finance,negative,negative,negative,negative,negative,gold_train
c890a493504f92cf,Finance,neutral,neutral,neutral,neutral,neutral,gold_train
ea623f759325efd6,Finance,positive,positive,positive,positive,positive,gold_test
237a96139a97ae63,Finance,negative,positive,negative,negative,negative,gold_test
cb5611779fd038fb,Finance,negative,negative,negative,negative,negative,gold_test
6099e86aa6fba2e0,Finance,positive,positive,positive,positive,positive,gold_test
0a4c7b335a941ebd,Tech,neutral,neutral,neutral,neutral,neutral,
f1230782b21a3418,Tech,negative,neutral,negative,neutral,neutral,
abf2e7fb549a1786,Tech,negative,negative,negative,negative,negative,
27874e36399233fe,Tech,positive,positive,positive,positive,positive,
9a58bf2c2342d731,Tech,positive,positive,negative,positive,positive,
f13472640290eaa8,Social,positive,positive,positive,positive,positive,gold_test
911397fa6cf48901,Tech,negative,negative,negative,negative,negative,gold_test
6f83f76bc10514a7,Finance,positive,positive,positive,positive,positive,gold_test
88e3a45c261c24ca,Social,positive,positive,positive,positive,positive,gold_test
8be0b950485c51ca,Social,positive,positive,neutral,positive,positive,gold_test
402e60f4b33d33c0,Social,positive,positive,positive,positive,positive,gold_test
00dc3156c97cb3ca,Tech,negative,negative,negative,negative,negative,
ab361b56aa38acdc,Finance,positive,negative,positive,positive,positive,gold_test
b720f09ec724dc54,Tech,negative,negative,negative,negative,negative,
b4e02ad0ce607c2e,Tech,neutral,positive,neutral,neutral,neutral,
121a5db42b0900fa,Tech,positive,positive,positive,positive,positive,
aef7a33f0b7e5a1a,Tech,negative,negative,negative,negative,negative,
c70057f6f73ef0a8,Tech,neutral,neutral,neutral,neutral,neutral,
2c77585b76ca4256,Tech,negative,negative,negative,negative,negative,
a42c8e6a54f77c5d,Tech,neutral,neutral,neutral,neutral,neutral,
2047617c161081ba,Tech,neutral,neutral,neutral,neutral,neutral,
08d5d71ec43bec5f,Tech,neutral,neutral,neutral,neutral,neutral,
110e0db1f1e5925b,Tech,neutral,positive,neutral,neutral,neutral,
04ac2c70c342e3d1,Tech,positive,positive,positive,positive,positive,
9288da7a7ab0a104,Tech,positive,positive,positive,positive,positive,
05ff6fbcb7228abb,Tech,neutral,neutral,neutral,neutral,neutral,
c5205d2ccb35cac6,Tech,negative,negative,neutral,negative,negative,
1a93c2c0c81f3057,Tech,neutral,neutral,neutral,neutral,neutral,
4c92dd2f57d1f7b3,Tech,positive,neutral,positive,neutral,neutral,
b0b0ae6b316ab03f,Tech,positive,positive,positive,positive,positive,
2bdd394f4f9815dd,Tech,neutral,neutral,neutral,neutral,neutral,
aa2dcff23dde5302,Tech,neutral,neutral,positive,positive,positive,
c2d238302e83294c,Tech,positive,positive,positive,positive,positive,
a416cd039b9bca4a,Tech,negative,negative,negative,negative,negative,
814d27a9866b6070,Tech,negative,negative,negative,negative,negative,
12844177e83f0c25,Tech,neutral,neutral,neutral,neutral,neutral,
a6ef9957bc55f9d6,Finance,positive,positive,positive,positive,positive,gold_test
4c63a98606c50660,Retail,positive,positive,positive,positive,positive,gold_test
282fd46e74299d82,Finance,positive,neutral,positive,positive,positive,gold_test
80c61d742f14c57e,Tech,positive,positive,positive,positive,positive,gold_test
335b653869fd11ce,Tech,positive,positive,positive,positive,positive,
36a39c269d4d0b7f,Tech,negative,positive,positive,positive,positive,gold_test
af20348d44b7a41c,Tech,neutral,neutral,positive,neutral,neutral,
42ceca85cf8a8cbc,Tech,neutral,neutral,neutral,neutral,neutral,
5d7cfb2ead5245d0,Tech,positive,neutral,neutral,neutral,neutral,
34bede809217eca5,Tech,negative,neutral,neutral,neutral,neutral,
73d6fd96097a3e1a,Tech,neutral,neutral,neutral,neutral,neutral,
4fd15806226e8b16,Tech,neutral,negative,neutral,neutral,neutral,
e2f0fcfad59e6d5c,Tech,positive,positive,positive,positive,positive,
8447e2810b5d2666,Retail,negative,negative,negative,negative,negative,gold_test
92d0710e180b2678,Social,negative,negative,negative,negative,negative,gold_test
b0e31084d20b9ab1,Finance,positive,negative,negative,negative,negative,gold_test
d5ae9df2b99bb3d9,Tech,negative,negative,negative,negative,negative,gold_test
4beae4123899eee7,Finance,negative,negative,negative,negative,negative,gold_test
4046c00d11188415,Tech,negative,negative,negative,negative,negative,gold_test
ef2586d01ca32fe4,Tech,negative,negative,negative,negative,negative,gold_test
9f85627f3659901d,Tech,negative,negative,negative,negative,negative,gold_test
d81736b65a18ab54,Tech,negative,negative,negative,negative,negative,gold_test
afaa911aefdf74ec,Retail,positive,positive,positive,positive,positive,gold_test
c18c3c7fc0ba347e,Finance,negative,positive,positive,positive,positive,gold_test
e9d9216009f679d7,Finance,positive,positive,positive,positive,positive,gold_test
4ca32857eb32c95f,Tech,positive,positive,positive,positive,positive,gold_test
a19a7ce3d9cad116,Finance,positive,positive,positive,positive,positive,gold_test
cda527c6a533cdab,Retail,positive,positive,positive,positive,positive,gold_test
20a1c65e389e74ba,Tech,positive,positive,positive,positive,positive,gold_test
40a8962f8225b4a5,Tech,positive,positive,positive,positive,positive,gold_test
352ab44cf4ad8b3e,Social,negative,negative,negative,negative,negative,gold_test
2ce00fd3e5a3cfee,Finance,negative,negative,positive,negative,negative,gold_test
61797c2876544a46,Tech,negative,negative,negative,negative,negative,gold_test
55ad7989dd71ce43,Tech,negative,negative,negative,negative,negative,
af98e8d7b71ca11d,Social,positive,positive,positive,positive,positive,gold_test
14a28381c21f5759,Tech,neutral,neutral,neutral,neutral,neutral,
00711540898335b4,Social,neutral,neutral,neutral,neutral,neutral,gold_test
69051f4c5f4e90a3,Retail,neutral,neutral,neutral,neutral,neutral,gold_test
23e2ac3d6766f071,Tech,neutral,neutral,neutral,neutral,neutral,
42f3105eaf70cad5,Tech,neutral,neutral,neutral,neutral,neutral,
60e20ef32dba55e7,Social,negative,negative,negative,negative,negative,gold_test
3c5de5771d8ce7d6,Tech,neutral,negative,neutral,negative,negative,
53141b31ce5a68fe,Tech,positive,positive,positive,positive,positive,
f9914c95b59db94d,Tech,negative,negative,negative,negative,negative,
6651af29395c43f2,Tech,neutral,negative,neutral,neutral,neutral,
09e59b29c5f1f77d,Tech,negative,negative,negative,negative,negative,
1a41945a7a33eac7,Tech,neutral,neutral,neutral,neutral,neutral,
8b920d1255faaa3b,Tech,neutral,neutral,neutral,neutral,neutral,
2446ed2f73c4b690,Tech,positive,negative,positive,positive,positive,
45250741eb1191cc,Tech,neutral,positive,neutral,neutral,neutral,
4647f57237ed70c0,Tech,positive,positive,positive,positive,positive,
f5849687977c89d3,Tech,negative,negative,negative,negative,negative,
3be4a33d1fc3bc5b,Tech,positive,positive,positive,positive,positive,
73c6b9bf1f6b0a36,Tech,negative,neutral,neutral,neutral,neutral,
e4cd42044b914147,Tech,neutral,neutral,neutral,neutral,neutral,
3f43661f958eb15b,Tech,neutral,neutral,negative,neutral,neutral,
3f716a3cf91a0d1e,Tech,neutral,neutral,neutral,neutral,neutral,
8a8eb3902ee7bea6,Tech,neutral,neutral,positive,neutral,neutral,
92cc13ebe8f2a585,Tech,neutral,neutral,neutral,neutral,neutral,
caf0d670bb139a92,Tech,positive,positive,positive,positive,positive,
fed623db7d5e2ca0,Tech,positive,positive,positive,positive,positive,
37d9456720b779eb,Tech,positive,positive,positive,positive,positive,
3a0f7727bc4d1f78,Tech,neutral,neutral,neutral,neutral,neutral,
5588dafa2ef35f37,Tech,negative,negative,negative,negative,negative,
61156c2b124b7336,Tech,negative,negative,negative,negative,negative,
51daff847aac220e,Tech,neutral,neutral,neutral,neutral,neutral,
fed4229784cb5e50,Tech,positive,positive,positive,positive,positive,
4749a9d807d42296,Tech,neutral,neutral,negative,neutral,neutral,
c2022fa799117d35,Tech,neutral,neutral,neutral,neutral,neutral,
40cf9b9e3baa9272,Tech,negative,negative,negative,negative,negative,
a76d6d893b07a522,Tech,negative,negative,negative,negative,negative,
82a518ce869cc684,Tech,positive,positive,positive,positive,positive,
61e3c128b45e1a8c,Tech,positive,positive,positive,positive,positive,
c328d09ca1fb6020,Tech,positive,negative,positive,positive,positive,
2aa748dbbe672e55,Tech,negative,positive,positive,positive,positive,
0f611bbd5aa4300f,Tech,positive,positive,positive,positive,positive,
83341ee410e213b9,Tech,neutral,neutral,neutral,neutral,neutral,
c42f89d49f1977e7,Tech,negative,negative,negative,negative,negative,
373b2778cd556521,Tech,neutral,positive,neutral,neutral,neutral,
759ea20f5892e79b,Tech,negative,negative,negative,negative,negative,
0c15e00a8ca9034c,Tech,negative,negative,neutral,negative,negative,
1b10021c1241deb6,Tech,neutral,neutral,neutral,neutral,neutral,
4a2abba89dc07c8b,Tech,negative,negative,negative,negative,negative,
4db520134823872d,Tech,positive,positive,positive,positive,positive,
ff6af4ae30d5ca41,Tech,positive,negative,positive,positive,positive,
a6fa848b4725c83a,Tech,negative,negative,negative,negative,negative,
004a91dd53ef41d4,Tech,neutral,negative,neutral,neutral,neutral,
57b0e5a255864c36,Tech,positive,positive,positive,positive,positive,
922f399601cc93ce,Tech,neutral,neutral,positive,neutral,neutral,
0a60d4d20563c0c3,Tech,neutral,neutral,neutral,neutral,neutral,
7a2f28e0137af29f,Tech,neutral,positive,neutral,neutral,neutral,
83a249ee37d46fce,Tech,negative,negative,negative,negative,negative,
8fd24ac11e2d4097,Tech,negative,negative,negative,negative,negative,
1b4148838def30bd,Tech,neutral,neutral,neutral,neutral,neutral,
b94d0e273808b2cb,Finance,neutral,neutral,neutral,neutral,neutral,gold_dev
b84e28dc96169eb0,Tech,negative,negative,negative,negative,negative,
829bb46964cb2ecf,Tech,neutral,neutral,neutral,neutral,neutral,
b27924b5e74db112,Retail,positive,neutral,neutral,neutral,neutral,gold_dev
1573dbc8e89f7db8,Tech,positive,positive,neutral,neutral,neutral,
e8efa4e3fd52b70a,Tech,positive,positive,neutral,positive,positive,
aa9bdbfd221dd9c1,Tech,negative,neutral,negative,negative,negative,gold_train
0a4bf1c20f069e2a,Tech,negative,negative,positive,negative,negative,gold_train
37c47ed31af9f565,Tech,positive,positive,positive,positive,positive,
f2aa82372d3f40b9,Tech,negative,negative,negative,negative,negative,gold_test
fc89cac06ec912f0,Tech,negative,negative,negative,negative,negative,
9b6f2249b8bd79e1,Tech,negative,negative,negative,negative,negative,
ca9c97c37e40ab4c,Public,neutral,neutral,neutral,neutral,neutral,gold_dev
b44b8f18627bd1da,Tech,negative,negative,negative,negative,negative,
66a4618fdb751cb7,Tech,neutral,neutral,neutral,neutral,neutral,
f97f2a9ff013ecb7,Tech,negative,negative,negative,negative,negative,
cd116d98bb6140ce,Social,positive,positive,negative,positive,positive,gold_test
40de2f488370ea1b,Social,negative,negative,negative,negative,negative,gold_test
ae5afb012613583c,Tech,negative,negative,negative,negative,negative,
a389b82f6688358b,Tech,neutral,neutral,neutral,neutral,neutral,
2cd08d80fdd9fe81,Tech,neutral,neutral,neutral,neutral,neutral,
d7fe07ed3e4a91fe,Tech,negative,negative,negative,negative,negative,
ac9c64d70709a1cb,Tech,neutral,neutral,negative,neutral,neutral,
f145a53eaf700e5c,Social,positive,positive,neutral,positive,positive,gold_test
3b07d3b919c4f292,Social,positive,positive,positive,positive,positive,gold_test
70cbb90935989342,Tech,positive,positive,positive,positive,positive,
7cc945f2cf538cff,Public,positive,positive,positive,positive,positive,gold_test
eaa3bb5c99a415b9,Tech,neutral,neutral,neutral,neutral,neutral,
d9411a402b9623e1,Public,negative,negative,negative,negative,negative,gold_dev
ac1eeca624744663,Tech,positive,positive,positive,positive,positive,gold_test
15ed5fd88387bd53,Tech,positive,positive,positive,positive,positive,
a20deb56536ca97f,Tech,neutral,neutral,neutral,neutral,neutral,gold_train
ec716e2dad3fa1d5,Tech,neutral,neutral,neutral,neutral,neutral,
0d447262c2dacd28,Tech,neutral,neutral,positive,neutral,neutral,
8193baf730bc89c9,Tech,positive,positive,positive,positive,positive,
af3f6dec975bb594,Tech,positive,positive,positive,positive,positive,
59503f5af920b8f7,Tech,negative,negative,negative,negative,negative,
0c6a762ee0690aa6,Tech,positive,negative,negative,negative,negative,
6392592070c3f506,Retail,negative,positive,negative,negative,negative,gold_test
da629aae9b2fda07,Public,neutral,neutral,neutral,neutral,neutral,gold_train
e1e6828ed04e2381,Tech,neutral,neutral,neutral,neutral,neutral,
535ce6ef37111e8b,Finance,neutral,neutral,neutral,neutral,neutral,gold_test
67d71920149341fb,Tech,negative,negative,negative,negative,negative,
c7f623bd069a892e,Tech,negative,negative,negative,negative,negative,
9688473a92fe503f,Tech,neutral,neutral,neutral,neutral,neutral,
7ef8c1eac01de4eb,Tech,negative,negative,negative,negative,negative,
7c4c62fde15d20f1,Tech,negative,negative,negative,negative,negative,
18113118582c1139,Tech,neutral,neutral,neutral,neutral,neutral,
b193c0fd4238e320,Tech,neutral,neutral,neutral,neutral,neutral,
519ea59bbf310156,Tech,neutral,neutral,neutral,neutral,neutral,
b9019cef6c13cf19,Tech,neutral,neutral,neutral,neutral,neutral,
b2360c26a0fa5c73,Social,neutral,neutral,neutral,neutral,neutral,gold_test
85da5e8969eb4fde,Tech,positive,positive,positive,positive,positive,
4f3d4166765f8ca7,Tech,negative,negative,negative,negative,negative,
941fefed57fccb36,Tech,positive,neutral,positive,positive,positive,
37ee33425621f42b,Public,negative,negative,negative,negative,negative,gold_train
19c182ed2aa4fed6,Tech,positive,positive,positive,positive,positive,
8f44c7fbc5b5efdc,Tech,neutral,neutral,neutral,neutral,neutral,
fce4affde9f9dea7,Public,neutral,neutral,neutral,neutral,neutral,gold_test
47018d4f0d2be7dc,Tech,negative,neutral,neutral,neutral,neutral,
deda402cccf809bf,Social,positive,negative,positive,positive,positive,gold_test
bf7456e99e20a0c4,Tech,positive,positive,positive,positive,positive,
c4574cf0416d9e49,Tech,negative,negative,negative,negative,negative,
cc8d5990f4254fb8,Public,neutral,neutral,neutral,neutral,neutral,gold_test
d80b452748bd00c7,Tech,negative,negative,positive,negative,negative,gold_test
92a3fce6b53dcc98,Tech,neutral,neutral,neutral,neutral,neutral,
a03043e25adf7868,Tech,neutral,neutral,neutral,neutral,neutral,
ddc9aa7da28414cf,Finance,positive,neutral,positive,positive,positive,gold_test
10e32d843878a446,Tech,positive,positive,neutral,positive,positive,
ea255b823e792df2,Public,neutral,neutral,neutral,neutral,neutral,gold_train
21095f27b4190f81,Tech,negative,negative,negative,negative,negative,
0dcf985fa25275e3,Tech,negative,negative,negative,negative,negative,
f28042b734414f20,Public,neutral,positive,neutral,neutral,neutral,gold_test
7715b182a1e89a6a,Tech,positive,positive,positive,positive,positive,gold_test
a19378e413040831,Tech,neutral,neutral,neutral,neutral,neutral,
3e1cbc7f7c025396,Tech,neutral,neutral,neutral,neutral,neutral,
1d56b9ec2fa53d25,Tech,neutral,neutral,neutral,neutral,neutral,
7463bb53b02899a5,Social,positive,positive,positive,positive,positive,gold_test
b9ada8535c7780e3,Social,neutral,positive,positive,positive,positive,gold_test
78d92b5e88567c5c,Social,neutral,neutral,negative,neutral,neutral,gold_test
6726f7d51d771e23,Tech,neutral,neutral,neutral,neutral,neutral,
bfbeddc94f9dc61a,Tech,negative,negative,negative,negative,negative,
9f55ef5f0f8df44e,Tech,negative,negative,negative,negative,negative,
a71d8b64fadfc250,Tech,positive,neutral,neutral,neutral,neutral,
c7fed80a30c262bc,Tech,neutral,neutral,neutral,neutral,neutral,
19604e63ec307e07,Tech,negative,negative,negative,negative,negative,
82bfc359bf4139f3,Tech,negative,negative,negative,negative,negative,gold_test
7bd649a1188d17eb,Tech,neutral,neutral,neutral,neutral,neutral,
30b0777195115144,Tech,neutral,neutral,neutral,neutral,neutral,
f13d3049ac4e60c6,Tech,positive,positive,positive,positive,positive,gold_test
879633bdfed6e3bd,Tech,positive,negative,positive,positive,positive,gold_test
16427a1da26c1c12,Tech,neutral,neutral,neutral,neutral,neutral,
fada1637f2e0aee7,Tech,negative,negative,negative,negative,negative,
77579cde9130609c,Tech,neutral,neutral,neutral,neutral,neutral,
09a3d59ae2fdddee,Tech,positive,positive,positive,positive,positive,
b0b715e20adba71a,Tech,negative,neutral,neutral,neutral,neutral,gold_dev
f89b09ab6c4ef033,Tech,negative,negative,neutral,negative,negative,
fae7907fa3c3bac4,Tech,negative,negative,negative,negative,negative,
9cff7bc15417cbd3,Tech,negative,negative,negative,negative,negative,gold_test
e5557a3e4c7d4329,Tech,neutral,neutral,neutral,neutral,neutral,
9a97a15ae5016f01,Tech,positive,positive,positive,positive,positive,
778aa34cfbb29182,Tech,positive,positive,positive,positive,positive,
b24010fdd498d662,Tech,neutral,negative,neutral,neutral,neutral,
6dd893438119abc5,Tech,positive,positive,positive,positive,positive,
5f037bc5d843da6a,Tech,positive,positive,negative,positive,positive,
c961c1277aa1f415,Tech,positive,positive,positive,positive,positive,
48f0390d2b58d587,Tech,neutral,neutral,neutral,neutral,neutral,gold_test
6b85b9f8341f5660,Tech,neutral,neutral,neutral,neutral,neutral,gold_test
aed18832f516e736,Tech,positive,positive,positive,positive,positive,
f67eda8a9c76eb81,Tech,negative,negative,negative,negative,negative,
b85ea5883189e8f3,Retail,positive,positive,positive,positive,positive,gold_test
b7f3bd3d5e32885e,Tech,positive,positive,positive,positive,positive,
f62bdba23ff8743f,Tech,neutral,neutral,neutral,neutral,neutral,
91b7f1ecde8623b4,Tech,negative,negative,negative,negative,negative,
e4b007379b0efa38,Tech,neutral,neutral,neutral,neutral,neutral,
ab92365bce3e60ef,Tech,negative,negative,negative,negative,negative,
ebc5113026cf0a13,Retail,negative,negative,negative,negative,negative,gold_dev
05dfa1e648705ede,Tech,negative,negative,negative,negative,negative,
d95c3fdbf1130d51,Tech,positive,positive,positive,positive,positive,
b41f64c63d8f3608,Tech,negative,negative,positive,negative,negative,
044d84ba5238bbbd,Tech,neutral,negative,neutral,neutral,neutral,
93eeafb3e6ce7c8e,Public,positive,positive,positive,positive,positive,gold_test
87992cf3554d47f7,Tech,positive,neutral,positive,positive,positive,
416b36b408489ed8,Tech,negative,neutral,neutral,neutral,neutral,
29c3ebff172e0136,Tech,neutral,neutral,positive,neutral,neutral,
34f5b74e53f45277,Tech,positive,positive,positive,positive,positive,
8c3d645e4cff4366,Finance,positive,positive,positive,positive,positive,gold_test
d5b6549b14764708,Tech,neutral,neutral,neutral,neutral,neutral,
e54dad57b72fff33,Tech,neutral,neutral,neutral,neutral,neutral,
21f1293b5f8f5252,Tech,neutral,neutral,neutral,neutral,neutral,
14976e975862bebb,Retail,negative,negative,negative,negative,negative,gold_test
abfa7dd7c17b0ae4,Social,negative,negative,negative,negative,negative,gold_test
822da1290d62b246,Finance,positive,neutral,positive,positive,positive,gold_test
5b48dff5b1e6b409,Tech,neutral,neutral,neutral,neutral,neutral,
c247a7cafa1e2378,Tech,neutral,neutral,neutral,neutral,neutral,
2adb00a1e99b3d0d,Tech,neutral,neutral,neutral,neutral,neutral,
143acdb7e8c8cba9,Tech,positive,positive,positive,positive,positive,
cd33fde19bc60b77,Tech,neutral,neutral,neutral,neutral,neutral,
449998ebb209b175,Social,neutral,neutral,neutral,neutral,neutral,gold_test
25de3a68dfdb5913,Social,neutral,neutral,neutral,neutral,neutral,gold_test
1286335bc9911810,Social,negative,negative,negative,negative,negative,gold_test
a390ebbc1e4f2f47,Social,neutral,neutral,neutral,neutral,neutral,gold_test
76f967a69a3553ee,Social,negative,negative,negative,negative,negative,gold_test
c1f9ee962b4cdac4,Social,neutral,neutral,negative,neutral,neutral,gold_test
e688dc2f486833c4,Social,negative,negative,negative,negative,negative,gold_test
41c2e2d3821aa41f,Social,neutral,neutral,neutral,neutral,neutral,gold_test
54f8f743008e99f8,Social,positive,positive,positive,positive,positive,gold_test
3e9ee0d3e3c7b666,Social,neutral,neutral,neutral,neutral,neutral,gold_test
8e9eb1df823598b3,Social,negative,negative,negative,negative,negative,gold_test
4df8e513d68f2d21,Social,neutral,neutral,neutral,neutral,neutral,gold_test
55a456f1d9ef90b1,Social,negative,negative,negative,negative,negative,gold_test
24c5d38125ff0f55,Tech,negative,negative,negative,negative,negative,gold_test
948fd3536a3113eb,Tech,neutral,neutral,neutral,neutral,neutral,
a908584402e40f11,Tech,positive,negative,negative,negative,negative,gold_test
d8d32121636d73cd,Social,positive,positive,positive,positive,positive,gold_test
5c7bfaa36a0723c2,Tech,negative,negative,negative,negative,negative,gold_test
04a24fa7a6af71ff,Tech,negative,negative,negative,negative,negative,
d1130823a05bbd15,Tech,positive,positive,positive,positive,positive,
8ff50f2af3a9e535,Retail,neutral,neutral,neutral,neutral,neutral,gold_dev
047732b9c437bb2d,Tech,neutral,neutral,neutral,neutral,neutral,
853648a8c3f9f4d5,Retail,neutral,neutral,neutral,neutral,neutral,gold_test
2ababdcd13359f39,Public,negative,negative,negative,negative,negative,gold_train
dc18d014e118a2a1,Tech,neutral,negative,neutral,neutral,neutral,
62f2c2a7f7edc148,Tech,neutral,neutral,neutral,neutral,neutral,
7cd0cbfc3835bf09,Tech,neutral,neutral,positive,neutral,neutral,
499d589c8d35b8b6,Tech,neutral,neutral,neutral,neutral,neutral,
c824a58f17fb0154,Finance,neutral,neutral,neutral,neutral,neutral,gold_dev
0c3ea5b2157f9852,Finance,neutral,neutral,neutral,neutral,neutral,gold_dev
016c45638603b47f,Tech,neutral,neutral,neutral,neutral,neutral,
3fbcdaa8fffeb12e,Public,neutral,neutral,neutral,neutral,neutral,gold_dev
b2f4a35a7cd13779,Finance,neutral,neutral,neutral,neutral,neutral,gold_dev
edb926ecb654c4b7,Tech,positive,positive,positive,positive,positive,
e84628d49b47c7df,Tech,neutral,neutral,neutral,neutral,neutral,gold_dev
73d86d4350fed37a,Tech,neutral,neutral,neutral,neutral,neutral,
bd3effa9ce3aa119,Tech,neutral,neutral,neutral,neutral,neutral,
06afde9dd1473e09,Tech,neutral,neutral,neutral,neutral,neutral,gold_test
9080d96c017984db,Tech,neutral,neutral,negative,neutral,neutral,gold_test
0b694385a94a1142,Public,neutral,positive,neutral,neutral,neutral,gold_train
68cfefb292a1c7c3,Public,negative,negative,negative,negative,negative,gold_dev
0e472bce25271efd,Tech,neutral,neutral,neutral,neutral,neutral,
5c5e18724c1e52a9,Tech,negative,negative,negative,negative,negative,
728430bc20360158,Tech,neutral,neutral,neutral,neutral,neutral,
aea79e39fe008243,Finance,positive,neutral,neutral,neutral,neutral,gold_test
ee260c2303c0e6dc,Tech,negative,negative,negative,negative,negative,
eef08087bb2fc792,Finance,neutral,neutral,neutral,neutral,neutral,gold_train
6f54c2024f8538f0,Public,neutral,neutral,negative,neutral,neutral,gold_train
fe3230165d97f993,Tech,positive,positive,positive,positive,positive,
f83d3d28fc2e2ded,Tech,neutral,negative,neutral,neutral,neutral,
f6078caf23f5bd12,Tech,negative,negative,negative,negative,negative,
489ceb4329f2267b,Tech,neutral,neutral,neutral,neutral,neutral,
4d87aed7a02d4468,Tech,positive,negative,positive,positive,positive,
70f1b2e488db40a9,Tech,negative,negative,negative,negative,negative,
f12d707b2bec595f,Tech,positive,positive,positive,positive,positive,
1cf6ece325fe78a3,Tech,neutral,neutral,neutral,neutral,neutral,
93a7f02c67b1e2e5,Tech,neutral,neutral,neutral,neutral,neutral,
88d97d8392c81141,Tech,neutral,neutral,neutral,neutral,neutral,
b95addde869fa455,Tech,neutral,neutral,neutral,neutral,neutral,
7cb8db33ad8ec9f0,Tech,negative,negative,negative,negative,negative,
dc34aa1dbb83c47a,Tech,positive,neutral,neutral,neutral,neutral,
305afd0f0fb90adc,Tech,neutral,neutral,neutral,neutral,neutral,
cb56c5b486d15f5d,Tech,positive,neutral,neutral,neutral,neutral,
9d632f346fb52c64,Tech,neutral,neutral,neutral,neutral,neutral,
97c66a694cb3468b,Public,neutral,neutral,neutral,neutral,neutral,gold_test
fbffce46ed72cd91,Tech,neutral,neutral,neutral,neutral,neutral,
5f77614878c2ea3d,Tech,neutral,neutral,neutral,neutral,neutral,
32281452eb0a753a,Finance,negative,negative,negative,negative,negative,gold_test
90f79785dc28bf95,Tech,neutral,neutral,positive,neutral,neutral,
5ae8fd1c183e3624,Tech,negative,negative,negative,negative,negative,
0bff06fdaf6ce667,Tech,neutral,neutral,neutral,neutral,neutral,
d0dd7bba283174a3,Tech,neutral,neutral,neutral,neutral,neutral,
9e32d527fcd7024a,Tech,neutral,neutral,neutral,neutral,neutral,
995fb8fa28054d51,Tech,positive,positive,positive,positive,positive,
5c233b31ed03dba6,Tech,negative,negative,neutral,negative,negative,
7b59b40714485575,Tech,negative,negative,positive,negative,negative,
7446bfdf7c6079d4,Finance,neutral,neutral,neutral,neutral,neutral,gold_train
f5928bc6ecfab4df,Tech,neutral,neutral,neutral,neutral,neutral,
153313efb22f7659,Tech,positive,positive,positive,positive,positive,
d0cb35ec16d96566,Tech,neutral,negative,negative,negative,negative,
126ef2da1f9f6eb5,Tech,negative,negative,negative,negative,negative,
c7c23f8188e6b216,Tech,positive,positive,negative,positive,positive,
731c13d6e4d8a3a2,Tech,negative,neutral,neutral,neutral,neutral,
35a336e8c4c4d1d4,Tech,negative,negative,neutral,negative,negative,
7e259e1d4ee3576a,Tech,negative,neutral,negative,negative,negative,
0db847102fef0e90,Tech,neutral,neutral,neutral,neutral,neutral,
ddef200415b2b1ca,Tech,negative,negative,negative,negative,negative,
981ac27cea574543,Finance,neutral,neutral,neutral,neutral,neutral,gold_dev
cf82b2d78693ae39,Tech,positive,neutral,neutral,neutral,neutral,
d8aa9b9a23c1d3f1,Tech,neutral,neutral,neutral,neutral,neutral,
6eab9407c0552381,Tech,negative,neutral,neutral,neutral,neutral,
bd73340f66fe4456,Tech,neutral,neutral,neutral,neutral,neutral,
4ef14c31e449388b,Tech,neutral,neutral,neutral,neutral,neutral,
b212495589826daa,Tech,positive,positive,positive,positive,positive,
9b6d93e4c66783ad,Tech,positive,positive,positive,positive,positive,
267b0698f8af876f,Tech,positive,positive,positive,positive,positive,
a59abdf4cc81e1d2,Public,neutral,neutral,neutral,neutral,neutral,gold_dev
69e51916de0927bc,Tech,neutral,neutral,neutral,neutral,neutral,
8e4625ea3afb16a3,Tech,neutral,neutral,neutral,neutral,neutral,
2ae25b5ecdba1469,Finance,neutral,negative,neutral,neutral,neutral,gold_test
07600fd21e7682c5,Tech,negative,negative,negative,negative,negative,
ea51ad7b1a3cd95e,Tech,neutral,neutral,neutral,neutral,neutral,
ed8b935387fe3bac,Tech,neutral,neutral,neutral,neutral,neutral,
034134f8e3fd51fe,Tech,neutral,neutral,positive,neutral,neutral,
c8ab39e689822a55,Tech,neutral,neutral,neutral,neutral,neutral,
f21c820cc533e147,Tech,neutral,neutral,neutral,neutral,neutral,
328ebabdaf0597ea,Tech,negative,negative,negative,negative,negative,
c3005e7fc9a6c3e8,Tech,positive,positive,positive,positive,positive,
0899f71a80fe1d74,Tech,negative,negative,negative,negative,negative,
dbdf1c9ae33853fc,Finance,neutral,neutral,neutral,neutral,neutral,gold_test
04795153860ba098,Tech,negative,negative,negative,negative,negative,
6f4c80ebb55177eb,Tech,neutral,neutral,neutral,neutral,neutral,
45a583494e348ab7,Tech,positive,positive,positive,positive,positive,
73d375a8822cbc9d,Tech,positive,positive,positive,positive,positive,
128ddcc03103379f,Tech,neutral,neutral,neutral,neutral,neutral,gold_train
40444479972ec55a,Tech,neutral,neutral,negative,neutral,neutral,
baffae1f5bc98455,Tech,neutral,neutral,neutral,neutral,neutral,
5c0cf2fbb2fb8ac3,Tech,negative,neutral,neutral,neutral,neutral,
63cc3068b2d8ecbb,Tech,negative,negative,negative,negative,negative,
7e1f77204646cec2,Retail,neutral,neutral,positive,neutral,neutral,gold_dev
ec73cab5fc4b5078,Finance,positive,positive,positive,positive,positive,gold_dev
92db215b05a07d18,Tech,neutral,neutral,neutral,neutral,neutral,
cd54de462a659cb7,Tech,neutral,neutral,neutral,neutral,neutral,
269c758406effd18,Public,neutral,neutral,neutral,neutral,neutral,gold_train
e11f4f0d8df54ccd,Tech,neutral,neutral,neutral,neutral,neutral,
486b1ebd6c77ba99,Tech,negative,neutral,neutral,neutral,neutral,
0d2b511c604ef4e8,Finance,neutral,neutral,neutral,neutral,neutral,gold_test
decc7387732464bf,Tech,positive,positive,positive,positive,positive,
7f18e754f6c356e0,Tech,negative,negative,positive,negative,negative,
3f133d008a71abd3,Tech,negative,negative,negative,negative,negative,
7aa47e90fa9c655b,Tech,negative,negative,negative,negative,negative,
8ccb0d08e0dd829c,Tech,neutral,neutral,neutral,neutral,neutral,
190f43a6a8c7799b,Tech,positive,negative,positive,positive,positive,
926a3389162dc210,Tech,negative,negative,negative,negative,negative,
bf5313e571566cab,Tech,neutral,neutral,positive,neutral,neutral,
6f152e532f478b48,Tech,positive,positive,negative,positive,positive,
e427c453133678dc,Tech,neutral,neutral,neutral,neutral,neutral,
c82d73000ea8fbf4,Tech,neutral,neutral,neutral,neutral,neutral,
6acf4f3312a52548,Tech,neutral,neutral,neutral,neutral,neutral,gold_dev
09465408ff8b61fb,Tech,positive,positive,positive,positive,positive,
aa762fab4030be70,Tech,negative,negative,negative,negative,negative,
73747d675244fd92,Tech,positive,positive,positive,positive,positive,
ee40f1657b83e389,Tech,neutral,neutral,neutral,neutral,neutral,
bf48f39e163567ab,Tech,neutral,neutral,neutral,neutral,neutral,
847743cfcb0af497,Public,neutral,neutral,neutral,neutral,neutral,gold_train
b6c6c76d74f13b17,Tech,neutral,neutral,neutral,neutral,neutral,
8042296486526555,Retail,positive,positive,positive,positive,positive,gold_test
17f28262f8e4d9d8,Retail,positive,positive,positive,positive,positive,gold_test
2304b4c1dfce166f,Tech,positive,positive,positive,positive,positive,
18505b561e85bc61,Public,positive,positive,positive,positive,positive,gold_train
3dbde106d957e890,Public,positive,positive,positive,positive,positive,gold_train
7780bad161ff60aa,Finance,neutral,neutral,neutral,neutral,neutral,gold_dev
c8f51c8704c85834,Finance,neutral,neutral,neutral,neutral,neutral,gold_dev
d8f8f54e59cb30e5,Tech,negative,negative,negative,negative,negative,
53b2f9a3ed4a2299,Tech,positive,neutral,neutral,neutral,neutral,
fecc96cbc821f255,Tech,neutral,neutral,neutral,neutral,neutral,
78088a883539ab5f,Tech,negative,negative,negative,negative,negative,
759329af21d43650,Tech,negative,negative,negative,negative,negative,
681134a1a007bd85,Tech,neutral,neutral,neutral,neutral,neutral,
07f88a7fa38b8aa3,Tech,neutral,negative,negative,negative,negative,
47847cec0909fa88,Tech,neutral,neutral,neutral,neutral,neutral,
2b23a97f8d88ef4d,Tech,neutral,neutral,neutral,neutral,neutral,
5f63859921fa44d6,Retail,neutral,neutral,neutral,neutral,neutral,gold_dev
d76714353fdebe8a,Public,neutral,neutral,neutral,neutral,neutral,gold_train
5bd9927db80ec881,Public,positive,positive,positive,positive,positive,gold_train
d821faba170de03c,Public,neutral,neutral,neutral,neutral,neutral,gold_train
32af257f23e298ed,Public,neutral,neutral,neutral,neutral,neutral,gold_train
478ecb1145ab1fac,Tech,neutral,neutral,neutral,neutral,neutral,
cc4e8ec8534ffb8b,Tech,neutral,neutral,neutral,neutral,neutral,
adc7f745c0cdab5b,Tech,positive,neutral,neutral,neutral,neutral,
8a7be8309b41681f,Tech,positive,positive,positive,positive,positive,
aa9f3a80b4dfd405,Tech,neutral,neutral,neutral,neutral,neutral,
c17e578ecc665193,Finance,neutral,neutral,neutral,neutral,neutral,gold_dev
c623eb7ffcd67d1a,Finance,neutral,neutral,neutral,neutral,neutral,gold_dev
38483622140353a3,Finance,neutral,neutral,neutral,neutral,neutral,gold_dev
592eb9d588c3c7a4,Tech,negative,negative,positive,negative,negative,
8a5e7a18bf6268de,Finance,neutral,neutral,neutral,neutral,neutral,gold_test
0a26c7e767cbb94d,Finance,negative,neutral,neutral,neutral,neutral,gold_train
ad872d5ed9628f13,Finance,neutral,neutral,neutral,neutral,neutral,gold_test
fec03811efca2d61,Tech,neutral,neutral,neutral,neutral,neutral,
43f085396577f298,Tech,neutral,neutral,neutral,neutral,neutral,
26d8853d6639d8d6,Tech,negative,positive,positive,positive,positive,
84652ecd40f28cfb,Tech,positive,positive,positive,positive,positive,
96a45a707ba31313,Finance,neutral,neutral,neutral,neutral,neutral,gold_test
d90090563181899e,Finance,neutral,neutral,neutral,neutral,neutral,gold_dev
47ccdd1f26fd8cef,Tech,negative,negative,negative,negative,negative,
87a49daa10274a9f,Finance,neutral,positive,neutral,neutral,neutral,gold_test
4cb55fbcc59da752,Finance,neutral,neutral,negative,neutral,neutral,gold_test
53259838251d2e6f,Finance,neutral,neutral,neutral,neutral,neutral,gold_test
cd9e08798465ff49,Public,neutral,neutral,neutral,neutral,neutral,gold_dev
4034bee2866b1eb6,Tech,neutral,negative,negative,negative,negative,
2c8a03dcbc03cd1d,Finance,neutral,neutral,neutral,neutral,neutral,gold_dev
b2b2e02168cea39e,Tech,neutral,neutral,neutral,neutral,neutral,
e232e7b35e971409,Tech,neutral,neutral,neutral,neutral,neutral,
41040c38038f6808,Tech,positive,positive,positive,positive,positive,
aa3a077996f49760,Finance,neutral,neutral,neutral,neutral,neutral,gold_test
e586f9ef7b898fa8,Tech,negative,neutral,neutral,neutral,neutral,gold_test
e6e8b1420134a3ec,Tech,neutral,positive,neutral,neutral,neutral,
d519a95edc06cda1,Finance,neutral,negative,neutral,neutral,neutral,gold_test
bbc34336530c93ee,Tech,positive,positive,positive,positive,positive,
b9654b665cd5ceb3,Tech,neutral,neutral,neutral,neutral,neutral,
bfbc0c4923255bc1,Tech,neutral,neutral,neutral,neutral,neutral,
215f870fa4fddb74,Tech,positive,positive,negative,positive,positive,
806f4700289f04e7,Finance,neutral,positive,neutral,neutral,neutral,gold_test
4726af3049010404,Tech,negative,negative,negative,negative,negative,
7d31f7d6fe284d24,Retail,neutral,neutral,neutral,neutral,neutral,gold_test
b97a732d2f8574f1,Tech,neutral,neutral,positive,neutral,neutral,
95de8f14fe43ae2d,Finance,neutral,neutral,neutral,neutral,neutral,gold_train
1c9991401557bde8,Finance,neutral,neutral,neutral,neutral,neutral,gold_test
b643d7410ebee228,Finance,negative,neutral,neutral,neutral,neutral,gold_test
7772c59615eb325f,Tech,neutral,neutral,neutral,neutral,neutral,
5497e6b0ca44d23c,Tech,neutral,neutral,negative,neutral,neutral,
75e9e9c8de6dff5a,Finance,neutral,positive,neutral,neutral,neutral,gold_test
84ac1e261a56df6b,Tech,positive,positive,positive,positive,positive,
8ef327c5b209776e,Tech,neutral,neutral,neutral,neutral,neutral,
7a9a4517f6f3cdd4,Tech,neutral,neutral,neutral,neutral,neutral,
6a95287a27abe91a,Tech,positive,positive,negative,positive,positive,
ffef2bda8cd2ffab,Tech,positive,positive,positive,positive,positive,
9ffaf7876536cc9c,Finance,neutral,neutral,neutral,neutral,neutral,gold_train
1457d827fea08f5f,Tech,positive,negative,negative,negative,negative,
57a1a03d979cd623,Tech,neutral,neutral,negative,neutral,neutral,
58ddba933082f51d,Tech,negative,negative,neutral,neutral,neutral,
b27c296a518eb60a,Tech,neutral,neutral,neutral,neutral,neutral,
51d456a1b761f2d0,Tech,neutral,neutral,neutral,neutral,neutral,
45f2bd5ec1779398,Tech,negative,negative,negative,negative,negative,
34468703d43b1da8,Tech,negative,negative,negative,negative,negative,
8985e23ba698f916,Finance,neutral,positive,neutral,neutral,neutral,gold_test
5f70bc59aa268546,Finance,neutral,neutral,neutral,neutral,neutral,gold_train
ee30a1cfbf2d30ed,Finance,neutral,neutral,neutral,neutral,neutral,gold_test
b4de4b9ae7fbfd6e,Finance,neutral,neutral,neutral,neutral,neutral,gold_test
06ad3dc03b7d20ed,Finance,neutral,neutral,neutral,neutral,neutral,gold_test
c950e01b52fc9fd1,Finance,neutral,neutral,neutral,neutral,neutral,gold_test
227e07a450ae1908,Finance,negative,neutral,neutral,neutral,neutral,gold_test
b5da864f23a83655,Finance,neutral,neutral,neutral,neutral,neutral,gold_dev
36d3951ac9d72f44,Tech,negative,negative,negative,negative,negative,
f10e30212f09d963,Tech,negative,negative,negative,negative,negative,
9f6ca84d60d54332,Public,neutral,neutral,neutral,neutral,neutral,gold_train
b353192b28997f1a,Tech,neutral,positive,neutral,neutral,neutral,
d9885d5665116451,Tech,negative,negative,negative,negative,negative,
78901ec50ce649a0,Tech,neutral,neutral,neutral,neutral,neutral,
775bade8bd76ce34,Tech,neutral,neutral,neutral,neutral,neutral,gold_test
27ca1ec4fa5f5611,Tech,positive,negative,positive,neutral,neutral,
e8f8994e20f7a072,Tech,neutral,neutral,positive,neutral,neutral,
cbef19e26c09c059,Finance,neutral,neutral,neutral,neutral,neutral,gold_test
320428f9b0855839,Retail,neutral,neutral,neutral,neutral,neutral,gold_dev
1f1db1955f413686,Tech,neutral,negative,neutral,neutral,neutral,
1f68c0204c841b88,Tech,neutral,neutral,neutral,neutral,neutral,
c1cdeeabfec89852,Tech,neutral,neutral,neutral,neutral,neutral,
4459b7196ab0e74c,Tech,neutral,neutral,neutral,neutral,neutral,gold_train
8f9d24fabf80b924,Tech,neutral,neutral,neutral,neutral,neutral,
0c6743eb3869e202,Tech,positive,positive,positive,positive,positive,
ea1942e139fcb7cc,Public,neutral,neutral,neutral,neutral,neutral,gold_train
d66ae2ad897d0996,Tech,negative,negative,negative,negative,negative,
ea6ee67d5b2c1100,Tech,neutral,negative,neutral,neutral,neutral,
03804534f8edd373,Social,negative,negative,negative,negative,negative,gold_test
0b785f14f6cec542,Tech,negative,negative,negative,negative,negative,
19d425b3d01503b9,Tech,positive,positive,neutral,positive,positive,
84c6bdea1612c61f,Tech,neutral,neutral,neutral,neutral,neutral,
63e7c5a9250b489c,Tech,neutral,neutral,neutral,neutral,neutral,
97d5a2a745fe53fb,Tech,neutral,positive,neutral,neutral,neutral,
1d082b03e17a9cbc,Finance,neutral,neutral,neutral,neutral,neutral,gold_train
22e4535b58270a33,Tech,positive,positive,positive,positive,positive,
c66d97ffbb31806a,Tech,positive,positive,positive,positive,positive,
0d4530adf2370f41,Tech,negative,negative,negative,negative,negative,
e83529fb3750fa5d,Tech,neutral,neutral,neutral,neutral,neutral,
5651a011dea296be,Tech,neutral,neutral,neutral,neutral,neutral,
8b778a54e69b0265,Tech,negative,neutral,neutral,neutral,neutral,
3dfd7816ec362af0,Tech,neutral,neutral,neutral,neutral,neutral,
88327348c4dcf0f8,Tech,neutral,neutral,neutral,neutral,neutral,
5a26cbd9b4cbbcf8,Tech,neutral,neutral,neutral,neutral,neutral,
aa495ada658ad628,Tech,negative,negative,negative,negative,negative,
8adbaf87cdd82dfc,Tech,positive,positive,neutral,positive,positive,
fdee822188146af9,Tech,positive,positive,positive,positive,positive,
b2e09f914aac4cd5,Tech,positive,positive,positive,positive,positive,
59390d0a6653add5,Tech,neutral,neutral,neutral,neutral,neutral,gold_dev
11ddccebeaff3c51,Tech,neutral,neutral,neutral,neutral,neutral,
be930714b638380f,Tech,negative,negative,negative,negative,negative,
c77114efd1c4925d,Tech,positive,negative,negative,negative,negative,
993444b0e71c4ca2,Tech,negative,negative,negative,negative,negative,
f7d7e6aa6249fc87,Tech,neutral,positive,positive,positive,positive,
2180a440692867da,Tech,negative,negative,negative,negative,negative,gold_test
9458910913740caf,Retail,neutral,positive,neutral,neutral,neutral,gold_dev
f2c0942f574b2924,Tech,neutral,neutral,neutral,neutral,neutral,
0d1fe78b809db6ea,Tech,negative,neutral,negative,negative,negative,
9fa3d8828d5a4357,Retail,neutral,neutral,neutral,neutral,neutral,gold_dev
6640d4e4cbd98087,Tech,neutral,neutral,neutral,neutral,neutral,
9b07edd75ac0f632,Tech,neutral,neutral,neutral,neutral,neutral,
b0b6f3b0afd450c1,Tech,neutral,neutral,neutral,neutral,neutral,
f8efffaf4a1dbec0,Tech,negative,negative,negative,negative,negative,gold_train
00335454acf159ae,Retail,neutral,neutral,neutral,neutral,neutral,gold_dev
d1a6bded827a942d,Tech,negative,negative,positive,negative,negative,
37d567b242b291b0,Tech,neutral,positive,neutral,neutral,neutral,
fc0a35eb225c4c47,Tech,neutral,neutral,neutral,neutral,neutral,
1eaf25dcfe11914b,Tech,negative,negative,negative,negative,negative,
a4c9742606ff1792,Tech,negative,neutral,negative,negative,negative,
e9cccacb96641232,Tech,negative,negative,negative,negative,negative,
aef42c561cb2ae0e,Tech,positive,neutral,neutral,neutral,neutral,
f3544f2ea472bc17,Tech,positive,neutral,positive,positive,positive,
d5a82058dd1a664a,Tech,negative,negative,positive,negative,negative,
3308acaaf2535e3c,Finance,neutral,neutral,neutral,neutral,neutral,gold_test
74087c4c557ff027,Finance,positive,positive,positive,positive,positive,gold_test
8f871b6ac9cdd8cc,Tech,negative,negative,negative,negative,negative,
8e89a1c345f71cd5,Tech,positive,positive,positive,positive,positive,
f18c79c3a89bf862,Tech,neutral,neutral,neutral,neutral,neutral,
802317f698258233,Tech,neutral,neutral,neutral,neutral,neutral,
f95ce0f623ef4e9e,Tech,neutral,neutral,neutral,neutral,neutral,
10b64395c5984732,Tech,positive,positive,neutral,neutral,neutral,gold_dev
d8ad44cefa9f40f4,Tech,neutral,neutral,neutral,neutral,neutral,
16095ff65dca6d08,Tech,neutral,neutral,neutral,neutral,neutral,
6ca56cfa3aae66a6,Tech,negative,negative,negative,negative,negative,
ad85d7e652b584f2,Tech,negative,negative,negative,negative,negative,
1bfaa116bbedf784,Tech,negative,negative,negative,negative,negative,
900b3862074e6837,Tech,neutral,neutral,neutral,neutral,neutral,
f51963dd6cc2ea60,Tech,negative,negative,negative,negative,negative,
e39915c2a88ac1cc,Tech,neutral,neutral,neutral,neutral,neutral,
05c5c86e45e34747,Tech,negative,negative,negative,negative,negative,
bea0fee387a6a79d,Tech,negative,negative,negative,negative,negative,
eec3d207dc67df72,Tech,positive,positive,positive,positive,positive,
6bb8875bb5e44295,Tech,positive,positive,positive,positive,positive,
79a2255a9247f846,Tech,neutral,neutral,neutral,neutral,neutral,
8af1243820e15554,Tech,neutral,neutral,neutral,neutral,neutral,
f855f01062cdfe5b,Finance,neutral,neutral,neutral,neutral,neutral,gold_train
34cf0310a4ca7fd2,Tech,positive,positive,positive,positive,positive,
96ee923952e332e3,Tech,positive,neutral,positive,positive,positive,
fe102bafbb32ced9,Finance,neutral,neutral,neutral,neutral,neutral,gold_dev
76f1ea42ecd5850a,Tech,positive,positive,positive,positive,positive,
b56fac0541a11f2c,Tech,neutral,positive,positive,positive,positive,
80548ae6ee287311,Retail,neutral,neutral,positive,neutral,neutral,gold_test
912df594fe4bdaa1,Tech,positive,positive,positive,positive,positive,
b3b1286c87ebc7de,Tech,neutral,neutral,neutral,neutral,neutral,
403954eaadb11f1f,Tech,positive,positive,positive,positive,positive,
9e5fcef30b5903be,Tech,positive,positive,positive,positive,positive,
70d8781e5e3a40ba,Finance,neutral,neutral,neutral,neutral,neutral,gold_test
f9cf8288ee5ceae0,Finance,neutral,neutral,neutral,neutral,neutral,gold_dev
cec06cdd951d39e1,Tech,positive,positive,positive,positive,positive,
bc19b5137f5fec04,Finance,neutral,neutral,neutral,neutral,neutral,gold_dev
a74261ae5dce9d08,Tech,positive,positive,positive,positive,positive,
2ec38c3b80eb2830,Tech,positive,positive,positive,positive,positive,
9fdc173326e51eeb,Tech,positive,positive,negative,positive,positive,
8a7ec61a8641ab9d,Tech,positive,positive,positive,positive,positive,
926050a09f02ad9d,Retail,neutral,neutral,neutral,neutral,neutral,gold_dev
9a53dccf94d463df,Tech,positive,positive,positive,positive,positive,
3080457014e6da1c,Finance,neutral,negative,neutral,neutral,neutral,gold_dev
3f1aabc15c188b1a,Tech,positive,positive,positive,positive,positive,
be3cd12e3afd7ec0,Tech,positive,positive,positive,positive,positive,
03a1fb9d955bcdfd,Tech,positive,positive,positive,positive,positive,
5965e276022dfaee,Tech,neutral,neutral,neutral,neutral,neutral,
1f9cf0df8be90793,Tech,positive,negative,negative,negative,negative,
d761243914a5d258,Tech,negative,negative,negative,negative,negative,
97c9c80ac52d8e4e,Tech,neutral,neutral,neutral,neutral,neutral,
f96b6d03ce76e7e3,Tech,negative,negative,negative,negative,negative,
96baea38036ca459,Tech,negative,negative,negative,negative,negative,
1e13a9b8339942a9,Tech,neutral,negative,neutral,neutral,neutral,
12108b51c07e5f3d,Tech,neutral,neutral,neutral,neutral,neutral,
82246f8bbadc5894,Public,positive,positive,positive,positive,positive,gold_train
1fe1600e0f917027,Retail,positive,neutral,neutral,neutral,neutral,gold_test
30305a17a43c6ee1,Tech,negative,neutral,neutral,neutral,neutral,
d080f4ad2c24975f,Retail,neutral,neutral,neutral,neutral,neutral,gold_dev
fa01f85c1e644d0e,Finance,neutral,neutral,neutral,neutral,neutral,gold_test
8dc2488b778ae015,Tech,negative,negative,negative,negative,negative,
73ef197e555240fb,Tech,neutral,neutral,neutral,neutral,neutral,
7b2725fe17334052,Retail,positive,positive,positive,positive,positive,gold_test
1a7be6864b24c621,Tech,positive,positive,positive,positive,positive,
632a8ba61740cd21,Tech,negative,negative,negative,negative,negative,
2a5300f1cbed6076,Tech,neutral,neutral,neutral,neutral,neutral,
29e181eca2823fef,Tech,positive,negative,negative,positive,positive,
c5e3e5624c262d10,Tech,neutral,neutral,neutral,neutral,neutral,
0bc65eda1e01655d,Tech,neutral,neutral,neutral,neutral,neutral,
bf75272f96314d1c,Tech,neutral,neutral,neutral,neutral,neutral,
c3badc41d0367d41,Finance,neutral,neutral,positive,neutral,neutral,gold_dev
2a088b9b5ead8959,Retail,neutral,neutral,neutral,neutral,neutral,gold_dev
440081f42edfea81,Tech,negative,negative,negative,negative,negative,
1c9d99a116094145,Finance,negative,neutral,neutral,neutral,neutral,gold_train
0dce99dc53567351,Tech,neutral,neutral,neutral,neutral,neutral,
a771275657d572ab,Tech,negative,positive,negative,negative,negative,
cab2c4e72220ade7,Finance,neutral,neutral,neutral,neutral,neutral,gold_dev
9bed7ba9ed107ef1,Public,neutral,negative,neutral,neutral,neutral,gold_dev
ef134a6833c0f348,Tech,neutral,neutral,neutral,neutral,neutral,
7b1e0afceb63d414,Tech,positive,positive,positive,positive,positive,
2eccf8905d3ff264,Tech,neutral,neutral,neutral,neutral,neutral,
de1ad6299f447cbb,Tech,positive,positive,positive,positive,positive,
a631f3a66b0416de,Tech,neutral,neutral,neutral,neutral,neutral,
0ed946c0a3c9c2d8,Tech,positive,positive,positive,positive,positive,
8b3bf367d02e6d62,Tech,positive,positive,positive,positive,positive,
450669421a4f311f,Tech,neutral,neutral,neutral,neutral,neutral,
f8c2af154501d60f,Tech,neutral,neutral,neutral,neutral,neutral,
efa11c01963fb867,Tech,neutral,neutral,neutral,neutral,neutral,
9a6f639d51e5ad03,Tech,neutral,neutral,neutral,neutral,neutral,
6feb44ef4e5481d3,Tech,negative,negative,negative,negative,negative,
ca33ba9b563ad6d8,Tech,neutral,neutral,neutral,neutral,neutral,
d9f2a283b6577add,Public,negative,negative,negative,negative,negative,gold_dev
05fb86b5ffcb2544,Tech,neutral,neutral,neutral,neutral,neutral,gold_train
f66095c6218238f5,Tech,positive,positive,positive,positive,positive,
8963e0f47ec0ef45,Retail,neutral,neutral,neutral,neutral,neutral,gold_dev
f43b11076c5ca3b2,Tech,negative,negative,negative,negative,negative,
5733135e9ee900c4,Finance,neutral,neutral,neutral,neutral,neutral,gold_dev
9a2b7f18fafaadc3,Tech,neutral,neutral,neutral,neutral,neutral,
690a1944945eb155,Tech,negative,negative,negative,negative,negative,
364085e201047daa,Tech,negative,negative,neutral,negative,negative,
36bd443c36e19f1a,Tech,neutral,neutral,neutral,neutral,neutral,
d380a7f9792f30c0,Tech,negative,negative,negative,negative,negative,
66201e54bb320c90,Retail,neutral,neutral,neutral,neutral,neutral,gold_dev
9f6dc0b7b07e99e0,Tech,neutral,neutral,positive,positive,positive,
7d802135303f64be,Tech,negative,negative,negative,negative,negative,
5e13c250558bb234,Finance,neutral,negative,neutral,neutral,neutral,gold_train
3166b82fb754ebbc,Tech,positive,positive,positive,positive,positive,
751ef10d1c1c22cc,Finance,neutral,negative,neutral,neutral,neutral,gold_dev
bbb435a8ec0cdbca,Tech,neutral,negative,neutral,neutral,neutral,
73963657ac604916,Tech,negative,negative,negative,negative,negative,
e78003df0520b5bd,Tech,neutral,neutral,neutral,neutral,neutral,
853128d509329709,Tech,neutral,neutral,neutral,neutral,neutral,
dfa2cba2bc742846,Tech,neutral,neutral,neutral,neutral,neutral,
d68d1052c959d742,Tech,neutral,neutral,neutral,neutral,neutral,
33fa935fb8c3e89e,Tech,neutral,neutral,neutral,neutral,neutral,
949ca5f5dadf6f7e,Tech,neutral,neutral,neutral,neutral,neutral,gold_train
45623cc3b410bb67,Tech,neutral,neutral,neutral,neutral,neutral,
1a11cb337a501da7,Finance,neutral,neutral,neutral,neutral,neutral,gold_train
990f0fdcad11c2d6,Finance,neutral,neutral,neutral,neutral,neutral,gold_train
25bc04bf6084c717,Social,negative,negative,negative,negative,negative,gold_test
eec303d896ebe9ff,Tech,neutral,neutral,neutral,neutral,neutral,
5e94aefe243cb4df,Tech,neutral,neutral,neutral,neutral,neutral,
e506b934c7a9205a,Tech,positive,positive,positive,positive,positive,
4054a8ea5ff115f6,Tech,positive,positive,positive,positive,positive,
84de1a963bfed75b,Tech,positive,neutral,positive,positive,positive,
3df97c8952bb876a,Tech,positive,positive,positive,positive,positive,
059062a976b39207,Tech,neutral,neutral,neutral,neutral,neutral,
bb25e01c182a9c45,Tech,negative,negative,negative,negative,negative,
d43bfd707a84307a,Tech,neutral,neutral,neutral,neutral,neutral,
d26d14936f6fcb9b,Tech,negative,negative,negative,negative,negative,
48fd8a65b98d0f2e,Tech,neutral,neutral,neutral,neutral,neutral,
6175520517f3f888,Finance,neutral,neutral,neutral,neutral,neutral,gold_dev
bb5898f7b84dd5bf,Tech,neutral,neutral,neutral,neutral,neutral,
fe4e3a3154c6b47a,Tech,neutral,neutral,neutral,neutral,neutral,
9b7a20c6d19f7a65,Tech,neutral,neutral,neutral,neutral,neutral,
d44d205d308f3a49,Tech,neutral,neutral,positive,neutral,neutral,
c0499cede62b9452,Tech,neutral,neutral,neutral,neutral,neutral,
cb3f0cb9d6bd059f,Tech,positive,negative,negative,negative,negative,
f11cfdb7c67ea52d,Tech,negative,negative,negative,negative,negative,
abaeec82f4edf08d,Tech,neutral,neutral,neutral,neutral,neutral,
cc9a4d4eea6103db,Tech,neutral,neutral,neutral,neutral,neutral,
c1baec0e9942ed5a,Tech,negative,negative,negative,negative,negative,
a7966d6f4409326f,Tech,neutral,neutral,neutral,neutral,neutral,gold_dev
16b51e1cc0a5ee0a,Tech,positive,negative,negative,negative,negative,
6d4d510a52609fe9,Finance,neutral,neutral,neutral,neutral,neutral,gold_train
b578444e9727b8e4,Tech,negative,negative,negative,negative,negative,
55f786e0dd9d81a5,Finance,negative,neutral,neutral,neutral,neutral,gold_train
5bd9f5af25a67a13,Retail,positive,positive,positive,positive,positive,gold_test
24035ce990252721,Tech,neutral,neutral,neutral,neutral,neutral,
1c259d4c67a6b200,Tech,neutral,neutral,neutral,neutral,neutral,
b45d1dc0284467c3,Tech,neutral,neutral,neutral,neutral,neutral,
e098cc00c057698c,Tech,neutral,neutral,neutral,neutral,neutral,
5d16577d69c8cafb,Tech,positive,positive,positive,positive,positive,
471d2b6fccbac623,Tech,positive,positive,positive,positive,positive,
3cd52a753058d17d,Tech,positive,neutral,neutral,neutral,neutral,
c5f6700e278f75ca,Finance,neutral,neutral,neutral,neutral,neutral,gold_train
d4720a0a1ddc00de,Tech,neutral,negative,neutral,neutral,neutral,
0ad407078043e480,Tech,neutral,neutral,neutral,neutral,neutral,gold_dev
6f4f5a85b022aec6,Tech,neutral,negative,neutral,neutral,neutral,
5c897088b5b62015,Retail,neutral,neutral,neutral,neutral,neutral,gold_test
5482d7526f32a821,Tech,positive,neutral,neutral,neutral,neutral,gold_dev
158ea4d6a0446721,Tech,neutral,neutral,neutral,neutral,neutral,
4c4b40208ce96de4,Tech,neutral,neutral,neutral,neutral,neutral,
cc3a24d775de505e,Tech,positive,positive,positive,positive,positive,
2456f94f1707a44d,Tech,positive,positive,positive,positive,positive,
f40f3df2bfa54741,Finance,neutral,neutral,neutral,neutral,neutral,gold_dev
b47a08682efb1f16,Tech,neutral,neutral,neutral,neutral,neutral,
7a21db11aecf5e79,Finance,neutral,neutral,neutral,neutral,neutral,gold_train
dcb0160263ea5c0e,Tech,negative,negative,negative,negative,negative,
45b1e46aaf6f4d13,Tech,neutral,neutral,neutral,neutral,neutral,
f251c16b0a725b23,Finance,neutral,neutral,neutral,neutral,neutral,gold_train
5a890c438181d53d,Tech,neutral,neutral,neutral,neutral,neutral,
842573ced8c7ccfd,Tech,neutral,neutral,neutral,neutral,neutral,
e77e95435d3ec8dc,Tech,neutral,neutral,neutral,neutral,neutral,
18e69d9fe80204b0,Tech,positive,positive,neutral,positive,positive,
f0a3c1f7984167bd,Tech,neutral,neutral,neutral,neutral,neutral,
c277129ce6d9dc66,Tech,negative,negative,negative,negative,negative,
0eb3c4eeb0a97d08,Tech,negative,negative,negative,negative,negative,
5ea13f82abea2241,Tech,positive,positive,positive,positive,positive,
79541879dc522750,Tech,positive,positive,positive,positive,positive,
afdf4c093224647a,Tech,neutral,neutral,neutral,neutral,neutral,
309115d6dc72d969,Tech,negative,negative,negative,negative,negative,
847192c262893b57,Tech,negative,positive,positive,positive,positive,
de9d32bdc463f39a,Tech,negative,negative,negative,negative,negative,
1dc26ba4189b491b,Tech,positive,positive,positive,positive,positive,
4d06e4bd529d15d6,Tech,positive,positive,positive,positive,positive,
fbd371ac27fab3a7,Tech,negative,negative,negative,negative,negative,
e220aae656e80fc2,Tech,negative,negative,negative,negative,negative,
29ca7a960b31678b,Tech,neutral,positive,neutral,neutral,neutral,
58439e5fb83a2f3d,Tech,neutral,neutral,neutral,neutral,neutral,gold_dev
8a478089b073a7e6,Tech,positive,positive,positive,positive,positive,
216e7191e17f33a6,Retail,neutral,neutral,neutral,neutral,neutral,gold_dev
7eee6a8acfa0a837,Tech,positive,positive,positive,positive,positive,
186862a4189c31b5,Tech,neutral,neutral,neutral,neutral,neutral,
b8a7ec20bf5a26be,Tech,positive,positive,positive,positive,positive,
06535205b59bd5df,Tech,negative,negative,negative,negative,negative,
b37b807df06b8566,Tech,neutral,negative,neutral,neutral,neutral,
9e89003ee2ac915e,Tech,neutral,neutral,neutral,neutral,neutral,gold_test
5ccfd1d5a2bf4ccb,Tech,neutral,neutral,neutral,neutral,neutral,
c1aa32917e4d7ad2,Tech,negative,negative,negative,negative,negative,
c18ac02e816fbe33,Tech,neutral,neutral,neutral,neutral,neutral,
2b5b104bdeaa382a,Tech,negative,negative,positive,negative,negative,
3072bb7a25344c76,Tech,positive,positive,positive,positive,positive,
6a339e81e8ce78d6,Tech,neutral,neutral,neutral,neutral,neutral,
3519ce0e978d87ec,Tech,positive,negative,positive,positive,positive,
0bfd3c75de22353d,Tech,neutral,neutral,neutral,neutral,neutral,
ac5e97a8c0f6d687,Tech,negative,negative,negative,negative,negative,
726105bffd4b6d76,Tech,negative,negative,positive,negative,negative,
6e5cba9f35f4b64a,Tech,negative,negative,negative,negative,negative,
1bb8567506c0a7ac,Tech,neutral,neutral,neutral,neutral,neutral,
6d80627c2e1b096b,Tech,neutral,neutral,neutral,neutral,neutral,
b8ab2d6baf3aa34b,Tech,neutral,neutral,positive,neutral,neutral,
296c620ec3172143,Tech,neutral,neutral,neutral,neutral,neutral,
695a02073467e084,Tech,negative,positive,negative,negative,negative,
2485957fe15dcc62,Tech,positive,neutral,positive,positive,positive,
f08d25b5f462be01,Tech,neutral,neutral,negative,neutral,neutral,
c41c281473c2bdca,Tech,neutral,neutral,neutral,neutral,neutral,
585845b6250e7f7f,Tech,negative,negative,negative,negative,negative,
043c70457add19ee,Tech,neutral,neutral,neutral,neutral,neutral,
d6545648de591882,Finance,neutral,neutral,neutral,neutral,neutral,gold_test
668489e41b67742a,Tech,positive,positive,positive,positive,positive,
90d40b89c7e8dde9,Finance,neutral,neutral,neutral,neutral,neutral,gold_test
8b534688416df6a2,Tech,positive,positive,positive,positive,positive,
b8c16a92411f5549,Tech,neutral,neutral,neutral,neutral,neutral,
038a96b3d3208d28,Tech,positive,positive,positive,positive,positive,
4527b9f42d4f3f7d,Tech,positive,positive,positive,positive,positive,
3c929eb0adc3ab94,Tech,positive,positive,positive,positive,positive,
20271ebd108ae12f,Tech,positive,positive,positive,positive,positive,
470b58a63ab06882,Tech,positive,positive,negative,positive,positive,
e94951650229c12b,Tech,positive,positive,positive,positive,positive,
29d6602a04ca9190,Tech,negative,neutral,neutral,neutral,neutral,
6d284b092828c733,Tech,positive,positive,positive,positive,positive,
c217cfc8fdf5fa49,Tech,negative,positive,positive,positive,positive,
01cf9da13f7df050,Tech,neutral,neutral,negative,neutral,neutral,
b861cb3d7f0388fd,Tech,positive,positive,positive,positive,positive,
dbec220dbeea1cd1,Tech,positive,positive,positive,positive,positive,
5205ef055d6d35a4,Tech,positive,positive,positive,positive,positive,
bb4e922759209769,Tech,positive,positive,positive,positive,positive,
525fc32cd527fad2,Tech,neutral,neutral,neutral,neutral,neutral,
5f14a2c8f6eb3cb7,Tech,positive,positive,positive,positive,positive,
90180cdd1d66945a,Tech,positive,positive,positive,positive,positive,
64ae3a07e1a7c524,Tech,positive,positive,positive,positive,positive,
179b182a417793dc,Tech,positive,positive,positive,positive,positive,
d949cca4166ee015,Tech,negative,positive,positive,positive,positive,
194a8db57c1af4a4,Tech,positive,positive,neutral,positive,positive,
5e9f2361a2fa74fe,Tech,negative,negative,negative,negative,negative,
18381b0a0f69166f,Tech,negative,negative,negative,negative,negative,
9517581e264fb538,Tech,neutral,neutral,neutral,neutral,neutral,
ad972a07b838c76c,Tech,positive,neutral,positive,positive,positive,
7b830c3b4c354ea4,Finance,neutral,neutral,neutral,neutral,neutral,gold_test
213d5778957c8323,Finance,neutral,neutral,neutral,neutral,neutral,gold_test
48a3c1809e915bcd,Tech,positive,positive,negative,positive,positive,
217c804f99456a11,Finance,neutral,neutral,neutral,neutral,neutral,gold_test
11a4004b36055eda,Tech,neutral,neutral,neutral,neutral,neutral,
f5efcc8ddc72eb73,Finance,negative,neutral,neutral,neutral,neutral,gold_dev
f44475933b78c188,Finance,neutral,neutral,neutral,neutral,neutral,gold_test
3ba7907470e7d390,Finance,neutral,neutral,neutral,neutral,neutral,gold_dev
3ffc77a738586f80,Finance,neutral,neutral,neutral,neutral,neutral,gold_test
d2ae54841e9ba797,Finance,neutral,neutral,neutral,neutral,neutral,gold_test
251aa71b74554869,Finance,neutral,neutral,neutral,neutral,neutral,gold_test
c4cd20cf98f868d8,Tech,positive,positive,positive,positive,positive,
48ab78c8074032ac,Tech,negative,negative,neutral,negative,negative,
0bff4942900a9c25,Tech,neutral,neutral,neutral,neutral,neutral,
bc57492d1d19017c,Tech,neutral,neutral,neutral,neutral,neutral,
05a30858a8fe5435,Finance,neutral,negative,neutral,neutral,neutral,gold_test
4baba107192c880c,Tech,positive,positive,neutral,positive,positive,
48783b8ac6a8361d,Finance,neutral,neutral,neutral,neutral,neutral,gold_test
8bb1524f8ca6dff2,Finance,neutral,neutral,neutral,neutral,neutral,gold_test
f04feebb0a2c71ef,Tech,neutral,negative,negative,negative,negative,
14dbda6d298ba48d,Tech,negative,negative,negative,negative,negative,
5407b4a3fc3e5170,Tech,neutral,neutral,neutral,neutral,neutral,
0cc442d8e063e168,Finance,neutral,neutral,neutral,neutral,neutral,gold_test
40fa718d85792381,Tech,positive,positive,positive,positive,positive,
f4b64bed14d13099,Finance,neutral,neutral,neutral,neutral,neutral,gold_test
b9934916fbbba914,Finance,neutral,positive,neutral,neutral,neutral,gold_test
c4b135c81e8fd69d,Tech,neutral,neutral,neutral,neutral,neutral,
d125ea2f131425ea,Tech,neutral,neutral,negative,neutral,neutral,
0beee8d25c13360c,Tech,positive,positive,neutral,positive,positive,
2b474644e73070fd,Finance,neutral,neutral,positive,neutral,neutral,gold_test
19b057627e1fb6b3,Finance,neutral,neutral,neutral,neutral,neutral,gold_test
b007eeff2d08c427,Tech,positive,positive,positive,positive,positive,
dbe7801a2fd197a1,Tech,positive,positive,positive,positive,positive,
6c038a723a0ead36,Tech,positive,positive,positive,positive,positive,
d7245aa498d5f524,Finance,neutral,neutral,neutral,neutral,neutral,gold_test
359d2c340e25ea7f,Finance,neutral,neutral,neutral,neutral,neutral,gold_test
7a220406350f78f9,Finance,neutral,neutral,neutral,neutral,neutral,gold_test
4d25d08a71c6860f,Tech,positive,positive,positive,positive,positive,
42bfef19171386ee,Public,neutral,neutral,neutral,neutral,neutral,gold_train
4d73b09310119f9c,Tech,positive,positive,positive,positive,positive,
a9908047a350cd52,Tech,neutral,neutral,neutral,neutral,neutral,
8ab649785477c00c,Tech,negative,negative,neutral,negative,negative,
74bbb4eaf2bd5748,Tech,neutral,neutral,neutral,neutral,neutral,gold_train
7eec73f6cdb22f24,Finance,neutral,neutral,neutral,neutral,neutral,gold_dev
688894d58336f38a,Tech,neutral,neutral,neutral,neutral,neutral,
4287e5d81e6f718e,Tech,neutral,neutral,neutral,neutral,neutral,
e59d437d2dc75ca5,Tech,neutral,neutral,neutral,neutral,neutral,
ab2ff9f4322880c0,Tech,neutral,neutral,positive,neutral,neutral,
db4f566fa065d5de,Finance,positive,positive,positive,positive,positive,gold_test
767fa8437ba5df4e,Tech,positive,neutral,neutral,neutral,neutral,
bfa3b211085f01c4,Tech,negative,negative,negative,negative,negative,
cf1db6566297004c,Finance,neutral,neutral,neutral,neutral,neutral,gold_test
2b8a5dbf100e5be2,Finance,neutral,neutral,neutral,neutral,neutral,gold_test
d7cc0325851c953d,Tech,positive,positive,negative,positive,positive,gold_test
5855960d131b8af8,Tech,negative,negative,negative,negative,negative,
78121322e01080ee,Finance,neutral,neutral,neutral,neutral,neutral,gold_train
30f17beec95380eb,Tech,positive,positive,positive,positive,positive,
53dc0b6039573cfe,Finance,neutral,neutral,neutral,neutral,neutral,gold_test
a908262f54f131a9,Finance,neutral,neutral,negative,neutral,neutral,gold_train
8de0472e8837bed3,Tech,negative,negative,negative,negative,negative,
9d13bf8d2fee0cff,Tech,positive,positive,positive,positive,positive,
1ea381a13abeae9d,Finance,neutral,neutral,neutral,neutral,neutral,gold_test
05cb076e51fd1865,Finance,positive,neutral,neutral,neutral,neutral,gold_test
d101799f17693274,Finance,neutral,neutral,neutral,neutral,neutral,gold_train
c1ab5c3c3c10af0b,Tech,neutral,positive,positive,positive,positive,
0eda659dd6eb9bdb,Tech,neutral,negative,neutral,neutral,neutral,gold_test
f4b5d60f2eb0e15a,Tech,neutral,neutral,neutral,neutral,neutral,
92c35ad110c798d5,Tech,positive,positive,positive,positive,positive,
11e5b3b37c285f65,Retail,neutral,neutral,neutral,neutral,neutral,gold_test
053ec09d5e35127b,Finance,neutral,neutral,neutral,neutral,neutral,gold_test
e98c26546373a24c,Tech,neutral,neutral,neutral,neutral,neutral,
fec1c6bba66905dc,Tech,neutral,positive,neutral,neutral,neutral,gold_train
d3c46011f407d9ef,Social,neutral,neutral,neutral,neutral,neutral,gold_dev
3cbde03675ac7205,Finance,neutral,neutral,neutral,neutral,neutral,gold_train
2697b853d51e2cdc,Tech,neutral,neutral,neutral,neutral,neutral,
8ea0e47046826a2d,Tech,neutral,neutral,neutral,neutral,neutral,gold_train
4650093fc3548993,Tech,negative,negative,negative,negative,negative,
d0a1c45c4d411e68,Finance,neutral,neutral,neutral,neutral,neutral,gold_test
f58441eb29608657,Finance,neutral,neutral,neutral,neutral,neutral,gold_test
7e860c4454ef0a0a,Tech,negative,negative,negative,negative,negative,
30b1b03707ec5a20,Tech,positive,positive,positive,positive,positive,
e2df892e524bcf4e,Finance,neutral,neutral,neutral,neutral,neutral,gold_test
90922b7f4d531266,Tech,positive,positive,positive,positive,positive,
a2ac214aac4aee07,Public,positive,positive,positive,positive,positive,gold_train
ccd6cb7a71987f20,Tech,positive,positive,positive,positive,positive,
d4bd66f91b21016d,Finance,neutral,neutral,neutral,neutral,neutral,gold_train
b029b9e121eed144,Tech,negative,negative,negative,negative,negative,
62c928091e664c64,Tech,neutral,neutral,neutral,neutral,neutral,
32077aae29f6a201,Finance,neutral,neutral,neutral,neutral,neutral,gold_test
fc488d5846dd70eb,Tech,neutral,neutral,neutral,neutral,neutral,
af40fcc816798771,Tech,negative,negative,negative,negative,negative,
eb844609cf35318c,Tech,neutral,neutral,neutral,neutral,neutral,
137183d9e7c0a439,Retail,neutral,neutral,neutral,neutral,neutral,gold_dev
227c2f486ef95be0,Tech,neutral,neutral,neutral,neutral,neutral,
6c9bd0de5a63031c,Tech,positive,positive,positive,positive,positive,
46c9ebd3993f0e42,Tech,positive,positive,positive,positive,positive,
ec22dea067afb589,Tech,positive,positive,neutral,positive,positive,
35eebd8bbad18721,Tech,neutral,neutral,positive,neutral,neutral,gold_test
223418b72b369319,Tech,neutral,neutral,neutral,neutral,neutral,
e9d1280503b3707d,Tech,neutral,neutral,neutral,neutral,neutral,
026511f4f58eeb76,Tech,positive,positive,positive,positive,positive,
7db9504957a6030b,Public,neutral,neutral,neutral,neutral,neutral,gold_dev
b0e1636187ae764d,Public,neutral,neutral,neutral,neutral,neutral,gold_train
273deee7b6fcae3d,Public,positive,positive,positive,positive,positive,gold_test
7311f2295744e60e,Public,negative,neutral,neutral,neutral,neutral,gold_train
502154935e101e1c,Tech,neutral,neutral,neutral,neutral,neutral,
8ccb2b0e05daac55,Tech,neutral,neutral,neutral,neutral,neutral,
179ec2f466a96077,Tech,neutral,neutral,neutral,neutral,neutral,
bf8740955ea24b01,Tech,negative,negative,negative,negative,negative,
4c43ef892bccf5da,Tech,negative,negative,negative,negative,negative,
511bc6fe3b041f0e,Tech,negative,positive,negative,negative,negative,
f8b4be909359b5a1,Tech,neutral,neutral,neutral,neutral,neutral,
753ab7e8ffe99051,Tech,negative,negative,negative,negative,negative,
d640cfd7c549982b,Tech,negative,negative,negative,negative,negative,
6e6f8ad8976a8395,Tech,neutral,neutral,positive,neutral,neutral,gold_test
9e3c68ba4b8315ef,Tech,negative,negative,negative,negative,negative,
731b3a7bff4bc51e,Tech,negative,negative,negative,negative,negative,
632998505779fa7c,Tech,neutral,neutral,neutral,neutral,neutral,gold_dev
0201f5c826ab6863,Tech,negative,negative,negative,negative,negative,
de4757b612c4b7f2,Tech,negative,negative,negative,negative,negative,
4b744bfa6ed5048e,Tech,neutral,neutral,neutral,neutral,neutral,
6e9fcfab1c6f1479,Tech,neutral,neutral,neutral,neutral,neutral,
886b616d59f0823e,Tech,neutral,neutral,neutral,neutral,neutral,
b5263e6f3322bcc1,Tech,negative,negative,negative,negative,negative,
a07ff55bb9bb5a2e,Tech,negative,negative,negative,negative,negative,
9ff304306ee6cebd,Tech,neutral,negative,neutral,neutral,neutral,
a742f3d76ec45526,Tech,neutral,neutral,neutral,neutral,neutral,
67092286a851e4f0,Tech,positive,positive,positive,positive,positive,
4aa5d76e81005912,Tech,neutral,neutral,neutral,neutral,neutral,
7928c12ea13352cf,Tech,negative,negative,neutral,negative,negative,
b21587886547acd6,Finance,neutral,neutral,neutral,neutral,neutral,gold_test
a329300134ffd74d,Tech,neutral,neutral,neutral,neutral,neutral,
4d9f5f9ef1053e25,Finance,neutral,neutral,neutral,neutral,neutral,gold_dev
b98c4cb9bd37efdf,Tech,negative,negative,negative,negative,negative,
d735f823da0b6ca7,Tech,neutral,neutral,neutral,neutral,neutral,
d2c978c225884db3,Tech,positive,positive,positive,positive,positive,
2877efabd01405f2,Tech,positive,positive,positive,positive,positive,
d1f514dfd3920787,Tech,negative,positive,negative,neutral,neutral,
8ad91b3ae3d6331e,Tech,neutral,neutral,neutral,neutral,neutral,
412de60969fc7f72,Tech,neutral,neutral,neutral,neutral,neutral,
4e7244b78b894100,Tech,positive,positive,positive,positive,positive,
7188a5685a27a68b,Tech,positive,positive,positive,positive,positive,
040b6c21e51d2ca2,Tech,positive,positive,positive,positive,positive,
6fcd278252d23770,Tech,positive,positive,positive,positive,positive,
78b922c79b60ad0e,Finance,neutral,neutral,positive,neutral,neutral,gold_dev
99bf8486acf391f9,Tech,neutral,neutral,neutral,neutral,neutral,
1a650144060780ef,Finance,neutral,neutral,neutral,neutral,neutral,gold_test
33c01a380e2a8c69,Finance,neutral,neutral,neutral,neutral,neutral,gold_test
28b5933eccfd1163,Finance,neutral,negative,neutral,neutral,neutral,gold_test
08485876cdb601a0,Finance,neutral,neutral,neutral,neutral,neutral,gold_test
33d669fb6dbf1bce,Finance,neutral,neutral,neutral,neutral,neutral,gold_test
06ce81793152ee47,Finance,negative,negative,negative,negative,negative,gold_test
91895ed53e9e9217,Tech,neutral,negative,neutral,neutral,neutral,
c31902f90a5bf496,Tech,neutral,neutral,neutral,neutral,neutral,
d18b15061af4197f,Tech,positive,positive,positive,positive,positive,
4740fe9f4b374bed,Tech,negative,negative,negative,negative,negative,
dc6c2678874ecaba,Finance,neutral,neutral,neutral,neutral,neutral,gold_test
80307aa1ad14da62,Finance,neutral,neutral,neutral,neutral,neutral,gold_train
64b9b57da864f1a7,Tech,neutral,neutral,neutral,neutral,neutral,
7437b65311df45bf,Tech,positive,positive,positive,positive,positive,
8b10a1e6ca21335e,Tech,negative,neutral,neutral,neutral,neutral,
d5868ca0e5d10e9a,Finance,neutral,neutral,neutral,neutral,neutral,gold_test
809956ea15e4a182,Finance,neutral,neutral,neutral,neutral,neutral,gold_dev
47f4be4f34de10d3,Tech,negative,neutral,neutral,neutral,neutral,
3357d788b68bc99c,Tech,neutral,positive,neutral,neutral,neutral,
588f234e1560ef6c,Tech,negative,negative,negative,negative,negative,
633dbf0d7b070b95,Retail,neutral,neutral,neutral,neutral,neutral,gold_dev
fe7423e0d8e82ea8,Tech,neutral,neutral,neutral,neutral,neutral,
3abbb70b922e2a72,Tech,neutral,neutral,neutral,neutral,neutral,
24a5e1d5a37f0230,Tech,negative,neutral,neutral,neutral,neutral,
a09817f1e29d0639,Tech,neutral,neutral,neutral,neutral,neutral,
f041529ac9001371,Tech,neutral,neutral,neutral,neutral,neutral,gold_dev
f008f15160a7fcac,Tech,neutral,neutral,neutral,neutral,neutral,
d6de5926eab193dd,Tech,neutral,neutral,positive,neutral,neutral,
8d75ee6eb852d6d3,Finance,neutral,neutral,neutral,neutral,neutral,gold_train
d9ecd6607f2d9b4d,Tech,negative,negative,negative,negative,negative,
8c7e2534aeb8fd97,Public,positive,positive,positive,positive,positive,gold_train
3c9ebd542cd886f5,Finance,neutral,negative,neutral,neutral,neutral,gold_test
758c4e7afebe7c25,Finance,positive,positive,positive,positive,positive,gold_test
78f0519527b2825c,Tech,positive,positive,positive,positive,positive,
b551e19c13fe272a,Tech,neutral,neutral,positive,neutral,neutral,
2f9567bcb58ba6d2,Tech,neutral,neutral,neutral,neutral,neutral,
23598499fa8dd03e,Tech,negative,negative,negative,negative,negative,
9a4d5e2fa7fba78d,Tech,neutral,neutral,negative,neutral,neutral,
f7760930ff43b026,Tech,positive,neutral,positive,neutral,neutral,
aa938da33ed30092,Tech,negative,negative,negative,negative,negative,
08408237afe9e0f4,Finance,neutral,neutral,neutral,neutral,neutral,gold_dev
839f2f542d87f69b,Tech,neutral,neutral,neutral,neutral,neutral,
730996a619da5a03,Tech,neutral,negative,neutral,neutral,neutral,
0175ed187efe81c3,Finance,neutral,negative,neutral,neutral,neutral,gold_train
e6f6a8224d4686f1,Finance,neutral,neutral,neutral,neutral,neutral,gold_train
1d65d2597ffd3f4c,Tech,neutral,neutral,neutral,neutral,neutral,
a959cf25846f353a,Tech,negative,negative,negative,negative,negative,
f70ce90b15b81278,Tech,negative,positive,negative,negative,negative,
13744165bb8526dc,Tech,positive,positive,positive,positive,positive,
f9263c7248ad7523,Tech,negative,negative,negative,negative,negative,
5b7b5f0503c0d34c,Tech,positive,positive,positive,positive,positive,
6f8d9ddecf718740,Tech,neutral,neutral,neutral,neutral,neutral,
8a19feb305c0b839,Tech,negative,negative,negative,negative,negative,
b3a0abc2f6783a25,Tech,negative,negative,negative,negative,negative,
6ce0071c5728fdee,Tech,positive,positive,positive,positive,positive,
299763d783c19fb3,Tech,positive,neutral,positive,neutral,neutral,
ec5524dde226ce73,Tech,neutral,neutral,negative,neutral,neutral,
4bde40352aa0bc70,Tech,neutral,neutral,neutral,neutral,neutral,
2af32a81994ce152,Finance,neutral,neutral,neutral,neutral,neutral,gold_train
443697043c32a428,Finance,neutral,neutral,positive,neutral,neutral,gold_test
086fd470e0a49ed7,Tech,neutral,neutral,neutral,neutral,neutral,
75f52573ae0e1895,Tech,neutral,neutral,neutral,neutral,neutral,
63290f17bf076293,Tech,negative,negative,negative,negative,negative,
1e8a776e3360cc02,Tech,neutral,neutral,neutral,neutral,neutral,
b7bfe520cad15d62,Tech,neutral,neutral,neutral,neutral,neutral,
9b0aec78c8d3f0af,Tech,negative,negative,negative,negative,negative,
027bdd133ba3839a,Tech,neutral,neutral,neutral,neutral,neutral,
040df0005038d06a,Tech,neutral,positive,neutral,neutral,neutral,
fbcf016219be9c39,Tech,negative,negative,negative,negative,negative,
ea992180ec039b2a,Finance,neutral,neutral,neutral,neutral,neutral,gold_dev
6a8dc410ec626632,Tech,negative,neutral,neutral,neutral,neutral,
efc027e0c9cb8749,Tech,neutral,neutral,neutral,neutral,neutral,
4f15bd85f5163650,Tech,negative,positive,positive,positive,positive,
36db5ef42e082f68,Retail,neutral,neutral,neutral,neutral,neutral,gold_test
f686676583f44dd1,Finance,neutral,neutral,neutral,neutral,neutral,gold_test
e9f7a825fb408f9e,Tech,neutral,neutral,neutral,neutral,neutral,
1b8bee9da5193ca7,Tech,neutral,neutral,neutral,neutral,neutral,
6082c8534cc9949d,Tech,negative,negative,negative,negative,negative,
be2ed8ec616e2136,Tech,neutral,neutral,neutral,neutral,neutral,gold_train
efd0e9b27dbd57bc,Tech,neutral,neutral,neutral,neutral,neutral,
5c90cdf37b90a447,Tech,positive,positive,positive,positive,positive,
b93f12c351f5931c,Tech,neutral,neutral,neutral,neutral,neutral,
eaf2a43ce01b8307,Tech,neutral,neutral,positive,neutral,neutral,
51cac8c4efcf8098,Tech,negative,negative,negative,negative,negative,gold_test
f60368375a033e61,Tech,neutral,neutral,neutral,neutral,neutral,
46ee35dd7e067efa,Tech,positive,negative,positive,positive,positive,
854f58118722a99e,Tech,negative,negative,negative,negative,negative,
cb5bb254cbe3c14a,Tech,neutral,neutral,neutral,neutral,neutral,
0f71733e5324fa97,Tech,neutral,neutral,neutral,neutral,neutral,
5a2c100f41877f56,Tech,neutral,neutral,neutral,neutral,neutral,
ceb9c2b59f1264f1,Tech,positive,positive,positive,positive,positive,
6b78160ca780403a,Tech,neutral,neutral,positive,neutral,neutral,
dabf5a7dcb57f59b,Tech,neutral,neutral,neutral,neutral,neutral,
0fd2f1be25daeecc,Tech,negative,negative,negative,negative,negative,
3f3172bdc72ce310,Tech,neutral,neutral,neutral,neutral,neutral,
b0113608f43e4e6b,Finance,neutral,neutral,neutral,neutral,neutral,gold_dev
64bc00eb49c15e28,Tech,positive,positive,positive,positive,positive,
58649c1dc77c1d98,Tech,positive,neutral,neutral,neutral,neutral,
f90b0b70498ee758,Tech,neutral,neutral,negative,neutral,neutral,
335c5df977253a8b,Retail,neutral,neutral,neutral,neutral,neutral,gold_test
df75b5161f09b809,Tech,positive,positive,neutral,neutral,neutral,gold_train
7e752144c68d09a8,Tech,neutral,neutral,positive,neutral,neutral,
3df2ab55933d378c,Tech,positive,positive,positive,positive,positive,
a2ba85b0ab8f0ea4,Tech,neutral,neutral,neutral,neutral,neutral,
df660b36badeca0d,Tech,neutral,negative,negative,negative,negative,
ba38d656d8cea838,Tech,neutral,neutral,neutral,neutral,neutral,
0313e2711487944a,Tech,negative,negative,negative,negative,negative,
abc05e7f11ea2691,Tech,positive,positive,positive,positive,positive,
838d3e6861c360a1,Tech,neutral,neutral,neutral,neutral,neutral,
c0afd5dfd090aa79,Tech,negative,negative,negative,negative,negative,
b71ae921aafd441a,Tech,neutral,neutral,neutral,neutral,neutral,
7846b03ce0fa3403,Tech,neutral,neutral,neutral,neutral,neutral,
2cb0fc0c1784c364,Finance,neutral,neutral,neutral,neutral,neutral,gold_dev
c2a2b0e1a3ddc925,Finance,neutral,neutral,neutral,neutral,neutral,gold_test
29032bd8db2a47c9,Finance,neutral,neutral,neutral,neutral,neutral,gold_test
562310842e00ee00,Finance,neutral,neutral,neutral,neutral,neutral,gold_test
b6507020923bea94,Tech,neutral,neutral,neutral,neutral,neutral,
da153dfba2b6d6dc,Tech,neutral,neutral,neutral,neutral,neutral,
7051b4ee823ef085,Tech,positive,positive,positive,positive,positive,
8f39cb29b06ef771,Public,neutral,neutral,neutral,neutral,neutral,gold_dev
7a31b9faf3262152,Tech,positive,neutral,neutral,neutral,neutral,
d4bde2e87c78ebd2,Finance,neutral,neutral,neutral,neutral,neutral,gold_dev
24d2cc11d3565604,Tech,neutral,neutral,neutral,neutral,neutral,
01ea1d42705d5139,Tech,neutral,neutral,neutral,neutral,neutral,
a70836306aa13090,Tech,neutral,neutral,neutral,neutral,neutral,
f1499eb0aea0cb56,Public,neutral,neutral,neutral,neutral,neutral,gold_train
7c5c93abcda8f474,Tech,neutral,neutral,neutral,neutral,neutral,
1a7a75167abd7e06,Tech,neutral,positive,neutral,neutral,neutral,gold_test
11554475e3451c7a,Tech,neutral,neutral,neutral,neutral,neutral,
23aa3749b4443044,Tech,negative,negative,neutral,negative,negative,
24460c8c7430c1c0,Retail,neutral,neutral,neutral,neutral,neutral,gold_test
c838d9e7d9705948,Tech,negative,negative,negative,negative,negative,
bc25141858a5ad4b,Tech,neutral,neutral,neutral,neutral,neutral,
ec42cc8cdfe4e30e,Tech,negative,negative,negative,negative,negative,
0c869540647ff62e,Tech,negative,negative,negative,negative,negative,
c863212a609b75e7,Tech,negative,negative,positive,negative,negative,
3ea6fa199619929c,Tech,negative,positive,negative,negative,negative,
be20dd36cd5f2f41,Tech,neutral,neutral,neutral,neutral,neutral,
4c3d8bebccf8483a,Tech,negative,negative,negative,negative,negative,
118a7aa5899e3bc4,Tech,negative,negative,negative,negative,negative,
95ecc1e0b1db947b,Tech,neutral,neutral,neutral,neutral,neutral,gold_test
c6b7a089c3c9d9ba,Tech,neutral,neutral,neutral,neutral,neutral,
c8bd375ffc3bf8f2,Tech,neutral,neutral,neutral,neutral,neutral,
63c16cf5339a8cf0,Tech,neutral,neutral,neutral,neutral,neutral,
c696c7d1d9c0a005,Tech,neutral,neutral,neutral,neutral,neutral,
5695318fcb1d2b92,Tech,neutral,neutral,neutral,neutral,neutral,
2c277b4553ba93e9,Tech,neutral,neutral,neutral,neutral,neutral,gold_test
facf67350f583d17,Tech,neutral,neutral,neutral,neutral,neutral,
09d6103b93f0c256,Tech,neutral,negative,neutral,neutral,neutral,
8330a4fb7856662b,Tech,neutral,neutral,neutral,neutral,neutral,
db98431c7b20cd2c,Tech,neutral,neutral,neutral,neutral,neutral,
4c44a25fc1453e32,Tech,negative,neutral,neutral,neutral,neutral,
eb7d6d1d7c1613e6,Tech,neutral,neutral,neutral,neutral,neutral,
14a7c3d147259667,Tech,neutral,neutral,neutral,neutral,neutral,gold_train
60101b861f0d021b,Tech,neutral,neutral,neutral,neutral,neutral,
a406de044ed16d27,Tech,neutral,negative,neutral,neutral,neutral,
176b9576d7467350,Tech,neutral,neutral,neutral,neutral,neutral,
a912f4101b3a0f88,Finance,neutral,neutral,neutral,neutral,neutral,gold_test
ea14539ad9076719,Finance,neutral,neutral,neutral,neutral,neutral,gold_dev
66acfbdbdb0108df,Retail,neutral,neutral,neutral,neutral,neutral,gold_test
ea1740e808711249,Tech,neutral,neutral,neutral,neutral,neutral,
53b132ddc7e66863,Tech,neutral,neutral,neutral,neutral,neutral,
6b839ea1af873f32,Finance,neutral,neutral,neutral,neutral,neutral,gold_train
71c907f07947bec6,Tech,neutral,neutral,neutral,neutral,neutral,
d5ceaf55c0a9cbde,Tech,positive,positive,positive,positive,positive,
a957fb974b5a0899,Finance,neutral,negative,neutral,neutral,neutral,gold_dev
d8689be024dab63c,Tech,neutral,neutral,neutral,neutral,neutral,
0a358d84730b03d3,Tech,positive,positive,positive,positive,positive,
ff1c5cd567f2e335,Tech,neutral,neutral,positive,neutral,neutral,
ce255ed29013e1fc,Tech,neutral,neutral,neutral,neutral,neutral,
7f80af184d041c9a,Tech,neutral,neutral,negative,neutral,neutral,
152b654092e43fa4,Tech,positive,positive,positive,positive,positive,
a079983185742944,Tech,neutral,neutral,neutral,neutral,neutral,
9ba2b227875cc2b5,Tech,neutral,neutral,neutral,neutral,neutral,
8d3036acae81a09f,Finance,neutral,neutral,neutral,neutral,neutral,gold_train
1b56c64a6f9c584d,Public,neutral,neutral,neutral,neutral,neutral,gold_train
fcd2f7ef335d2f3b,Finance,neutral,neutral,neutral,neutral,neutral,gold_train
c041f26636678196,Public,neutral,neutral,neutral,neutral,neutral,gold_dev
3bbada5308d4e74a,Tech,neutral,positive,positive,positive,positive,
9ce2213ad7d418bd,Tech,negative,negative,negative,negative,negative,
e7509c8be7f42244,Tech,positive,positive,positive,positive,positive,
57cad916d6649069,Tech,positive,positive,positive,positive,positive,
396e88b7bb0050a8,Tech,neutral,neutral,neutral,neutral,neutral,
002ea931a63cc7a9,Tech,negative,negative,negative,negative,negative,
a707cfba642d00ed,Tech,neutral,neutral,neutral,neutral,neutral,
39c67d2afb88f959,Tech,neutral,neutral,neutral,neutral,neutral,
ab57858631e29f62,Tech,negative,negative,negative,negative,negative,
76c2448d8126f095,Tech,neutral,negative,neutral,neutral,neutral,
d32809a604e91fc7,Tech,positive,positive,positive,positive,positive,
38bf75c53105e4dc,Tech,neutral,neutral,positive,neutral,neutral,
61a1feb59d320cf7,Tech,neutral,neutral,neutral,neutral,neutral,
d6ab76e1df835880,Tech,neutral,neutral,neutral,neutral,neutral,
5f927f464eb0ef27,Tech,negative,negative,negative,negative,negative,
acebcfb21617720c,Tech,negative,negative,negative,negative,negative,
8773fe055e531bb8,Retail,positive,positive,positive,positive,positive,gold_test
2605e4ef23ef5531,Finance,neutral,neutral,neutral,neutral,neutral,gold_dev
528fb10027d36fe5,Public,positive,positive,positive,positive,positive,gold_test
d378bf6d6517c43e,Public,neutral,neutral,neutral,neutral,neutral,gold_dev
7ca160789ba05bde,Tech,neutral,negative,neutral,neutral,neutral,
dff879401f3417cf,Tech,neutral,neutral,positive,neutral,neutral,gold_dev
72135adc9227ecd4,Tech,positive,positive,positive,positive,positive,
17a4dec5c4327f0c,Tech,neutral,neutral,neutral,neutral,neutral,
a63979b0669253fd,Finance,neutral,neutral,neutral,neutral,neutral,gold_dev
98fa72ce299d1a7d,Tech,neutral,neutral,neutral,neutral,neutral,gold_dev
c5f5611f948404b1,Tech,positive,negative,negative,negative,negative,
929e97743c3a4826,Public,neutral,neutral,neutral,neutral,neutral,gold_dev
148f8e9a5b743086,Tech,neutral,neutral,neutral,neutral,neutral,
c995e63b080c61f1,Tech,neutral,positive,positive,positive,positive,gold_dev
69d659fcc0eef10d,Tech,neutral,neutral,neutral,neutral,neutral,gold_train
9078bd840d0bac85,Tech,negative,negative,negative,negative,negative,
05e090d3fffe769f,Tech,negative,negative,negative,negative,negative,
85b540abb80333de,Tech,neutral,neutral,neutral,neutral,neutral,gold_dev
af8a5ba812d41253,Finance,neutral,neutral,neutral,neutral,neutral,gold_dev
d583c15972bb2d46,Finance,positive,neutral,neutral,neutral,neutral,gold_test
2eb9a18f87fd3b67,Finance,neutral,negative,neutral,neutral,neutral,gold_test
6dcb83fd8d05d4e2,Tech,neutral,neutral,neutral,neutral,neutral,gold_dev
361d207db0e936b9,Tech,positive,positive,positive,positive,positive,
d11c75c0479bf508,Finance,neutral,neutral,negative,neutral,neutral,gold_test
98e14a9096364dfe,Tech,positive,neutral,neutral,neutral,neutral,
486a4b1940bafb96,Public,neutral,neutral,neutral,neutral,neutral,gold_dev
6499d9dcd7b318c8,Tech,neutral,neutral,neutral,neutral,neutral,gold_train
238a7a68786abdc2,Tech,negative,negative,negative,negative,negative,
4af448ea9d4aa6c7,Tech,neutral,neutral,neutral,neutral,neutral,
3901e4bed0c5abab,Public,neutral,neutral,neutral,neutral,neutral,gold_dev
41a8e7f9d26cafbc,Tech,positive,positive,positive,positive,positive,
c159aae8b6fd0482,Public,neutral,neutral,neutral,neutral,neutral,gold_dev
c69ccac14aaddc7f,Tech,neutral,neutral,neutral,neutral,neutral,
558adfba56d7c78a,Tech,neutral,neutral,neutral,neutral,neutral,gold_dev
f04e2b724d965769,Tech,positive,neutral,positive,positive,positive,
7024cda1408efe93,Tech,negative,positive,positive,positive,positive,
19b359087f676fc1,Public,positive,positive,positive,positive,positive,gold_dev
90da5fcfc4509546,Public,positive,positive,positive,positive,positive,gold_dev
2916757171693bd7,Tech,negative,neutral,neutral,neutral,neutral,
3aa33946554cd3bf,Tech,neutral,neutral,neutral,neutral,neutral,
b5b5d10e7bfdbced,Tech,negative,neutral,negative,negative,negative,
8db54a3c6cadea23,Public,positive,positive,positive,positive,positive,gold_dev
e4d318223c88e689,Tech,positive,positive,positive,positive,positive,gold_test
2db7292cf27b06ea,Tech,negative,negative,negative,negative,negative,
9770eb9dcc2227f9,Tech,neutral,neutral,neutral,neutral,neutral,
ed10feb7a9d30bec,Tech,positive,negative,positive,negative,negative,
f32ec933e6432209,Tech,positive,positive,positive,positive,positive,
6451284deabebb2d,Tech,positive,positive,positive,positive,positive,
204f3a70553175fb,Tech,positive,positive,positive,positive,positive,
f960fad6422b8316,Tech,neutral,neutral,positive,neutral,neutral,gold_dev
8a02c9bb8b0032d9,Tech,negative,neutral,neutral,neutral,neutral,
bc3852f338c6a60a,Tech,positive,positive,positive,positive,positive,
de20faa7c9f34de6,Tech,neutral,neutral,neutral,neutral,neutral,
2581b8a736b69c3e,Public,neutral,neutral,neutral,neutral,neutral,gold_test
25cfc696963df825,Tech,positive,positive,positive,positive,positive,
8e012d0cd9bc1dc2,Public,neutral,neutral,neutral,neutral,neutral,gold_train
9d8de327a6206480,Tech,positive,positive,positive,positive,positive,
4518214b608d0a64,Tech,negative,negative,negative,negative,negative,
737de8fe18dbb497,Tech,neutral,neutral,neutral,neutral,neutral,
d4bde85726d9444d,Tech,neutral,positive,neutral,neutral,neutral,
df6dbe4eca0463ea,Public,neutral,neutral,neutral,neutral,neutral,gold_train
4a8f4662b9c4b4b0,Tech,neutral,neutral,neutral,neutral,neutral,
a6e378dd7e7c0a33,Finance,neutral,neutral,neutral,neutral,neutral,gold_dev
125ae82759bac070,Retail,neutral,neutral,neutral,neutral,neutral,gold_dev
60282a6253be760a,Tech,neutral,neutral,neutral,neutral,neutral,
1c7f999362e94b41,Finance,positive,neutral,neutral,neutral,neutral,gold_train
09d0bc6be68c504f,Tech,neutral,neutral,neutral,neutral,neutral,
84122e6b074191f7,Tech,neutral,neutral,neutral,neutral,neutral,
6f7133b474dd30a8,Tech,negative,negative,neutral,negative,negative,
93b058d3f4020e27,Tech,neutral,neutral,neutral,neutral,neutral,
3095056ddc374640,Finance,neutral,positive,neutral,neutral,neutral,gold_train
3b7a47aaf66bc883,Retail,positive,negative,negative,negative,negative,gold_test
cb52ac642c69ad13,Finance,positive,positive,positive,positive,positive,gold_test
5caf4cc8b56b01a8,Tech,neutral,neutral,neutral,neutral,neutral,
c8cdaf5a21485579,Tech,neutral,negative,negative,negative,negative,
432d409b542e158d,Tech,neutral,neutral,neutral,neutral,neutral,
1ae575f81aaec670,Tech,neutral,negative,neutral,negative,negative,
6dcb8bc2767a6357,Finance,neutral,neutral,neutral,neutral,neutral,gold_test
4dbb848e5eb1bd52,Tech,negative,negative,negative,negative,negative,
b305ce9ddd3b6ec6,Tech,positive,positive,positive,positive,positive,
2998378f4ff989c6,Finance,neutral,neutral,neutral,neutral,neutral,gold_dev
0ff837759b6c5305,Tech,negative,negative,negative,negative,negative,gold_test
07413cc458df436c,Finance,neutral,neutral,neutral,neutral,neutral,gold_test
6abcdbce56e17a61,Tech,neutral,neutral,neutral,neutral,neutral,
eb269fe61eb7bf57,Tech,neutral,neutral,neutral,neutral,neutral,
484a02a887d4e6fc,Tech,negative,positive,negative,negative,negative,
c87757052bd51629,Public,neutral,neutral,neutral,neutral,neutral,gold_train
635a2b268b38c6fc,Tech,neutral,neutral,neutral,neutral,neutral,
e07cfd5deee4bcf5,Tech,neutral,neutral,neutral,neutral,neutral,
c9e68b6515a8a286,Tech,negative,negative,negative,negative,negative,
898a7439d2088139,Tech,negative,negative,negative,negative,negative,gold_test
66e776bbccbd4ee8,Tech,neutral,neutral,neutral,neutral,neutral,gold_test
bcdf7b50166a89ee,Tech,negative,negative,negative,negative,negative,
44a14d10c7b714e0,Tech,neutral,neutral,neutral,neutral,neutral,
d798ff690513d140,Tech,positive,positive,positive,positive,positive,
21e49a0cd7d23847,Tech,positive,positive,positive,positive,positive,
1721838e33ea8818,Tech,neutral,neutral,neutral,neutral,neutral,
fb322803dcc5e790,Finance,neutral,neutral,neutral,neutral,neutral,gold_test
72793f9bf80bdf67,Finance,neutral,neutral,neutral,neutral,neutral,gold_dev
b741d82fd8b66356,Tech,positive,neutral,positive,neutral,neutral,
de0250c53f11c2d6,Finance,neutral,neutral,neutral,neutral,neutral,gold_test
e851b16d5d033b6e,Tech,positive,neutral,positive,positive,positive,
09758b6dd52e05ad,Tech,neutral,neutral,positive,neutral,neutral,gold_train
9639ae7575ad4a38,Tech,negative,negative,negative,negative,negative,
a2ac5379766b54b4,Tech,negative,negative,negative,negative,negative,
e91ece658589bb26,Tech,neutral,neutral,neutral,neutral,neutral,
25f39a2ba595225a,Tech,neutral,neutral,neutral,neutral,neutral,
503d5a06db93e2e1,Tech,negative,neutral,negative,negative,negative,
7c548e769186234f,Tech,positive,neutral,positive,positive,positive,gold_test
4eb3ad8afce5d8ff,Tech,negative,negative,negative,negative,negative,
3d9725de0c3cc0f8,Tech,positive,positive,neutral,positive,positive,
59442cc1ccb40dfd,Tech,neutral,neutral,neutral,neutral,neutral,
59c3ccd499e04a99,Tech,negative,neutral,neutral,neutral,neutral,
bdb2c9ff6813226f,Tech,negative,neutral,neutral,neutral,neutral,
30a3471b298be27c,Tech,positive,positive,positive,positive,positive,
9daa183eb3114148,Tech,neutral,neutral,neutral,neutral,neutral,
850ccc3f549c2ff0,Finance,neutral,neutral,neutral,neutral,neutral,gold_test
9bb371e68e90eae3,Finance,neutral,neutral,negative,neutral,neutral,gold_test
7c7e01fc2bc6d282,Finance,neutral,neutral,neutral,neutral,neutral,gold_test
93dacc8aa7a2982f,Tech,neutral,neutral,neutral,neutral,neutral,gold_dev
b377ef859791c74a,Tech,neutral,neutral,neutral,neutral,neutral,gold_dev
ecbaab329b9c91d3,Tech,positive,positive,positive,positive,positive,
1ece8bbd56ee7584,Tech,negative,negative,negative,negative,negative,gold_dev
b96af9d8ab5c3da3,Finance,neutral,neutral,neutral,neutral,neutral,gold_dev
56019bd2c2a032a1,Tech,neutral,neutral,neutral,neutral,neutral,
81b9a8edfc3736b1,Tech,negative,negative,negative,negative,negative,
d4d2077162b642d2,Public,neutral,neutral,neutral,neutral,neutral,gold_test
4d0f722a0fdc0733,Tech,neutral,neutral,neutral,neutral,neutral,
df5f6aec4da36056,Tech,neutral,neutral,negative,neutral,neutral,
09195502848c2ec6,Tech,neutral,neutral,neutral,neutral,neutral,
217d2690551a6854,Tech,neutral,neutral,neutral,neutral,neutral,
f9effd1a1b2077d8,Tech,neutral,neutral,neutral,neutral,neutral,
217b2ab7d3aecbdd,Tech,positive,positive,positive,positive,positive,
0295bdd3888f6ce6,Finance,negative,negative,negative,negative,negative,gold_test
2d9eff25d981dfab,Tech,negative,neutral,neutral,neutral,neutral,
86cf9ef9011f52d9,Tech,negative,negative,negative,negative,negative,gold_test
ecb2b0bfc508814a,Finance,neutral,neutral,neutral,neutral,neutral,gold_test
159ad721e6c1a8a7,Tech,neutral,positive,positive,positive,positive,
4123bb275401d7ef,Tech,neutral,neutral,neutral,neutral,neutral,
95e9360c30b0192a,Tech,neutral,negative,neutral,neutral,neutral,gold_train
0dcdcbf450d33321,Tech,negative,positive,negative,negative,negative,
97a7c8d136ddc305,Tech,positive,positive,positive,positive,positive,
c103f953960b6b33,Tech,positive,positive,positive,positive,positive,
ee4c1f0986d2fdac,Tech,negative,negative,negative,negative,negative,
d47101dcd49c192f,Finance,negative,negative,negative,negative,negative,gold_test
4483582cb29dae0c,Tech,neutral,neutral,neutral,neutral,neutral,
de74086ed0a7e1b3,Tech,positive,neutral,neutral,neutral,neutral,
b684c5e7db2a834e,Tech,neutral,neutral,neutral,neutral,neutral,gold_train
153e0b0121dde6c1,Tech,neutral,neutral,neutral,neutral,neutral,gold_test
86830925ae6ee805,Tech,neutral,positive,neutral,neutral,neutral,
d5ebd896f5b0d62e,Tech,neutral,neutral,neutral,neutral,neutral,
820c6cfd7c6ab7b5,Tech,neutral,neutral,neutral,neutral,neutral,
e3d36cb3a1add500,Public,neutral,neutral,neutral,neutral,neutral,gold_train
0f8d943402572f40,Tech,neutral,negative,neutral,neutral,neutral,
630ae1247985e888,Tech,positive,positive,positive,positive,positive,
b2fe6aa206824154,Tech,positive,positive,positive,positive,positive,
f9812acbce2e1b4d,Tech,neutral,neutral,neutral,neutral,neutral,
a30484c799d97d32,Retail,negative,negative,negative,negative,negative,gold_test
abd83f0215c3d4a8,Tech,positive,positive,positive,positive,positive,
34fc013ecaa232eb,Tech,negative,negative,negative,negative,negative,
3f00de03511c4f43,Tech,negative,neutral,neutral,neutral,neutral,
7de556e375509ab3,Tech,negative,negative,negative,negative,negative,
93236f3566a4cc14,Tech,positive,positive,neutral,positive,positive,
3c974244c253173e,Tech,negative,positive,negative,negative,negative,
16f07dd6879d714d,Tech,negative,negative,negative,negative,negative,
2aee58707ca31f1a,Tech,neutral,neutral,neutral,neutral,neutral,
95011e4dbc75fdc5,Finance,neutral,neutral,negative,neutral,neutral,gold_test
aeba33225b498b58,Tech,negative,negative,negative,negative,negative,
714802a054d7fd98,Tech,neutral,neutral,neutral,neutral,neutral,
3198bcce4cd6861e,Tech,neutral,positive,neutral,neutral,neutral,
8c84d81a3234f287,Tech,neutral,neutral,neutral,neutral,neutral,
b9eefc47c422a367,Tech,positive,positive,positive,positive,positive,
8910c75e1b9713fa,Finance,neutral,neutral,neutral,neutral,neutral,gold_test
c6995027c14f3822,Tech,neutral,neutral,negative,neutral,neutral,
aacb5fba92109d7b,Tech,positive,positive,positive,positive,positive,
9776f0427cab7a94,Tech,negative,negative,negative,negative,negative,
c4c10b29788cafdf,Tech,neutral,neutral,positive,neutral,neutral,
5b4c0a8a0af7ff9f,Tech,positive,neutral,neutral,neutral,neutral,
44b43501591e9e52,Tech,neutral,neutral,neutral,neutral,neutral,
42f181bea92cd6a6,Tech,positive,positive,neutral,neutral,neutral,
b286be946064748b,Tech,neutral,neutral,neutral,neutral,neutral,
535d1f5c5ec931fb,Tech,neutral,positive,neutral,neutral,neutral,
a1a69735ea9c2408,Tech,neutral,neutral,neutral,neutral,neutral,
fd771686b9a7ab34,Tech,positive,positive,positive,positive,positive,
1f5a095fd1adb712,Tech,negative,negative,negative,negative,negative,
08e940d2148f1d02,Tech,negative,positive,negative,negative,negative,
97540269b82679a4,Tech,positive,negative,negative,negative,negative,
99ef84cea15e927c,Tech,positive,neutral,neutral,neutral,neutral,
af279e5f34b555c0,Tech,neutral,neutral,neutral,neutral,neutral,
8d4cd06f8eb5cb40,Tech,neutral,negative,neutral,neutral,neutral,
719a53844b1f68bd,Tech,negative,negative,negative,negative,negative,
39ba33d4fcce5a6a,Tech,neutral,neutral,neutral,neutral,neutral,
a40884eac76fa774,Tech,positive,positive,positive,positive,positive,
78185041750ef525,Tech,negative,negative,negative,negative,negative,
49d5c76cca9d2f1f,Tech,neutral,neutral,neutral,neutral,neutral,
2fe30a08731b9451,Tech,negative,neutral,neutral,neutral,neutral,
2590862aa5214a40,Finance,positive,positive,neutral,positive,positive,gold_test
33e4bd428cf5bdde,Tech,neutral,neutral,neutral,neutral,neutral,
df35d391c7e79d35,Tech,positive,positive,positive,positive,positive,
9227757a9a7678d3,Tech,neutral,neutral,neutral,neutral,neutral,
67cff36223adcded,Tech,neutral,neutral,neutral,neutral,neutral,gold_dev
d6a6654633dd76ab,Tech,neutral,neutral,neutral,neutral,neutral,
61845cb6f9da9745,Tech,negative,positive,positive,positive,positive,
7ecea96e15418225,Tech,negative,positive,negative,negative,negative,
6390ff3513ce897b,Tech,positive,neutral,neutral,neutral,neutral,
ab3beb6ec9a6ad0b,Tech,negative,negative,negative,negative,negative,
c6e58555fb7d2b3b,Tech,neutral,neutral,neutral,neutral,neutral,
ffc46cdac0925ce6,Tech,negative,negative,negative,negative,negative,
6fdd3e6b2b62c77e,Tech,neutral,neutral,neutral,neutral,neutral,
d830bdbd3bc3dd45,Tech,neutral,neutral,neutral,neutral,neutral,
5df3de461ac97f7f,Tech,neutral,neutral,neutral,neutral,neutral,gold_dev
521d3fcc89ed911a,Tech,negative,negative,negative,negative,negative,
e12e1daa04d447d7,Tech,negative,negative,negative,negative,negative,
9f83970330891014,Finance,neutral,neutral,neutral,neutral,neutral,gold_test
c10a256a1234b124,Tech,neutral,neutral,neutral,neutral,neutral,gold_test
35b59c152dda5b09,Finance,neutral,neutral,neutral,neutral,neutral,gold_dev
c8d84e5d23b045b1,Tech,negative,negative,positive,negative,negative,
f234897cfa9decc9,Tech,negative,negative,negative,negative,negative,
993fa89a9ab0c44e,Tech,neutral,neutral,neutral,neutral,neutral,
abc27a1b368f0195,Tech,negative,negative,negative,negative,negative,
38a7d8cae3f5977a,Tech,neutral,neutral,neutral,neutral,neutral,
8a7f106672c22705,Public,neutral,neutral,neutral,neutral,neutral,gold_train
864e52b9fa64d3be,Tech,neutral,negative,neutral,neutral,neutral,
d3affeb3ac258957,Tech,negative,negative,positive,negative,negative,
4a424660147f31c8,Finance,negative,negative,negative,negative,negative,gold_test
1e9d985cc283b11a,Tech,positive,positive,positive,positive,positive,gold_test
109c9d877cb811b8,Tech,neutral,neutral,neutral,neutral,neutral,
ae77bf3c1fc0be90,Tech,neutral,negative,negative,negative,negative,
9aca7da12e38cc14,Tech,neutral,neutral,neutral,neutral,neutral,
1f4b844ba166ff23,Public,positive,neutral,neutral,neutral,neutral,gold_train
3db8fb67a93c4e01,Tech,neutral,neutral,neutral,neutral,neutral,gold_dev
d06d401e3cd71082,Tech,negative,positive,negative,negative,negative,
0c8f49235ef3bf08,Tech,neutral,negative,negative,negative,negative,
fe8bfec00c1d6586,Tech,positive,positive,positive,positive,positive,
69ba0dcb77091339,Tech,negative,negative,negative,negative,negative,
832dd0624933e29a,Tech,positive,positive,positive,positive,positive,
47c152be18eca374,Tech,neutral,neutral,positive,neutral,neutral,
ac905c3b4d55706b,Finance,negative,positive,negative,negative,negative,gold_test
0549dbf4cd053a5a,Tech,positive,positive,negative,positive,positive,
16b31a4171855e4a,Retail,neutral,neutral,neutral,neutral,neutral,gold_test
bfb8f3ebdeab825d,Tech,positive,positive,positive,positive,positive,
047c85afc85a6c4f,Tech,negative,negative,negative,negative,negative,
3a9f99d61295a7dd,Tech,neutral,neutral,neutral,neutral,neutral,
9ce452696262b5ea,Tech,negative,negative,positive,negative,negative,
5be861fd57975642,Tech,positive,neutral,positive,positive,positive,
4d82e122b1d90961,Tech,neutral,neutral,neutral,neutral,neutral,
ed8b716025574ca1,Tech,neutral,neutral,neutral,neutral,neutral,
be8906235c0c4644,Tech,neutral,neutral,neutral,neutral,neutral,
4c80f5b8c9ab79fa,Tech,positive,positive,positive,positive,positive,
0d01f8fba7955c8f,Finance,neutral,neutral,neutral,neutral,neutral,gold_test
d4aa8a0787bc84f5,Tech,neutral,neutral,neutral,neutral,neutral,
10c3e0e6c816a19c,Tech,negative,negative,negative,negative,negative,
0fa7ad10d26fbbee,Tech,neutral,neutral,neutral,neutral,neutral,
afdc783d331271d0,Finance,neutral,positive,neutral,neutral,neutral,gold_train
588288be442176b2,Tech,neutral,neutral,neutral,neutral,neutral,
9a8a69c9b482fd33,Tech,negative,negative,negative,negative,negative,
270dc48b4308e616,Tech,positive,neutral,neutral,neutral,neutral,
446c4d9b2de7c80c,Tech,neutral,neutral,neutral,neutral,neutral,
246d9506c9396244,Tech,neutral,neutral,neutral,neutral,neutral,
ba0f614a717c951b,Retail,neutral,neutral,neutral,neutral,neutral,gold_dev
307377dc96e973e9,Tech,neutral,positive,neutral,neutral,neutral,
41c043e22499a276,Tech,neutral,neutral,neutral,neutral,neutral,
26cc16a25e5cbc4e,Tech,negative,negative,negative,negative,negative,
246fe528050ec430,Tech,negative,neutral,negative,negative,negative,
7ff365b2d6db901a,Tech,neutral,positive,neutral,neutral,neutral,gold_dev
3f260d21639c075c,Tech,neutral,neutral,neutral,neutral,neutral,
7852d57ba8610e60,Retail,positive,positive,positive,positive,positive,gold_test
70d09c9f00fe9672,Tech,neutral,neutral,neutral,neutral,neutral,
34f5ccd3a7f40dac,Tech,neutral,neutral,neutral,neutral,neutral,
1723fffe73bc358c,Tech,neutral,neutral,neutral,neutral,neutral,
4bbb6614016db1c7,Tech,neutral,neutral,neutral,neutral,neutral,gold_test
5906da86173fd485,Tech,neutral,neutral,neutral,neutral,neutral,
ef3e7206d2ee3db1,Tech,positive,neutral,neutral,neutral,neutral,
f3f609172a1da871,Retail,neutral,neutral,neutral,neutral,neutral,gold_dev
37b1825fc9131460,Tech,negative,negative,positive,negative,negative,
4661cd677d07779a,Tech,negative,negative,negative,negative,negative,
79a0c071e7395c82,Tech,negative,negative,negative,negative,negative,
5eeb9eba23dc7e3a,Tech,neutral,negative,neutral,neutral,neutral,
53bb2d4f3f70effb,Tech,negative,negative,negative,negative,negative,
b22704718d889b35,Tech,negative,neutral,negative,negative,negative,
b8dfef232d280dfc,Finance,neutral,positive,neutral,neutral,neutral,gold_test
afe4a4ba8f79e6b1,Tech,negative,negative,negative,negative,negative,gold_test
5e9119639deb7c6c,Tech,neutral,neutral,neutral,neutral,neutral,
e8c523773af5372b,Tech,neutral,neutral,neutral,neutral,neutral,
074214417d2d2219,Tech,positive,negative,negative,negative,negative,gold_test
5dfc9cb91e3606c8,Tech,positive,positive,positive,positive,positive,
f92a7faf5782a7f7,Finance,neutral,neutral,negative,neutral,neutral,gold_test
6bc7d2813910bf04,Tech,negative,positive,negative,negative,negative,gold_test
44ae653b67620cbd,Finance,neutral,neutral,neutral,neutral,neutral,gold_train
73550b8c9ee9374a,Tech,positive,positive,positive,positive,positive,
dec496e4e675754c,Tech,negative,negative,negative,negative,negative,
8fd0c0d1bd662799,Tech,negative,negative,negative,negative,negative,
cd9adea49855b752,Tech,neutral,neutral,neutral,neutral,neutral,
ed1d25f3f9c286bf,Tech,negative,negative,negative,negative,negative,
2c1c9e851df132e9,Tech,negative,negative,negative,negative,negative,
6a373b9ed6c64cf3,Tech,neutral,neutral,neutral,neutral,neutral,
0e465a1379ee3fc6,Tech,neutral,neutral,positive,neutral,neutral,
a47f840b85b97d70,Tech,negative,negative,negative,negative,negative,gold_test
f516417c840df75e,Finance,neutral,neutral,neutral,neutral,neutral,gold_test
81f63078e354a218,Tech,positive,positive,positive,positive,positive,
30d99f747ecb0e5e,Tech,neutral,neutral,neutral,neutral,neutral,
424850c000caf3ac,Tech,neutral,neutral,neutral,neutral,neutral,
78c74909ae1e20c0,Tech,neutral,neutral,neutral,neutral,neutral,
6bfc50fe8231226f,Tech,neutral,neutral,neutral,neutral,neutral,
7aaac38c1883b46c,Tech,neutral,neutral,neutral,neutral,neutral,
cefa4b3da0f6e480,Tech,neutral,neutral,positive,neutral,neutral,
dbcc92217b0c68ed,Tech,negative,neutral,neutral,neutral,neutral,
100742f03b091134,Tech,neutral,neutral,neutral,neutral,neutral,
7de6bd31efc6df3c,Tech,neutral,neutral,neutral,neutral,neutral,gold_dev
da7799df19ad7c51,Tech,negative,negative,positive,negative,negative,
9946d409b3979d1e,Tech,neutral,neutral,neutral,neutral,neutral,
e32f74c4c691cf77,Tech,neutral,neutral,neutral,neutral,neutral,
e7bfad7c0bf3009d,Tech,negative,negative,negative,negative,negative,
05de4b4f6862b6a0,Tech,positive,positive,positive,positive,positive,
58eafc38695b4031,Tech,neutral,neutral,neutral,neutral,neutral,
da714d0bde4112fe,Tech,negative,negative,negative,negative,negative,
993f25f9c5f3bd28,Tech,neutral,neutral,neutral,neutral,neutral,
8d36f382a92971be,Tech,neutral,neutral,neutral,neutral,neutral,gold_dev
40e0f2470df091c3,Tech,neutral,neutral,neutral,neutral,neutral,
c63980e79955de10,Tech,neutral,neutral,negative,neutral,neutral,
6b24eaf29b8e4569,Tech,neutral,neutral,neutral,neutral,neutral,
3585817910a95b83,Finance,negative,negative,negative,negative,negative,gold_dev
6aa07c7aa2e54389,Tech,positive,positive,positive,positive,positive,
a52b01f98c01223b,Tech,positive,positive,positive,positive,positive,
86914eee98e50f81,Retail,neutral,neutral,neutral,neutral,neutral,gold_dev
b2ea1cc6a0e07bab,Tech,neutral,neutral,neutral,neutral,neutral,
00c15e085700b557,Tech,negative,neutral,negative,negative,negative,
f85e44708cb88991,Tech,neutral,neutral,neutral,neutral,neutral,
29516ced7e6d7951,Tech,neutral,neutral,positive,neutral,neutral,
dcf20e587639040d,Tech,negative,negative,negative,negative,negative,
cf1bc51ba0cbbf2f,Social,positive,neutral,neutral,neutral,neutral,gold_dev
26f7f982050abadb,Tech,neutral,positive,positive,positive,positive,
ac8b256803be6c37,Tech,neutral,neutral,neutral,neutral,neutral,
807dde434b5fb7a1,Social,positive,positive,positive,positive,positive,gold_test
2f54e888a73d63f4,Tech,positive,positive,positive,positive,positive,
4f5a3917a1da1865,Finance,neutral,neutral,neutral,neutral,neutral,gold_test
edf5336101c3b1c4,Tech,neutral,neutral,neutral,neutral,neutral,
56ec1cfd7241125c,Tech,positive,neutral,neutral,neutral,neutral,
8e079b6f2ebe792e,Tech,negative,negative,negative,negative,negative,
0b9f218aba07cf23,Finance,neutral,neutral,neutral,neutral,neutral,gold_test
d82a4b65e0392081,Tech,negative,neutral,neutral,neutral,neutral,
7a91b65c94a2a91b,Tech,positive,positive,positive,positive,positive,
8e4f84bc5e2dd8b3,Tech,negative,negative,negative,negative,negative,
413a91e87d0f3326,Tech,negative,negative,positive,negative,negative,
daf8cf7d2acb274b,Tech,neutral,neutral,neutral,neutral,neutral,
0dd8ab57d96550dd,Tech,neutral,neutral,neutral,neutral,neutral,
997a81e41cffa27d,Tech,negative,negative,negative,negative,negative,gold_test
86b14f30dfa61628,Tech,positive,positive,positive,positive,positive,
68e66543d81b31dd,Tech,neutral,neutral,positive,neutral,neutral,
881bef1aeb85ab71,Tech,positive,positive,positive,positive,positive,
892e6b8ac5e4553c,Tech,neutral,neutral,neutral,neutral,neutral,gold_dev
5a2038121eccf146,Tech,negative,negative,negative,negative,negative,
6075db2634fe7c98,Tech,positive,negative,positive,positive,positive,
9e6aee98e5f5ac77,Tech,positive,positive,positive,positive,positive,gold_test
b31ba0e6c9eed6fc,Tech,neutral,neutral,neutral,neutral,neutral,
342ac4442b8a48bd,Finance,neutral,neutral,neutral,neutral,neutral,gold_test
d0d36c5fd0aa980b,Social,negative,negative,negative,negative,negative,gold_test
9b42a7af340e4ccb,Tech,negative,negative,negative,negative,negative,
c939480a636c3282,Tech,neutral,neutral,neutral,neutral,neutral,
fb2c6599c2ed6f02,Tech,positive,positive,positive,positive,positive,
20d5bad8ecd582a3,Tech,neutral,neutral,neutral,neutral,neutral,
6eee5ac39e4c612e,Tech,neutral,neutral,neutral,neutral,neutral,
0860e18612f20274,Tech,neutral,neutral,neutral,neutral,neutral,gold_dev
25c0c875bfea7704,Tech,neutral,neutral,neutral,neutral,neutral,
9b2224980dbafcaf,Tech,negative,negative,negative,negative,negative,
4b8b0d0b7870d0e1,Tech,positive,positive,positive,positive,positive,
946a9c2fc1d46c55,Tech,neutral,neutral,neutral,neutral,neutral,
92d612aa94ab12fb,Tech,positive,neutral,neutral,neutral,neutral,
8cee288c979cfdb9,Tech,neutral,negative,neutral,neutral,neutral,
7fa910d04b1c40a0,Tech,neutral,neutral,neutral,neutral,neutral,
158d38785cee8c4d,Finance,neutral,neutral,neutral,neutral,neutral,gold_dev
2c8254c80ad68e14,Finance,neutral,neutral,positive,neutral,neutral,gold_dev
8231dfaf122864a1,Tech,neutral,neutral,neutral,neutral,neutral,
17610c755396e1fa,Tech,neutral,neutral,neutral,neutral,neutral,
fbc9fc858bd5fb05,Tech,positive,positive,positive,positive,positive,gold_dev
578d1e37f9437d62,Tech,negative,neutral,neutral,neutral,neutral,
bc3b880103737096,Tech,neutral,neutral,neutral,neutral,neutral,
0c5417735975a1c1,Tech,neutral,neutral,neutral,neutral,neutral,
af42fbea865034c5,Tech,neutral,neutral,neutral,neutral,neutral,
874ddc7ddb7a21f4,Tech,negative,neutral,negative,negative,negative,
d33fae1eafcffe77,Tech,neutral,neutral,neutral,neutral,neutral,
70105df600f1f918,Tech,neutral,neutral,neutral,neutral,neutral,
f469ac2508d87df7,Tech,neutral,neutral,neutral,neutral,neutral,
e94da5eff8c0357a,Finance,neutral,neutral,neutral,neutral,neutral,gold_train
2174f1a3b0814efb,Public,neutral,neutral,neutral,neutral,neutral,gold_train
1ebf667d06998787,Tech,neutral,neutral,neutral,neutral,neutral,
4978894298f13db3,Finance,neutral,neutral,neutral,neutral,neutral,gold_dev
8bb5c8bac32c5e61,Tech,neutral,positive,neutral,neutral,neutral,
418419cb322c0762,Finance,neutral,neutral,neutral,neutral,neutral,gold_train
53892b5cde13c3cd,Tech,neutral,neutral,neutral,neutral,neutral,gold_test
c8a141a15b9a9963,Finance,neutral,neutral,neutral,neutral,neutral,gold_dev
04d62a7321da2b66,Tech,negative,negative,negative,negative,negative,
94b0a8b578e96a66,Tech,neutral,negative,neutral,neutral,neutral,
1d94268802bc65e8,Tech,neutral,negative,neutral,neutral,neutral,
f2dac576c04af584,Tech,neutral,neutral,neutral,neutral,neutral,
870fe533be274b2a,Tech,neutral,neutral,neutral,neutral,neutral,
0173d9a308adf377,Tech,negative,negative,negative,negative,negative,
3fe2e6b12209fca8,Tech,neutral,neutral,neutral,neutral,neutral,
61b3b88915e3ac46,Finance,neutral,neutral,neutral,neutral,neutral,gold_dev
b346f1d03ba18a3c,Tech,neutral,negative,neutral,neutral,neutral,
4a5ee1055d15f9ee,Tech,neutral,neutral,positive,neutral,neutral,
d7b5ee50ecbfa6cb,Tech,neutral,neutral,neutral,neutral,neutral,
d635ed44909e4312,Tech,neutral,neutral,neutral,neutral,neutral,
6bd4066e65d40273,Tech,neutral,neutral,neutral,neutral,neutral,
65e27617f5f30a05,Tech,negative,neutral,negative,negative,negative,
7fdb74db98ab49b4,Tech,positive,positive,positive,positive,positive,
9602bcb21c5ec3b0,Tech,neutral,neutral,neutral,neutral,neutral,
aa2f6d806fd0cfc7,Tech,neutral,neutral,neutral,neutral,neutral,gold_test
ae11b38e9c84aa20,Tech,neutral,neutral,neutral,neutral,neutral,
5806899e248764a9,Tech,neutral,neutral,positive,neutral,neutral,
e8e11b36ce0b75eb,Tech,neutral,neutral,neutral,neutral,neutral,
17250e45b2fff680,Tech,neutral,neutral,neutral,neutral,neutral,
80317450d49a8f8c,Finance,neutral,neutral,neutral,neutral,neutral,gold_dev
4251a5f763303b92,Tech,neutral,neutral,neutral,neutral,neutral,
86b00738b71c87c1,Tech,neutral,neutral,neutral,neutral,neutral,
f5bf2481132e9599,Retail,neutral,neutral,neutral,neutral,neutral,gold_dev
7f6b3b55e6a89884,Tech,positive,positive,positive,positive,positive,
73a4d9aa7dda00e1,Finance,neutral,neutral,neutral,neutral,neutral,gold_dev
5df012722e16fec8,Tech,positive,positive,positive,positive,positive,
07938f520de1e16c,Tech,neutral,neutral,negative,neutral,neutral,gold_dev
870a38b3211b1c81,Tech,neutral,negative,negative,negative,negative,
2aa7abde6531c35e,Tech,negative,neutral,negative,negative,negative,
238fe5289cc2ceeb,Tech,neutral,neutral,neutral,neutral,neutral,
bc9437473b4d599b,Tech,positive,negative,positive,positive,positive,
9a8055938b46969a,Tech,neutral,neutral,neutral,neutral,neutral,
dc1234a9f5c62bee,Tech,neutral,neutral,neutral,neutral,neutral,
7ff06c2a90ac8ee0,Tech,neutral,neutral,neutral,neutral,neutral,
8afccb470516f841,Tech,positive,positive,positive,positive,positive,
aafb73b6a650c1cd,Tech,positive,positive,positive,positive,positive,
469067835c1d24d5,Tech,neutral,neutral,neutral,neutral,neutral,
4f0e07295b344616,Tech,neutral,neutral,negative,neutral,neutral,
0bdfe3fe4a4a0e91,Tech,neutral,neutral,neutral,neutral,neutral,
68f8a0f8f88c8752,Tech,neutral,neutral,neutral,neutral,neutral,
87e3da0b35c76de7,Tech,positive,positive,positive,positive,positive,
0c26507e96c2849e,Tech,neutral,neutral,neutral,neutral,neutral,gold_dev
d5d552286775eca9,Tech,positive,negative,positive,positive,positive,
e00dbea98ae6840f,Tech,neutral,neutral,neutral,neutral,neutral,
d823481c49a96537,Tech,negative,negative,negative,negative,negative,
c172fdfd33da40dc,Tech,neutral,neutral,neutral,neutral,neutral,
c68737bac68fadd7,Tech,negative,negative,negative,negative,negative,
49a4ad9f5d3d4198,Finance,neutral,neutral,neutral,neutral,neutral,gold_test
1a9f5d8463ddecb5,Tech,neutral,neutral,neutral,neutral,neutral,
eb942dc8ac22fc4c,Finance,neutral,neutral,neutral,neutral,neutral,gold_test
a69b57f50a137ac3,Tech,negative,negative,positive,negative,negative,
9a5143d3699000e7,Tech,negative,neutral,neutral,neutral,neutral,
769524d0365c5632,Tech,neutral,neutral,neutral,neutral,neutral,
3dd151c1651f3b61,Tech,neutral,neutral,neutral,neutral,neutral,
8624e2169d744c88,Tech,neutral,neutral,neutral,neutral,neutral,
2bab1a60ed123596,Tech,neutral,neutral,positive,neutral,neutral,gold_test
f8625421c83d1fd0,Tech,neutral,positive,neutral,neutral,neutral,
69ca9e6489eec524,Tech,negative,negative,negative,negative,negative,
63eaba09c64f778f,Tech,negative,negative,negative,negative,negative,
d583ab57cd24a329,Tech,positive,neutral,neutral,neutral,neutral,
fc1b24362980ad05,Public,neutral,neutral,neutral,neutral,neutral,gold_dev
cbe9c75a9eb00116,Tech,positive,positive,positive,positive,positive,
85c9b4087df00169,Tech,negative,negative,negative,negative,negative,
d108805c8471b0da,Finance,neutral,neutral,positive,neutral,neutral,gold_train
c67782095b3705f9,Tech,negative,negative,negative,negative,negative,
83c383e0e8d2c939,Finance,neutral,positive,positive,positive,positive,gold_test
ed2387b2451aa617,Tech,neutral,neutral,neutral,neutral,neutral,
77edbe667f999923,Tech,positive,neutral,positive,positive,positive,
c3b17ef5fc6e7f6b,Tech,positive,negative,negative,negative,negative,
8e8e5bd0cb15a3f4,Tech,neutral,neutral,neutral,neutral,neutral,
fca99a132a960be5,Tech,neutral,neutral,neutral,neutral,neutral,
d1450a3dcc94157c,Tech,positive,positive,positive,positive,positive,
a56c51f1e54aa8e9,Public,positive,positive,positive,positive,positive,gold_test
908f4a778e173410,Tech,negative,negative,negative,negative,negative,
5526cd33a536df74,Tech,positive,positive,positive,positive,positive,
e0ce7fdd1307756e,Tech,neutral,positive,positive,positive,positive,
faee34365183a26f,Tech,positive,positive,positive,positive,positive,
0ae19fe96501cf34,Tech,positive,positive,positive,positive,positive,
9f1ee4131f41438e,Retail,neutral,neutral,neutral,neutral,neutral,gold_dev
f09ceafb28b37df0,Finance,neutral,neutral,neutral,neutral,neutral,gold_test
b6aa92259fb6ebe2,Tech,positive,positive,neutral,positive,positive,
eeb6fdcb66c549b3,Public,neutral,neutral,neutral,neutral,neutral,gold_test
8b03e32e6aa9bc9d,Public,neutral,neutral,neutral,neutral,neutral,gold_test
ba2a89bef88637f9,Public,neutral,neutral,neutral,neutral,neutral,gold_test
83084d35ad4dfa5c,Public,negative,negative,negative,negative,negative,gold_test
c2d7fa0d442b85a6,Public,neutral,neutral,neutral,neutral,neutral,gold_test
24e7e29a6b5f589b,Public,neutral,neutral,neutral,neutral,neutral,gold_test
5e979a3557d63052,Tech,positive,positive,positive,positive,positive,
a1ae27fa44746cfa,Tech,neutral,neutral,neutral,neutral,neutral,gold_test
91c7bb512409a30b,Tech,neutral,neutral,neutral,neutral,neutral,
ea9ce022db64eb2d,Tech,neutral,neutral,neutral,neutral,neutral,
d3068ac1d012989a,Tech,positive,neutral,neutral,neutral,neutral,
6ec4541678ce0f6d,Tech,neutral,neutral,neutral,neutral,neutral,
62e22b76ac75e705,Tech,neutral,neutral,neutral,neutral,neutral,
50a40800b675cf8f,Tech,positive,positive,positive,positive,positive,
27294be449479aa4,Tech,negative,negative,negative,negative,negative,
ff5da6cbad873d16,Public,neutral,positive,neutral,neutral,neutral,gold_train
298821203f783cd6,Tech,neutral,neutral,neutral,neutral,neutral,
a79a20da5428f534,Tech,neutral,neutral,neutral,neutral,neutral,
7698d7e54546aaf7,Tech,negative,negative,negative,negative,negative,
27fbd317e0acb381,Tech,negative,negative,neutral,negative,negative,
7ceef21b0b910972,Tech,neutral,neutral,neutral,neutral,neutral,
4aa0aefe24747a1e,Tech,neutral,neutral,neutral,neutral,neutral,
d26e22d057c9705c,Tech,positive,positive,positive,positive,positive,
e8e22242951fa232,Tech,neutral,neutral,neutral,neutral,neutral,
cecf848d18c288e0,Tech,negative,negative,negative,negative,negative,
64f98cb5ed28a9bb,Tech,neutral,neutral,neutral,neutral,neutral,
3a8c20b2148aa87a,Tech,negative,negative,negative,negative,negative,
6f59ef703ebf3d00,Tech,positive,positive,positive,positive,positive,
d53ae04ced11e107,Tech,positive,negative,positive,positive,positive,
06ccfbedaf28b5d5,Tech,neutral,neutral,positive,neutral,neutral,
f524695508f827f7,Tech,neutral,neutral,neutral,neutral,neutral,
413c69471006aab0,Tech,neutral,neutral,neutral,neutral,neutral,
9a70a3a0360b969e,Tech,positive,negative,negative,negative,negative,
227882152cca98da,Tech,neutral,negative,negative,negative,negative,
f6be09ba91f60d49,Public,neutral,neutral,neutral,neutral,neutral,gold_dev
9df5f4cbff857067,Tech,neutral,neutral,neutral,neutral,neutral,
f794b7652c4b5935,Tech,neutral,neutral,neutral,neutral,neutral,
6695219924826d36,Tech,neutral,neutral,neutral,neutral,neutral,
4c43b4f224369a23,Tech,neutral,neutral,neutral,neutral,neutral,
7c8471b0b8649867,Tech,negative,negative,negative,negative,negative,
3b4cd9b2a2632a28,Tech,negative,negative,negative,negative,negative,
8bc17f9b45455b6b,Tech,positive,positive,positive,positive,positive,
18dc28854e943a9b,Tech,neutral,neutral,neutral,neutral,neutral,
dba900c9fad2a75b,Tech,positive,neutral,neutral,neutral,neutral,
e28913176e83a2f0,Tech,negative,negative,negative,negative,negative,
0e44e2b2d64d0a31,Tech,negative,negative,negative,negative,negative,
3a1bc457938f48ff,Tech,positive,positive,positive,positive,positive,
5f36851372e8d685,Tech,neutral,neutral,neutral,neutral,neutral,
5007ae178712d71c,Tech,neutral,neutral,neutral,neutral,neutral,
fe4a94adb2b5a7bb,Tech,neutral,neutral,neutral,neutral,neutral,
4d889a8e16f3b338,Tech,negative,neutral,neutral,neutral,neutral,
f25fb07e34e2e0ea,Tech,neutral,neutral,neutral,neutral,neutral,
6fadbd901a1006cf,Tech,positive,positive,positive,positive,positive,
529b8459fca640d0,Tech,neutral,neutral,neutral,neutral,neutral,
aaf64e1d82931567,Tech,neutral,neutral,neutral,neutral,neutral,
532bc060ef4da65c,Tech,neutral,neutral,neutral,neutral,neutral,
e4e7161922c36785,Tech,negative,negative,negative,negative,negative,
8c8a5d7399241a4d,Tech,negative,negative,negative,negative,negative,
bee6553af5bd4f00,Tech,negative,negative,negative,negative,negative,
d68b59367ec68a10,Tech,neutral,negative,neutral,neutral,neutral,
b030e451478ab11d,Tech,positive,positive,positive,positive,positive,
c05fc05a710ff59b,Finance,neutral,neutral,neutral,neutral,neutral,gold_test
78433fa88991e3c1,Tech,neutral,neutral,neutral,neutral,neutral,gold_dev
dcf19520e6418d7d,Tech,positive,positive,positive,positive,positive,
4b1d7de2b8b5caca,Tech,negative,negative,negative,negative,negative,
04f6b716f37d439f,Tech,negative,negative,negative,negative,negative,
d2243485a9a962fc,Retail,neutral,neutral,neutral,neutral,neutral,gold_test
ecf6e86814fd208b,Public,neutral,neutral,neutral,neutral,neutral,gold_test
218dcaf50957cedc,Public,neutral,neutral,neutral,neutral,neutral,gold_train
3d951a6cd620bfcd,Tech,negative,neutral,neutral,neutral,neutral,
3e536547953a2192,Finance,positive,neutral,neutral,neutral,neutral,gold_dev
d5b64ef9fb473e9c,Finance,neutral,neutral,neutral,neutral,neutral,gold_dev
a914a4a60ef6fe80,Tech,neutral,neutral,neutral,neutral,neutral,
bc9132882e217142,Tech,neutral,neutral,neutral,neutral,neutral,
0607b06bc4ae090b,Tech,positive,positive,positive,positive,positive,
31beb274d4959ce2,Tech,positive,positive,positive,positive,positive,
ec8b4680791ed7f4,Tech,neutral,neutral,neutral,neutral,neutral,gold_test
bac6db510740d83e,Tech,neutral,neutral,neutral,neutral,neutral,
f3b45a1a2fe83833,Tech,negative,negative,negative,negative,negative,
2d13b8ca5d5cbbe1,Tech,neutral,neutral,neutral,neutral,neutral,
3856b7a228039436,Public,neutral,neutral,neutral,neutral,neutral,gold_train
91596c60cfb892fb,Finance,neutral,negative,neutral,neutral,neutral,gold_test
26cf7c8abd183d06,Tech,neutral,neutral,neutral,neutral,neutral,
53971d4cf52a57c5,Tech,neutral,positive,neutral,neutral,neutral,
353b08508d5d6d7b,Tech,neutral,neutral,neutral,neutral,neutral,
cd23047e30129724,Tech,negative,negative,neutral,negative,negative,
0adec618f33dae29,Retail,neutral,neutral,neutral,neutral,neutral,gold_test
533bcfe425b76559,Tech,positive,positive,positive,positive,positive,
bb7ea4f70d855c8a,Tech,neutral,neutral,neutral,neutral,neutral,gold_dev
160a2e9263f981d4,Tech,neutral,neutral,neutral,neutral,neutral,
6e2683b49573fe70,Retail,negative,negative,negative,negative,negative,gold_test
8b1aaa522ef08cf3,Tech,positive,positive,positive,positive,positive,
26179d5c0802b32e,Tech,negative,negative,negative,negative,negative,
2d5e02d67af318b0,Tech,neutral,neutral,neutral,neutral,neutral,
48ca930a49f8a28f,Finance,neutral,neutral,neutral,neutral,neutral,gold_dev
b0bcc884f1ca58d6,Finance,neutral,neutral,neutral,neutral,neutral,gold_dev
d7d65cf024e62fb4,Tech,negative,negative,negative,negative,negative,
83a97418de0dd44e,Tech,negative,negative,negative,negative,negative,
d2b00977e5b43526,Tech,positive,negative,positive,positive,positive,
8bc1be37f3d8032b,Finance,neutral,neutral,neutral,neutral,neutral,gold_dev
e843ea0ce1ccffda,Public,neutral,neutral,neutral,neutral,neutral,gold_train
fdfe0ba676a86dd5,Tech,positive,positive,positive,positive,positive,
566ee7c5f55b1807,Tech,negative,negative,negative,negative,negative,
07813437d7e04699,Public,negative,neutral,neutral,neutral,neutral,gold_train
695ca4120b0da0d4,Tech,neutral,neutral,neutral,neutral,neutral,
b4efe8a3b2e8818a,Finance,neutral,neutral,neutral,neutral,neutral,gold_dev
d3b5e092c5df2597,Tech,neutral,neutral,neutral,neutral,neutral,
e5972f34fa975cb3,Tech,neutral,neutral,neutral,neutral,neutral,
4ce1e8d83c9ae5c0,Tech,neutral,neutral,neutral,neutral,neutral,
08669bb324b540ff,Tech,positive,positive,neutral,positive,positive,
83bdc5de8eaed9ff,Tech,negative,positive,positive,positive,positive,
f487790a0b8cde0f,Tech,neutral,neutral,neutral,neutral,neutral,
da50a9f3fff1229f,Tech,neutral,neutral,neutral,neutral,neutral,
a5ba147468b0b1f5,Tech,negative,negative,negative,negative,negative,
0bef2feb6eb2ae96,Tech,positive,positive,positive,positive,positive,gold_test
70e227edd910e8af,Tech,neutral,neutral,neutral,neutral,neutral,
970ba51069931b47,Finance,neutral,neutral,neutral,neutral,neutral,gold_test
c45bbdf90ba6b149,Tech,neutral,neutral,neutral,neutral,neutral,
8bf1968564c31d86,Tech,neutral,negative,negative,negative,negative,
71f4a5f1eedda974,Finance,neutral,neutral,neutral,neutral,neutral,gold_dev
4d0200b265813783,Tech,negative,negative,negative,negative,negative,
3992bb6e6a512a6d,Tech,neutral,neutral,neutral,neutral,neutral,gold_dev
fed9aa7fac5401f3,Tech,positive,positive,positive,positive,positive,
6bb885abee720ed7,Tech,neutral,neutral,positive,neutral,neutral,
7522517f4ac74d2a,Tech,neutral,negative,neutral,neutral,neutral,
3ad9b1054b303fe9,Tech,neutral,neutral,neutral,neutral,neutral,
ff49c269c7d32a68,Tech,positive,positive,negative,positive,positive,
708bdb5b366842c0,Tech,neutral,neutral,neutral,neutral,neutral,
1301ac7b628902aa,Tech,neutral,neutral,neutral,neutral,neutral,
23983fbf37e6896f,Finance,neutral,neutral,neutral,neutral,neutral,gold_train
7262774a9fb6dba6,Public,neutral,neutral,neutral,neutral,neutral,gold_dev
5997cd398e5f79c5,Tech,negative,negative,negative,negative,negative,
af8395bd88ada711,Tech,neutral,neutral,neutral,neutral,neutral,
761e84d587cf3068,Finance,negative,negative,positive,negative,negative,gold_test
e26d44e42f24f890,Finance,positive,positive,positive,positive,positive,gold_test
fb64c8eb3e0da4a0,Tech,negative,positive,positive,positive,positive,
cb6ca1de0b2887b0,Tech,neutral,neutral,neutral,neutral,neutral,
8a240f4df0cfd644,Tech,neutral,neutral,neutral,neutral,neutral,
362abcffb5d7f6ce,Tech,negative,neutral,neutral,neutral,neutral,gold_dev
9bad3c82e93bbfb8,Tech,neutral,neutral,neutral,neutral,neutral,gold_dev
5adeb2dbcc6c065e,Tech,neutral,neutral,neutral,neutral,neutral,
a305c8dec175afaa,Tech,positive,positive,positive,positive,positive,
b73bd6499507a075,Tech,negative,negative,negative,negative,negative,
e87b59dbc687777a,Tech,neutral,neutral,neutral,neutral,neutral,
6450b76f17ecba0f,Tech,negative,negative,negative,negative,negative,
51e99fcf35b866b5,Tech,positive,positive,positive,positive,positive,
ba70d9ecbd55ad7a,Tech,negative,negative,negative,negative,negative,
83845f5294878d4d,Tech,negative,negative,neutral,negative,negative,
a716d395817fb076,Tech,negative,negative,positive,negative,negative,
46b09e28f6a14aed,Tech,neutral,neutral,neutral,neutral,neutral,
7e11572db1071201,Tech,negative,negative,negative,negative,negative,
a8cffb5ba614da68,Tech,positive,positive,positive,positive,positive,
a4119a2258b91262,Tech,neutral,neutral,neutral,neutral,neutral,
3d37dc4160114b04,Tech,negative,negative,negative,negative,negative,
7b6a9ca7fed72e90,Tech,neutral,neutral,negative,neutral,neutral,gold_test
f23348784a37064b,Tech,positive,neutral,positive,positive,positive,
c5880a51d82d9ae3,Tech,positive,negative,negative,negative,negative,
907f5d3e89f4f93e,Tech,neutral,neutral,neutral,neutral,neutral,
fcf12087f1334d08,Tech,neutral,neutral,neutral,neutral,neutral,
fd0f2ece76bc99b0,Tech,negative,negative,negative,negative,negative,
3235a3d9c5437b1f,Retail,neutral,neutral,neutral,neutral,neutral,gold_test
9e2f2f2306830eb6,Tech,neutral,neutral,neutral,neutral,neutral,
286c126e06c669a2,Tech,negative,negative,negative,negative,negative,
fc9e5e8f84cc39ab,Tech,neutral,neutral,neutral,neutral,neutral,
2e5060e2b63f0b00,Tech,neutral,positive,neutral,neutral,neutral,
29d564023e2c16b1,Retail,neutral,neutral,neutral,neutral,neutral,gold_dev
4f03cf447ca0bf7d,Tech,negative,negative,negative,negative,negative,
05c11d8c517126bc,Tech,neutral,neutral,neutral,neutral,neutral,
8936f664d8485509,Tech,positive,positive,positive,positive,positive,
77c7f4ee60a4d6d2,Finance,negative,neutral,neutral,neutral,neutral,gold_test
68a51d462c5485bb,Finance,neutral,neutral,negative,neutral,neutral,gold_test
4a2739a61dcff238,Public,neutral,neutral,neutral,neutral,neutral,gold_test
e160d31c53747139,Public,positive,neutral,neutral,neutral,neutral,gold_test
b1702326c67637af,Finance,neutral,neutral,neutral,neutral,neutral,gold_test
62a0205c93bd323e,Tech,negative,negative,negative,negative,negative,
5b7258cdee31ebe4,Tech,positive,positive,positive,positive,positive,
22dc665a914dd278,Finance,neutral,neutral,neutral,neutral,neutral,gold_train
25ddcf1013a40039,Tech,negative,negative,negative,negative,negative,
c953bc9703caeb56,Tech,positive,positive,positive,positive,positive,gold_test
0f175683b67b346a,Tech,positive,positive,positive,positive,positive,
be7cecc020d6fe4e,Tech,negative,negative,negative,negative,negative,
c378a47606c777b5,Tech,negative,neutral,negative,negative,negative,
86b64f29a40d9a57,Tech,negative,negative,negative,negative,negative,
5283c6b51bb62769,Tech,neutral,neutral,neutral,neutral,neutral,
a01042dedf3aa4c3,Tech,neutral,neutral,positive,neutral,neutral,
44604fc12e5f2c1a,Tech,negative,negative,negative,negative,negative,
eaea517b5bd3f532,Tech,neutral,neutral,neutral,neutral,neutral,
a63b7c8ad9721f26,Tech,negative,negative,neutral,negative,negative,
d4e242358ce731e3,Tech,neutral,neutral,neutral,neutral,neutral,
ce08678de8f367a3,Tech,neutral,neutral,neutral,neutral,neutral,
cd34ce61c090c010,Tech,neutral,neutral,neutral,neutral,neutral,
9da3773dc949a6df,Tech,positive,positive,positive,positive,positive,
3e1c59f38c395a43,Finance,neutral,neutral,neutral,neutral,neutral,gold_dev
7c1c8754c43421ab,Finance,neutral,neutral,neutral,neutral,neutral,gold_dev
f6d67d5186154932,Tech,positive,positive,positive,positive,positive,
50fee39c15947bcc,Tech,neutral,neutral,neutral,neutral,neutral,
bd62fa9537de9d20,Tech,negative,negative,negative,negative,negative,
96771f017fb64c47,Tech,negative,negative,negative,negative,negative,
7a11239c4ae5f435,Tech,negative,negative,negative,negative,negative,
2afd46714bbc2ffc,Tech,positive,positive,negative,positive,positive,
69bf6cb74bc311f3,Tech,neutral,neutral,neutral,neutral,neutral,
a304a8484b930230,Tech,neutral,neutral,neutral,neutral,neutral,gold_train
9f87936f6acc2358,Tech,neutral,neutral,neutral,neutral,neutral,
02fb2cccbf37559c,Tech,neutral,neutral,neutral,neutral,neutral,
ad46e0c238c9bdf9,Tech,negative,positive,negative,negative,negative,
d31ed02e75322130,Tech,neutral,neutral,neutral,neutral,neutral,
83c559607a0c69d1,Tech,neutral,neutral,positive,neutral,neutral,
7945cd2b52ab7358,Tech,positive,positive,positive,positive,positive,
7c04cbde37b1df6f,Tech,neutral,negative,neutral,neutral,neutral,
0849ffc1a2cffa3c,Tech,neutral,neutral,neutral,neutral,neutral,
8621c569ca20131c,Tech,positive,positive,positive,positive,positive,
f999096eb7586141,Tech,neutral,neutral,neutral,neutral,neutral,
5b7bc609979b26fe,Tech,negative,neutral,negative,negative,negative,
58a4ad4b3f8eb0ef,Tech,neutral,neutral,neutral,neutral,neutral,
409a04cccfa197d7,Tech,positive,positive,positive,positive,positive,
1721cbd450d2f621,Tech,positive,positive,positive,positive,positive,
5c4d1d60bb89a0d3,Tech,positive,positive,positive,positive,positive,
60e389eef75e8d01,Tech,positive,positive,positive,positive,positive,
c717c29e5deaea1d,Tech,positive,positive,positive,positive,positive,
978838a8166c9f90,Tech,negative,positive,positive,positive,positive,
3e69b935cf4a31bd,Tech,neutral,neutral,neutral,neutral,neutral,
65b1fbd3099edd5f,Tech,neutral,neutral,neutral,neutral,neutral,
7e7f2779cb49537e,Finance,neutral,neutral,neutral,neutral,neutral,gold_test
d57bdcf755741040,Tech,negative,positive,positive,positive,positive,
ed1a187bbe7a3cfd,Retail,neutral,neutral,neutral,neutral,neutral,gold_test
05e30101b27faa84,Tech,positive,negative,negative,negative,negative,
03820c155c7e30e6,Tech,neutral,neutral,neutral,neutral,neutral,
f2bb829134938cdd,Tech,neutral,neutral,neutral,neutral,neutral,
9aaeb292c7ceafe0,Tech,positive,positive,positive,positive,positive,
e43c24b7c65f315f,Tech,negative,neutral,negative,negative,negative,
f6cdd2d7b7410c11,Tech,positive,positive,positive,positive,positive,
c83a859ac2556a94,Tech,negative,negative,negative,negative,negative,
1c6aaf37d5ab1100,Tech,positive,neutral,neutral,neutral,neutral,
580b0915ec10a48f,Tech,negative,negative,negative,negative,negative,
260c42867374ca9c,Tech,neutral,neutral,neutral,neutral,neutral,
4a856f76f9f68529,Tech,neutral,positive,neutral,neutral,neutral,
b7006ef6c5d86cf7,Tech,positive,positive,positive,positive,positive,
02cef6d17515d038,Tech,neutral,neutral,neutral,neutral,neutral,
6cfba53e84dca773,Tech,neutral,neutral,neutral,neutral,neutral,gold_test
52303809ac834fe1,Tech,negative,neutral,neutral,neutral,neutral,gold_test
279c5eb166226591,Retail,neutral,neutral,neutral,neutral,neutral,gold_test
b7a62678cdff371e,Tech,positive,positive,positive,positive,positive,
c6d3ce552cedb471,Tech,positive,positive,positive,positive,positive,
02b17fd899c8508f,Tech,positive,negative,negative,negative,negative,
3bd73aef9899deb6,Tech,negative,negative,negative,negative,negative,
89c1ef2dff156f42,Finance,neutral,neutral,neutral,neutral,neutral,gold_test
e5b2e160c640d2f0,Tech,negative,negative,negative,negative,negative,
b8042d374a501a20,Tech,negative,negative,negative,negative,negative,
2c528985447c5572,Tech,positive,neutral,neutral,neutral,neutral,
e0d9a8061f2dfa31,Finance,neutral,neutral,neutral,neutral,neutral,gold_train
36997b10e29f3b59,Finance,neutral,neutral,neutral,neutral,neutral,gold_train
833ec7ab0a2a3d7f,Tech,positive,positive,positive,positive,positive,
d04630917c758817,Tech,neutral,neutral,neutral,neutral,neutral,
1ceace6ab9373201,Retail,neutral,negative,neutral,neutral,neutral,gold_dev
9d18980991bcb9d4,Tech,neutral,neutral,neutral,neutral,neutral,
15349fc6635f6858,Finance,neutral,neutral,neutral,neutral,neutral,gold_test
26f74bd8d0179558,Finance,neutral,neutral,neutral,neutral,neutral,gold_dev
81f772eeee4320b3,Tech,positive,positive,positive,positive,positive,
15b0e9047364c34e,Tech,negative,negative,negative,negative,negative,
1682fb21810de702,Tech,neutral,negative,neutral,neutral,neutral,
b0e92c92885a3f9e,Finance,neutral,neutral,neutral,neutral,neutral,gold_dev
3848bd39ca76f9fd,Tech,neutral,neutral,neutral,neutral,neutral,
329aecdf014be5e1,Finance,neutral,neutral,neutral,neutral,neutral,gold_test
9ca6f99e6dc0e058,Finance,neutral,neutral,neutral,neutral,neutral,gold_dev
8bbc73dc338b9674,Tech,positive,positive,positive,positive,positive,gold_dev
c80367bd4cdcab16,Retail,neutral,positive,neutral,neutral,neutral,gold_dev
97861f4f75a6e021,Retail,neutral,neutral,neutral,neutral,neutral,gold_test
164ac685e87ddf77,Tech,neutral,neutral,neutral,neutral,neutral,
d9706eb9b5ce5b7e,Finance,neutral,neutral,positive,neutral,neutral,gold_train
ee3364dce42d939a,Tech,neutral,neutral,neutral,neutral,neutral,
2a2b177aa4ea4811,Tech,negative,negative,negative,negative,negative,
e82c6fd2eb089c9e,Tech,neutral,negative,neutral,neutral,neutral,
37c82102953107cd,Tech,negative,negative,negative,negative,negative,
1bf34be12d3a259e,Retail,neutral,neutral,neutral,neutral,neutral,gold_test
cf30af5e58c4113d,Tech,positive,positive,positive,positive,positive,
705890869a9b49ae,Tech,neutral,neutral,neutral,neutral,neutral,gold_test
8a29583936074666,Tech,neutral,neutral,neutral,neutral,neutral,
8c2ba18faa8211d8,Tech,negative,negative,negative,negative,negative,
b4cd34e807b82edf,Tech,neutral,neutral,neutral,neutral,neutral,
0929e24fd46402f7,Tech,negative,negative,negative,negative,negative,gold_test
8f311c1870144acb,Tech,positive,positive,positive,positive,positive,
80a8f36e689ed267,Tech,neutral,neutral,neutral,neutral,neutral,
bbeb056a876e4bba,Tech,neutral,neutral,neutral,neutral,neutral,
e46ed54759fe903f,Tech,neutral,neutral,neutral,neutral,neutral,
cfc3f4557fdde5c2,Tech,negative,positive,negative,negative,negative,
35b64556df156054,Tech,negative,negative,negative,negative,negative,
0df9ccd09939c83c,Tech,neutral,neutral,neutral,neutral,neutral,
5c7ff27f76f65c1b,Tech,neutral,neutral,neutral,neutral,neutral,
b931ef0d4b4d208d,Tech,negative,negative,negative,negative,negative,
7a6e8699385d0bb2,Retail,positive,positive,positive,positive,positive,gold_test
c6ac1d84e0e2d531,Tech,neutral,neutral,neutral,neutral,neutral,
624432a742086a95,Tech,neutral,neutral,neutral,neutral,neutral,
2438e1689c825ce3,Tech,neutral,neutral,neutral,neutral,neutral,
dc6844ed1fbf42e8,Tech,positive,neutral,neutral,neutral,neutral,
867c6bd122d26a32,Tech,neutral,neutral,neutral,neutral,neutral,
9b0f8f20cf26f6aa,Finance,positive,neutral,neutral,neutral,neutral,gold_test
ea1760a78e1dc1b1,Tech,neutral,neutral,negative,neutral,neutral,
3909052d6f13ae4b,Tech,neutral,neutral,neutral,neutral,neutral,gold_test
f8317c82d87ad7c0,Finance,neutral,neutral,neutral,neutral,neutral,gold_train
daf7a45e64b803e4,Tech,negative,negative,negative,negative,negative,
efbbcb1e43cce60a,Tech,neutral,neutral,neutral,neutral,neutral,
86548eece5ab8c6b,Tech,neutral,neutral,neutral,neutral,neutral,
d339c57212068bf2,Tech,neutral,neutral,neutral,neutral,neutral,
44f09252a99c7dc6,Tech,neutral,neutral,neutral,neutral,neutral,
038a186bf091b0f3,Tech,positive,negative,positive,positive,positive,
31043d4cb7892078,Tech,positive,positive,positive,positive,positive,
23c6e3144502a102,Tech,neutral,neutral,neutral,neutral,neutral,
68b64f052a43d07d,Finance,negative,neutral,neutral,neutral,neutral,gold_test
a69bfaec346e4260,Tech,negative,negative,negative,negative,negative,
804577f0afbe0ca4,Tech,neutral,neutral,neutral,neutral,neutral,
6f50f0e6c5296701,Tech,neutral,neutral,neutral,neutral,neutral,
05d38cd022ea2f7b,Tech,positive,positive,positive,positive,positive,
b40f8094c9bb59a6,Finance,neutral,neutral,neutral,neutral,neutral,gold_dev
3ce9a058a4bc2b5b,Tech,positive,negative,negative,negative,negative,gold_dev
2f769e6ce7866ae6,Finance,neutral,neutral,positive,neutral,neutral,gold_dev
7e154cb2b97de2fa,Finance,neutral,neutral,neutral,neutral,neutral,gold_train
efe68354e208683d,Tech,positive,negative,positive,positive,positive,
72002557153921d3,Tech,neutral,neutral,neutral,neutral,neutral,
d9939ec56b62bd4f,Tech,positive,positive,positive,positive,positive,
18b93c6e95013af3,Tech,neutral,neutral,neutral,neutral,neutral,
014210d8bb5d8e6a,Tech,neutral,neutral,neutral,neutral,neutral,
3f2050e0162b197c,Tech,negative,negative,positive,negative,negative,
633ccd5f77e86323,Tech,neutral,neutral,neutral,neutral,neutral,
075bac7f49ca0ba7,Tech,neutral,neutral,neutral,neutral,neutral,
fc75e3265f23c5e0,Tech,neutral,neutral,neutral,neutral,neutral,
7cb4a978a495bc0b,Tech,neutral,neutral,neutral,neutral,neutral,
6f5bb2017b4bef26,Tech,neutral,neutral,neutral,neutral,neutral,
ae24dc778917fde7,Tech,negative,neutral,neutral,neutral,neutral,
e134fb200be31d31,Tech,neutral,neutral,neutral,neutral,neutral,
2e3d6ebc169c3860,Tech,neutral,neutral,neutral,neutral,neutral,
fa79afd668ee8eb8,Tech,neutral,neutral,neutral,neutral,neutral,
b840004772d70560,Finance,neutral,neutral,neutral,neutral,neutral,gold_test
b142c5091712b116,Tech,neutral,neutral,neutral,neutral,neutral,
9aac7b1b1e8ff6aa,Tech,negative,negative,negative,negative,negative,
78d1e77e3ced869b,Public,neutral,neutral,neutral,neutral,neutral,gold_dev
a6c2e50556310442,Public,neutral,neutral,neutral,neutral,neutral,gold_dev
a4b0c30d7e89b7f2,Tech,neutral,neutral,positive,neutral,neutral,
a006c87c965348a4,Tech,neutral,neutral,neutral,neutral,neutral,
56ba94b3e5d69ef5,Tech,negative,positive,negative,negative,negative,
b73e5dd33e19c0af,Finance,neutral,neutral,neutral,neutral,neutral,gold_dev
e2b8c1a0ba4af379,Tech,neutral,neutral,neutral,neutral,neutral,
deac6d684c5820b9,Tech,negative,negative,negative,negative,negative,
de2b92732dceed00,Tech,neutral,neutral,neutral,neutral,neutral,gold_test
5a6734fc5e5d9ce5,Tech,positive,positive,positive,positive,positive,
3bdaecee444c36dc,Tech,neutral,neutral,neutral,neutral,neutral,
aee823cce075d86e,Tech,neutral,neutral,neutral,neutral,neutral,
0c82e1fa4b6ac4f5,Tech,neutral,neutral,neutral,neutral,neutral,
f80a06870f666828,Tech,neutral,neutral,neutral,neutral,neutral,
42e6d67206dc9c8a,Tech,positive,positive,positive,positive,positive,
43e1883fceee1881,Tech,positive,negative,negative,negative,negative,
d7c77b9788a85f89,Tech,neutral,neutral,neutral,neutral,neutral,
cb47dc90fc7b12d5,Tech,neutral,neutral,neutral,neutral,neutral,
3b4a2e1215ba4f58,Tech,neutral,neutral,neutral,neutral,neutral,
6247642f6b4ba9ff,Tech,neutral,neutral,neutral,neutral,neutral,
345397ef1e617cf3,Tech,negative,negative,negative,negative,negative,
6f2589e16e1eb4e5,Public,neutral,neutral,neutral,neutral,neutral,gold_dev
2cef2d9248caa53d,Finance,neutral,neutral,neutral,neutral,neutral,gold_test
5b1495718f01637d,Finance,neutral,neutral,neutral,neutral,neutral,gold_test
c36c95b856740e65,Finance,neutral,neutral,neutral,neutral,neutral,gold_test
94c2c04e4efe5d73,Finance,neutral,neutral,neutral,neutral,neutral,gold_test
900ea36d61779e62,Tech,neutral,neutral,neutral,neutral,neutral,gold_dev
27cf240fddf9f2a9,Tech,negative,negative,negative,negative,negative,
4e0f043ec04516c5,Tech,neutral,neutral,neutral,neutral,neutral,
1fe26c5dd0dae373,Tech,neutral,positive,neutral,neutral,neutral,
cad1481905fc1d2c,Tech,neutral,neutral,neutral,neutral,neutral,
67ed65880133095f,Tech,positive,neutral,positive,positive,positive,
06b3e91a2b60444a,Tech,neutral,neutral,neutral,neutral,neutral,
6ed2b3b5f22b9406,Finance,positive,neutral,neutral,neutral,neutral,gold_dev
9be379f0afbcfb48,Retail,positive,neutral,positive,positive,positive,gold_test
ac06e8d72470f575,Tech,neutral,neutral,neutral,neutral,neutral,
93d4e5cc654f0360,Retail,neutral,positive,neutral,neutral,neutral,gold_test
66504b170b74571f,Retail,positive,positive,positive,positive,positive,gold_test
b84859652f6f20b7,Tech,neutral,neutral,neutral,neutral,neutral,
0943fc3d67851cd8,Tech,positive,positive,positive,positive,positive,
9f0fdad7891d8f4d,Public,neutral,neutral,neutral,neutral,neutral,gold_train
bb96eb424b0aca6f,Finance,positive,positive,positive,positive,positive,gold_test
f520eda9dcaa2401,Tech,positive,positive,positive,positive,positive,
28148d38e8346288,Tech,positive,neutral,positive,positive,positive,
514f477db2068474,Tech,neutral,neutral,neutral,neutral,neutral,
7e60041b18bbbdb5,Tech,neutral,neutral,neutral,neutral,neutral,
d7908fce939977bf,Tech,positive,positive,positive,positive,positive,
d9ec3e9b296a6538,Tech,positive,positive,positive,positive,positive,
7895c253bcf82504,Tech,positive,positive,positive,positive,positive,
8f7d9903889d1500,Tech,neutral,neutral,neutral,neutral,neutral,
0798030db14c3dfa,Public,neutral,neutral,neutral,neutral,neutral,gold_dev
39b736885704480c,Finance,neutral,neutral,neutral,neutral,neutral,gold_train
9cc58256558198a5,Tech,neutral,neutral,neutral,neutral,neutral,
dba70b8e4eb9dee6,Tech,positive,positive,positive,positive,positive,
94fcb9107c9ef1e3,Tech,positive,positive,positive,positive,positive,
e41f6a4f56bdc618,Finance,positive,negative,positive,positive,positive,gold_test
bd019e52d4dec8d9,Retail,neutral,positive,neutral,neutral,neutral,gold_dev
ae507fc9372a3e30,Tech,neutral,neutral,neutral,neutral,neutral,
03ea5b2f799b5e09,Tech,positive,positive,positive,positive,positive,
0fc6543047f9bed2,Tech,neutral,neutral,negative,neutral,neutral,
0ca1ced5473554fc,Tech,positive,positive,positive,positive,positive,
771046bd83f82381,Retail,positive,positive,positive,positive,positive,gold_test
acae5f8499e965f8,Finance,neutral,neutral,positive,neutral,neutral,gold_dev
98c01f5ba559f969,Retail,neutral,neutral,neutral,neutral,neutral,gold_test
24ad34b51f7510dd,Tech,neutral,neutral,positive,neutral,neutral,
e0b2234eef61712e,Retail,neutral,neutral,neutral,neutral,neutral,gold_dev
20ca717a74d38f97,Finance,neutral,neutral,negative,neutral,neutral,gold_test
08fe8bb52a815737,Finance,neutral,neutral,neutral,neutral,neutral,gold_test
7dcd9a491332563a,Tech,neutral,neutral,neutral,neutral,neutral,gold_train
bf10794b7670b01c,Tech,positive,positive,positive,positive,positive,
cbf71ca0a6c65018,Tech,neutral,neutral,positive,neutral,neutral,
f54e535362f9d471,Tech,negative,negative,negative,negative,negative,
5621369a8aaa2f3e,Tech,neutral,neutral,neutral,neutral,neutral,
8066e2fdc3d8a09e,Tech,neutral,neutral,neutral,neutral,neutral,gold_train
5c6eff3d566fd84d,Tech,negative,negative,negative,negative,negative,
9e05611562f5d8dd,Tech,positive,positive,positive,positive,positive,gold_test
8bc4048346c4198f,Tech,positive,positive,positive,positive,positive,
4d84687f5f7d2f7e,Tech,positive,negative,positive,positive,positive,
ba911df16b0d6bc7,Finance,neutral,neutral,neutral,neutral,neutral,gold_dev
21396bee0d4d59ea,Tech,neutral,positive,positive,neutral,neutral,
c1dd0964ff89b629,Tech,negative,negative,negative,negative,negative,
4e983d3691e2fbf4,Tech,negative,negative,negative,negative,negative,
b82048ec5bf71ace,Tech,positive,negative,negative,negative,negative,
c89ffcfbfbf854e6,Tech,positive,positive,positive,positive,positive,
df9f493b78f636db,Tech,neutral,neutral,neutral,neutral,neutral,
e1b2643024a1c850,Tech,positive,positive,negative,positive,positive,
014107a7bd9fa226,Public,neutral,neutral,neutral,neutral,neutral,gold_train
d8a3d2678e99dfc5,Tech,neutral,neutral,neutral,neutral,neutral,
c0dfd4d397579ece,Tech,negative,negative,negative,negative,negative,
d5fa95e1b3017c75,Tech,positive,neutral,neutral,positive,positive,
3ac06c403ed95f78,Tech,neutral,neutral,neutral,neutral,neutral,
167fa885be98f838,Tech,neutral,neutral,neutral,neutral,neutral,
f34659ad9e827d8c,Tech,positive,positive,positive,positive,positive,
670ea7f81ce5ce85,Tech,positive,positive,neutral,positive,positive,
361b28a4c587aaab,Tech,neutral,neutral,positive,neutral,neutral,
2ba596477866818b,Tech,positive,positive,neutral,positive,positive,
ef167908a0bc29ee,Tech,negative,negative,negative,negative,negative,
787ff9ae833dc1ba,Tech,neutral,positive,neutral,neutral,neutral,
a8a8151a73f67aca,Tech,neutral,neutral,neutral,neutral,neutral,
0b9fdb80e125ea5d,Finance,neutral,negative,neutral,neutral,neutral,gold_train
2cd090cb8f882e75,Tech,negative,negative,negative,negative,negative,
c0070634a357ebcd,Public,neutral,neutral,neutral,neutral,neutral,gold_test
d8d2593b2a53a14f,Tech,positive,positive,positive,positive,positive,
612468167446d419,Finance,neutral,neutral,neutral,neutral,neutral,gold_train
23e88f48c5127fe2,Tech,neutral,positive,neutral,neutral,neutral,gold_train
6f0ee025dc5d4a25,Finance,negative,negative,negative,negative,negative,gold_test
7611e956743ff90d,Tech,positive,positive,positive,positive,positive,
3c5c2764cd94f8ec,Tech,neutral,positive,neutral,positive,positive,
346f9671c919e9c1,Tech,positive,positive,positive,positive,positive,
3b5a34441168c283,Tech,positive,positive,positive,positive,positive,
c8ec2dc38363503d,Tech,positive,positive,positive,positive,positive,
0208f6e5bf439969,Tech,neutral,positive,positive,positive,positive,
3f5e733cf85c39dd,Tech,neutral,positive,neutral,neutral,neutral,
331ae46d032dabd5,Tech,neutral,neutral,neutral,neutral,neutral,
a434a45bc8f09a1c,Tech,positive,positive,positive,positive,positive,
27414d899898e7a4,Tech,neutral,neutral,neutral,neutral,neutral,
d04022908eda2db3,Finance,neutral,neutral,neutral,neutral,neutral,gold_test
7e1a8138eec2a907,Tech,positive,positive,positive,positive,positive,
c82aa986af29915d,Social,positive,positive,positive,positive,positive,gold_test
084bb227b61adc9b,Tech,negative,negative,negative,negative,negative,
c3f78734d8e65893,Social,neutral,neutral,neutral,neutral,neutral,gold_dev
225146594f66b2f4,Tech,negative,negative,negative,negative,negative,
12fa391ae2c7011c,Tech,positive,positive,positive,positive,positive,
660f82deb7f3b77e,Tech,neutral,neutral,neutral,neutral,neutral,
5d9e20cd332c66e3,Finance,neutral,negative,neutral,neutral,neutral,gold_train
db79c729f0b4244c,Tech,negative,negative,neutral,neutral,neutral,
3c7a21d9e0a62048,Public,neutral,neutral,neutral,neutral,neutral,gold_train
4fcac09e81a43131,Public,neutral,neutral,neutral,neutral,neutral,gold_dev
4df7e0a885578c46,Tech,neutral,neutral,neutral,neutral,neutral,
a6ae1515348d36a8,Tech,neutral,neutral,neutral,neutral,neutral,
180856255071f41d,Finance,neutral,neutral,neutral,neutral,neutral,gold_test
5d3ed150d9a2fb29,Tech,negative,negative,negative,negative,negative,
3b2b4adba074a4ca,Tech,neutral,neutral,neutral,neutral,neutral,
d9edc359673dcbef,Tech,neutral,neutral,neutral,neutral,neutral,
ce0a1d2a13d72de8,Tech,negative,positive,positive,positive,positive,
a5703ea97406860f,Tech,neutral,neutral,neutral,neutral,neutral,
23470d301259cc9e,Finance,neutral,neutral,neutral,neutral,neutral,gold_test
894f444c758aa947,Finance,neutral,neutral,neutral,neutral,neutral,gold_test
cd48b96eb532fea3,Public,neutral,neutral,neutral,neutral,neutral,gold_test
fd87af8c33a6aaa8,Tech,neutral,neutral,neutral,neutral,neutral,
8858fd41d3ddd07b,Tech,neutral,positive,neutral,neutral,neutral,
db22ac23d76bb888,Tech,negative,negative,negative,negative,negative,
b203bdb3063582ff,Tech,neutral,neutral,neutral,neutral,neutral,
f50668b7d9f31160,Tech,neutral,neutral,positive,neutral,neutral,
c0e8ed6656adb59c,Tech,positive,neutral,neutral,neutral,neutral,
8e42005d1909a76f,Tech,negative,negative,negative,negative,negative,
8f25beae916f0a10,Tech,neutral,neutral,neutral,neutral,neutral,
9d9bb3156c7b0ec9,Tech,neutral,neutral,neutral,neutral,neutral,
905b01ecd552bca9,Tech,neutral,neutral,neutral,neutral,neutral,gold_dev
6d1ae325d31b681f,Tech,neutral,neutral,neutral,neutral,neutral,
96e88a910aa46a4a,Tech,neutral,neutral,neutral,neutral,neutral,
7ddf962c8f2bfd7c,Tech,positive,neutral,neutral,neutral,neutral,
0f700f7a0ffe71ac,Tech,positive,positive,positive,positive,positive,
1ac6983dde52932e,Tech,positive,positive,neutral,positive,positive,
46407efba946843d,Tech,positive,positive,positive,positive,positive,
8b4787a53869f4c9,Tech,negative,negative,negative,negative,negative,
9e25a2f82b20afb8,Tech,negative,negative,negative,negative,negative,
55f816ba9570a126,Tech,positive,positive,positive,positive,positive,gold_test
323de408919b6600,Tech,neutral,neutral,neutral,neutral,neutral,gold_test
092e91c80a30b38e,Tech,neutral,neutral,neutral,neutral,neutral,
755e56d724f0dfc5,Tech,neutral,neutral,neutral,neutral,neutral,
641e0ff59a4ff78c,Tech,neutral,neutral,neutral,neutral,neutral,
d2bc2de8655cca44,Tech,negative,positive,negative,negative,negative,gold_dev
14d4a1e6b5047fab,Tech,neutral,positive,positive,positive,positive,
5f2f091c59920ec7,Tech,negative,negative,negative,negative,negative,
0f56041472242527,Tech,neutral,neutral,neutral,neutral,neutral,
0db0351c9b774b39,Tech,neutral,neutral,neutral,neutral,neutral,
93e8e6ffb380afe6,Tech,neutral,neutral,neutral,neutral,neutral,
62f4b2bc79d55911,Tech,positive,positive,positive,positive,positive,
b2adbf12e2a641e0,Tech,neutral,positive,neutral,neutral,neutral,
1292f88e998c79d2,Tech,neutral,neutral,neutral,neutral,neutral,
b5614997bb3caf58,Tech,positive,positive,positive,positive,positive,
df6cbec1a8a3e987,Tech,negative,negative,negative,negative,negative,
ddcd536cfa6089f0,Tech,positive,positive,positive,positive,positive,
c8209d49c3481af9,Tech,negative,negative,negative,negative,negative,
f573fc5e80f3502e,Tech,neutral,neutral,neutral,neutral,neutral,
8c43f8ab3da334c6,Tech,neutral,neutral,neutral,neutral,neutral,
a364e248f3427e73,Tech,negative,negative,negative,negative,negative,
8c249aa9c9103565,Tech,neutral,neutral,neutral,neutral,neutral,
2c7469a1e89f988a,Tech,positive,neutral,positive,positive,positive,
f47e5daa71fcb00c,Tech,negative,negative,neutral,negative,negative,
0feb5dc9257e5127,Tech,neutral,negative,negative,negative,negative,
4f93829126dd1c66,Tech,neutral,neutral,neutral,neutral,neutral,
dfbdf171a8e40fac,Tech,negative,neutral,negative,negative,negative,
ee62f7f4b0713f10,Tech,neutral,neutral,neutral,neutral,neutral,
766b79480e2f2f00,Tech,positive,positive,positive,positive,positive,
4012a5a02d139f5b,Tech,negative,negative,negative,negative,negative,
c0145d7ea13608a8,Tech,positive,positive,positive,positive,positive,
6cb19567e71ab9ec,Finance,negative,negative,negative,negative,negative,gold_test
f790c76c037e3b09,Finance,negative,negative,negative,negative,negative,gold_test
7bae2cd73ac8c0d8,Social,negative,negative,negative,negative,negative,gold_test
a208627e33e95bce,Public,neutral,neutral,neutral,neutral,neutral,gold_test
2b324be562126dcd,Tech,neutral,neutral,neutral,neutral,neutral,
311277be296204f1,Finance,negative,negative,negative,negative,negative,gold_test
c5dc8c32a879013a,Tech,positive,positive,positive,positive,positive,
9c733d29ce9dcd37,Tech,neutral,neutral,neutral,neutral,neutral,
b694f6d75b04bf9e,Tech,negative,negative,negative,negative,negative,
67d3549bfd39fec8,Tech,negative,neutral,negative,negative,negative,
e3cc782b252c6e43,Retail,neutral,neutral,neutral,neutral,neutral,gold_test
d84d02a173d9210d,Tech,negative,negative,negative,negative,negative,gold_test
29c4439eb55057f5,Tech,neutral,neutral,neutral,neutral,neutral,
946821e43cc742bf,Tech,positive,positive,positive,positive,positive,
094bb89f98349c49,Public,negative,negative,negative,negative,negative,gold_train
e2ff319466b2e9fd,Retail,negative,negative,negative,negative,negative,gold_test
4f65f762cb085e6f,Public,negative,negative,negative,negative,negative,gold_dev
7381d54ce0b1df03,Tech,neutral,neutral,neutral,neutral,neutral,
a978a20ae7fc4c88,Tech,negative,negative,positive,negative,negative,
5fa2307fcce00a54,Tech,neutral,negative,negative,negative,negative,
3499fe813c6ef4b3,Tech,neutral,neutral,neutral,neutral,neutral,gold_train
b2a3773d47fff103,Tech,neutral,neutral,neutral,neutral,neutral,
5ecabf5879e99026,Public,positive,positive,positive,positive,positive,gold_test
a24892d30341ea3f,Public,negative,negative,negative,negative,negative,gold_dev
0a34f2e93eb9a69c,Tech,neutral,neutral,neutral,neutral,neutral,
8dc52a46fb3e2b9e,Tech,neutral,negative,negative,negative,negative,
5c86e4b51333c40c,Public,neutral,neutral,neutral,neutral,neutral,gold_train
b0923ced0b31a734,Public,neutral,neutral,neutral,neutral,neutral,gold_train
cb8e059fa02706c5,Tech,negative,negative,negative,negative,negative,
472f92b013864ddf,Public,neutral,neutral,neutral,neutral,neutral,gold_train
d78fc922d2d1eef5,Finance,neutral,neutral,neutral,neutral,neutral,gold_dev
e621f520adcc34fd,Tech,negative,negative,negative,negative,negative,
87a942176b9078af,Tech,positive,positive,positive,positive,positive,
71cc42b11cceb1ed,Public,neutral,neutral,neutral,neutral,neutral,gold_dev
6b3bef597765d602,Retail,neutral,neutral,neutral,neutral,neutral,gold_test
23082b6d1fc87644,Tech,negative,negative,negative,negative,negative,
7f6eca3db38dc1c0,Tech,negative,negative,negative,negative,negative,
ea02780adc420318,Finance,neutral,negative,negative,negative,negative,gold_test
3cde76924c9db6ce,Tech,negative,negative,negative,negative,negative,
315c579e5ca540ba,Tech,negative,positive,negative,negative,negative,
15178fafee95ee81,Tech,negative,negative,negative,negative,negative,
104ead06316bf324,Tech,positive,positive,neutral,positive,positive,gold_test
30e531fe3bab8588,Tech,negative,neutral,neutral,neutral,neutral,
efda897953c1cc12,Social,negative,negative,negative,negative,negative,gold_test
ba39ca0806d99b76,Tech,negative,negative,negative,negative,negative,
c4f251e830460a95,Tech,neutral,neutral,neutral,neutral,neutral,
b0ddc4c3b22f264a,Retail,positive,positive,positive,positive,positive,gold_test
b560985b4e51d866,Tech,neutral,neutral,neutral,neutral,neutral,gold_test
eb40effb50fc10e7,Tech,positive,positive,neutral,positive,positive,
3b3a9b4510a5b0fc,Tech,positive,positive,positive,positive,positive,
083c07b1025c8512,Tech,positive,neutral,neutral,neutral,neutral,
86906bebd81386e6,Tech,neutral,neutral,neutral,neutral,neutral,
05791a037f3796a7,Finance,neutral,neutral,neutral,neutral,neutral,gold_test
15e9d540e01775ee,Tech,neutral,neutral,neutral,neutral,neutral,
7cde3603a594068f,Tech,positive,negative,negative,negative,negative,
7dfe0c4da6976555,Tech,neutral,neutral,neutral,neutral,neutral,
d27abf8457b2c8d9,Tech,neutral,neutral,neutral,neutral,neutral,
c989124944461618,Tech,neutral,neutral,neutral,neutral,neutral,
8ddae77390edfee2,Retail,positive,positive,positive,positive,positive,gold_test
1d71fcf32cb5005f,Tech,neutral,neutral,positive,neutral,neutral,
3c1bd5435b45e0af,Tech,neutral,negative,neutral,neutral,neutral,
c3abc4a8c331c484,Tech,neutral,neutral,neutral,neutral,neutral,
904e1ffe2c2553cc,Tech,negative,negative,negative,negative,negative,
04534b05ba6ebcf8,Social,positive,neutral,positive,positive,positive,gold_dev
49479aa69c84d067,Tech,neutral,negative,neutral,neutral,neutral,
22ea5148284963e9,Retail,neutral,neutral,neutral,neutral,neutral,gold_dev
e7e0308f9bc8acce,Tech,neutral,neutral,neutral,neutral,neutral,
7f64bd6cfb075bf6,Tech,neutral,neutral,neutral,neutral,neutral,
afe7be8baf429cfb,Tech,neutral,neutral,neutral,neutral,neutral,
b5de6ddae56d4221,Tech,positive,neutral,neutral,neutral,neutral,
c6ea451a2a817377,Tech,negative,negative,negative,negative,negative,
881a1175517377b9,Social,positive,positive,positive,positive,positive,gold_test
376b080954ef4a04,Tech,negative,positive,negative,negative,negative,
46ed71ba1e50181e,Tech,neutral,neutral,neutral,neutral,neutral,
e65fcdf9af9f2017,Tech,negative,negative,negative,negative,negative,
20f5d3f88b54543b,Tech,positive,negative,positive,positive,positive,
0a7036f348eb5200,Tech,negative,negative,positive,negative,negative,
ccae489d6d8ed46b,Tech,positive,negative,negative,negative,negative,
640da1b4cf0375d6,Public,positive,positive,positive,positive,positive,gold_test
6448f74b59b27b39,Public,positive,positive,positive,positive,positive,gold_test
0bd4e0fcd712fe1d,Tech,neutral,neutral,neutral,neutral,neutral,
562859513e0063d8,Public,negative,negative,negative,negative,negative,gold_test
d3d1a4f1230e5b00,Finance,neutral,neutral,neutral,neutral,neutral,gold_dev
14a75609f504ccd2,Tech,neutral,neutral,neutral,neutral,neutral,
73342e9774afdd9a,Public,negative,negative,neutral,negative,negative,gold_test
39b144838fb138e4,Public,positive,positive,positive,positive,positive,gold_test
fefc0ba4fb9276ac,Finance,negative,negative,negative,negative,negative,gold_test
effd40155f8f1628,Tech,negative,negative,negative,negative,negative,
098acb146b3b1aeb,Tech,negative,negative,negative,negative,negative,
8b8fc9e0abbf5e37,Tech,neutral,neutral,neutral,neutral,neutral,
fcd5a5e88e492a42,Retail,positive,positive,positive,positive,positive,gold_test
4a25628f6d5db814,Retail,positive,positive,positive,positive,positive,gold_test
e96c7ca9f590d9f6,Public,negative,negative,negative,negative,negative,gold_test
1a2204e0dc2f7731,Tech,positive,positive,positive,positive,positive,
2b3238efb84612c9,Tech,negative,negative,negative,negative,negative,
90f4245ca14cced9,Social,positive,positive,negative,positive,positive,gold_test
ebacf82b384399a2,Social,neutral,neutral,neutral,neutral,neutral,gold_test
a264b6c564fce714,Tech,neutral,neutral,positive,neutral,neutral,
9418f98acfde2beb,Tech,negative,positive,negative,negative,negative,
a7a18f925c43c43d,Tech,neutral,neutral,neutral,neutral,neutral,
2866b323a5739271,Tech,negative,negative,negative,negative,negative,
a48632f1fd21f982,Tech,negative,negative,negative,negative,negative,
793c0523169a923d,Tech,neutral,neutral,neutral,neutral,neutral,
1b83d93c8d81d186,Tech,neutral,neutral,neutral,neutral,neutral,
80d9d587ddce80dc,Tech,negative,negative,negative,negative,negative,
1d40df1736f4a3d5,Tech,negative,negative,negative,negative,negative,
7415135f2f514c42,Tech,neutral,neutral,neutral,neutral,neutral,
1020abaee27978e0,Tech,negative,negative,negative,negative,negative,
f6437f8edce2bcbf,Tech,negative,negative,negative,negative,negative,
78e565531703112f,Tech,neutral,neutral,neutral,neutral,neutral,gold_test
46a6ddc2b152c632,Tech,neutral,neutral,neutral,neutral,neutral,
f88c3655e0742f0e,Retail,positive,positive,positive,positive,positive,gold_test
428b4401c526dee0,Public,negative,negative,negative,negative,negative,gold_test
8d305c5d7180b315,Tech,negative,negative,negative,negative,negative,
6ef8f9fba2258230,Tech,negative,negative,negative,negative,negative,gold_test
59b97bbf6dd87e6d,Tech,neutral,neutral,neutral,neutral,neutral,
3ab55f625fd2a5bc,Tech,neutral,neutral,neutral,neutral,neutral,
8628a1cd148d633d,Tech,neutral,positive,neutral,neutral,neutral,
04dc8c68f203621d,Social,negative,negative,negative,negative,negative,gold_test
a19b38a587274e72,Tech,neutral,neutral,neutral,neutral,neutral,gold_test
df7208b91455a68c,Retail,positive,positive,positive,positive,positive,gold_test
75087b5c08135738,Tech,neutral,neutral,neutral,neutral,neutral,
54102d66946c3f03,Tech,neutral,neutral,neutral,neutral,neutral,
7c4ec730233836e1,Tech,neutral,neutral,neutral,neutral,neutral,
2ef5e17875f70017,Tech,neutral,neutral,neutral,neutral,neutral,
07344a835fc688d4,Tech,neutral,neutral,neutral,neutral,neutral,gold_test
06080b04d25286fa,Tech,neutral,neutral,neutral,neutral,neutral,
60795d902e141ff4,Tech,neutral,neutral,neutral,neutral,neutral,
7dd167d76763ffb7,Tech,neutral,neutral,neutral,neutral,neutral,gold_train
8b757103a21630ac,Tech,neutral,neutral,negative,neutral,neutral,
025e22f29457d3db,Tech,negative,negative,neutral,negative,negative,
8645b148ed8ecb18,Tech,neutral,neutral,negative,neutral,neutral,
2d79e3750ea43c4e,Tech,neutral,neutral,neutral,neutral,neutral,
a0021a6e6ac59db2,Tech,negative,negative,negative,negative,negative,
8398792a5288bce2,Tech,neutral,neutral,neutral,neutral,neutral,
3b0441113a0e2c6d,Social,positive,positive,positive,positive,positive,gold_test
875be72316e8bb37,Retail,positive,positive,positive,positive,positive,gold_test
335b6f59fcaf8fea,Tech,neutral,negative,negative,negative,negative,
dbc320da67a4d7da,Tech,negative,negative,negative,negative,negative,
a0e5ff557bad8761,Finance,negative,negative,negative,negative,negative,gold_test
48cae3bdac7dd7d9,Retail,negative,neutral,neutral,neutral,neutral,gold_test
b958af5f156ed813,Tech,neutral,neutral,neutral,neutral,neutral,
00e2789367e1bb9b,Tech,negative,negative,negative,negative,negative,
d8a56c6973b4e98a,Tech,negative,negative,negative,negative,negative,gold_train
17ef2b4409b0e60a,Social,negative,negative,negative,negative,negative,gold_test
ffb2d176d312d675,Tech,positive,positive,positive,positive,positive,gold_test
019eb0c1dc67ebb0,Tech,positive,positive,positive,positive,positive,
5c050ebfc7cf4d36,Tech,negative,neutral,negative,negative,negative,
01c14970ac74bf56,Tech,negative,negative,negative,negative,negative,
0a2f3c8389d01cee,Public,neutral,neutral,neutral,neutral,neutral,gold_dev
f01f780e74254feb,Tech,negative,negative,negative,negative,negative,
b376686915fcdda3,Tech,positive,positive,positive,positive,positive,
e6d88204cecefac4,Public,positive,positive,positive,positive,positive,gold_train
8b843b3a6f479dfc,Tech,neutral,neutral,neutral,neutral,neutral,
fed9b6e2cd7b7160,Public,negative,negative,negative,negative,negative,gold_train
b0fa47648eb187bb,Tech,neutral,neutral,neutral,neutral,neutral,
f883cdf6f3c22adf,Finance,neutral,neutral,neutral,neutral,neutral,gold_train
0f4dec04c5813d99,Tech,negative,negative,positive,negative,negative,
9094fb68ab5cae7a,Tech,negative,negative,negative,negative,negative,
93399d5c445bff52,Finance,neutral,neutral,negative,neutral,neutral,gold_test
ed7b740ddebfe7c2,Tech,neutral,neutral,neutral,neutral,neutral,
b0d61e58be5ad4f7,Tech,positive,positive,positive,positive,positive,
22c6b2411fb34730,Tech,neutral,neutral,neutral,neutral,neutral,
1cc9b16a7a702b32,Tech,negative,negative,negative,negative,negative,
26b4c2f87efe0a0d,Retail,neutral,positive,neutral,neutral,neutral,gold_test
d4169a5dfc6e5fef,Tech,positive,negative,positive,positive,positive,gold_train
279a07a2bb753077,Social,positive,positive,positive,positive,positive,gold_test
87d9a14950b93e80,Tech,negative,negative,negative,negative,negative,
a02bfec2dfc8ea2c,Retail,neutral,neutral,neutral,neutral,neutral,gold_test
463f7f76f83d032c,Tech,positive,positive,positive,positive,positive,gold_dev
76f4d1a62d5eb13a,Social,positive,positive,positive,positive,positive,gold_test
5d7410f73e6f6fda,Public,negative,negative,neutral,negative,negative,gold_test
bebdf0d6c94e987b,Tech,neutral,neutral,neutral,neutral,neutral,
8f6af4cffba76a7d,Tech,positive,positive,positive,positive,positive,
99f071c4e15bb195,Social,neutral,neutral,neutral,neutral,neutral,gold_dev
413e3894da5d079c,Tech,neutral,neutral,neutral,neutral,neutral,
5e0cc577bab07bb0,Finance,neutral,positive,neutral,neutral,neutral,gold_test
dc37512de942bfee,Tech,negative,negative,positive,negative,negative,
401ec2db20cf6672,Tech,positive,positive,positive,positive,positive,
e00e44161894453b,Finance,neutral,neutral,neutral,neutral,neutral,gold_dev
17928b064526ed63,Finance,negative,positive,negative,negative,negative,gold_test
c59dd89dedc895ed,Public,neutral,negative,negative,negative,negative,gold_dev
b471d3835989086c,Tech,neutral,neutral,neutral,neutral,neutral,
d5be92fb82a52a32,Tech,negative,negative,negative,negative,negative,
0df54062bf0028a7,Finance,negative,negative,negative,negative,negative,gold_test
7e3c1f3e737d1a43,Finance,neutral,neutral,neutral,neutral,neutral,gold_dev
359cda0545a5bb0f,Tech,neutral,neutral,neutral,neutral,neutral,
3f3a0ec96e9d05dc,Tech,neutral,neutral,neutral,neutral,neutral,
e9454f63b7182120,Tech,neutral,neutral,neutral,neutral,neutral,
9d1808cd235092d8,Tech,neutral,neutral,neutral,neutral,neutral,
39ed7a79073429a7,Tech,neutral,neutral,neutral,neutral,neutral,gold_dev
8166b4f83c6c3c57,Tech,neutral,neutral,neutral,neutral,neutral,
eb15e25658a76a3e,Tech,neutral,neutral,neutral,neutral,neutral,
94d8ae1b8ddcbabe,Tech,positive,positive,positive,positive,positive,
3f94681dec7f2468,Public,negative,negative,negative,negative,negative,gold_test
1165edb92db1c85c,Tech,positive,negative,positive,positive,positive,
40b615834759f52b,Finance,neutral,neutral,neutral,neutral,neutral,gold_train
798f5cc439d47b6a,Tech,positive,positive,positive,positive,positive,
704094514f792611,Tech,negative,positive,negative,negative,negative,gold_test
f732ba989ea5348d,Tech,positive,positive,positive,positive,positive,
a95811ff4a1db0ba,Social,neutral,negative,neutral,neutral,neutral,gold_dev
40c84c4e73aa35e1,Tech,positive,positive,positive,positive,positive,
49f9244dcc9684ce,Tech,negative,negative,negative,negative,negative,
ca8a3431ea96ac04,Tech,neutral,neutral,neutral,neutral,neutral,
5eedfb920ecfa971,Tech,positive,positive,positive,positive,positive,
b5d5331dfff95bf3,Tech,neutral,neutral,neutral,neutral,neutral,
ca943c463f7d7b1b,Tech,negative,negative,negative,negative,negative,
182603c2569ad5f2,Tech,neutral,neutral,neutral,neutral,neutral,
919cf740917a023f,Tech,positive,positive,positive,positive,positive,
fcaf947831b0443e,Retail,positive,neutral,neutral,neutral,neutral,gold_test
ec99ce7672a868a4,Social,negative,positive,negative,negative,negative,gold_test
00731db9cccd5c09,Tech,neutral,neutral,neutral,neutral,neutral,
a5119bc0042810f2,Public,negative,negative,negative,negative,negative,gold_dev
80ece9b9fb6e7897,Tech,neutral,neutral,neutral,neutral,neutral,
2c230eede0dca472,Public,positive,positive,positive,positive,positive,gold_test
6f874f1a719b1d84,Public,negative,negative,negative,negative,negative,gold_dev
c05bfbc38581cff6,Retail,negative,negative,negative,negative,negative,gold_dev
de7f7bb0de3846f6,Social,positive,positive,positive,positive,positive,gold_test
389c6d43c7d5c494,Tech,neutral,neutral,neutral,neutral,neutral,
788f0bd006d42f89,Social,positive,positive,positive,positive,positive,gold_test
23b83aae331863a9,Public,positive,positive,positive,positive,positive,gold_dev
4131b3d5fb418edb,Social,positive,positive,positive,positive,positive,gold_test
cbc3ce2554f4abfd,Tech,negative,negative,negative,negative,negative,
54cc6d5963f14969,Tech,neutral,neutral,neutral,neutral,neutral,
0874a7c7be9a51c3,Tech,negative,negative,negative,negative,negative,
725e8ea7827a356a,Public,neutral,neutral,neutral,neutral,neutral,gold_test
fe5db0c420855524,Tech,negative,negative,negative,negative,negative,
56a83613fb5bace2,Public,neutral,neutral,negative,neutral,neutral,gold_dev
49c2cbc9d0cbb330,Tech,negative,negative,negative,negative,negative,
b47dcc3137b037c6,Tech,negative,negative,negative,negative,negative,
ab307740509d34b5,Public,positive,positive,positive,positive,positive,gold_test
a4da1e66826350ce,Tech,positive,positive,positive,positive,positive,
93dedaff589ba34a,Finance,negative,negative,negative,negative,negative,gold_train
f5aa3178d302a429,Retail,negative,negative,negative,negative,negative,gold_test
31cf832fcd9b8b35,Tech,negative,negative,negative,negative,negative,
0bfb22d1ce48f20f,Tech,positive,positive,positive,positive,positive,
d471436df5c8d90c,Tech,negative,positive,positive,positive,positive,gold_test
c79d88fddf804cdf,Tech,negative,negative,neutral,negative,negative,
f8b7569afea1bcd1,Tech,negative,positive,positive,positive,positive,
11680929c1665974,Tech,neutral,neutral,neutral,neutral,neutral,
b7ab5bd68e04ad36,Public,positive,positive,positive,positive,positive,gold_test
53dd1ac6c13b5030,Tech,negative,positive,positive,positive,positive,
8848e8ba020e98f8,Tech,negative,negative,negative,negative,negative,
93234c81ed88d5c6,Finance,positive,positive,negative,positive,positive,gold_test
ee03752b130f839b,Tech,neutral,neutral,neutral,neutral,neutral,
2d07fdf6ad03302b,Public,positive,negative,positive,negative,negative,gold_test
71394e22780f6d90,Tech,neutral,neutral,neutral,neutral,neutral,
45e529e049392296,Tech,neutral,neutral,neutral,neutral,neutral,
0f29106ed6833166,Tech,neutral,neutral,neutral,neutral,neutral,
6a0e97848e2d3048,Public,neutral,neutral,negative,neutral,neutral,gold_dev
f18579e0b95fbf0d,Public,negative,neutral,negative,negative,negative,gold_train
f388e4d5f475f54f,Finance,negative,negative,negative,negative,negative,gold_test
ef101e12f0fc2441,Social,negative,negative,negative,negative,negative,gold_test
3bb9e8009492aa9f,Tech,neutral,neutral,neutral,neutral,neutral,
e7a966ab4ef88b57,Tech,negative,negative,negative,negative,negative,
0b13ad95da8d9757,Finance,positive,positive,positive,positive,positive,gold_test
9a6489ef385f6cb1,Tech,negative,negative,negative,negative,negative,
63ac69d1010416a0,Tech,positive,neutral,positive,positive,positive,
8448ba9889c93f75,Tech,positive,neutral,neutral,neutral,neutral,
651aa9711b069a2c,Tech,neutral,neutral,neutral,neutral,neutral,gold_test
24c8080c6206bab3,Tech,positive,positive,positive,positive,positive,gold_test
80688245b260a62f,Tech,negative,positive,positive,positive,positive,gold_test
fb70bf00316ec41d,Tech,neutral,neutral,neutral,neutral,neutral,
24ec69b47224e430,Tech,negative,negative,negative,negative,negative,gold_test
5d8d30410eda4c96,Tech,neutral,neutral,neutral,neutral,neutral,
f6bd8d4a5fef8d33,Tech,neutral,neutral,negative,neutral,neutral,gold_test
60f70b7fd09927ad,Tech,neutral,neutral,neutral,neutral,neutral,
8e03ba421c0ec4ea,Tech,neutral,neutral,neutral,neutral,neutral,
4b2bcf435264cc1e,Tech,negative,negative,negative,negative,negative,
188cd69fb74e272e,Tech,positive,neutral,neutral,neutral,neutral,
20c43ac4296d7aa0,Tech,positive,positive,positive,positive,positive,
656f96ab9025f7df,Tech,negative,negative,negative,negative,negative,
5726be9af384bbfa,Tech,neutral,neutral,negative,neutral,neutral,
9689c5bbb8521dc3,Tech,positive,positive,positive,positive,positive,
5df7ea6cb3fa9d16,Tech,neutral,neutral,neutral,neutral,neutral,
77313c56e2753e32,Tech,neutral,neutral,neutral,neutral,neutral,
4c74c9b5a7d6375f,Social,neutral,neutral,neutral,neutral,neutral,gold_test
ac2b4fb7e9b6d97e,Tech,neutral,neutral,neutral,neutral,neutral,
58d36f524d3df520,Tech,neutral,neutral,neutral,neutral,neutral,
cdbf1872c6f752b7,Finance,negative,negative,negative,negative,negative,gold_test
70da9cbae9ab75ce,Finance,negative,negative,negative,negative,negative,gold_test
e889aee86d4fe932,Retail,positive,positive,positive,positive,positive,gold_test
aec19cb8036c21b2,Tech,positive,positive,positive,positive,positive,
428987fa96ca0993,Finance,negative,negative,negative,negative,negative,gold_test
2c99a7b11027e31a,Retail,negative,negative,negative,negative,negative,gold_test
eac45cde9060cc16,Finance,negative,negative,negative,negative,negative,gold_test
9c088b87e8be19e1,Tech,positive,positive,negative,positive,positive,gold_test
195d3f805ce463f3,Tech,negative,negative,negative,negative,negative,gold_test
7b6f0fc57ce398fa,Tech,neutral,neutral,neutral,neutral,neutral,gold_test
3701ba6f6eb834b5,Tech,neutral,neutral,neutral,neutral,neutral,gold_test
41052de2e87100c5,Tech,positive,positive,positive,positive,positive,
91bb2e4ff2fb9c1e,Tech,positive,positive,positive,positive,positive,
0144b5be8f5bf271,Tech,neutral,neutral,negative,neutral,neutral,
78a093400faef748,Tech,neutral,neutral,neutral,neutral,neutral,
bed96841a77deaf3,Tech,negative,negative,negative,negative,negative,gold_test
f9057c4de48fe845,Tech,positive,positive,positive,positive,positive,gold_test
ef3dfa57e15795d0,Tech,positive,negative,negative,negative,negative,gold_test
47d31d495d3f1764,Finance,neutral,neutral,neutral,neutral,neutral,gold_train
36a4ed4d4a312471,Tech,positive,positive,positive,positive,positive,
a5191f64bec232a5,Public,neutral,neutral,neutral,neutral,neutral,gold_test
82429e30ce29c5c5,Tech,negative,negative,negative,negative,negative,
4569f626dae65734,Finance,negative,negative,negative,negative,negative,gold_test
5b534b3eae6b51ed,Tech,neutral,negative,negative,negative,negative,
87d86dc2e4aa0a41,Tech,neutral,neutral,neutral,neutral,neutral,
b44f8834a6aae2d5,Public,positive,neutral,neutral,neutral,neutral,gold_dev
c0b8d34c3864c42e,Tech,neutral,neutral,neutral,neutral,neutral,
ac315104b830e11f,Public,neutral,neutral,neutral,neutral,neutral,gold_train
078a7dd1c30fe5ec,Public,negative,negative,negative,negative,negative,gold_train
ac9dbd3944f3f0a8,Public,negative,negative,negative,negative,negative,gold_train
ea4b3f2337d14726,Tech,negative,negative,negative,negative,negative,
b086b21fbfab5709,Tech,positive,negative,negative,negative,negative,
01d0685d5b0a3ced,Retail,neutral,neutral,neutral,neutral,neutral,gold_test
ec1b37916be8f8f3,Tech,positive,positive,positive,positive,positive,
41b0d9a30ff107f4,Tech,negative,negative,negative,negative,negative,
5345c48cc0df3a20,Tech,neutral,neutral,positive,neutral,neutral,
902c468c4ce76798,Tech,neutral,neutral,neutral,neutral,neutral,
676d2cfc699b7312,Tech,neutral,neutral,neutral,neutral,neutral,
ed5cade429974048,Tech,neutral,neutral,neutral,neutral,neutral,
1a6e33206257eec7,Tech,neutral,neutral,neutral,neutral,neutral,
2da46b0037bfa6b3,Retail,negative,neutral,negative,negative,negative,gold_test
b844c192d88dcd82,Tech,positive,positive,positive,positive,positive,
e81f0d7fca0d10a2,Tech,negative,negative,negative,negative,negative,
394c54a2ee1f9aa2,Tech,neutral,positive,positive,positive,positive,
b28087922d06b6a1,Tech,negative,negative,negative,negative,negative,
b5f3dc67338d0096,Tech,neutral,neutral,neutral,neutral,neutral,
4e2fcbf88b3803eb,Tech,negative,negative,negative,negative,negative,
4ea86c0b391ab041,Social,positive,positive,positive,positive,positive,gold_test
f81f3c0c97597bcc,Tech,negative,negative,negative,negative,negative,
0f1ecb5c92f80376,Public,neutral,neutral,neutral,neutral,neutral,gold_train
6834523d26580c41,Social,neutral,negative,neutral,neutral,neutral,gold_test
bbbbd60714dd03a7,Tech,negative,negative,negative,negative,negative,gold_test
58851f8a5169d38f,Tech,neutral,neutral,negative,neutral,neutral,
8d975e3b92f0fe38,Tech,neutral,neutral,neutral,neutral,neutral,
d80adcd732229058,Tech,neutral,neutral,neutral,neutral,neutral,
fef7351b50ca5078,Retail,negative,neutral,neutral,neutral,neutral,gold_test
0ad37e6c72d4c435,Retail,positive,positive,positive,positive,positive,gold_test
ba6fda3b819adaf6,Tech,neutral,neutral,neutral,neutral,neutral,
474c61ef7fce7f09,Tech,neutral,negative,neutral,neutral,neutral,
3b011c0483f476e4,Tech,positive,positive,positive,positive,positive,
40a47e55f57b14d9,Retail,negative,neutral,neutral,neutral,neutral,gold_dev
2189a0db5def7139,Tech,neutral,neutral,neutral,neutral,neutral,
e9103e5fbfbd0e3b,Tech,negative,negative,negative,negative,negative,gold_test
e06afb52a941344c,Tech,neutral,neutral,neutral,neutral,neutral,
60a9762475931962,Tech,neutral,positive,neutral,neutral,neutral,gold_test
73d6f2ed4a4e2eac,Tech,neutral,neutral,neutral,neutral,neutral,
b30fe58aabac5997,Tech,neutral,neutral,neutral,neutral,neutral,
65c7169b9d667233,Tech,neutral,neutral,neutral,neutral,neutral,
e6c862a0c2e1334e,Tech,negative,negative,negative,negative,negative,gold_test
f322c3144b313644,Tech,negative,negative,negative,negative,negative,
983d39a087756185,Tech,neutral,neutral,negative,neutral,neutral,
c978077d6d01b99f,Finance,positive,positive,positive,positive,positive,gold_test
7bddf2eb93e4e922,Retail,neutral,neutral,neutral,neutral,neutral,gold_test
abf9a08197fe6ea7,Social,positive,positive,positive,positive,positive,gold_test
f9c519332965b2c5,Tech,positive,positive,positive,positive,positive,gold_test
ebac14de1bb974b2,Tech,positive,positive,positive,positive,positive,gold_test
6a034936e0a364a1,Tech,positive,positive,negative,positive,positive,gold_test
cac336e4fe5993ad,Social,positive,positive,positive,positive,positive,gold_test
80f10667a0b34970,Public,positive,positive,positive,positive,positive,gold_test
069f9b8970272a87,Finance,positive,positive,positive,positive,positive,gold_test
96e5bf1905b2c1c2,Tech,positive,positive,positive,positive,positive,gold_test
13ca9836e77e9230,Retail,negative,neutral,negative,negative,negative,gold_test
9ccc1b61f4f09e42,Social,positive,neutral,positive,positive,positive,gold_test
c55d51eaffa637a9,Tech,positive,positive,negative,positive,positive,
c21382da3b9187b9,Tech,positive,positive,positive,positive,positive,gold_test
a946ef6b82f0f723,Tech,positive,positive,neutral,positive,positive,
8b7157c1f8bbef86,Social,positive,positive,positive,positive,positive,gold_test
856a909e64f8be64,Finance,positive,positive,positive,positive,positive,gold_test
341a6db850beee81,Tech,positive,positive,positive,positive,positive,
3be8f972e4d41680,Tech,neutral,neutral,neutral,neutral,neutral,
ab2ac2e76fdbb738,Tech,positive,neutral,positive,positive,positive,
be8dc3f86654a4b2,Tech,positive,positive,positive,positive,positive,
433f8266ba20fba3,Tech,positive,positive,positive,positive,positive,
3a8f8b5547dfea64,Tech,positive,positive,positive,positive,positive,gold_test
34a42cdef0867c63,Tech,positive,positive,positive,positive,positive,
bd9798b7dfe96f49,Social,positive,positive,positive,positive,positive,gold_test
696eef3e62f5ba0d,Tech,positive,positive,positive,positive,positive,
00ddfc8de09f893a,Social,positive,positive,positive,positive,positive,gold_test
ef004498fcb73750,Tech,positive,positive,positive,positive,positive,
afc844c7fd395e69,Tech,positive,negative,positive,positive,positive,
ba46e1812be87ec7,Tech,positive,positive,positive,positive,positive,
7cdb19c2100074bc,Tech,positive,positive,positive,positive,positive,
e278ed8fdb724dd5,Tech,positive,positive,positive,positive,positive,
0dd9aa50b9039699,Tech,positive,positive,positive,positive,positive,
1bb17164191d3484,Social,neutral,neutral,neutral,neutral,neutral,gold_test
e5b244bca5c20103,Tech,neutral,neutral,neutral,neutral,neutral,
e9ad2ac77e20eb38,Tech,neutral,neutral,neutral,neutral,neutral,
4a45f00e35d27455,Tech,neutral,neutral,neutral,neutral,neutral,
7ac087d1be8abc4f,Tech,neutral,neutral,positive,neutral,neutral,
abef188aa7bebee0,Tech,neutral,neutral,neutral,neutral,neutral,
9d5b3f9ce588fd45,Tech,neutral,neutral,neutral,neutral,neutral,
fa74bd1decf7d46f,Retail,positive,positive,neutral,positive,positive,gold_test
ada95ab991b028ae,Tech,negative,negative,negative,negative,negative,
00b079151ccb0787,Tech,positive,neutral,neutral,neutral,neutral,
1b972bfe346e9dd2,Tech,negative,negative,negative,negative,negative,gold_dev
1711be0fd960ff0b,Tech,neutral,neutral,neutral,neutral,neutral,gold_dev
bffa2928e8d3fe5f,Tech,neutral,neutral,neutral,neutral,neutral,gold_dev
fe0bdcd4b09322ea,Tech,negative,neutral,negative,negative,negative,
091bd251b8857777,Tech,neutral,neutral,neutral,neutral,neutral,gold_dev
758735b0c4ab46ef,Tech,neutral,neutral,neutral,neutral,neutral,
8d8f476a6a5980c5,Tech,positive,positive,negative,positive,positive,
3f5960a94393ab34,Tech,neutral,neutral,neutral,neutral,neutral,
841bf97e65204b49,Tech,neutral,neutral,neutral,neutral,neutral,gold_dev
88d3e7256fa31c89,Tech,positive,neutral,neutral,neutral,neutral,
550243704ec69d67,Tech,neutral,neutral,neutral,neutral,neutral,
70780e12cb1fa2e9,Tech,negative,negative,negative,negative,negative,
9978dae9339cb12e,Tech,negative,negative,negative,negative,negative,
6988997bf44dfa6d,Tech,negative,negative,negative,negative,negative,
fd89e4908c5fbcaa,Tech,negative,negative,negative,negative,negative,
adefd5f1efd9b466,Tech,neutral,neutral,neutral,neutral,neutral,gold_dev
a199af4fa7fea245,Tech,neutral,neutral,neutral,neutral,neutral,
ce8f6a10bd3d58cd,Tech,positive,positive,positive,positive,positive,
2b1a8655c2c33f8a,Tech,negative,negative,negative,negative,negative,
c70eb4359f31f21a,Tech,positive,positive,positive,positive,positive,
7e6311ebec0a6b6e,Tech,positive,positive,neutral,positive,positive,
e58126e2a6037cc4,Tech,neutral,neutral,neutral,neutral,neutral,
6d4ebb6022e3993e,Social,positive,neutral,positive,positive,positive,gold_test
327b34d9be50f37e,Public,negative,negative,negative,negative,negative,gold_test
edf92cc5877d86a3,Finance,negative,negative,negative,negative,negative,gold_test
59f99bfee3e9f230,Tech,positive,positive,positive,positive,positive,
0efc2b47925c05e9,Tech,negative,negative,negative,negative,negative,
436ebaa89cbaaa26,Tech,positive,positive,positive,positive,positive,
d4d3b1de17743b5e,Tech,neutral,neutral,neutral,neutral,neutral,
c8e0f1923a1fd2de,Tech,positive,negative,negative,negative,negative,
03e7d19800cf4b6b,Tech,negative,negative,negative,negative,negative,
93f3ae88401c290e,Public,negative,negative,negative,negative,negative,gold_test
49ff3f6beea997ad,Tech,negative,negative,negative,negative,negative,
71f7d89a78adf13c,Tech,neutral,positive,positive,positive,positive,
38987e14f5013c0d,Finance,positive,positive,positive,positive,positive,gold_test
5c4242b1d02f70bb,Public,negative,negative,negative,negative,negative,gold_test
9605439d44d70ec5,Tech,neutral,neutral,positive,neutral,neutral,
bcb436ccba5ba148,Social,positive,positive,positive,positive,positive,gold_test
f2be089a4ef2cdec,Tech,positive,positive,positive,positive,positive,gold_test
7374924699cc3b2b,Tech,negative,negative,negative,negative,negative,gold_test
fa337d28f581feff,Tech,negative,negative,negative,negative,negative,gold_test
c14169ad53f76a71,Tech,negative,positive,positive,positive,positive,
55d35c34634b2bc2,Retail,negative,negative,negative,negative,negative,gold_test
b8a2d28b41d64c8d,Tech,negative,positive,positive,positive,positive,gold_test
8b6f962d1693bccd,Public,negative,positive,positive,positive,positive,gold_dev
1824b6d271d11db4,Tech,neutral,neutral,neutral,neutral,neutral,
054ea6a32dd22538,Tech,neutral,positive,neutral,neutral,neutral,
4f2e4feb11fc4518,Public,positive,neutral,positive,positive,positive,gold_test
0e6b64ab62a4b53c,Finance,positive,positive,positive,positive,positive,gold_test
1b4ca0c6bc12fe67,Public,negative,neutral,negative,negative,negative,gold_dev
f53ccc2f41c5570e,Social,negative,negative,negative,negative,negative,gold_test
13993516a1b8a560,Public,neutral,neutral,neutral,neutral,neutral,gold_test
b0386683387ce190,Retail,neutral,neutral,neutral,neutral,neutral,gold_test
a09c6cb6e376e7d4,Finance,negative,positive,positive,positive,positive,gold_test
1036dd9916b45ac1,Finance,positive,positive,positive,positive,positive,gold_test
8859eb25f506eb0a,Finance,positive,positive,positive,positive,positive,gold_test
44aa845bddc79d50,Tech,neutral,neutral,neutral,neutral,neutral,
9e79c9c2b996ad70,Public,negative,negative,negative,negative,negative,gold_train
29df2100313c32c4,Tech,negative,negative,negative,negative,negative,
fa8afc3dd0f35852,Tech,neutral,neutral,negative,negative,negative,
d63e4f490b881e73,Tech,positive,positive,positive,positive,positive,
035f5d3c8ce20e7b,Finance,positive,positive,negative,positive,positive,gold_test
27e6b56059f897fb,Tech,neutral,neutral,neutral,neutral,neutral,
5fecda82393a2ce5,Social,positive,neutral,neutral,neutral,neutral,gold_test
792c2b65ab7127a4,Retail,neutral,neutral,positive,neutral,neutral,gold_test
7f030d90f280f515,Tech,neutral,neutral,neutral,neutral,neutral,
aafd2828107c6568,Tech,negative,negative,negative,negative,negative,
46b19ee26fae2448,Retail,negative,positive,negative,negative,negative,gold_test
06fa1ca3b731daf0,Social,neutral,neutral,neutral,neutral,neutral,gold_test
544a1b523ec9fc6b,Social,neutral,neutral,neutral,neutral,neutral,gold_test
295b973368263ad0,Tech,positive,positive,positive,positive,positive,gold_test
4266cf9a1b878faa,Tech,neutral,positive,neutral,neutral,neutral,
6b7dc802e3165462,Retail,positive,neutral,neutral,neutral,neutral,gold_test
5836981b13955aa3,Tech,neutral,positive,neutral,neutral,neutral,
4e325f2f3d4b40f7,Retail,neutral,neutral,neutral,neutral,neutral,gold_test
fe64444864596706,Retail,negative,negative,negative,negative,negative,gold_test
291b7e4dd17943aa,Finance,neutral,neutral,neutral,neutral,neutral,gold_test
6fec60f81a78f885,Tech,positive,positive,positive,positive,positive,
45ada6734033e5ba,Tech,positive,positive,positive,positive,positive,
0cc2f2971f30b401,Social,neutral,neutral,neutral,neutral,neutral,gold_test
e09d5f55fd1a9279,Tech,positive,positive,positive,positive,positive,
772e6c9c24ecbde8,Social,neutral,neutral,neutral,neutral,neutral,gold_test
2457850236ddad09,Tech,positive,negative,negative,negative,negative,
e06645d19594a64b,Tech,negative,negative,negative,negative,negative,
4a4d0bc9f64a5faa,Tech,neutral,neutral,positive,neutral,neutral,
2859a88ba27dedd4,Tech,neutral,neutral,positive,neutral,neutral,
47dc05c0dff19e73,Tech,positive,positive,positive,positive,positive,
1128202e2d11a920,Tech,neutral,neutral,neutral,neutral,neutral,
1ddb38e5618ef415,Tech,neutral,neutral,neutral,neutral,neutral,
66d80b9c25c27e90,Tech,neutral,neutral,neutral,neutral,neutral,
5594542b74d92195,Tech,neutral,neutral,neutral,neutral,neutral,
aaf99fd5038454ea,Public,negative,negative,negative,negative,negative,gold_dev
37f9f551c4563690,Finance,positive,positive,positive,positive,positive,gold_train
1b05ec11db5fa1ab,Tech,neutral,neutral,neutral,neutral,neutral,
e2f5dfaf0ef4aadd,Tech,neutral,neutral,neutral,neutral,neutral,
b47695e2c636437f,Social,negative,negative,negative,negative,negative,gold_test
700e5b6dfa35ee2b,Tech,positive,positive,positive,positive,positive,
0dac2c90a6b4e716,Tech,neutral,neutral,neutral,neutral,neutral,
8562e5cfaad23ecd,Tech,neutral,neutral,positive,neutral,neutral,
46533b53518a13e6,Social,neutral,neutral,neutral,neutral,neutral,gold_test
3ba7443b58f91233,Public,positive,neutral,neutral,neutral,neutral,gold_test
b18389f2216187f0,Tech,neutral,neutral,neutral,neutral,neutral,
68157d73d01e126c,Finance,positive,positive,positive,positive,positive,gold_test
e7130428f39e1e1f,Public,neutral,neutral,neutral,neutral,neutral,gold_test
cdda41ebeb07b26d,Social,positive,positive,positive,positive,positive,gold_test
96a6fd2656b53290,Social,negative,negative,negative,negative,negative,gold_test
44d497282083e006,Tech,negative,negative,negative,negative,negative,
de84fa921919f829,Retail,positive,positive,positive,positive,positive,gold_test
69af9d1c98cf3fe8,Tech,negative,negative,negative,negative,negative,
60e6d81fbb26b2c1,Tech,neutral,neutral,neutral,neutral,neutral,
de4d32a531501d49,Tech,positive,positive,positive,positive,positive,
c88d7f3db2793e5c,Tech,negative,negative,negative,negative,negative,
dd8aa1af0c287714,Tech,negative,negative,negative,negative,negative,
3e0974aff64cce49,Finance,neutral,neutral,neutral,neutral,neutral,gold_train
fdee8b3757f9bc89,Tech,neutral,neutral,neutral,neutral,neutral,
ccb7dc418eb7928b,Tech,negative,negative,negative,negative,negative,
4621a35f82b3ae3d,Social,positive,positive,positive,positive,positive,gold_test
56de5f12fb7cfac0,Tech,neutral,neutral,neutral,neutral,neutral,
9b6900eb3f3d66de,Retail,neutral,neutral,neutral,neutral,neutral,gold_test
0677273ed1c47905,Tech,positive,positive,positive,positive,positive,
9e442c87b264d089,Social,negative,negative,negative,negative,negative,gold_test
3fd07926667a5524,Tech,neutral,neutral,neutral,neutral,neutral,gold_dev
75b0f93034a9d008,Social,positive,positive,positive,positive,positive,gold_test
37a4528d679b6511,Social,positive,positive,positive,positive,positive,gold_test
7dc84850ba85928a,Finance,positive,positive,positive,positive,positive,gold_train
62804a9372053f28,Public,negative,negative,negative,negative,negative,gold_dev
052206d595f0a6c9,Retail,neutral,neutral,neutral,neutral,neutral,gold_dev
ef20ecf6255ac629,Tech,negative,negative,negative,negative,negative,
8c3881ab9bae2dea,Tech,negative,negative,negative,negative,negative,
3bb00c5823ec1a39,Finance,neutral,neutral,neutral,neutral,neutral,gold_test
a8f90e212c18ceb8,Public,negative,negative,negative,negative,negative,gold_train
0180d010dc9d2c0f,Tech,positive,positive,positive,positive,positive,
458d2a741f536c1c,Finance,neutral,neutral,neutral,neutral,neutral,gold_test
b307880c04854910,Retail,neutral,neutral,neutral,neutral,neutral,gold_dev
fbc9b0d16cea7e9d,Tech,negative,negative,negative,negative,negative,
949769cb49cf29e0,Public,negative,negative,negative,negative,negative,gold_dev
0f4f113a226200e7,Tech,positive,positive,positive,positive,positive,
41c3f2bf2d7ee827,Tech,neutral,neutral,neutral,neutral,neutral,
33e06dc21e8ec202,Tech,negative,negative,negative,negative,negative,
167cebe6995f2cb3,Finance,positive,positive,positive,positive,positive,gold_test
75608668fd48e966,Social,positive,negative,positive,positive,positive,gold_test
25261c40d383de81,Tech,neutral,negative,negative,neutral,neutral,
e15b223b2a68af63,Tech,neutral,neutral,neutral,neutral,neutral,
0c891495ccf87082,Tech,neutral,neutral,neutral,neutral,neutral,
00e230af1c13748c,Tech,neutral,neutral,neutral,neutral,neutral,
055c9d6b9deb2d39,Tech,neutral,neutral,neutral,neutral,neutral,
ee5c98d21409edfe,Tech,neutral,neutral,positive,neutral,neutral,
da4ebe3d0b913e52,Finance,negative,negative,negative,negative,negative,gold_test
1191a335f366d672,Tech,negative,negative,positive,negative,negative,
c6ed0e7468edb3c5,Tech,neutral,neutral,neutral,neutral,neutral,
3506d3dcda00d993,Tech,negative,neutral,neutral,neutral,neutral,
13d625e1a3d77a93,Tech,neutral,neutral,neutral,neutral,neutral,
96a99997e8df8438,Public,neutral,neutral,positive,neutral,neutral,gold_test
01912ec9a8adb054,Tech,neutral,neutral,negative,neutral,neutral,
38df09f29edb18ca,Retail,negative,negative,negative,negative,negative,gold_test
3319a6cfb64bfd66,Tech,neutral,neutral,neutral,neutral,neutral,gold_test
141015feadbc2daa,Finance,positive,positive,positive,positive,positive,gold_test
adcb3b0ad4483652,Tech,negative,negative,positive,negative,negative,
16a406c0334759b2,Tech,positive,positive,positive,positive,positive,
8c36b1d29c882634,Tech,neutral,neutral,negative,neutral,neutral,
5ceaa59afb7f745a,Tech,negative,negative,negative,negative,negative,
f113d94abbfd5815,Tech,neutral,neutral,neutral,neutral,neutral,
0bae9fbafb4f2959,Tech,negative,negative,negative,negative,negative,
5a1eb3c1d1cf38d9,Tech,neutral,neutral,neutral,neutral,neutral,
456d34de237cb934,Tech,negative,negative,negative,negative,negative,gold_test
b3341ee5f20de863,Tech,negative,negative,negative,negative,negative,
ca6000519178ba02,Tech,positive,neutral,neutral,neutral,neutral,gold_test
2efa451483969d24,Tech,neutral,neutral,positive,neutral,neutral,gold_test
83e3a58da84b88b1,Tech,neutral,neutral,neutral,neutral,neutral,
b4f75dba2ca87687,Social,negative,negative,negative,negative,negative,gold_test
e6a6306f60e6f2e4,Finance,positive,positive,positive,positive,positive,gold_test
8f1382e4528ef06f,Tech,positive,positive,positive,positive,positive,
512ac2d43ad5cac3,Tech,neutral,neutral,neutral,neutral,neutral,
a4fad141547fb664,Public,negative,negative,negative,negative,negative,gold_train
4cf4f4746f9b9c3b,Tech,negative,negative,negative,negative,negative,gold_train
0a16a2a1deb77bbe,Tech,neutral,neutral,neutral,neutral,neutral,
3f2b677f9e7404b8,Public,negative,negative,negative,negative,negative,gold_train
c73f27d7c4d40463,Tech,negative,negative,negative,negative,negative,
381fd9546be03446,Retail,neutral,neutral,neutral,neutral,neutral,gold_test
c89b49ac2ee7306e,Retail,neutral,neutral,positive,neutral,neutral,gold_test
7c6f2183af320f34,Tech,positive,positive,neutral,positive,positive,
bdf1295bb71e211d,Tech,negative,negative,negative,negative,negative,gold_test
0a350b4560370f5f,Finance,positive,positive,positive,positive,positive,gold_test
7cd0079079edfa2c,Tech,negative,negative,negative,negative,negative,gold_test
cd68150380daf207,Tech,neutral,neutral,neutral,neutral,neutral,
a9c78c6dc7bc6dde,Tech,positive,positive,positive,positive,positive,
03fcbba50210aa8e,Tech,negative,negative,negative,negative,negative,
8fe5dae0193a00bd,Tech,neutral,neutral,neutral,neutral,neutral,
be705c939db18f59,Tech,neutral,neutral,neutral,neutral,neutral,
0e919923d8a7d25f,Tech,negative,negative,negative,negative,negative,
2dc43dec84b277de,Tech,negative,negative,negative,negative,negative,
3d699044fb726dbc,Tech,negative,negative,negative,negative,negative,
cf0945abd5b357d5,Tech,neutral,neutral,neutral,neutral,neutral,
637d3431652b55dd,Social,positive,negative,positive,positive,positive,gold_test
b81a87a6f1c5a6cb,Tech,negative,negative,negative,negative,negative,gold_test
e9b9fd9c4a86918a,Tech,negative,negative,negative,negative,negative,
c3c483571641349f,Tech,negative,negative,negative,negative,negative,
f1ae07acd67cb419,Tech,neutral,negative,neutral,neutral,neutral,
d68dee71123c1f73,Tech,neutral,neutral,neutral,neutral,neutral,
2e307d75d0bca4f2,Tech,neutral,neutral,neutral,neutral,neutral,
9287bdab4b880e93,Tech,neutral,neutral,neutral,neutral,neutral,
b540fc49af58aa29,Tech,negative,negative,negative,negative,negative,
6149e80eeb789c0b,Tech,neutral,neutral,neutral,neutral,neutral,
eada268f6493fab4,Tech,positive,positive,positive,positive,positive,
01501649dd4c97e5,Tech,neutral,neutral,neutral,neutral,neutral,
f393f3f809205baa,Tech,neutral,neutral,neutral,neutral,neutral,
62edbf46837fae8b,Tech,negative,positive,negative,negative,negative,
8813cc009e712fc8,Tech,positive,neutral,positive,positive,positive,
a4f412c505fd7479,Tech,negative,negative,negative,negative,negative,
4e73cca2cc7dabfc,Tech,negative,negative,negative,negative,negative,
84c8cca332767c2e,Tech,neutral,neutral,neutral,neutral,neutral,
efaee07e0ddbcd12,Tech,positive,positive,positive,positive,positive,
c3556328b8792c9c,Tech,neutral,neutral,neutral,neutral,neutral,
3790ff1479ebc7a4,Tech,negative,negative,negative,negative,negative,
eb617813152c1f59,Tech,neutral,neutral,neutral,neutral,neutral,
23e62febcc93ff07,Tech,positive,positive,positive,positive,positive,
c3873d02397b25aa,Tech,negative,negative,positive,negative,negative,
d001c9edfc5692a8,Tech,negative,negative,positive,negative,negative,
0da8676bfd8f3550,Tech,positive,positive,positive,positive,positive,
b040766b1de46f03,Tech,positive,positive,positive,positive,positive,
306ecbf1aaa4966c,Retail,negative,negative,negative,negative,negative,gold_test
117c02a1a65283fb,Tech,neutral,neutral,neutral,neutral,neutral,
50ab79c6ed07cbb8,Tech,neutral,neutral,negative,neutral,neutral,
57f43e0c5678605b,Tech,negative,negative,negative,negative,negative,
ecf99e7f1447c3c6,Tech,negative,negative,negative,negative,negative,
34b59117e59b83e6,Retail,positive,positive,positive,positive,positive,gold_test
fe01479c429b9cde,Retail,positive,positive,positive,positive,positive,gold_test
8e86f1660b82040d,Retail,positive,positive,positive,positive,positive,gold_test
b9bf23c195bfd110,Retail,neutral,positive,neutral,neutral,neutral,gold_test
16c74fd2ae37c813,Tech,neutral,neutral,neutral,neutral,neutral,gold_test
224af6ab7242a633,Retail,neutral,neutral,neutral,neutral,neutral,gold_test
c8d14862a63d347a,Retail,positive,positive,positive,positive,positive,gold_test
036b59d2949c59ad,Tech,neutral,neutral,neutral,neutral,neutral,
4822b9f53b11e330,Tech,negative,negative,negative,negative,negative,
ed9646c0c21ae4fa,Tech,neutral,neutral,neutral,neutral,neutral,
55441776ae19faa7,Tech,neutral,neutral,neutral,neutral,neutral,
c99aece2ad4a5a40,Tech,neutral,neutral,neutral,neutral,neutral,
acd5762feb62579d,Tech,positive,positive,positive,positive,positive,gold_dev
082399b291587c22,Retail,positive,positive,positive,positive,positive,gold_test
77e31b1885b61c03,Tech,neutral,neutral,neutral,neutral,neutral,
71183d3af0e78192,Public,neutral,negative,neutral,neutral,neutral,gold_train
092c249cfff28fa3,Tech,neutral,neutral,neutral,neutral,neutral,
b8b4cd7723bb402d,Tech,negative,neutral,neutral,neutral,neutral,
50a1498001db08f8,Tech,neutral,neutral,neutral,neutral,neutral,
1364b7eaf9d0ef1e,Tech,positive,positive,positive,positive,positive,
0f66c703a286590d,Tech,positive,positive,positive,positive,positive,
be0278ed20c8667f,Tech,positive,positive,positive,positive,positive,
f98c5b933089625b,Tech,negative,negative,negative,negative,negative,
b93e4c0493b873af,Tech,negative,negative,negative,negative,negative,gold_test
9b9f265ce3bc1047,Tech,negative,neutral,negative,negative,negative,
9f49ac6495571da9,Retail,positive,positive,positive,positive,positive,gold_test
ec1d352cb5cf8bd1,Tech,neutral,neutral,neutral,neutral,neutral,
0fd23f1d9b5d8262,Tech,negative,negative,negative,negative,negative,
89cecf06544eaca5,Tech,neutral,neutral,neutral,neutral,neutral,
aa6c63fdcbf38494,Retail,positive,positive,negative,positive,positive,gold_test
0462d8437ebc2c19,Tech,negative,negative,negative,negative,negative,
74f9602ff63114be,Tech,negative,negative,negative,negative,negative,
f935a1661b699f3c,Social,positive,positive,positive,positive,positive,gold_test
42c653febe034cdb,Retail,positive,neutral,neutral,neutral,neutral,gold_test
5538570fb30da694,Finance,negative,negative,negative,negative,negative,gold_train
b42588d85452c399,Tech,neutral,negative,neutral,neutral,neutral,
8d15fdd2aa358f4d,Finance,positive,positive,negative,positive,positive,gold_dev
5f880625392baa7d,Tech,negative,negative,negative,negative,negative,
9981f252c8fe8cb7,Tech,positive,positive,positive,positive,positive,
7c1250d2971cd377,Social,negative,negative,negative,negative,negative,gold_test
caa4e7d2ab5448e3,Tech,neutral,positive,neutral,neutral,neutral,
8c6e31662f412fb1,Finance,negative,negative,negative,negative,negative,gold_test
0638b6090868ae0f,Tech,negative,neutral,negative,negative,negative,gold_test
c175bac625bab89f,Social,positive,positive,positive,positive,positive,gold_test
202d7e3eecf96ffe,Retail,negative,negative,negative,negative,negative,gold_test
4e58c9224a5a88b2,Tech,negative,negative,negative,negative,negative,
cb31be03aaba447d,Tech,neutral,neutral,neutral,neutral,neutral,
346add34c95d700c,Tech,positive,positive,positive,positive,positive,gold_test
ce3b9d144861871e,Tech,negative,negative,negative,negative,negative,
4cb1347a078774df,Tech,negative,negative,negative,negative,negative,
ec8b0f41ebbc9794,Tech,neutral,neutral,neutral,neutral,neutral,
9405823ddb91ffd2,Tech,negative,negative,negative,negative,negative,
0acea69d1dedd973,Public,negative,negative,negative,negative,negative,gold_test
cd558454693752a6,Tech,positive,positive,positive,positive,positive,
9ae75d2adc5ab6f9,Tech,negative,negative,negative,negative,negative,
95a251aa53165ef2,Public,negative,negative,negative,negative,negative,gold_dev
fbf32aa0c5fcf94f,Tech,positive,positive,positive,positive,positive,
0804b7f0786a49ab,Tech,negative,negative,negative,negative,negative,
a992c935f9502962,Tech,neutral,neutral,neutral,neutral,neutral,
f0a68d3b25dd4ccd,Tech,negative,negative,negative,negative,negative,gold_test
585072091af4d2b6,Retail,neutral,neutral,neutral,neutral,neutral,gold_dev
2a61a1031578a58a,Retail,negative,negative,negative,negative,negative,gold_test
5400141b95a82e30,Tech,negative,negative,negative,negative,negative,
bd386e94e1e95b9a,Tech,neutral,neutral,neutral,neutral,neutral,
13f0c70ccf2a35ef,Tech,neutral,neutral,neutral,neutral,neutral,
c0acf9e6f35f57ca,Tech,positive,neutral,positive,positive,positive,
273e7ec37a94d136,Finance,neutral,neutral,neutral,neutral,neutral,gold_test
07dc08834ce3492b,Tech,positive,neutral,neutral,neutral,neutral,
6d3ce93f63e4fb5f,Tech,negative,negative,negative,negative,negative,
3e656885f9dd3296,Tech,negative,negative,negative,negative,negative,
cd242ce57c4185d3,Tech,neutral,neutral,neutral,neutral,neutral,
3ef5deb6b945c09c,Tech,neutral,negative,neutral,neutral,neutral,
a43b72be42dd65d5,Tech,neutral,neutral,neutral,neutral,neutral,
e0730a53d699f5c9,Tech,neutral,neutral,neutral,neutral,neutral,
103fb3d2c4701fff,Tech,neutral,positive,neutral,neutral,neutral,
d840b29dd241d97e,Tech,neutral,neutral,neutral,neutral,neutral,gold_train
7fd1eb836a28b78a,Public,positive,positive,positive,positive,positive,gold_test
fb42deb363bca280,Public,neutral,neutral,neutral,neutral,neutral,gold_train
624f093f378e95a2,Tech,neutral,positive,positive,positive,positive,gold_test
71ddf237a88a5dd1,Finance,negative,negative,negative,negative,negative,gold_test
9fb1117355750e22,Tech,negative,negative,negative,negative,negative,
f591a749dc3d7dd1,Tech,positive,neutral,neutral,neutral,neutral,
1adf838daaad9621,Tech,positive,neutral,neutral,neutral,neutral,
283266bab661cb3e,Tech,neutral,neutral,neutral,neutral,neutral,
95976dbebc3358db,Tech,neutral,neutral,neutral,neutral,neutral,
7aab4df46e78a91e,Social,positive,positive,positive,positive,positive,gold_test
48e2dcbd17ac9f39,Social,positive,positive,positive,positive,positive,gold_test
e1f376ccb67e2a94,Public,negative,negative,negative,negative,negative,gold_dev
f3896303d285f16e,Tech,neutral,neutral,neutral,neutral,neutral,
fec615406972a6b3,Public,neutral,neutral,neutral,neutral,neutral,gold_dev
5a91509d0df49eff,Public,neutral,neutral,neutral,neutral,neutral,gold_test
910df8499a4dd9c1,Tech,negative,negative,negative,negative,negative,gold_train
85506009c0285884,Tech,negative,negative,negative,negative,negative,
c5a6df83c20201c6,Tech,positive,negative,positive,positive,positive,
33e36c23727e846d,Public,negative,negative,negative,negative,negative,gold_train
f9cfe7c4b98755a4,Finance,neutral,neutral,neutral,neutral,neutral,gold_test
6d47368cd9314816,Public,neutral,neutral,neutral,neutral,neutral,gold_dev
d078c69be92385e9,Public,negative,negative,negative,negative,negative,gold_train
0bbfa43f1c2d0295,Public,negative,negative,negative,negative,negative,gold_test
9787deaca0fc92a0,Tech,positive,positive,positive,positive,positive,
40b77b5c59146262,Public,positive,negative,negative,negative,negative,gold_test
b37db1271edcb547,Retail,neutral,neutral,neutral,neutral,neutral,gold_test
0768df26de6d46a7,Tech,positive,positive,positive,positive,positive,
6a8db93dbbd8ea18,Tech,neutral,neutral,neutral,neutral,neutral,
e6663eb53100a44e,Finance,neutral,neutral,neutral,neutral,neutral,gold_train
2785a0947f237f09,Social,negative,negative,negative,negative,negative,gold_test
83490a88d05a392c,Public,negative,negative,negative,negative,negative,gold_dev
4689ace78e847a68,Tech,positive,positive,negative,positive,positive,
19b8e3d97f3cb94a,Tech,neutral,neutral,neutral,neutral,neutral,
75e30a5a815590d4,Tech,negative,negative,negative,negative,negative,gold_test
12d6945f724e7a52,Tech,negative,negative,negative,negative,negative,
feabc5cfb68f5228,Finance,negative,negative,negative,negative,negative,gold_test
b84c17c8f5d069d0,Tech,negative,negative,negative,negative,negative,
9a7a464547345980,Tech,negative,negative,negative,negative,negative,
6e5b1aa35ba101c8,Tech,negative,negative,negative,negative,negative,
bf6e7b11ff0be75b,Retail,positive,positive,positive,positive,positive,gold_test
dd195e9f79b11482,Finance,positive,positive,positive,positive,positive,gold_test
402a21153e3ca0ad,Tech,neutral,neutral,neutral,neutral,neutral,
837ebe38e21056bb,Tech,neutral,negative,negative,negative,negative,
d88aef78ce49e498,Tech,positive,positive,positive,positive,positive,gold_test
2fb093a6c2e0ed1a,Tech,negative,negative,negative,negative,negative,
b30a09e6da8d4e5a,Tech,positive,neutral,neutral,neutral,neutral,
001dbe2e9d24e064,Tech,neutral,neutral,neutral,neutral,neutral,
a178d066661d8ce8,Tech,neutral,neutral,neutral,neutral,neutral,
70ef2ee8ad40801c,Tech,neutral,neutral,neutral,neutral,neutral,
cf637ddfe8ed17ad,Tech,positive,positive,positive,positive,positive,
ea65249f4fa18e3c,Tech,negative,negative,negative,negative,negative,gold_test
2a594c01ab137cdc,Tech,negative,negative,negative,negative,negative,gold_test
1908a8ee241cfe87,Tech,negative,negative,negative,negative,negative,gold_test
a6412395a8646ad2,Tech,neutral,neutral,neutral,neutral,neutral,
90ce0e09a766dd0a,Public,negative,negative,negative,negative,negative,gold_test
01f5af208044e561,Tech,positive,positive,neutral,positive,positive,gold_test
74499dc15848b9af,Tech,positive,positive,positive,positive,positive,
caec75e3601f78b0,Retail,neutral,neutral,neutral,neutral,neutral,gold_dev
8786b41a227ba8fa,Tech,neutral,positive,positive,positive,positive,
2b653e9f28af1a13,Tech,positive,positive,positive,positive,positive,
628a840747808666,Tech,positive,positive,positive,positive,positive,
eb9719e018ac8a0a,Tech,positive,positive,positive,positive,positive,
a9905eb0720b424c,Tech,positive,positive,negative,positive,positive,
85e67228cccc282d,Tech,positive,positive,positive,positive,positive,
12f4b2dd5c56be92,Tech,positive,positive,positive,positive,positive,
d54da1f270079a15,Tech,negative,negative,negative,negative,negative,
ed4cc48d0ddaa409,Tech,neutral,neutral,neutral,neutral,neutral,
641bd53e795cafb5,Social,positive,positive,positive,positive,positive,gold_test
d9e3d9b1b712e424,Tech,negative,neutral,neutral,neutral,neutral,
debe6e7893479d77,Public,neutral,neutral,neutral,neutral,neutral,gold_train
55dcd0ab384e0f98,Tech,positive,positive,positive,positive,positive,
fcdc9081ecd1457b,Tech,neutral,neutral,neutral,neutral,neutral,
06e252c4bdef31b7,Tech,positive,positive,negative,positive,positive,
6228620cc6667cd4,Tech,positive,positive,neutral,neutral,neutral,gold_test
7f2b271afb90c0dc,Tech,neutral,neutral,negative,neutral,neutral,
646b5805907530f7,Social,positive,positive,positive,positive,positive,gold_test
53686a0135c56ddd,Tech,positive,negative,positive,positive,positive,
506e8a4b116b6256,Tech,positive,positive,positive,positive,positive,
f60cd904502e146e,Finance,positive,positive,positive,positive,positive,gold_train
624842e42e72a0d3,Finance,positive,positive,positive,positive,positive,gold_dev
cbc7be7360126d72,Tech,positive,negative,positive,positive,positive,
b609c29064b72f2e,Finance,positive,positive,positive,positive,positive,gold_train
30b07add890856e4,Retail,positive,positive,positive,positive,positive,gold_test
d2f8d1d4a456ba98,Tech,positive,negative,positive,positive,positive,gold_test
1f984dd41281d2c7,Tech,negative,negative,negative,negative,negative,gold_test
2248098a3bc23241,Tech,neutral,neutral,neutral,neutral,neutral,
aa054500d56f79fe,Tech,positive,positive,positive,positive,positive,
33fd0506411029f9,Tech,negative,negative,negative,negative,negative,
c80e132090ec08df,Social,neutral,positive,positive,positive,positive,gold_test
507a2be1b660644b,Tech,positive,positive,positive,positive,positive,
358fde92d645e272,Finance,positive,positive,positive,positive,positive,gold_test
f9cb7385b09b800b,Tech,positive,positive,positive,positive,positive,
679c610d88e61b67,Retail,negative,negative,negative,negative,negative,gold_test
aa20e121b70b81b7,Tech,neutral,neutral,neutral,neutral,neutral,
8a05f1dbf107ec4e,Tech,neutral,neutral,neutral,neutral,neutral,
09450d5bba97c56a,Retail,positive,positive,positive,positive,positive,gold_test
45044f26116d0e6b,Tech,neutral,neutral,neutral,neutral,neutral,
cdf28c259052b6b4,Tech,positive,positive,positive,positive,positive,
58806922a9e61b8b,Finance,neutral,neutral,neutral,neutral,neutral,gold_dev
ddaba40215820ec7,Tech,positive,positive,negative,positive,positive,
21e74f6a02254451,Tech,neutral,positive,positive,positive,positive,gold_test
3f7a3fef411bee30,Social,positive,positive,positive,positive,positive,gold_test
8e82dedcf0bf168d,Public,neutral,neutral,neutral,neutral,neutral,gold_test
63e7f15883139313,Public,positive,positive,positive,positive,positive,gold_test
52a1de973e9877d5,Tech,negative,negative,negative,negative,negative,
7b219ea86e20468c,Retail,positive,positive,positive,positive,positive,gold_test
ff6e382089f66f8d,Retail,positive,positive,positive,positive,positive,gold_test
5639c5911bb2c14c,Tech,negative,negative,negative,negative,negative,
77e5c58eb17ac3c4,Tech,neutral,positive,neutral,neutral,neutral,
cbac07facf14091c,Tech,positive,positive,positive,positive,positive,
7469beb6597fdf8c,Tech,positive,negative,positive,positive,positive,
10e56d11a9a6f41d,Tech,negative,negative,negative,negative,negative,
209d34c74372a91a,Tech,negative,negative,negative,negative,negative,
c5480b3fddff6da9,Tech,neutral,neutral,neutral,neutral,neutral,
aa3ce9dca490f990,Finance,negative,negative,negative,negative,negative,gold_test
987720637712e98a,Finance,neutral,neutral,neutral,neutral,neutral,gold_dev
0db0c816ec665e8e,Finance,negative,negative,neutral,negative,negative,gold_train
c2d3aa15c4a0107c,Public,neutral,neutral,neutral,neutral,neutral,gold_dev
856aea8a8de4470b,Public,neutral,neutral,neutral,neutral,neutral,gold_dev
a7c88674c9baa3d0,Public,negative,negative,negative,negative,negative,gold_train
49f3d073b84d57f8,Public,neutral,neutral,neutral,neutral,neutral,gold_test
44937ecb87928746,Tech,negative,negative,negative,negative,negative,
53e33e8edc455313,Tech,neutral,neutral,neutral,neutral,neutral,
17a94f636e29b700,Tech,negative,negative,negative,negative,negative,gold_test
31dc6d2732b3f891,Retail,positive,positive,positive,positive,positive,gold_test
362bef3dd83b05b5,Tech,neutral,neutral,neutral,neutral,neutral,
91e896936a1da4ae,Public,negative,negative,negative,negative,negative,gold_train
77428f141f0b4e8f,Tech,neutral,neutral,neutral,neutral,neutral,
f76b2b83cd44e405,Public,neutral,neutral,neutral,neutral,neutral,gold_dev
b6e0efbf782e1f3e,Tech,neutral,neutral,neutral,neutral,neutral,
68ce204e61bac78a,Finance,negative,negative,negative,negative,negative,gold_dev
cf8329fc3a6f51d6,Tech,negative,neutral,neutral,neutral,neutral,
8f645447115f179c,Tech,neutral,neutral,neutral,neutral,neutral,
044c7e3fffbd92f7,Tech,negative,neutral,negative,negative,negative,
0e555fbfb599b059,Public,negative,negative,negative,negative,negative,gold_test
10dc1ce6551ed51b,Retail,negative,negative,negative,negative,negative,gold_test
ac80f1ed728666b4,Tech,negative,negative,negative,negative,negative,gold_train
1f43d96e69ba3cec,Tech,positive,positive,positive,positive,positive,gold_test
09e23aaf510dbb51,Tech,neutral,neutral,neutral,neutral,neutral,
a0fbe590f7ae9336,Tech,neutral,neutral,neutral,neutral,neutral,
b7276a3b905a823c,Tech,neutral,neutral,neutral,neutral,neutral,
1b9d9b999f058e7f,Retail,negative,negative,negative,negative,negative,gold_test
23288459ff07dafa,Retail,positive,positive,positive,positive,positive,gold_test
f365ecbc64c5ab50,Tech,neutral,neutral,neutral,neutral,neutral,
271001c0afd8ba49,Tech,positive,positive,positive,positive,positive,gold_test
b0c1512348a6f2a3,Tech,neutral,neutral,neutral,neutral,neutral,
1486c481e0f68eab,Social,neutral,neutral,neutral,neutral,neutral,gold_test
4652e6b2f83b9a5b,Retail,neutral,positive,positive,positive,positive,gold_test
f530f92937236a55,Tech,neutral,neutral,neutral,neutral,neutral,
36f2486b5f85c011,Finance,neutral,neutral,neutral,neutral,neutral,gold_train
b179fd238b492cde,Finance,positive,positive,positive,positive,positive,gold_dev
708977cefaa99081,Tech,neutral,neutral,neutral,neutral,neutral,
496805669b94b6c1,Tech,neutral,neutral,neutral,neutral,neutral,
71cba2f0d3f59e27,Finance,positive,positive,positive,positive,positive,gold_test
2e24214c862e1f25,Finance,positive,positive,positive,positive,positive,gold_test
b280a90f3dda34be,Public,negative,negative,negative,negative,negative,gold_train
b34d3d0e40da6e6a,Public,negative,negative,negative,negative,negative,gold_train
3f42d8c0f9c2bc82,Tech,neutral,neutral,positive,neutral,neutral,
3b7660667d418260,Tech,positive,positive,positive,positive,positive,gold_test
24eb4272fadba614,Tech,positive,neutral,neutral,neutral,neutral,
1ba9156e1965344f,Social,positive,positive,positive,positive,positive,gold_test
406c16888dc79330,Tech,negative,negative,negative,negative,negative,
a07f54a7159f82ac,Retail,neutral,neutral,neutral,neutral,neutral,gold_dev
fd3bc8fe5e430e92,Finance,neutral,neutral,neutral,neutral,neutral,gold_test
0bde282a6fc87ea1,Tech,neutral,neutral,negative,neutral,neutral,
ff5507b9d458e7a9,Public,negative,negative,negative,negative,negative,gold_train
8f46a2e03c4e1d8a,Tech,neutral,neutral,neutral,neutral,neutral,
92cfc1605f86c419,Tech,neutral,negative,negative,negative,negative,
e2de0852a10ae2e7,Tech,neutral,neutral,neutral,neutral,neutral,gold_dev
106d776f7bcf0a4d,Public,negative,negative,negative,negative,negative,gold_train
86f58e36eaa70bb0,Tech,negative,neutral,neutral,neutral,neutral,
301d0be1b12dedbc,Tech,neutral,neutral,neutral,neutral,neutral,
1ce1df17ed034c3a,Tech,neutral,neutral,negative,neutral,neutral,
2f400884f5998e81,Tech,neutral,neutral,neutral,neutral,neutral,
b8f906452b095ab5,Retail,negative,negative,negative,negative,negative,gold_test
bd4674bb4db86098,Tech,neutral,neutral,neutral,neutral,neutral,
993be0a291e01280,Finance,neutral,neutral,neutral,neutral,neutral,gold_test
e7719d632455761e,Finance,negative,negative,negative,negative,negative,gold_test
623427f4676eb23a,Finance,negative,negative,negative,negative,negative,gold_train
76ccd77d9aeb8e89,Tech,negative,negative,negative,negative,negative,
56e07fa90be84cc3,Tech,negative,positive,positive,positive,positive,
95b4432dade9a797,Public,neutral,neutral,positive,neutral,neutral,gold_dev
870df145839f0992,Tech,negative,negative,negative,negative,negative,
a19059088e372eeb,Public,negative,negative,negative,negative,negative,gold_test
7f75348d79d39706,Public,neutral,neutral,neutral,neutral,neutral,gold_test
588952c9dc4eee57,Tech,negative,negative,negative,negative,negative,gold_train
4fb550f0ef405c5b,Tech,neutral,neutral,neutral,neutral,neutral,
79cfb85e0821bb71,Tech,neutral,neutral,neutral,neutral,neutral,
2dfaf89b673bf4a2,Public,negative,negative,neutral,negative,negative,gold_dev
6fcf3173ef962a5b,Public,negative,negative,negative,negative,negative,gold_train
0f9367d25484fa78,Tech,negative,neutral,negative,negative,negative,
4dd20981e628b912,Public,negative,negative,negative,negative,negative,gold_train
9c7d5ba534808141,Tech,neutral,neutral,neutral,neutral,neutral,
8302d1032101d9c5,Public,negative,negative,negative,negative,negative,gold_test
e245b62e73e59f10,Tech,neutral,neutral,neutral,neutral,neutral,
8d60f049835f432a,Tech,positive,positive,positive,positive,positive,
3677ff2094e35e82,Tech,neutral,neutral,neutral,neutral,neutral,
5cdee5e9fe27136f,Tech,neutral,neutral,neutral,neutral,neutral,
301d433bd7b09e23,Finance,positive,positive,positive,positive,positive,gold_test
5a614b02e5f9c165,Tech,neutral,neutral,neutral,neutral,neutral,
45e8ddfd5cd704b6,Social,neutral,neutral,neutral,neutral,neutral,gold_dev
e3d814e09af75185,Tech,negative,negative,negative,negative,negative,
c4c582c6071d9f17,Tech,positive,positive,positive,positive,positive,
20663edebb8e0d00,Tech,neutral,neutral,neutral,neutral,neutral,gold_test
f79dca71db6c5505,Tech,neutral,neutral,neutral,neutral,neutral,
5e95058ee1693252,Tech,neutral,neutral,neutral,neutral,neutral,
3129fb8b9a2e415d,Tech,positive,positive,positive,positive,positive,
bd557d3e64d6a76e,Retail,neutral,neutral,neutral,neutral,neutral,gold_dev
ac025af844b735a0,Tech,positive,positive,positive,positive,positive,
ba066639432400f7,Tech,negative,negative,neutral,negative,negative,
bbc7acb268478e13,Tech,negative,negative,positive,negative,negative,
c551788870359bb5,Retail,negative,negative,negative,negative,negative,gold_test
cc543868ad7732ce,Tech,negative,negative,negative,negative,negative,
d8f21239bf27ee73,Tech,neutral,neutral,neutral,neutral,neutral,
3574d2620c4845e5,Tech,negative,negative,negative,negative,negative,
1e8832b7b1a8e421,Tech,negative,negative,neutral,negative,negative,
b834bee8fe258445,Finance,negative,negative,negative,negative,negative,gold_test
fdb97d32872c6174,Tech,negative,positive,negative,negative,negative,
d971326bb8676846,Tech,neutral,neutral,neutral,neutral,neutral,
f4844f7158a187f4,Social,positive,positive,positive,positive,positive,gold_dev
50652b0e909e94b0,Social,positive,positive,positive,positive,positive,gold_test
c2c268706183bd33,Tech,neutral,neutral,neutral,neutral,neutral,
2c7f3a56ad55a1b9,Public,positive,positive,positive,positive,positive,gold_dev
7a5034440521f405,Tech,neutral,neutral,neutral,neutral,neutral,
e83c64e08bebbcd3,Tech,neutral,neutral,positive,neutral,neutral,
53591478f95c3d18,Tech,negative,negative,negative,negative,negative,
73daf498253563a4,Finance,positive,positive,negative,positive,positive,gold_test
0de26d6930043871,Tech,negative,negative,negative,negative,negative,
cf19ec14ff978596,Tech,negative,negative,negative,negative,negative,
65f715bbcf44988f,Tech,negative,negative,negative,negative,negative,
b0d7f184b3a4c5a8,Tech,negative,negative,negative,negative,negative,
cd0c62f44f2b7feb,Tech,neutral,neutral,neutral,neutral,neutral,
7e39c7933f0c9981,Public,neutral,neutral,neutral,neutral,neutral,gold_train
f3b7c71f91e5cb11,Social,positive,positive,positive,positive,positive,gold_test
76f15478ea7ed81b,Finance,negative,negative,negative,negative,negative,gold_test
6e162cb24f7c5514,Finance,neutral,neutral,neutral,neutral,neutral,gold_dev
ce694b3daaaf6682,Tech,neutral,neutral,neutral,neutral,neutral,
84a113c058e3ef85,Tech,negative,negative,negative,negative,negative,
b1dcb1560e370c86,Tech,neutral,neutral,positive,neutral,neutral,gold_test
5aa86c1e2c38677e,Finance,positive,positive,positive,positive,positive,gold_dev
329656a0faf5185b,Retail,neutral,neutral,neutral,neutral,neutral,gold_test
5e609511833ace91,Retail,negative,negative,negative,negative,negative,gold_test
9c057a985fd5b729,Tech,negative,negative,negative,negative,negative,
4b29083874950909,Tech,negative,negative,negative,negative,negative,
922a73b67807b206,Tech,neutral,neutral,neutral,neutral,neutral,gold_train
74bdef44911d117c,Social,negative,positive,negative,negative,negative,gold_test
e9da0f072910aa20,Tech,neutral,neutral,neutral,neutral,neutral,
e8f9d413c068b6b3,Tech,neutral,neutral,positive,neutral,neutral,
c61b63b664d017f7,Tech,negative,negative,negative,negative,negative,
dd09155c338ee95d,Finance,positive,positive,positive,positive,positive,gold_test
d7867b910f470e14,Finance,negative,negative,negative,negative,negative,gold_test
8ee6ce6cc387f6f0,Tech,neutral,neutral,neutral,neutral,neutral,
192582ce096acca8,Tech,positive,positive,positive,positive,positive,
7cdbaf07217810ba,Tech,positive,positive,positive,positive,positive,
98b326c5ee89b0c8,Finance,negative,neutral,neutral,neutral,neutral,gold_dev
d93849fe88a1100f,Finance,neutral,neutral,neutral,neutral,neutral,gold_train
53f3d3cd5ca27088,Tech,neutral,neutral,neutral,neutral,neutral,
35d9fba99e101d77,Public,negative,negative,negative,negative,negative,gold_test
1f0b64003873a4a3,Tech,positive,negative,positive,positive,positive,
1620ae3657b96f64,Tech,negative,neutral,neutral,neutral,neutral,
8a73cab4c746f409,Tech,neutral,neutral,neutral,neutral,neutral,
51eb3782247c20c2,Social,positive,positive,positive,positive,positive,gold_test
56c6b302c8325f7d,Tech,negative,negative,negative,negative,negative,
3bceadbae6b31671,Finance,neutral,neutral,neutral,neutral,neutral,gold_train
8943532e1db1a796,Tech,neutral,neutral,negative,neutral,neutral,gold_test
358e60982f57cc88,Tech,negative,negative,positive,negative,negative,
565c9a2fd41bd935,Tech,positive,positive,positive,positive,positive,
b10a0f470c36ca0d,Tech,neutral,neutral,neutral,neutral,neutral,
659dd6896483ce94,Tech,positive,positive,positive,positive,positive,
3004247d49befd19,Tech,positive,positive,positive,positive,positive,
9964405f1abb507f,Tech,negative,negative,negative,negative,negative,
e2ea46a1832a08c7,Tech,negative,negative,neutral,negative,negative,
249409ad94e75bb1,Tech,negative,positive,negative,negative,negative,
35dcf235966e7192,Tech,neutral,negative,neutral,neutral,neutral,gold_test
c38048f1ce653328,Tech,neutral,neutral,positive,neutral,neutral,
95cff5be5553876e,Tech,negative,negative,negative,negative,negative,
ac4392fb4f94873e,Tech,neutral,neutral,neutral,neutral,neutral,
d95189faa4f83555,Tech,negative,negative,neutral,negative,negative,
a693f5b84bf5c835,Tech,negative,negative,negative,negative,negative,
40011eeaf0d991f9,Tech,negative,negative,negative,negative,negative,
f0a559c156134c4e,Tech,neutral,neutral,negative,neutral,neutral,
e2d285a6aedc772a,Tech,positive,positive,positive,positive,positive,
e25eaec700798ea9,Tech,negative,negative,negative,negative,negative,
73437fbc207281ac,Tech,positive,positive,positive,positive,positive,
380c936e5296cef7,Public,neutral,neutral,neutral,neutral,neutral,gold_train
5bd19ba8a777ae96,Tech,negative,negative,negative,negative,negative,
1cb5ed6e1320ad06,Tech,negative,negative,negative,negative,negative,
614f4e26dbc190f9,Tech,positive,positive,positive,negative,negative,
1b02b6d59e90161d,Tech,neutral,neutral,neutral,neutral,neutral,
edf58ff8b4ca9ba7,Tech,neutral,neutral,neutral,neutral,neutral,
17b318c98c1441bd,Tech,neutral,neutral,neutral,neutral,neutral,
5afb93a6499fdfc9,Tech,negative,negative,negative,negative,negative,
7b93cbfde6b03483,Tech,neutral,negative,negative,negative,negative,
9991fe5b8bd32807,Tech,positive,positive,positive,positive,positive,
3a0831887aa9a276,Tech,negative,negative,negative,negative,negative,gold_test
718e934fff221874,Tech,negative,neutral,neutral,neutral,neutral,
9a4faf644e54c354,Tech,neutral,neutral,neutral,neutral,neutral,
ec4c5e257c55ac22,Tech,neutral,neutral,neutral,neutral,neutral,
561e858492137372,Finance,positive,negative,positive,positive,positive,gold_train
f17ecddba3f145fe,Tech,neutral,neutral,positive,neutral,neutral,
1ad6011fdbea39b5,Tech,positive,positive,positive,positive,positive,
96f1a18ec70a2eda,Public,positive,positive,positive,positive,positive,gold_test
0834f9d092c594c2,Public,positive,positive,positive,positive,positive,gold_dev
328dcce45a6d2ab8,Public,positive,positive,positive,positive,positive,gold_train
6573ae4506b7110a,Tech,neutral,positive,neutral,neutral,neutral,
51ac22b1147b1c00,Tech,positive,positive,positive,positive,positive,
0a2e001db4b9bae7,Public,neutral,neutral,neutral,neutral,neutral,gold_dev
82a40ccaf545a3fa,Finance,negative,neutral,negative,neutral,neutral,gold_dev
d0517829f72dc5ca,Finance,positive,positive,positive,positive,positive,gold_train
fffd13954c256697,Tech,positive,positive,positive,positive,positive,
cc5b77bca66c8f86,Retail,neutral,neutral,neutral,neutral,neutral,gold_test
d51cb23d54b902a0,Public,positive,positive,positive,positive,positive,gold_test
453ad4e8102a322c,Tech,negative,negative,negative,negative,negative,
2c11b334851a4b70,Tech,positive,positive,negative,positive,positive,
922a2a7e3d13272f,Tech,positive,positive,positive,positive,positive,
70e7fc1cb1a2206e,Public,negative,negative,positive,positive,positive,gold_test
375156a5e67b0b29,Tech,negative,negative,negative,negative,negative,
ce3ae47aaf0c0bbc,Tech,neutral,neutral,neutral,neutral,neutral,
88f5dea251f31180,Retail,neutral,neutral,neutral,neutral,neutral,gold_test
37e60bce0ebe25b8,Tech,neutral,neutral,neutral,neutral,neutral,
8a20fce32cea9fa4,Tech,neutral,neutral,neutral,neutral,neutral,
bd7026651651c013,Tech,negative,neutral,neutral,neutral,neutral,
5ba230c1e504296c,Tech,negative,negative,negative,negative,negative,
cb27b63a8e78fa90,Finance,neutral,neutral,neutral,neutral,neutral,gold_dev
08851c5f0c5cdeb6,Public,neutral,neutral,neutral,neutral,neutral,gold_train
233dd2027f00d776,Tech,positive,positive,positive,positive,positive,gold_test
a6c18afd6d3d9940,Tech,negative,negative,negative,negative,negative,
2164f55c0f83c1a2,Tech,neutral,neutral,neutral,neutral,neutral,
8adf2421a9b6175c,Tech,neutral,neutral,neutral,neutral,neutral,
819f5b6ec6efd84c,Tech,positive,positive,positive,positive,positive,
5bf09077b0bda5da,Tech,negative,negative,negative,negative,negative,
0b33184c5479b7db,Tech,neutral,negative,neutral,neutral,neutral,
7c8b58961a91c7b7,Tech,neutral,positive,neutral,neutral,neutral,
7524f17a33b61b35,Tech,positive,positive,positive,positive,positive,gold_test
a55a9777551b80a0,Tech,negative,negative,negative,negative,negative,
45f48e140a673e6a,Tech,positive,positive,neutral,positive,positive,
e67de3134256d402,Tech,negative,negative,negative,negative,negative,
788b98ff7c7dec66,Tech,negative,negative,negative,negative,negative,gold_test
99a25b6f0d8b91dd,Retail,negative,negative,negative,negative,negative,gold_test
dad10d90972a9261,Social,neutral,neutral,neutral,neutral,neutral,gold_test
d10beb0934ddc342,Finance,neutral,neutral,neutral,neutral,neutral,gold_train
47a1d30e4460bb12,Tech,negative,negative,negative,negative,negative,gold_test
92bedd2fd3a9ea41,Public,negative,negative,negative,negative,negative,gold_test
e491b6a8a2e7406f,Social,neutral,negative,neutral,neutral,neutral,gold_test
97db8285fe9dfff7,Finance,negative,negative,negative,negative,negative,gold_test
b7e9a4eb8479b9f2,Tech,negative,negative,negative,negative,negative,
40857a82da23f26f,Tech,neutral,neutral,neutral,neutral,neutral,
696b63a1959262d5,Tech,neutral,negative,negative,negative,negative,
7828fb8300aa180e,Public,neutral,neutral,neutral,neutral,neutral,gold_train
c2b3822bf9e72b20,Tech,neutral,neutral,negative,neutral,neutral,
4e166b5930f99da3,Tech,neutral,neutral,positive,neutral,neutral,
3551aed15f0a2646,Tech,positive,positive,positive,positive,positive,gold_test
e313e39b37ed7c37,Public,neutral,neutral,neutral,neutral,neutral,gold_test
a914203a86c830d2,Tech,positive,positive,positive,positive,positive,gold_test
add1f97034603c25,Tech,negative,positive,positive,positive,positive,
7fa0d24eabddfbb1,Tech,neutral,neutral,neutral,neutral,neutral,
fef70bf565eedcc5,Finance,neutral,neutral,neutral,neutral,neutral,gold_test
471af500dcac29c5,Tech,positive,neutral,neutral,neutral,neutral,
f08809ee08d75dcf,Tech,neutral,neutral,neutral,neutral,neutral,
bc17d9ba3e3b6fa2,Tech,neutral,neutral,neutral,neutral,neutral,
5a2f7bfe62820c1d,Tech,neutral,negative,neutral,neutral,neutral,
348134c4016ab3a3,Tech,neutral,neutral,neutral,neutral,neutral,
87c3aa7716f226f4,Tech,positive,positive,positive,positive,positive,gold_test
cfdff327352425cb,Tech,neutral,neutral,neutral,neutral,neutral,
59678e4c3cf7af68,Tech,positive,positive,positive,positive,positive,
c16f1ca14338e43e,Tech,negative,negative,positive,negative,negative,
c8d9ea6ba7d6cf5e,Tech,negative,negative,negative,negative,negative,
dc964d51cf061296,Tech,negative,negative,negative,negative,negative,
7132828b3a1d10d2,Tech,neutral,neutral,neutral,neutral,neutral,
17fe7f504b8496ac,Tech,positive,positive,positive,positive,positive,
d8270962794a42d7,Tech,negative,neutral,neutral,neutral,neutral,
4e402a5e8ba7e026,Tech,negative,negative,negative,negative,negative,
93eae93b30b21d42,Tech,neutral,neutral,neutral,neutral,neutral,
d6385f54f542a6cb,Tech,positive,positive,positive,positive,positive,
73be2a6221fb30c6,Tech,positive,positive,positive,positive,positive,
f3dffe233aebde54,Tech,neutral,negative,neutral,neutral,neutral,
29a9ceda36b5b7a4,Tech,positive,positive,positive,positive,positive,
65a052e936cf3a7f,Tech,positive,positive,negative,positive,positive,
595fd1cb035e0038,Tech,neutral,neutral,neutral,neutral,neutral,
0daa686a0378103d,Tech,neutral,neutral,negative,neutral,neutral,
a5ae1d5f4d56c00d,Tech,negative,negative,positive,negative,negative,
86c1bdd51161ed13,Tech,negative,negative,positive,negative,negative,
6784666de9e334e2,Tech,neutral,neutral,neutral,neutral,neutral,
3394d5971485cbee,Tech,positive,positive,positive,positive,positive,
4a1754922fa46ed4,Tech,neutral,positive,neutral,neutral,neutral,
88efa394dd1ca8e5,Tech,neutral,neutral,neutral,neutral,neutral,
a35c7a24d8944839,Tech,neutral,neutral,neutral,neutral,neutral,gold_dev
a0f5ebde5a71eb41,Public,neutral,neutral,neutral,neutral,neutral,gold_train
e30934461e274bd0,Tech,negative,negative,negative,negative,negative,
35b8569448cea91a,Finance,neutral,neutral,neutral,neutral,neutral,gold_test
787d00f4e237c71d,Tech,positive,neutral,neutral,positive,positive,
13717ce1eac4c541,Tech,neutral,neutral,neutral,neutral,neutral,
eb902885627b3bfd,Tech,negative,neutral,neutral,neutral,neutral,gold_test
c05fd9980a7da464,Retail,positive,neutral,neutral,neutral,neutral,gold_test
06b20d7ff059298a,Tech,positive,positive,positive,positive,positive,
374df78e4366f3eb,Tech,positive,positive,positive,positive,positive,
f71a6928b0863c07,Tech,neutral,neutral,neutral,neutral,neutral,
2b02eb9ae2fdd8fa,Public,neutral,neutral,neutral,neutral,neutral,gold_train
ddb50f73cca64472,Tech,negative,negative,negative,negative,negative,
05dfe9b1072d641c,Tech,positive,positive,positive,positive,positive,
59c19dcb815d4f92,Tech,neutral,neutral,neutral,neutral,neutral,
fd79aef15bae8e22,Tech,neutral,neutral,neutral,neutral,neutral,
4decc7cbf70d8880,Retail,neutral,neutral,neutral,neutral,neutral,gold_test
ed7c43e5a86f0572,Tech,negative,negative,negative,negative,negative,gold_test
00ba4c7640a46a34,Tech,neutral,neutral,neutral,neutral,neutral,
9b48ab5a10183d85,Tech,positive,positive,positive,positive,positive,
871d7c6aace224a7,Public,negative,positive,positive,positive,positive,gold_test
001f470013a4153b,Tech,positive,neutral,positive,positive,positive,
5da668fcfa34cf20,Social,positive,positive,positive,positive,positive,gold_test
3387c0bc52c6c7ff,Finance,negative,negative,negative,negative,negative,gold_train
a2e69371491ed09a,Public,negative,negative,negative,negative,negative,gold_dev
134ad7bef5d3f8ca,Tech,positive,positive,positive,positive,positive,
299ffeb82392bd42,Tech,positive,positive,positive,positive,positive,
1e9b5cba48fe34c4,Tech,neutral,neutral,neutral,neutral,neutral,
15ecc67c68a96ead,Tech,negative,positive,positive,positive,positive,gold_test
b12a0f57f51151b5,Retail,negative,negative,negative,negative,negative,gold_test
46af0ae2b1ca26d7,Tech,positive,positive,positive,positive,positive,
bb4857ee87386397,Finance,neutral,positive,neutral,neutral,neutral,gold_test
62faddb435bb844e,Tech,negative,positive,negative,negative,negative,
d97beafef26562ba,Tech,negative,negative,negative,negative,negative,
b74f9735ca8f51bb,Finance,neutral,neutral,neutral,neutral,neutral,gold_dev
7084ec6fc85891b9,Tech,neutral,neutral,neutral,neutral,neutral,
4cf950d80fee2cbf,Tech,positive,positive,positive,positive,positive,
05b37c8e95dfad62,Tech,neutral,neutral,neutral,neutral,neutral,
9d6f4260d9e544e3,Retail,neutral,neutral,neutral,neutral,neutral,gold_dev
c97d2364908ae678,Tech,negative,negative,negative,negative,negative,
c4cfc3e49c20178b,Tech,positive,positive,positive,positive,positive,
6cb1c87cad8bddef,Social,neutral,neutral,neutral,neutral,neutral,gold_test
90b20e91c8281b1e,Tech,negative,negative,negative,negative,negative,
68c85396c3bd0214,Tech,positive,positive,positive,positive,positive,
80dd3a377c08f46a,Finance,negative,neutral,neutral,neutral,neutral,gold_dev
0952cff3b395fc44,Tech,neutral,neutral,neutral,neutral,neutral,
1193ee2e0ab69816,Retail,neutral,neutral,neutral,neutral,neutral,gold_test
fea9efc61bc1666d,Tech,positive,positive,positive,positive,positive,
77a18848e1437da2,Social,neutral,neutral,neutral,neutral,neutral,gold_test
0b2f85e1ac98ea3e,Tech,neutral,neutral,neutral,neutral,neutral,
7a1fd2a2ad6b8266,Tech,positive,positive,positive,positive,positive,
0f6cfe532644ee13,Tech,negative,positive,negative,negative,negative,
7ac6c7fe39f65e81,Tech,neutral,negative,neutral,neutral,neutral,
9d897a27e6635091,Tech,neutral,neutral,neutral,neutral,neutral,
b07ea97659db817e,Tech,negative,negative,negative,negative,negative,
a8ba220c0af22465,Public,neutral,neutral,neutral,neutral,neutral,gold_test
703a36bd7c90f440,Tech,neutral,neutral,neutral,neutral,neutral,
e4f1a3171e9b90d4,Public,neutral,neutral,neutral,neutral,neutral,gold_test
137dbaab517d98ad,Public,positive,positive,positive,positive,positive,gold_test
ff20fc98c981bd74,Public,neutral,neutral,neutral,neutral,neutral,gold_test
e929147c2a1888d2,Finance,neutral,neutral,negative,neutral,neutral,gold_train
6f6b7fb329622d85,Tech,positive,positive,positive,positive,positive,
895c9c0314eb6c90,Public,neutral,neutral,neutral,neutral,neutral,gold_test
66e5c17ce642f466,Finance,positive,positive,positive,positive,positive,gold_dev
e0e97899eec8acc8,Tech,neutral,positive,positive,neutral,neutral,
0e82088a4b8f5e9e,Finance,neutral,neutral,neutral,neutral,neutral,gold_test
538846f34539de5a,Tech,neutral,neutral,neutral,neutral,neutral,gold_dev
7f13966ab6fa71b2,Finance,neutral,neutral,positive,neutral,neutral,gold_test
3c8f5c519c6eff9c,Social,negative,positive,positive,positive,positive,gold_test
3bd9da1712472fd9,Tech,positive,positive,positive,positive,positive,
f4a97368939b37f7,Retail,negative,negative,negative,negative,negative,gold_test
3404fee863d7de60,Tech,neutral,neutral,neutral,neutral,neutral,
2d82b114c58230f7,Tech,negative,negative,negative,negative,negative,gold_train
88affedc851554a4,Retail,neutral,neutral,positive,neutral,neutral,gold_test
d1d5773e5c524628,Tech,negative,negative,negative,negative,negative,
4d8aebe410fd2ba2,Tech,negative,negative,negative,negative,negative,
a9f90dd345e1f582,Tech,neutral,neutral,neutral,neutral,neutral,gold_test
50ca193f0550aa92,Retail,negative,positive,positive,positive,positive,gold_test
fc86428c782d9881,Tech,negative,negative,negative,negative,negative,
6a3b1f1dce87f78e,Tech,negative,negative,negative,negative,negative,
b4d08b0096a96378,Retail,positive,neutral,neutral,neutral,neutral,gold_test
f4611973b3d65579,Public,neutral,neutral,neutral,neutral,neutral,gold_train
a6a39c9fd2627832,Tech,positive,neutral,neutral,neutral,neutral,
7c8b7adad599345f,Retail,neutral,neutral,negative,neutral,neutral,gold_test
3b9936f2ce2f9fcc,Tech,negative,negative,negative,negative,negative,
259f45d55c38ba90,Tech,neutral,neutral,neutral,neutral,neutral,
c6d66694cfd1b638,Tech,negative,negative,negative,negative,negative,
d64d47415e8f4fbc,Tech,neutral,neutral,neutral,neutral,neutral,gold_train
9c633d26760a480f,Tech,positive,positive,positive,positive,positive,
9b25365c47478b86,Tech,positive,positive,positive,positive,positive,
87084ba0a269812e,Tech,negative,negative,negative,negative,negative,
d860b3679304ac18,Tech,positive,positive,positive,positive,positive,
8a6ffb4b028b45b5,Tech,positive,positive,positive,positive,positive,
61e34847bf9827d6,Tech,neutral,neutral,neutral,neutral,neutral,gold_dev
f30a7b6f5add7528,Tech,negative,negative,negative,negative,negative,
e194e29c5f84232f,Retail,neutral,neutral,neutral,neutral,neutral,gold_test
8e7fd26532234e26,Tech,neutral,neutral,neutral,neutral,neutral,
8f6e52180565680c,Tech,positive,positive,positive,positive,positive,gold_dev
f39f4223e2df9951,Tech,positive,positive,positive,positive,positive,
03bcf623394aad54,Tech,negative,negative,negative,negative,negative,
6d0219d316154fd6,Tech,positive,positive,positive,positive,positive,
f0b3c2cb9c6fb5aa,Tech,positive,positive,positive,positive,positive,
d486d19722c00e7e,Tech,positive,positive,positive,positive,positive,
31fe77a74754153c,Tech,negative,negative,negative,negative,negative,
4a2b0b0d75682866,Tech,neutral,positive,positive,positive,positive,
28253e241f4f4497,Tech,neutral,neutral,neutral,neutral,neutral,
3ef3842404d8dcb4,Tech,positive,positive,positive,positive,positive,
f6492826efa4fd0c,Tech,positive,positive,positive,positive,positive,
102806caef6fc1cf,Tech,positive,negative,negative,negative,negative,
349568c17a9121dc,Tech,positive,positive,positive,positive,positive,
d672e68ff21f4b7a,Tech,neutral,neutral,neutral,neutral,neutral,
6c756746592d0c4c,Tech,negative,negative,negative,negative,negative,
effadc373530a026,Tech,negative,negative,negative,negative,negative,
14d33f8aa4a3389e,Tech,positive,positive,positive,positive,positive,gold_test
bd76cb40ad32fd01,Tech,neutral,negative,neutral,neutral,neutral,
99e53a613b5dd4a7,Tech,negative,negative,negative,negative,negative,
067d3be200caa510,Tech,negative,positive,negative,negative,negative,
dd6de196b4bfbf58,Tech,neutral,neutral,neutral,neutral,neutral,
9cf154fb759497ea,Tech,negative,negative,positive,negative,negative,
237c5de60d4f9904,Tech,negative,negative,negative,negative,negative,
18dd04a8a8285e28,Tech,neutral,neutral,positive,neutral,neutral,gold_dev
37b1691b4cfb65a0,Tech,negative,negative,negative,negative,negative,
ab3b9cf6d07aaf4b,Tech,neutral,neutral,neutral,neutral,neutral,gold_dev
d7cec82462ca3e8e,Tech,neutral,neutral,neutral,neutral,neutral,
e6ddb60cdfe534ff,Tech,neutral,neutral,neutral,neutral,neutral,
43ccf54bf22c2ac3,Tech,positive,positive,positive,positive,positive,
2112cabe52780faa,Tech,neutral,negative,neutral,neutral,neutral,
b0ea33a421b74412,Tech,negative,negative,negative,negative,negative,gold_dev
e06404d7cced6a6e,Tech,neutral,neutral,neutral,neutral,neutral,
e439c0db16318e37,Public,negative,negative,negative,negative,negative,gold_dev
d6fd5057975bd933,Tech,positive,positive,positive,positive,positive,
6da4ade8cd4d2ee7,Tech,negative,negative,negative,negative,negative,
14cb6b67ffcf1c91,Tech,neutral,negative,neutral,neutral,neutral,gold_dev
e0474c0d516f51b9,Tech,neutral,neutral,neutral,neutral,neutral,
51c189d872d5f39f,Tech,neutral,neutral,neutral,neutral,neutral,
5f698767a501f8a0,Tech,positive,positive,positive,positive,positive,
efcd0c621271e883,Tech,positive,negative,negative,negative,negative,
6398ee6ed5edfd0d,Tech,positive,positive,positive,positive,positive,
11b61e1a35f4998b,Tech,neutral,neutral,neutral,neutral,neutral,
8cb234010942404b,Tech,neutral,neutral,negative,neutral,neutral,
1323e63a3c2fd94e,Tech,neutral,neutral,neutral,neutral,neutral,
e40ddc103fbe9004,Tech,negative,negative,negative,negative,negative,
ddd6d6baa6b909e3,Tech,negative,negative,negative,negative,negative,
322b9e6c32e54add,Tech,negative,negative,negative,negative,negative,gold_test
b85dcdb692668873,Tech,neutral,neutral,neutral,neutral,neutral,
130ea345e75fa793,Tech,positive,positive,negative,positive,positive,
a3e19818c812e381,Tech,neutral,neutral,neutral,neutral,neutral,
db37f00df76eeeb4,Tech,positive,positive,positive,positive,positive,
1ff01636cea15c3e,Tech,neutral,neutral,neutral,neutral,neutral,gold_test
83bd5d8c6adeaca2,Tech,negative,negative,negative,negative,negative,gold_test
38426d4c40019844,Tech,negative,negative,negative,negative,negative,
9ce6b27f46bca88b,Tech,neutral,neutral,neutral,neutral,neutral,
ce1fc6e18c1ff696,Tech,neutral,neutral,neutral,neutral,neutral,
c65c5763134171f3,Tech,neutral,neutral,neutral,neutral,neutral,
b6d60fd71e3c6cef,Tech,positive,positive,positive,positive,positive,
f52532ce2c36102e,Tech,negative,negative,negative,negative,negative,
b6e3fd76d509e5f6,Tech,negative,negative,negative,negative,negative,
4b7b07be12adebad,Retail,positive,positive,positive,positive,positive,gold_test
c898680e4ab32852,Tech,positive,positive,positive,positive,positive,
f0cfa7c7f92aa9c4,Tech,neutral,neutral,neutral,neutral,neutral,
fcb4381dedb2cea4,Tech,negative,positive,negative,negative,negative,
ac3533c0d567f3a9,Tech,negative,negative,negative,negative,negative,
f78b32b39a347445,Tech,neutral,neutral,neutral,neutral,neutral,
1515b2cadb91190d,Tech,neutral,neutral,negative,neutral,neutral,
e5a278eb3c13ead6,Finance,neutral,neutral,neutral,neutral,neutral,gold_test
db1fa500ff7e8308,Tech,neutral,neutral,neutral,neutral,neutral,
b65abcc237d8d03d,Tech,negative,negative,negative,negative,negative,
f038241b2e9c463a,Tech,neutral,neutral,neutral,neutral,neutral,
47eb8c03c1fe4d02,Tech,neutral,neutral,neutral,neutral,neutral,
c2cb85d256e77dc9,Tech,neutral,neutral,neutral,neutral,neutral,
4163a78d63e70afa,Social,neutral,neutral,neutral,neutral,neutral,gold_test
57202d6f2d6cf03b,Tech,positive,positive,positive,positive,positive,
f286d913282b5373,Tech,positive,positive,positive,positive,positive,
bf144005a0ac2736,Social,positive,positive,positive,positive,positive,gold_test
d602169d0d6ac88e,Retail,negative,negative,negative,negative,negative,gold_dev
2e2a7ebc90456156,Public,positive,positive,positive,positive,positive,gold_test
22b3cdb96f722b96,Tech,neutral,neutral,neutral,neutral,neutral,
485ef4854c7dce28,Tech,negative,negative,negative,negative,negative,
07d49b4b0a88e5f4,Retail,negative,negative,negative,negative,negative,gold_test
c638cc4a3841fc16,Tech,positive,positive,positive,positive,positive,
fc7054fa412fcad7,Tech,positive,neutral,neutral,neutral,neutral,
26713efa6971d5a6,Tech,positive,positive,positive,positive,positive,gold_dev
766323247ad1238f,Public,negative,negative,negative,negative,negative,gold_dev
e58ba9bf987152ee,Tech,negative,negative,negative,negative,negative,gold_test
c51879a49d991ada,Tech,neutral,neutral,neutral,neutral,neutral,gold_test
141299ccb1577858,Tech,negative,negative,negative,negative,negative,
594f9512bbe9e151,Tech,negative,positive,negative,negative,negative,
06af4284afa3bc52,Public,positive,positive,positive,positive,positive,gold_test
88d0480efd94b7b7,Social,neutral,neutral,neutral,neutral,neutral,gold_dev
2e30fd6a62b62d40,Retail,neutral,negative,negative,negative,negative,gold_test
1b3595d1d8410fcb,Tech,neutral,neutral,neutral,neutral,neutral,
2f59483cf996160c,Tech,negative,negative,negative,negative,negative,
6b052059da7f3aa5,Tech,neutral,neutral,neutral,neutral,neutral,
72c7d142a90ee4da,Tech,neutral,neutral,neutral,neutral,neutral,
401829f16dd20aa7,Tech,negative,negative,negative,negative,negative,
a2231662d495f2de,Tech,neutral,neutral,neutral,neutral,neutral,
7859ed3fc78b3dc0,Tech,neutral,neutral,neutral,neutral,neutral,
3e14ee0ee4a539f5,Tech,neutral,neutral,neutral,neutral,neutral,
c0634a59f6932ea1,Tech,neutral,neutral,neutral,neutral,neutral,
4bc94e0a6af83581,Finance,negative,negative,negative,negative,negative,gold_test
b38fd95f0818f1df,Tech,negative,negative,negative,negative,negative,
8bccbe0ae56e17c6,Tech,positive,positive,positive,positive,positive,
b4222c59de2ebbb1,Tech,neutral,neutral,neutral,neutral,neutral,
864177c31f5ea53a,Tech,negative,positive,negative,negative,negative,
d6af908938c82a19,Finance,negative,neutral,negative,negative,negative,gold_test
3678223b26a2e78d,Tech,negative,negative,negative,negative,negative,gold_test
b9a1673b20b244da,Retail,negative,negative,neutral,negative,negative,gold_test
8818792a814391f6,Public,negative,negative,negative,negative,negative,gold_train
5b9b6a44a2042786,Tech,neutral,negative,neutral,neutral,neutral,
401ad380bd75c409,Public,negative,negative,negative,negative,negative,gold_dev
8a0159414e97c3d7,Tech,negative,negative,negative,negative,negative,
12925a75cbae50ed,Tech,neutral,neutral,neutral,neutral,neutral,gold_dev
9c2455efcbb1b7c4,Tech,neutral,negative,negative,negative,negative,gold_test
8d6bc5314959235f,Finance,negative,negative,neutral,negative,negative,gold_test
4d35cee05b45ea16,Tech,negative,negative,negative,negative,negative,gold_test
c4749cc55c8f767c,Tech,positive,positive,positive,positive,positive,
328f63735cf1f92f,Tech,neutral,neutral,neutral,neutral,neutral,
c5ef0239db4e61c4,Tech,negative,negative,negative,negative,negative,
166dcc0ed6dcd744,Public,neutral,neutral,neutral,neutral,neutral,gold_dev
d66c8b791732984e,Tech,neutral,positive,neutral,neutral,neutral,
5ca8e60a23823edb,Tech,negative,negative,negative,negative,negative,gold_train
a149cb7ee3b18c92,Tech,negative,negative,negative,negative,negative,
3848489b4ee31802,Social,negative,negative,negative,negative,negative,gold_test
eb65efaf6c14d928,Tech,positive,positive,positive,positive,positive,
037b565b66e0ccac,Finance,negative,negative,negative,negative,negative,gold_test
30c7a3ebcc1bbdca,Tech,neutral,neutral,negative,neutral,neutral,
307c54400720b050,Tech,negative,negative,negative,negative,negative,
013b111e883096d2,Social,negative,negative,negative,negative,negative,gold_test
c20aa3b9f396f4b2,Social,positive,positive,neutral,positive,positive,gold_test
01ee94c71472e9af,Tech,positive,positive,positive,positive,positive,
d6b836ae9c9180e6,Tech,positive,positive,negative,positive,positive,
dc11ed5c2d148a76,Tech,negative,negative,negative,negative,negative,
1f4341b3806a8795,Retail,negative,negative,negative,negative,negative,gold_dev
1abf66c9ce369b67,Finance,neutral,neutral,positive,neutral,neutral,gold_dev
c7df257071c25b1c,Social,positive,positive,positive,positive,positive,gold_test
c4c98c5acbcbbc93,Retail,positive,positive,positive,positive,positive,gold_test
5815e2c145e5c78d,Tech,neutral,neutral,neutral,neutral,neutral,
f4f83157d137d9fd,Tech,negative,negative,negative,negative,negative,
1cc36c7d4b84facc,Tech,negative,negative,negative,negative,negative,
5f1605b4b3c9b76e,Tech,neutral,neutral,neutral,neutral,neutral,
2c1bf45fa2802bec,Public,negative,negative,negative,negative,negative,gold_train
cf97dcb687a1da65,Tech,negative,negative,negative,negative,negative,
def298682ea3c3e3,Public,neutral,neutral,neutral,neutral,neutral,gold_train
fef09f088737ef3a,Public,negative,negative,negative,negative,negative,gold_train
887a0e7ea1e16494,Tech,positive,positive,positive,positive,positive,
9b8525b037d49137,Tech,positive,positive,positive,positive,positive,
6bf6b94808fc6cec,Tech,negative,negative,negative,negative,negative,gold_train
a4265ef86bdff667,Social,neutral,neutral,neutral,neutral,neutral,gold_dev
e6aa3a0d9f84f14b,Finance,negative,negative,negative,negative,negative,gold_train
d0a491b21c3b62d2,Tech,positive,positive,positive,positive,positive,gold_test
32c9d1b17ed67e2f,Tech,positive,positive,positive,positive,positive,
689d259a642a8049,Finance,positive,positive,neutral,positive,positive,gold_test
5dd9ca86a13bf3c5,Tech,negative,negative,negative,negative,negative,gold_test
60f200ff9b1c66fd,Finance,positive,positive,positive,positive,positive,gold_test
5d16a088e8e7cc23,Public,positive,positive,positive,positive,positive,gold_test
34f94ba9a53bcb10,Tech,positive,neutral,positive,positive,positive,
e162457d0d0b4b7e,Tech,positive,positive,positive,positive,positive,
32c58585af66f01d,Finance,positive,positive,positive,positive,positive,gold_test
645b03c42a8ab579,Tech,positive,neutral,positive,positive,positive,
32826554ece2963e,Social,positive,positive,positive,positive,positive,gold_test
29cc92b472f878e0,Retail,positive,positive,positive,positive,positive,gold_test
30648cb4a2536010,Tech,neutral,neutral,neutral,neutral,neutral,
773003d0b0d02877,Finance,positive,positive,positive,positive,positive,gold_test
0a3388bd37833f45,Tech,positive,positive,positive,positive,positive,
e60a9bdb72ad1f63,Tech,neutral,positive,positive,positive,positive,
4c69d946667c301c,Tech,positive,positive,positive,positive,positive,
98b54d39a62c54ab,Tech,positive,positive,positive,positive,positive,
55fc1bd96ac14fd2,Tech,positive,positive,positive,positive,positive,
5a9b23a72f308627,Tech,positive,positive,positive,positive,positive,
a5d1367452c04b41,Finance,positive,positive,positive,positive,positive,gold_test
48d7983aaf0e8a93,Tech,positive,positive,negative,positive,positive,
d34a674558ea2765,Tech,negative,positive,positive,positive,positive,
3af293e5694c2c37,Tech,negative,neutral,neutral,neutral,neutral,gold_test
49918834b47dc6d6,Tech,neutral,neutral,neutral,neutral,neutral,gold_dev
a49a348f61d6e4d7,Finance,positive,positive,neutral,positive,positive,gold_test
98dde489bea791ec,Tech,neutral,neutral,neutral,neutral,neutral,
4aceac473acf15eb,Tech,positive,positive,positive,positive,positive,gold_test
9db2eb8195fb9c15,Tech,positive,neutral,positive,positive,positive,
53036a998f67f391,Tech,positive,positive,negative,positive,positive,gold_test
e0bc3f3d28f9d487,Retail,positive,positive,positive,positive,positive,gold_test
04150a3277552dab,Social,positive,positive,positive,positive,positive,gold_test
535dde8cdd55ddbf,Tech,positive,positive,positive,positive,positive,
d4b6fe214f7aaa8d,Tech,negative,negative,negative,negative,negative,gold_test
5823b717631717d0,Social,negative,positive,positive,positive,positive,gold_test
9f8152dbd9f4038a,Tech,negative,negative,negative,negative,negative,
9aee5a229518312a,Social,negative,negative,negative,negative,negative,gold_test
03c57664fd438dd6,Tech,positive,positive,positive,positive,positive,
688a7199ff8a774b,Tech,neutral,neutral,neutral,neutral,neutral,gold_test
807ac7433455eced,Tech,positive,positive,positive,positive,positive,
f080b4187f54d9be,Tech,negative,negative,negative,negative,negative,gold_dev
04a1662eb2c51c2e,Tech,neutral,neutral,negative,neutral,neutral,
a76476a0e5be4afe,Tech,neutral,positive,neutral,positive,positive,
a7164906c5885306,Tech,neutral,neutral,neutral,neutral,neutral,
00b39004519deb48,Tech,negative,negative,negative,negative,negative,
b748b63faaf5e7a2,Tech,neutral,neutral,neutral,neutral,neutral,
668a1b7370544184,Tech,negative,negative,negative,negative,negative,gold_train
661fb64f3f88c49e,Public,negative,positive,negative,negative,negative,gold_dev
5f33fc592b820444,Tech,positive,positive,positive,positive,positive,
93b27f0fa590a6f3,Finance,neutral,neutral,neutral,neutral,neutral,gold_train
2801f9c63f7cb332,Public,neutral,neutral,neutral,neutral,neutral,gold_test
a8713ba9edbd2592,Social,neutral,neutral,neutral,neutral,neutral,gold_test
ec3f1a0653cc1412,Tech,positive,negative,negative,negative,negative,
40e1c738f461dcb6,Tech,positive,positive,positive,positive,positive,
198ab054dacc7b68,Tech,positive,positive,positive,positive,positive,
65b1a932c5cdf235,Social,negative,negative,negative,negative,negative,gold_test
25543b63837a1731,Tech,positive,positive,positive,positive,positive,
a7d8170d2da1c307,Tech,negative,negative,negative,negative,negative,
cfce6dd048e6948f,Tech,neutral,neutral,negative,neutral,neutral,
48070f79778d37a6,Social,negative,negative,negative,negative,negative,gold_test
457d7c8070156825,Tech,negative,neutral,negative,negative,negative,
3afc3e0a1dc5727f,Retail,positive,positive,positive,positive,positive,gold_test
63b489085e59e066,Social,negative,negative,negative,negative,negative,gold_test
3a972c9204d602a1,Tech,neutral,neutral,neutral,neutral,neutral,
b682aa5d54d02a9b,Retail,positive,positive,neutral,positive,positive,gold_test
1878bededd2ea099,Tech,negative,negative,neutral,negative,negative,
b3f84d998b3d1ff5,Tech,neutral,neutral,neutral,neutral,neutral,
6fe5002d3836455a,Tech,neutral,positive,neutral,positive,positive,
7c90cdc8ad1300e5,Tech,negative,negative,negative,negative,negative,
0c9e62db54c957d2,Tech,neutral,negative,neutral,neutral,neutral,
d1bf523d9fa827aa,Tech,neutral,neutral,positive,neutral,neutral,
fabdb1b3476104ab,Tech,neutral,neutral,neutral,neutral,neutral,gold_test
0c2ddcb06965d14b,Tech,negative,negative,negative,negative,negative,
a808d4ed8ee11421,Tech,positive,neutral,neutral,neutral,neutral,
735bca6c6a2f1729,Tech,positive,positive,positive,positive,positive,
5da9d93fe82b4f15,Public,positive,positive,positive,positive,positive,gold_train
fb90704563922eb1,Tech,neutral,negative,neutral,neutral,neutral,
7af28c999309dddc,Finance,negative,negative,negative,negative,negative,gold_test
9d6989553a7bfce4,Tech,neutral,negative,neutral,neutral,neutral,
eae46b1b74ac384c,Social,neutral,neutral,neutral,neutral,neutral,gold_test
3a91f65113eddb10,Tech,neutral,neutral,neutral,neutral,neutral,
4ce11e0b6f395e81,Tech,negative,neutral,positive,neutral,neutral,gold_test
b4897f292de2405e,Tech,negative,negative,negative,negative,negative,gold_test
48dd5de0ba09625e,Tech,positive,neutral,neutral,neutral,neutral,
dd3dc2392c65bc5a,Tech,neutral,neutral,neutral,neutral,neutral,
b7c90e43595ab95e,Tech,neutral,neutral,neutral,neutral,neutral,gold_test
30bc5b29053488f6,Tech,negative,positive,positive,positive,positive,gold_test
b91e6ea77ba6a5da,Tech,negative,positive,positive,positive,positive,
53bfe6fb21ac88f3,Tech,negative,negative,negative,negative,negative,gold_test
81c09bc520449a5f,Tech,positive,positive,positive,positive,positive,
2752eb749b5a543d,Tech,neutral,neutral,neutral,neutral,neutral,
5acb47f523739d52,Tech,neutral,neutral,negative,neutral,neutral,
c9f3d264b7c49e02,Tech,negative,negative,negative,negative,negative,
486a81d856882ab1,Tech,neutral,neutral,neutral,neutral,neutral,
7d47fc4c6344416e,Tech,neutral,positive,neutral,neutral,neutral,
573e5fa333e1de1f,Tech,neutral,neutral,neutral,neutral,neutral,gold_test
3610902db6470a28,Tech,negative,negative,negative,negative,negative,
707724975e33258e,Tech,neutral,neutral,neutral,neutral,neutral,
51f6092aec0677d2,Tech,neutral,neutral,neutral,neutral,neutral,
4ad41f96736cecbc,Tech,positive,positive,positive,positive,positive,
58a1fd036b014f18,Tech,neutral,neutral,neutral,neutral,neutral,
e4ab871ec1937c59,Tech,neutral,neutral,neutral,neutral,neutral,
32f1eebbe8da9001,Tech,negative,neutral,neutral,neutral,neutral,
e2c2a9f07f2b1263,Tech,negative,negative,negative,negative,negative,
bc1e59b298e27c87,Tech,neutral,neutral,neutral,neutral,neutral,
d5a2a726af6dd6d4,Tech,neutral,neutral,neutral,neutral,neutral,
b87d52e8b53e2651,Tech,neutral,neutral,neutral,neutral,neutral,
0db71806c3c6f8c5,Tech,positive,positive,positive,positive,positive,
04cbd0da6edb94dc,Tech,positive,positive,positive,positive,positive,
ea5716805a23ea4a,Tech,positive,positive,positive,positive,positive,
c9db817e10f4268b,Tech,neutral,neutral,neutral,neutral,neutral,
b6c5236bff556508,Tech,positive,positive,positive,positive,positive,
10c911729c0aea63,Social,positive,positive,positive,positive,positive,gold_test
031e74309a982924,Tech,negative,negative,negative,negative,negative,
81b284051b90c244,Finance,negative,negative,negative,negative,negative,gold_train
60a07f1f33879def,Tech,positive,positive,positive,positive,positive,gold_test
ad3007bc14ec0feb,Tech,negative,negative,negative,negative,negative,
90621cae896bc51d,Tech,positive,neutral,neutral,neutral,neutral,
b316e5c081c27d18,Retail,neutral,neutral,neutral,neutral,neutral,gold_dev
35b5697c48e77cb5,Tech,negative,negative,neutral,negative,negative,
49d94cde1b158aa4,Public,neutral,neutral,neutral,neutral,neutral,gold_train
4392e1c25e272863,Tech,negative,negative,negative,negative,negative,
52063fd09a9a8019,Public,neutral,negative,neutral,neutral,neutral,gold_dev
a79c4b32248df10e,Tech,neutral,neutral,neutral,neutral,neutral,
9c78c43e4aaa726a,Finance,neutral,neutral,neutral,neutral,neutral,gold_dev
d3c25f0bb21d24ef,Tech,negative,negative,negative,negative,negative,
8a91214a25cab261,Tech,neutral,neutral,neutral,neutral,neutral,
adac154e176846ee,Retail,negative,negative,negative,negative,negative,gold_test
a4d00272855f3ddf,Tech,positive,positive,neutral,positive,positive,
3ebda32a5514acf5,Finance,negative,negative,negative,negative,negative,gold_test
2516ceca95cb8104,Tech,positive,positive,positive,positive,positive,gold_test
120d406a3625f81f,Tech,neutral,neutral,neutral,neutral,neutral,
8b5a7e2cddb713ca,Tech,negative,positive,negative,negative,negative,
0016a2c4fe435adf,Social,positive,positive,positive,positive,positive,gold_dev
c390103327a4eadb,Public,positive,positive,positive,positive,positive,gold_test
b693ab70e36f3fd3,Public,neutral,neutral,neutral,neutral,neutral,gold_test
aa8a15ed1878d93c,Finance,neutral,neutral,neutral,neutral,neutral,gold_test
99b12f89f9810afc,Retail,positive,positive,positive,positive,positive,gold_test
c16052e589439bbf,Tech,neutral,neutral,neutral,neutral,neutral,
5ced9f52f71300a0,Tech,negative,negative,negative,negative,negative,
0463aee0d20a73cf,Tech,neutral,neutral,neutral,neutral,neutral,gold_dev
cec6a277f714f9d5,Tech,positive,positive,positive,positive,positive,
66014dfa06136227,Tech,negative,neutral,neutral,neutral,neutral,
4ecd4cb5a4df6500,Tech,negative,neutral,negative,negative,negative,gold_test
114a138e14bf1a6c,Tech,neutral,neutral,neutral,neutral,neutral,
6560df4fa2e3fdb6,Social,positive,positive,positive,positive,positive,gold_test
653d111bd13d2d8f,Tech,positive,positive,positive,positive,positive,
b692f4a4b73bd55e,Tech,negative,negative,negative,negative,negative,
222056fecbec004b,Finance,neutral,neutral,neutral,neutral,neutral,gold_train
aab29c9e81c4e3e4,Tech,neutral,neutral,neutral,neutral,neutral,
70ac0779a8936936,Tech,negative,negative,negative,negative,negative,
c12082c7060de361,Tech,neutral,neutral,neutral,neutral,neutral,
3ef9bbf62bc18e4e,Tech,positive,neutral,positive,positive,positive,
97e62c28c5c2d617,Tech,negative,positive,positive,positive,positive,
232616420af08c03,Retail,neutral,neutral,neutral,neutral,neutral,gold_test
e6c51c5bc22ac009,Tech,positive,positive,positive,positive,positive,
9e88d0d3f3b8ef44,Tech,negative,negative,negative,negative,negative,
35299530fc87afc8,Tech,neutral,neutral,neutral,neutral,neutral,
9ef5f08af70e4fab,Tech,neutral,neutral,neutral,neutral,neutral,gold_test
eee79536c53f5c5f,Tech,neutral,neutral,neutral,neutral,neutral,
db0028140d6ee9c0,Tech,positive,positive,neutral,positive,positive,gold_test
db4b7b3f8752b39d,Tech,negative,neutral,negative,neutral,neutral,
7b800240fc49c65e,Tech,negative,negative,negative,negative,negative,
e37bb9d12880cdcd,Social,negative,negative,negative,negative,negative,gold_test
40decc12fc379510,Tech,neutral,positive,neutral,neutral,neutral,
92dfd65effb52c86,Tech,negative,positive,negative,negative,negative,
841937e26876c6e4,Tech,neutral,neutral,neutral,neutral,neutral,
bd53d803551285d0,Tech,neutral,neutral,neutral,neutral,neutral,
3232d84996609f54,Tech,negative,negative,negative,negative,negative,
fa3d2a44aa5ef0ad,Retail,positive,neutral,neutral,neutral,neutral,gold_test
d41238bc8110d224,Tech,neutral,neutral,neutral,neutral,neutral,
a4b043c55bb0ef25,Tech,positive,positive,positive,positive,positive,
74aad004b206b708,Social,neutral,positive,neutral,neutral,neutral,gold_test
7378701600a9656c,Public,negative,negative,negative,negative,negative,gold_train
a888235352d37334,Tech,negative,negative,negative,negative,negative,gold_test
0e3c16ba00394f96,Public,negative,negative,negative,negative,negative,gold_train
1082544aa90314a6,Tech,positive,positive,positive,positive,positive,
11e61806db0c77ac,Tech,neutral,neutral,negative,neutral,neutral,
421a9617d1fdc3cc,Tech,neutral,neutral,negative,neutral,neutral,
67e5c6ececc6a0f0,Tech,neutral,neutral,negative,neutral,neutral,
907887e0036df37c,Public,negative,negative,negative,negative,negative,gold_test
946b517c608d058e,Tech,negative,negative,negative,negative,negative,gold_test
4d5087a9010de361,Tech,positive,positive,positive,positive,positive,gold_test
dd90d8ffd2f6fea6,Retail,negative,negative,negative,negative,negative,gold_test
b321d4504348bd2e,Retail,negative,negative,negative,negative,negative,gold_test
c440019d6ae9d2d3,Tech,negative,negative,negative,negative,negative,gold_test
2bf6a8526c456cb8,Tech,positive,positive,positive,positive,positive,gold_test
809290e0ff533339,Retail,negative,negative,negative,negative,negative,gold_test
67683f1f4f444146,Retail,negative,neutral,neutral,neutral,neutral,gold_dev
a2d86ae8444d658a,Public,positive,positive,positive,positive,positive,gold_test
27fbe03f1a55c163,Tech,neutral,neutral,neutral,neutral,neutral,gold_test
87648178df5a961c,Tech,positive,positive,positive,positive,positive,gold_test
198185015823f779,Tech,neutral,neutral,neutral,neutral,neutral,
4f38440e70b678f7,Finance,positive,positive,positive,positive,positive,gold_test
4d26393f8315b9ab,Social,neutral,neutral,neutral,neutral,neutral,gold_dev
ab061d9a81be6b08,Tech,neutral,neutral,neutral,neutral,neutral,
a8875a18dc9eaa3a,Public,neutral,neutral,neutral,neutral,neutral,gold_test
ad2c08f65f8d6aee,Tech,negative,negative,negative,negative,negative,
e3fce9e6866d92a7,Tech,neutral,negative,neutral,neutral,neutral,
f3bea4482a33b654,Finance,positive,negative,negative,negative,negative,gold_train
e99e086ebc9a7f26,Tech,positive,negative,negative,negative,negative,
dc0ae521ec6b09ba,Public,positive,negative,negative,negative,negative,gold_test
97266a4f30613ad2,Tech,neutral,neutral,neutral,neutral,neutral,
dab462f202469fca,Tech,negative,negative,negative,negative,negative,
7475e425bbaac634,Social,positive,negative,positive,positive,positive,gold_test
e4de641d851fc5cb,Social,neutral,neutral,neutral,neutral,neutral,gold_test
cf25b952f5f0353c,Social,neutral,neutral,neutral,neutral,neutral,gold_test
1967534376187dd7,Social,neutral,neutral,negative,neutral,neutral,gold_dev
55aafbc61f0f8f1f,Tech,neutral,neutral,neutral,neutral,neutral,
c708dfd5e6d0e698,Social,positive,positive,positive,positive,positive,gold_test
dac298c590daa16a,Tech,neutral,negative,neutral,neutral,neutral,
eda6186059465e11,Public,negative,negative,negative,negative,negative,gold_test
2cc109beb97d01ed,Finance,negative,negative,negative,negative,negative,gold_test
38e198cb1e835523,Social,negative,negative,negative,negative,negative,gold_test
e144633ec4ef6e3b,Tech,neutral,neutral,neutral,neutral,neutral,
e2321c77eef4f878,Tech,negative,negative,negative,negative,negative,
f09ba9126ae2a3f0,Retail,negative,negative,negative,negative,negative,gold_test
35ff4daf1b0bf746,Tech,neutral,neutral,neutral,neutral,neutral,
a00521f8adaed370,Tech,neutral,neutral,neutral,neutral,neutral,gold_dev
eac41bcdd6501d46,Tech,negative,neutral,negative,negative,negative,
bafbd30a3534e1bc,Tech,negative,negative,negative,negative,negative,
6fafb9a847c6f497,Tech,positive,positive,positive,positive,positive,
8b6bfa0de7893b3d,Tech,neutral,neutral,neutral,neutral,neutral,
51d427d939e389a9,Tech,negative,negative,negative,negative,negative,gold_test
3176361c126e7c93,Finance,neutral,neutral,neutral,neutral,neutral,gold_test
ce0edb925bf44f7b,Tech,negative,negative,negative,negative,negative,
4d949d8e9a4cb326,Tech,positive,positive,positive,positive,positive,
ca3f3559a8060a6b,Tech,negative,positive,positive,positive,positive,
17fc49c08312426a,Tech,neutral,neutral,neutral,neutral,neutral,
6edd9f28191fa0a5,Tech,neutral,neutral,neutral,neutral,neutral,
7426962efb0575e6,Tech,positive,positive,positive,positive,positive,
d0e502d126219f94,Social,negative,negative,negative,negative,negative,gold_test
48445a22db7ec21e,Tech,negative,negative,negative,negative,negative,
b75aeb07c65d9a18,Tech,neutral,neutral,neutral,neutral,neutral,
b1e77f86a6860335,Tech,positive,positive,positive,positive,positive,
e4b997f4310a91ba,Tech,neutral,neutral,neutral,neutral,neutral,
e494067c7ad0aeb1,Tech,neutral,neutral,neutral,neutral,neutral,
c311e955920aae7b,Tech,neutral,neutral,neutral,neutral,neutral,
2e6ca6a8805afd2a,Tech,neutral,neutral,neutral,neutral,neutral,gold_test
b86dea53ce1cd42e,Public,neutral,neutral,neutral,neutral,neutral,gold_test
d3db9aa25295a35a,Tech,positive,positive,positive,positive,positive,
24951090437d3c39,Tech,neutral,neutral,negative,neutral,neutral,
8a1c72b95349a73e,Public,neutral,neutral,neutral,neutral,neutral,gold_test
814a19e497e66f5f,Retail,neutral,neutral,neutral,neutral,neutral,gold_test
82ebe76a01797e2d,Tech,neutral,neutral,neutral,neutral,neutral,
ddd92d702f9ab395,Tech,positive,positive,positive,positive,positive,gold_test
8414fe68635d6032,Tech,positive,negative,negative,negative,negative,
27510229b5f16ca7,Tech,neutral,neutral,neutral,neutral,neutral,
2881b44cc57e391c,Tech,neutral,neutral,neutral,neutral,neutral,
95c8655f4265e47e,Finance,negative,negative,negative,negative,negative,gold_test
3ce7181c46193cba,Retail,positive,positive,positive,positive,positive,gold_test
cf4df23b51c837a6,Retail,negative,positive,negative,negative,negative,gold_test
766ce47122f8d610,Tech,negative,negative,negative,negative,negative,gold_test
5eeb1e4732cbb998,Tech,neutral,neutral,neutral,neutral,neutral,
17f190deae4b9359,Tech,negative,positive,negative,negative,negative,
95b4dc94e6077893,Retail,positive,negative,positive,positive,positive,gold_test
1092f5fc1dabe9f1,Social,negative,negative,negative,negative,negative,gold_test
80c4cc7711e0a8f7,Social,neutral,neutral,neutral,neutral,neutral,gold_test
178068917a20f3eb,Retail,positive,positive,neutral,positive,positive,gold_test
dfdedad08bbe3543,Tech,neutral,neutral,neutral,neutral,neutral,
7bd81caff29392e8,Tech,positive,positive,positive,positive,positive,gold_test
c3f4c8995c2dce7d,Tech,neutral,neutral,neutral,neutral,neutral,
14b0249372878de0,Tech,neutral,neutral,negative,neutral,neutral,
f0d6657634ffca43,Tech,neutral,neutral,neutral,neutral,neutral,
9cff0cb69bec1182,Tech,negative,negative,negative,negative,negative,gold_test
a55525a4b1c05e98,Finance,negative,negative,neutral,negative,negative,gold_test
58dca83f46a13a9e,Tech,positive,neutral,neutral,neutral,neutral,
050d536191ac88a1,Public,neutral,neutral,positive,neutral,neutral,gold_test
214df874d383a83d,Tech,neutral,neutral,neutral,neutral,neutral,
00f64b789ddd7cf0,Finance,neutral,neutral,neutral,neutral,neutral,gold_train
672c7f3e31f3b93c,Retail,neutral,neutral,neutral,neutral,neutral,gold_test
e83d4046c2518cca,Tech,negative,negative,neutral,negative,negative,
5a0f656c37519ff5,Tech,negative,negative,neutral,negative,negative,
a97d84667be29fda,Finance,neutral,positive,neutral,neutral,neutral,gold_dev
fdc6221d87a73d04,Tech,neutral,neutral,neutral,neutral,neutral,
c875c84b4a5603d7,Finance,neutral,neutral,neutral,neutral,neutral,gold_dev
57f4e792b0dce773,Retail,negative,negative,negative,negative,negative,gold_test
716b604e16661ed7,Tech,positive,positive,positive,positive,positive,gold_train
47c49e33ddfcbfe4,Tech,negative,negative,negative,negative,negative,
1729fdb964da526c,Tech,neutral,negative,neutral,neutral,neutral,
ac0acc11d4c41312,Tech,negative,negative,negative,negative,negative,
54519f4cf7639557,Tech,positive,neutral,neutral,neutral,neutral,
7d70920854bd9a68,Tech,neutral,neutral,neutral,neutral,neutral,gold_test
9b2490896e3d9992,Tech,negative,negative,negative,negative,negative,
560e23b4d4846cfc,Tech,negative,negative,neutral,negative,negative,
dfd308b19ead27dd,Tech,neutral,neutral,neutral,neutral,neutral,
3fbc507127795050,Tech,positive,positive,positive,positive,positive,
36bf6b51bf2d044e,Tech,neutral,neutral,neutral,neutral,neutral,
90b47f84fdf8dd54,Tech,negative,neutral,negative,negative,negative,
6f7568d70f6009fe,Tech,neutral,neutral,neutral,neutral,neutral,
cd9a4118b900629e,Tech,negative,negative,positive,negative,negative,
e5a067acf06eb48d,Tech,positive,positive,positive,positive,positive,gold_test
3fba6d7c9f609812,Retail,positive,positive,positive,positive,positive,gold_test
77f703cd6d3d38f3,Retail,positive,positive,positive,positive,positive,gold_test
112241adad9bfa55,Retail,positive,positive,positive,positive,positive,gold_test
8566ba35ea126f8e,Tech,negative,negative,negative,negative,negative,
b01aebf2297c2545,Tech,positive,positive,neutral,positive,positive,
2b8743c9845f4b97,Public,negative,negative,negative,negative,negative,gold_test
c78b8dbfa52e8259,Tech,negative,negative,negative,negative,negative,
74fe0452b9c1890a,Tech,neutral,neutral,neutral,neutral,neutral,
1dd5b3bccda726e3,Tech,negative,negative,negative,negative,negative,
ad659e39bcfc39fa,Finance,positive,positive,positive,positive,positive,gold_test
1fafebb65f9d2254,Tech,neutral,neutral,neutral,neutral,neutral,
8be59badc646eba5,Tech,neutral,neutral,neutral,neutral,neutral,
cac34f2fa1f0961b,Tech,negative,negative,negative,negative,negative,
72da8e92d9153a20,Tech,negative,negative,negative,negative,negative,gold_train
6959f38b3d0b2f22,Finance,positive,positive,positive,positive,positive,gold_test
08f73da287b035e0,Social,positive,positive,positive,positive,positive,gold_test
3d184544c9aa1871,Tech,neutral,neutral,neutral,neutral,neutral,
352ffdbdb0556c90,Retail,positive,positive,positive,positive,positive,gold_test
841bf58b67dc3d7f,Social,positive,positive,positive,positive,positive,gold_test
121dbace3b78571c,Tech,neutral,positive,neutral,neutral,neutral,
3c5a86461b576601,Social,positive,neutral,positive,positive,positive,gold_test
56dc9c3f14342484,Tech,positive,positive,positive,positive,positive,
28ef487e40bcdb39,Retail,positive,positive,positive,positive,positive,gold_test
36e942ac82fcedd9,Tech,positive,positive,positive,positive,positive,
5fc327c67f1bd71b,Tech,positive,positive,positive,positive,positive,gold_test
a1e262b627c1e7a7,Public,positive,positive,positive,positive,positive,gold_train
7bd2249f7b427a1a,Tech,neutral,neutral,neutral,neutral,neutral,
45f80ced996a452c,Tech,negative,positive,positive,positive,positive,
36d49045409602e8,Public,positive,positive,positive,positive,positive,gold_test
ea4f739ddc148ccf,Retail,positive,negative,positive,positive,positive,gold_test
40a7c098f6fa4c1b,Retail,negative,negative,negative,negative,negative,gold_test
26daaaa17a0e5f3f,Tech,negative,negative,negative,negative,negative,
d233bdeff81aff99,Tech,positive,positive,positive,positive,positive,gold_test
d0e3222103b486ea,Public,positive,positive,positive,positive,positive,gold_test
62a2f4b6fde6e662,Tech,negative,negative,positive,negative,negative,
111908892a9cdb83,Tech,negative,negative,negative,negative,negative,
6a5e267af7c0d02d,Tech,neutral,neutral,neutral,neutral,neutral,
43d01805d7b6fb3b,Tech,neutral,neutral,neutral,neutral,neutral,
9c22e0bcf843d5bd,Tech,negative,negative,negative,negative,negative,gold_test
4721ae2e8f018a49,Tech,positive,positive,positive,positive,positive,
7ae1f6aabb8f597a,Social,positive,positive,neutral,positive,positive,gold_test
fe6c91fc213c889e,Social,positive,positive,positive,positive,positive,gold_test
5ed671ed1d22e575,Retail,positive,positive,positive,positive,positive,gold_test
6ca82c02952dbe32,Tech,neutral,neutral,neutral,neutral,neutral,
d34d741abc9df532,Finance,negative,negative,negative,negative,negative,gold_test
7ae45e0cfb81516b,Social,positive,positive,positive,positive,positive,gold_test
5031dbd41084508b,Public,negative,negative,negative,negative,negative,gold_dev
2af1224b940601d5,Public,neutral,neutral,neutral,neutral,neutral,gold_train
bfdc9ce0e944ba5e,Public,positive,positive,positive,positive,positive,gold_dev
90318a1268ecc3f6,Public,negative,negative,negative,negative,negative,gold_dev
1c9235105c6ffaa1,Tech,negative,negative,negative,negative,negative,
1281bc10b7f8d07f,Public,negative,negative,negative,negative,negative,gold_dev
24faa17c56b96342,Retail,negative,negative,neutral,negative,negative,gold_test
0195f2fc57ead6ae,Tech,positive,positive,positive,positive,positive,
168d37a205e2244d,Retail,positive,positive,positive,positive,positive,gold_test
46073dcea5a2fd6d,Tech,neutral,negative,neutral,neutral,neutral,
92a8f072163521f1,Tech,positive,positive,positive,positive,positive,
0df16b313ca11c6a,Tech,positive,positive,positive,positive,positive,
e64834451eb15f74,Public,positive,positive,positive,positive,positive,gold_test
429df9803bc3db5d,Tech,negative,negative,negative,negative,negative,gold_test
12025f6f23323f30,Social,neutral,positive,positive,positive,positive,gold_test
f6b56732212a5aca,Tech,negative,negative,negative,negative,negative,
69b892b37231f705,Social,positive,positive,positive,positive,positive,gold_test
d6de4204ed3d31d4,Tech,positive,positive,positive,positive,positive,gold_train
495d6db38b102686,Social,negative,negative,negative,negative,negative,gold_test
d4e7db6443b1126c,Tech,neutral,neutral,neutral,neutral,neutral,
775b17d9e0155f65,Tech,neutral,positive,neutral,neutral,neutral,
fd054e61f3dca305,Social,positive,positive,positive,positive,positive,gold_test
4bb502c933c17179,Social,positive,positive,positive,positive,positive,gold_test
193285d8ab6f8638,Retail,positive,neutral,positive,positive,positive,gold_test
954155f8b364d462,Public,neutral,neutral,neutral,neutral,neutral,gold_test
c9bbc936cb90e3a8,Retail,positive,positive,positive,positive,positive,gold_test
7a9070d3d870cd4b,Tech,positive,positive,positive,positive,positive,
3e6b6316979f9f20,Social,negative,positive,positive,positive,positive,gold_test
50506bb6d955036d,Retail,neutral,neutral,neutral,neutral,neutral,gold_test
921a2b809a2c95ec,Tech,positive,positive,positive,positive,positive,
86591e6f3731b2b8,Tech,positive,positive,positive,positive,positive,gold_dev
66266544039c847c,Public,positive,positive,positive,positive,positive,gold_dev
0fd0264512a1ba1a,Tech,neutral,neutral,neutral,neutral,neutral,
bbb3a535ae146f82,Social,positive,positive,neutral,positive,positive,gold_test
e5bf068711df6fc8,Tech,neutral,neutral,negative,neutral,neutral,
24dcc4547ede3aa3,Public,positive,positive,positive,positive,positive,gold_test
a73e65693af4db29,Tech,positive,positive,negative,positive,positive,
dfeb4c9cc262d1aa,Tech,negative,negative,negative,negative,negative,
8692f874253e9cb5,Social,positive,positive,positive,positive,positive,gold_test
847fee50d4fcc826,Retail,positive,positive,positive,positive,positive,gold_test
1e232f08339a1114,Tech,positive,positive,positive,positive,positive,
d2c3ac04453f4fd1,Finance,positive,positive,positive,positive,positive,gold_test
a6016e8f3d057806,Tech,neutral,neutral,neutral,neutral,neutral,
7c5e4cf1e8abf64c,Finance,positive,positive,positive,positive,positive,gold_test
1edcb1ffdccdbe11,Tech,positive,negative,positive,positive,positive,gold_test
e21b7851868ccac0,Retail,positive,positive,positive,positive,positive,gold_test
c7df59e3c51079c3,Tech,negative,negative,negative,negative,negative,
5ea94262abef544c,Tech,positive,positive,neutral,positive,positive,gold_test
83b7836fd322bef9,Social,positive,positive,positive,positive,positive,gold_test
e78f2ecc6317a29a,Retail,positive,positive,positive,positive,positive,gold_test
7b192481c314642a,Retail,positive,positive,positive,positive,positive,gold_test
34afe53c2daee21e,Tech,neutral,neutral,neutral,neutral,neutral,
a82dcc5751ff815d,Tech,positive,positive,positive,positive,positive,gold_test
84c469cdb01f8582,Tech,positive,negative,positive,positive,positive,
568356bfe04b0ce0,Retail,positive,positive,positive,positive,positive,gold_test
11f90d3a6d21a36d,Retail,positive,positive,positive,positive,positive,gold_test
878c8107e57a01c7,Finance,positive,positive,positive,positive,positive,gold_test
1723c21b43b1bf22,Tech,neutral,neutral,neutral,neutral,neutral,
4960ebbbfca7233b,Social,positive,positive,positive,positive,positive,gold_test
4fab5f4d699f8f06,Public,positive,positive,positive,positive,positive,gold_test
0ea9c9ee843690f3,Social,positive,positive,positive,positive,positive,gold_test
3e194c8e6748063d,Social,positive,positive,positive,positive,positive,gold_test
314fb0a9b6222752,Tech,positive,positive,positive,positive,positive,gold_test
1b6ba2240398c1eb,Retail,positive,positive,positive,positive,positive,gold_dev
349f8e617be9bd32,Tech,positive,positive,positive,positive,positive,gold_test
f738b45ed772c4a4,Finance,positive,positive,positive,positive,positive,gold_test
56a94f70bb551294,Tech,negative,negative,negative,negative,negative,
ba1dcf05cfe03817,Tech,positive,neutral,neutral,positive,positive,
8f445fecc71cef9f,Tech,positive,positive,positive,positive,positive,
bd75f5531f8a6085,Tech,negative,negative,negative,negative,negative,
9d3324ecefe248d6,Finance,positive,positive,positive,positive,positive,gold_test
273aa622a967217e,Retail,neutral,positive,positive,positive,positive,gold_test
55aa20ced84879c9,Tech,neutral,neutral,neutral,neutral,neutral,
2a8cfee0a37a31f9,Tech,positive,positive,positive,positive,positive,
0f21a9017ab50b37,Social,positive,positive,positive,positive,positive,gold_test
aeb956c5243d651d,Tech,positive,positive,positive,positive,positive,gold_test
0cf9ba8a6ae17063,Tech,positive,neutral,positive,positive,positive,
5fc456c9648eb6f1,Finance,neutral,positive,positive,positive,positive,gold_train
8e6658f36432f535,Tech,positive,positive,positive,positive,positive,
6dd92eec42eb8c9f,Finance,positive,positive,positive,positive,positive,gold_test
380d8363658498b0,Tech,negative,negative,negative,negative,negative,
d9263a922255a916,Social,neutral,neutral,neutral,neutral,neutral,gold_test
40bb82648ab86817,Public,negative,negative,negative,negative,negative,gold_dev
f1c546b42cf57977,Public,positive,positive,positive,positive,positive,gold_test
f4f750cc4bfd8d0f,Social,positive,positive,positive,positive,positive,gold_test
309b11d23c8c377f,Social,positive,positive,positive,positive,positive,gold_test
93bd3c4a3e549fbc,Tech,positive,positive,positive,positive,positive,
37cc02a91fd171a7,Tech,positive,positive,positive,positive,positive,
a56e0f86dd29a570,Tech,neutral,neutral,neutral,neutral,neutral,
464ef87629860471,Tech,neutral,positive,positive,positive,positive,
06cacdf09ff76a61,Tech,neutral,neutral,neutral,neutral,neutral,
47b7f06b53b73961,Tech,neutral,neutral,neutral,neutral,neutral,
fcdb8258c482a432,Tech,negative,negative,negative,negative,negative,gold_test
b4b1369adcf4d91c,Finance,positive,positive,positive,positive,positive,gold_test
7b3c3860655c0533,Tech,negative,negative,positive,negative,negative,gold_test
41c71d38403a71c4,Finance,negative,negative,negative,negative,negative,gold_test
43fcc58a1792317d,Tech,negative,negative,negative,negative,negative,gold_test
b4737645245ea346,Tech,negative,negative,negative,negative,negative,gold_test
c9ce2a2fedac0e84,Social,negative,neutral,negative,negative,negative,gold_test
86aa299826039359,Finance,positive,negative,negative,negative,negative,gold_test
15673db65f3da5c0,Tech,negative,negative,negative,negative,negative,
e7750b9a0a6339c6,Tech,positive,positive,positive,positive,positive,
365fe28eacb6a396,Social,negative,negative,negative,negative,negative,gold_test
096cc510bf304d2b,Social,positive,positive,positive,positive,positive,gold_test
90fd1c98f06827c6,Tech,negative,negative,negative,negative,negative,
30d8927fc633ce38,Social,negative,negative,neutral,negative,negative,gold_test
b33c37db298b8b0f,Public,positive,positive,positive,positive,positive,gold_test
020a59232bb0fb4b,Tech,positive,positive,positive,positive,positive,gold_test
5f3964f5fbd7d8df,Tech,positive,positive,positive,positive,positive,gold_test
ff979b8d333890f6,Retail,positive,positive,positive,positive,positive,gold_test
c1c5ec17294580d0,Retail,positive,positive,positive,positive,positive,gold_test
56b38d68aad2f442,Social,positive,positive,positive,positive,positive,gold_test
45f853276be0f3f5,Tech,negative,negative,negative,negative,negative,
e79f3c0a390d55c5,Tech,neutral,neutral,neutral,neutral,neutral,
667875e1a7dae6ee,Finance,positive,positive,positive,positive,positive,gold_test
06edda80619c1699,Social,negative,negative,neutral,negative,negative,gold_test
ab5709852c31f495,Retail,positive,positive,positive,positive,positive,gold_test
720d285f0ac6ec58,Retail,positive,positive,positive,positive,positive,gold_test
c1d91c062f376602,Tech,positive,positive,positive,positive,positive,gold_test
0243242c6b39b2e0,Tech,positive,positive,positive,positive,positive,
03ae66552b46a14d,Tech,neutral,neutral,neutral,neutral,neutral,
e5d76ab5a6a2dff7,Tech,positive,positive,positive,positive,positive,
3b3a90f87935fee3,Tech,positive,positive,positive,positive,positive,
d755ab84dd7aed28,Tech,positive,positive,positive,positive,positive,
122b742dad3d2e95,Tech,positive,positive,positive,positive,positive,
10b62e763d24b5a9,Tech,negative,negative,negative,negative,negative,
ea496b94f18d543b,Retail,positive,positive,positive,positive,positive,gold_test
9155918095b11ab2,Tech,neutral,neutral,neutral,neutral,neutral,
519d158537a45211,Tech,neutral,neutral,neutral,neutral,neutral,
ca00e4776e28b686,Tech,positive,positive,positive,positive,positive,
992a38622d994875,Finance,positive,positive,positive,positive,positive,gold_test
1f4e75d65f6cb28a,Tech,positive,positive,positive,positive,positive,
31180094efc78b20,Tech,positive,positive,positive,positive,positive,
fa6a11f792a4218e,Tech,neutral,neutral,neutral,neutral,neutral,
baaec189eb4d98eb,Tech,neutral,neutral,neutral,neutral,neutral,gold_dev
1869010f5562eb58,Tech,positive,positive,positive,positive,positive,
8e586d0df538fe09,Finance,neutral,neutral,neutral,neutral,neutral,gold_train
8d9873ace43f0b5e,Public,positive,positive,positive,positive,positive,gold_test
aa0299e42d47e0b4,Tech,positive,positive,positive,positive,positive,
e037ea0cfa91c970,Tech,positive,neutral,positive,positive,positive,
fd9823d2048fce81,Tech,positive,positive,positive,positive,positive,
e29a360c4e48af30,Tech,positive,positive,positive,positive,positive,gold_test
1d9b01b573e965b4,Tech,neutral,positive,neutral,neutral,neutral,
cede88dcc8529487,Tech,positive,positive,positive,positive,positive,gold_train
1262b5ac50199796,Public,negative,negative,negative,negative,negative,gold_train
63dae479414515fd,Tech,neutral,neutral,neutral,neutral,neutral,
2096fe9f77679026,Tech,negative,positive,negative,negative,negative,
1d4ff283d241f330,Finance,neutral,neutral,neutral,neutral,neutral,gold_train
f369d2110dfdf2b0,Tech,positive,negative,positive,positive,positive,gold_dev
dbdbed5e0393f9be,Tech,positive,positive,positive,positive,positive,
499ed8e6da0f5758,Public,neutral,positive,positive,positive,positive,gold_dev
3f91b983643ec3ea,Tech,neutral,positive,neutral,neutral,neutral,
70352974412e1bf2,Public,neutral,neutral,neutral,neutral,neutral,gold_train
c734fdfcb2041748,Retail,positive,positive,positive,positive,positive,gold_test
662219beeacf210b,Public,neutral,neutral,neutral,neutral,neutral,gold_train
4b48b546576d5b48,Finance,positive,positive,positive,positive,positive,gold_train
4692ad5c0b0aadcb,Public,negative,negative,negative,negative,negative,gold_dev
d7062937c80b04b0,Tech,positive,positive,positive,positive,positive,
3b2aae617670a3da,Tech,positive,positive,positive,positive,positive,gold_dev
1d46d3cb6c89efc5,Tech,positive,positive,positive,positive,positive,
80c4705c4852645f,Tech,positive,positive,positive,positive,positive,
8b9f2f2f79334bfa,Tech,positive,positive,negative,positive,positive,
4dbafd41790b1544,Tech,positive,positive,positive,positive,positive,
fdbe019e2fb837fa,Tech,positive,positive,positive,positive,positive,
4f8d11a7a23283fa,Retail,positive,positive,positive,positive,positive,gold_test
a2f9d49c21613d4b,Tech,positive,positive,positive,positive,positive,
b836a96c4d5a9dff,Tech,positive,positive,positive,positive,positive,
239a0206e054cf2c,Tech,positive,positive,positive,positive,positive,
ea1b219dd4006f3d,Tech,positive,positive,positive,positive,positive,
48ba007776cc156d,Tech,positive,positive,positive,positive,positive,
fe612b1b57424957,Tech,positive,positive,positive,positive,positive,
12dee2ec3270df2d,Tech,positive,positive,positive,positive,positive,
9d909f43296053a2,Tech,positive,positive,positive,positive,positive,gold_test
790f3c4f63a61f18,Tech,positive,positive,positive,positive,positive,
cbb0d75b76b21cdc,Retail,neutral,neutral,neutral,neutral,neutral,gold_test
b7146bc827aeba86,Tech,positive,positive,positive,positive,positive,gold_test
7163b50e45bec030,Finance,negative,neutral,neutral,neutral,neutral,gold_train
bd1f7efc4f6b8fd5,Tech,neutral,neutral,neutral,neutral,neutral,gold_test
8a8ff44ee7922e76,Tech,positive,negative,positive,positive,positive,
a57a87b542f6be7a,Tech,positive,positive,positive,positive,positive,
1e9045356c478443,Finance,positive,positive,positive,positive,positive,gold_dev
7eddc8ec3355e9bf,Social,positive,positive,positive,positive,positive,gold_test
7765372b6136cba7,Social,positive,positive,positive,positive,positive,gold_test
19d3f20b356079f4,Social,neutral,neutral,neutral,neutral,neutral,gold_test
517bb23777af6bc0,Tech,positive,positive,positive,positive,positive,
7226be156f5f5a38,Tech,positive,positive,positive,positive,positive,
a733a76b2fc4672f,Tech,positive,positive,positive,positive,positive,gold_test
3acb6f891686f399,Tech,positive,positive,positive,positive,positive,
3b45a203156d6a18,Tech,positive,positive,negative,positive,positive,gold_test
16a9e31c1641a3de,Public,positive,positive,positive,positive,positive,gold_test
8e3537bfb51f7ec1,Tech,positive,positive,positive,positive,positive,gold_test
a9c844f426f92393,Social,positive,positive,positive,positive,positive,gold_test
2bb1cd6754104d5a,Retail,positive,positive,positive,positive,positive,gold_test
b06f1b31f041728e,Tech,negative,negative,negative,negative,negative,
09387e5e8877cc96,Tech,neutral,negative,neutral,neutral,neutral,
4d3400d5db720595,Tech,neutral,neutral,neutral,neutral,neutral,
6e828b1d42ca2ab3,Retail,positive,positive,positive,positive,positive,gold_test
2a7d081e2a2e1b0a,Tech,negative,negative,negative,negative,negative,
52641375e73cf581,Tech,positive,positive,positive,positive,positive,
fd177a677b8472dc,Tech,negative,negative,negative,negative,negative,
317aea814c3159b6,Tech,positive,positive,positive,positive,positive,
f553329f8bc7090b,Public,positive,positive,positive,positive,positive,gold_test
abebdad671a740c7,Tech,positive,positive,positive,positive,positive,
3224de483b97cbc7,Public,neutral,positive,positive,positive,positive,gold_dev
47eecbbabaa01ed8,Tech,positive,positive,positive,positive,positive,
47adec8d50446823,Tech,positive,positive,positive,positive,positive,
af1cea59c284581f,Social,positive,negative,negative,negative,negative,gold_test
e4436acc4d5b4aa7,Tech,positive,positive,positive,positive,positive,
6b232065d4eb2693,Tech,negative,negative,negative,negative,negative,
d60bfe341cd85aca,Tech,neutral,neutral,neutral,neutral,neutral,
c7bdd8ab19e17379,Finance,negative,negative,negative,negative,negative,gold_test
2dedcfb169aeb5b1,Social,negative,negative,negative,negative,negative,gold_test
670926b73e4a5be4,Tech,negative,negative,negative,negative,negative,
6dd8cad75bfb5c16,Retail,positive,neutral,positive,positive,positive,gold_test
3aa34a6b869405ff,Tech,positive,positive,neutral,positive,positive,
4d43e5bcc2144efc,Tech,neutral,neutral,neutral,neutral,neutral,
5a0d44a16dd837a1,Tech,negative,negative,negative,negative,negative,
7e1777a1d138d23a,Tech,negative,negative,negative,negative,negative,
8cc899543be67c09,Tech,negative,neutral,negative,negative,negative,
d83c2906c8f53c29,Retail,neutral,neutral,neutral,neutral,neutral,gold_dev
6e2efa63ad12f5bb,Tech,positive,positive,positive,positive,positive,
6e00c98acd7afbb3,Social,positive,positive,neutral,positive,positive,gold_test
5a70ef8ee3d6abd8,Tech,neutral,neutral,neutral,neutral,neutral,
e13939b6b07f49ff,Finance,positive,positive,positive,positive,positive,gold_test
0ff1ffbe6392bb04,Tech,positive,positive,positive,positive,positive,gold_test
f494c390ab937ce6,Retail,positive,positive,positive,positive,positive,gold_test
7a432a04ce74626f,Finance,positive,neutral,positive,positive,positive,gold_test
38293127930d386c,Retail,positive,positive,positive,positive,positive,gold_test
72f184364820dbe7,Tech,negative,negative,negative,negative,negative,gold_test
771c8fce1c85a4f3,Finance,positive,positive,positive,positive,positive,gold_test
5e711deca4e00d32,Retail,positive,positive,positive,positive,positive,gold_test
80b7d8fd993ec1d8,Retail,negative,positive,positive,positive,positive,gold_test
53d90179658a67d7,Tech,positive,positive,positive,positive,positive,
85a5b038b514bca0,Retail,positive,positive,positive,positive,positive,gold_test
9cd6b00717e7831b,Public,neutral,neutral,neutral,neutral,neutral,gold_train
66fca6623c1694fd,Tech,negative,negative,negative,negative,negative,
fb54a90bc522d480,Tech,neutral,neutral,positive,neutral,neutral,
b5942fd9a45fbf07,Tech,positive,positive,positive,positive,positive,
47e764aaebf01785,Tech,neutral,neutral,neutral,neutral,neutral,
6867c316114983ad,Tech,positive,positive,positive,positive,positive,
1e7d8ab9cbbd2a40,Tech,negative,negative,neutral,negative,negative,
4fc24267da319ec1,Tech,positive,neutral,neutral,neutral,neutral,
19160e28d4c4eb59,Tech,negative,negative,negative,negative,negative,gold_test
ec28d1d436822fa2,Retail,positive,positive,positive,positive,positive,gold_test
0cfb44cb466a9944,Tech,neutral,neutral,neutral,neutral,neutral,
1c9d506ec896c1f3,Social,neutral,neutral,neutral,neutral,neutral,gold_test
33067b578366ddd5,Tech,positive,positive,positive,positive,positive,
b44384ed5a095914,Tech,positive,positive,positive,positive,positive,
1cac2b7e1e43aacb,Tech,positive,negative,positive,positive,positive,gold_test
de4dd95cf2aba1d0,Tech,positive,positive,positive,positive,positive,gold_test
124e8ebaea4f3e5d,Tech,positive,positive,positive,positive,positive,
ba654fb2d29e20d8,Tech,positive,positive,positive,positive,positive,gold_test
f8061cbf82246847,Tech,positive,positive,positive,positive,positive,
71322bc60f40e963,Tech,positive,positive,positive,positive,positive,gold_test
ac4d2480b2fc8fd3,Finance,positive,positive,positive,positive,positive,gold_test
69f5df130cf2cfd4,Finance,positive,positive,positive,positive,positive,gold_test
f5d21683b0c6f876,Tech,negative,negative,negative,negative,negative,
5bd2c6610c65cc9c,Tech,positive,positive,positive,positive,positive,
741c8c716b4c9ef4,Finance,positive,positive,positive,positive,positive,gold_test
3857d8d6669acd99,Tech,neutral,neutral,neutral,neutral,neutral,
4a622fd19e605ca8,Tech,positive,positive,positive,positive,positive,
977470b2a8c5e1da,Tech,positive,positive,positive,positive,positive,
cfb7d5a0ab125daf,Tech,negative,negative,negative,negative,negative,gold_dev
7ba3f8fae866c82f,Tech,positive,positive,positive,positive,positive,
221b41b71c2665e3,Finance,negative,negative,negative,negative,negative,gold_train
e66d5b9890f65e39,Retail,positive,positive,positive,positive,positive,gold_test
e085f64d29b4b72e,Tech,neutral,neutral,neutral,neutral,neutral,
fc9a5e43b7c251ec,Retail,positive,positive,positive,positive,positive,gold_test
cf94c21970c02e51,Social,positive,positive,negative,positive,positive,gold_test
fcb35c4479b8affd,Finance,negative,negative,neutral,negative,negative,gold_train
2291c3adb12a5a65,Social,neutral,neutral,neutral,neutral,neutral,gold_dev
1c398d82f5e3970e,Tech,positive,positive,positive,positive,positive,
e0b7eaf7de0bf1a8,Tech,negative,negative,negative,negative,negative,
b4aa4777e6b37624,Finance,negative,negative,negative,negative,negative,gold_test
41dbd27399ad957b,Tech,negative,negative,negative,negative,negative,gold_test
28ed050b71864357,Tech,neutral,neutral,neutral,neutral,neutral,
e11ca9f67d69dff8,Public,negative,negative,negative,negative,negative,gold_dev
2abc838d835ab265,Finance,negative,negative,negative,negative,negative,gold_train
3883b7d987f6758f,Tech,positive,positive,positive,positive,positive,
d79e8d2a4c56d184,Tech,positive,positive,positive,positive,positive,gold_test
6457938775ffa299,Social,negative,negative,negative,negative,negative,gold_test
04b873c9ee0531e4,Tech,negative,negative,negative,negative,negative,
fc378cc8b48e3f73,Tech,positive,positive,positive,positive,positive,
4001f8c960aa63ca,Tech,neutral,neutral,neutral,neutral,neutral,
975e3db72e106a42,Tech,positive,positive,positive,positive,positive,
d2704d98798121d3,Public,negative,negative,negative,negative,negative,gold_test
e082f82cce143a3f,Tech,positive,neutral,positive,positive,positive,
f89a3fa1e092171f,Finance,neutral,neutral,neutral,neutral,neutral,gold_train
436f8af37475f4b1,Tech,neutral,neutral,neutral,neutral,neutral,
5b08f49468eefc03,Tech,neutral,neutral,neutral,neutral,neutral,
833a89b93640d2bf,Public,negative,negative,negative,negative,negative,gold_train
c0cdfb410a40ce15,Tech,neutral,neutral,neutral,neutral,neutral,
f3b8df2b1e3ea41d,Tech,neutral,neutral,neutral,neutral,neutral,
089d16d0b689defc,Tech,neutral,negative,neutral,neutral,neutral,
3fd1c0aaabdc3475,Finance,neutral,neutral,neutral,neutral,neutral,gold_train
ad35032b61297003,Tech,neutral,neutral,neutral,neutral,neutral,gold_train
3a0bff1248feeb6b,Retail,positive,positive,positive,positive,positive,gold_test
dbcc8b1191c0e27e,Tech,positive,positive,positive,positive,positive,
a71d2a36f362f4f6,Tech,positive,negative,positive,positive,positive,
229a638e5a98f462,Tech,neutral,neutral,neutral,neutral,neutral,
f51921aad8384ed9,Tech,positive,positive,positive,positive,positive,gold_test
884935e3deb89b91,Social,negative,negative,negative,negative,negative,gold_test
04a8701d195b0142,Social,negative,negative,negative,negative,negative,gold_test
f933d1bb65984411,Tech,negative,negative,negative,negative,negative,
eaedfc62069fa8bb,Tech,positive,positive,positive,positive,positive,
8915e193cd46fe51,Tech,positive,neutral,neutral,neutral,neutral,
d7fa5a684b319acd,Retail,negative,negative,negative,negative,negative,gold_test
5638444572d89bea,Tech,negative,negative,negative,negative,negative,
80dd2a5e83eacd43,Finance,neutral,neutral,neutral,neutral,neutral,gold_test
3c850f6a9ce3b2fc,Public,neutral,neutral,neutral,neutral,neutral,gold_train
1b1457141d8636e9,Tech,neutral,positive,neutral,neutral,neutral,
312753e765f4b91b,Social,negative,negative,negative,negative,negative,gold_test
1da1f8c74511dbcd,Social,positive,positive,positive,positive,positive,gold_test
3e6ec16ec92099e7,Tech,negative,negative,negative,negative,negative,gold_test
787fec0af377d445,Tech,negative,negative,negative,negative,negative,
40ba49037c1ffd5b,Tech,neutral,neutral,neutral,neutral,neutral,
522b2bd3ee454b09,Tech,neutral,negative,negative,negative,negative,
459e16270ebc8416,Finance,positive,negative,negative,negative,negative,gold_test
25a52cc1e43add25,Finance,positive,positive,positive,positive,positive,gold_test
ac81bc4b95b6d022,Tech,neutral,neutral,negative,neutral,neutral,
734120ab62f2a42b,Tech,neutral,neutral,neutral,neutral,neutral,
d2a826dc12fcddbf,Tech,negative,negative,negative,negative,negative,gold_test
60adc98bca51b436,Tech,neutral,positive,positive,positive,positive,
311322ef50b18092,Tech,neutral,neutral,neutral,neutral,neutral,gold_train
b1d8b4516e43db1e,Tech,positive,positive,positive,positive,positive,gold_test
a58fb673c817031b,Tech,positive,neutral,neutral,neutral,neutral,gold_test
3464fe863e5eba67,Tech,negative,negative,negative,negative,negative,
4deffb8e7346a9cd,Tech,positive,positive,positive,positive,positive,
917b6ec828ac88f2,Tech,negative,negative,negative,negative,negative,gold_test
53827d4bb5a60775,Tech,neutral,neutral,neutral,neutral,neutral,gold_dev
34c7c0c755fad809,Tech,neutral,neutral,negative,neutral,neutral,
fb2976ff7d784e9c,Finance,negative,negative,negative,negative,negative,gold_dev
c9a1a1fb5ee9d057,Retail,neutral,neutral,neutral,neutral,neutral,gold_dev
af97b4f7a4bea55e,Finance,neutral,neutral,neutral,neutral,neutral,gold_dev
67dbbbe025128c46,Retail,positive,negative,negative,negative,negative,gold_test
23ff0c33c7f63cf6,Social,neutral,neutral,neutral,neutral,neutral,gold_test
2c5a7ac7026d45cc,Tech,neutral,positive,neutral,neutral,neutral,gold_test
f684ce50c83e4844,Tech,negative,negative,negative,negative,negative,
93daec89b3668727,Tech,positive,positive,positive,positive,positive,
26fa88a00c284545,Public,neutral,neutral,neutral,neutral,neutral,gold_test
7adc211939647902,Tech,negative,negative,negative,negative,negative,gold_test
8a8a3ed7c18a8521,Tech,neutral,neutral,neutral,neutral,neutral,
53e3275377511f04,Tech,neutral,neutral,neutral,neutral,neutral,
4f0e40b945f50a2d,Public,negative,negative,negative,negative,negative,gold_train
e8741815468dece1,Social,negative,negative,negative,negative,negative,gold_test
17eda85b81a87a61,Tech,neutral,positive,neutral,neutral,neutral,
9fc7d20b5ce31524,Tech,neutral,neutral,neutral,neutral,neutral,
37bd4a639b13e714,Tech,positive,positive,positive,positive,positive,gold_test
d06e66187ee882c0,Tech,neutral,neutral,neutral,neutral,neutral,
05412de5dde1e605,Public,negative,negative,neutral,negative,negative,gold_dev
35dcd5b7ab8f169a,Tech,neutral,neutral,neutral,neutral,neutral,
03312caca81f6e12,Tech,negative,negative,negative,negative,negative,
11a471b9e2283c8b,Tech,positive,neutral,positive,positive,positive,
e02b9ca931575a3f,Tech,neutral,neutral,neutral,neutral,neutral,
073ee61737fa72dd,Tech,negative,positive,positive,positive,positive,
2f214d71170a03ef,Tech,negative,neutral,neutral,neutral,neutral,
ef5c6a1c2c532366,Tech,neutral,neutral,neutral,neutral,neutral,
37fab2b49608afb7,Tech,neutral,neutral,neutral,neutral,neutral,
e8e3766c1d2d40dd,Tech,negative,negative,negative,negative,negative,
c28bd5eba14e4259,Tech,negative,positive,positive,positive,positive,
a42568d94a505967,Finance,negative,negative,negative,negative,negative,gold_test
eb750c9cc361c38f,Tech,neutral,neutral,neutral,neutral,neutral,
f6e49acb61fc9504,Tech,positive,positive,positive,positive,positive,
979f11f91856e17b,Finance,neutral,neutral,neutral,neutral,neutral,gold_train
54675ec2facc12cc,Tech,neutral,neutral,neutral,neutral,neutral,
4555a707c666e253,Tech,neutral,neutral,negative,neutral,neutral,gold_test
816272268e0e48e4,Tech,neutral,negative,neutral,neutral,neutral,
f4a2bcae62987f50,Tech,positive,neutral,neutral,neutral,neutral,gold_test
e785580334dd37b8,Finance,positive,negative,positive,negative,negative,gold_train
fc72b5ef99c0cd89,Tech,neutral,neutral,positive,neutral,neutral,
a044cd7850eb4588,Public,negative,negative,negative,negative,negative,gold_test
3626ac6f3620ecd0,Tech,negative,neutral,negative,negative,negative,
7a98e480351ee734,Social,neutral,neutral,neutral,neutral,neutral,gold_test
af0c674e0f37031d,Public,neutral,neutral,neutral,neutral,neutral,gold_test
d83759e4739af771,Tech,neutral,neutral,neutral,neutral,neutral,
14ce587acf5d4e3f,Tech,neutral,neutral,neutral,neutral,neutral,
cd0a4fca3271540e,Tech,neutral,neutral,neutral,neutral,neutral,
ac916fb8f5831a4b,Tech,negative,negative,negative,negative,negative,
0dcdc519617dc945,Retail,neutral,neutral,neutral,neutral,neutral,gold_dev
6107c085229f45b2,Social,negative,negative,negative,negative,negative,gold_test
8ae75daf5ca68e6c,Tech,negative,negative,negative,negative,negative,
acf43773239f629f,Social,neutral,neutral,neutral,neutral,neutral,gold_test
1956daed8cec7d7a,Social,neutral,neutral,neutral,neutral,neutral,gold_test
423ef3484e167fb1,Social,positive,positive,positive,positive,positive,gold_test
f979226e75b54431,Tech,neutral,neutral,neutral,neutral,neutral,
96249d126a010c5c,Tech,neutral,neutral,neutral,neutral,neutral,
847d73890c2288fb,Finance,negative,negative,negative,negative,negative,gold_test
f00d4db1e225da24,Tech,negative,negative,negative,negative,negative,gold_test
ecbe04e113ef745e,Tech,positive,positive,positive,positive,positive,
9a2e6120527506cd,Tech,neutral,neutral,neutral,neutral,neutral,
9a855257d2546d8c,Tech,neutral,negative,neutral,neutral,neutral,
6c79255a5d438e0b,Tech,neutral,neutral,neutral,neutral,neutral,
38043fb81d9653c4,Tech,neutral,neutral,neutral,neutral,neutral,
8409b7ee89501385,Tech,negative,negative,neutral,negative,negative,
24a482454c1d3a38,Tech,positive,positive,positive,positive,positive,
ad11e57b5ce4f296,Tech,neutral,neutral,neutral,neutral,neutral,
45d540867158b5ef,Retail,negative,neutral,negative,negative,negative,gold_test
0a108e34e34e41c2,Tech,neutral,neutral,neutral,neutral,neutral,
6be6fd0eddcbd4bb,Tech,neutral,neutral,neutral,neutral,neutral,
ccf36a1f16b06ebc,Tech,negative,positive,negative,negative,negative,
7ada2a878ea9393f,Tech,neutral,neutral,neutral,neutral,neutral,
60122f6a0395c043,Tech,neutral,neutral,neutral,neutral,neutral,
6e8331957b21e133,Tech,negative,negative,negative,negative,negative,
69a10d12216d0f27,Tech,negative,positive,negative,negative,negative,
f56936bfda239a01,Tech,neutral,neutral,neutral,neutral,neutral,gold_test
66f72ef0faac8e07,Tech,neutral,neutral,neutral,neutral,neutral,
c577ef4ccf5cbf28,Tech,negative,negative,negative,negative,negative,
30b6fe7f60674cc4,Tech,neutral,neutral,neutral,neutral,neutral,
ba8b7d059b0bdec0,Tech,neutral,neutral,neutral,neutral,neutral,
493fa1b508ded5a7,Tech,positive,positive,positive,positive,positive,gold_dev
e872fbb0d2968d0f,Retail,neutral,neutral,neutral,neutral,neutral,gold_dev
b0db092fb53d2887,Tech,negative,negative,negative,negative,negative,gold_test
8744a06341219a7d,Finance,positive,positive,positive,positive,positive,gold_test
6cd5f7ac14fad744,Finance,positive,positive,positive,positive,positive,gold_test
6e27d2ca47b2ed37,Retail,negative,negative,negative,negative,negative,gold_test
c7fe57e2ddff0193,Retail,neutral,neutral,neutral,neutral,neutral,gold_test
cb2c27d3c86acfc5,Tech,positive,positive,positive,positive,positive,gold_test
57c1f78853e79a04,Tech,positive,positive,neutral,positive,positive,gold_test
4245ebe09f23d9e9,Retail,negative,negative,negative,negative,negative,gold_test
a1fa2ff6cd73eb6b,Tech,positive,neutral,neutral,neutral,neutral,
092de0e63ef049a1,Tech,neutral,neutral,positive,neutral,neutral,
23f019c3845cbeda,Tech,negative,negative,negative,negative,negative,
327430dc3de4480f,Public,negative,negative,negative,negative,negative,gold_test
1b1995c6aaee5c87,Tech,negative,negative,positive,negative,negative,
0f362754a8d4d78a,Tech,neutral,neutral,neutral,neutral,neutral,
b17ba562dbfe5394,Tech,negative,negative,negative,negative,negative,
5ea30f6167c092aa,Tech,negative,negative,negative,negative,negative,
85335c29f78ef2cc,Tech,negative,negative,negative,negative,negative,
6a7aab65b612b6a3,Tech,negative,negative,negative,negative,negative,
be38bb0d7990f4d6,Tech,neutral,negative,neutral,neutral,neutral,
53692f8faa6c67b2,Tech,negative,negative,negative,negative,negative,
02b9494fc3754a1c,Tech,negative,negative,negative,negative,negative,
e9955189b047004c,Tech,neutral,neutral,neutral,neutral,neutral,
46c7b56185485230,Tech,negative,negative,negative,negative,negative,gold_test
9515b1cccf4eb97b,Tech,neutral,neutral,neutral,neutral,neutral,
ca9afba7cf7ff638,Tech,negative,negative,negative,negative,negative,
5ed71e7b91d67c7b,Tech,positive,neutral,positive,positive,positive,
9469398e5211cb7e,Tech,positive,positive,positive,positive,positive,
d7cb2771469c7cdc,Tech,neutral,neutral,neutral,neutral,neutral,
310ad45f75ef8545,Tech,positive,positive,positive,positive,positive,gold_test
7d8c118afe10350d,Tech,neutral,positive,positive,positive,positive,gold_test
01bf756a722e4b23,Tech,positive,positive,positive,positive,positive,
074ffaa654233df6,Social,positive,positive,positive,positive,positive,gold_dev
54dfc650366e196b,Tech,negative,negative,negative,negative,negative,gold_train
4b843cc2459f3f0a,Social,negative,negative,positive,negative,negative,gold_test
572f5dae9dbf73fa,Tech,negative,positive,negative,negative,negative,gold_test
e563ec9130eab28b,Tech,neutral,positive,neutral,neutral,neutral,
a86738df615fd65d,Tech,neutral,neutral,neutral,neutral,neutral,gold_dev
9d09ac5e74077034,Public,neutral,neutral,neutral,neutral,neutral,gold_dev
41bb65acf81cc585,Tech,negative,negative,negative,negative,negative,gold_test
1df30fbc9a7f52fe,Tech,negative,negative,negative,negative,negative,gold_test
48dae233e8f3a112,Tech,negative,negative,negative,negative,negative,gold_train
278099fa83fc0186,Tech,neutral,neutral,neutral,neutral,neutral,
4b7970c53bf256ca,Tech,neutral,neutral,neutral,neutral,neutral,
cc3cecbed75c16bf,Tech,positive,negative,negative,negative,negative,
b06232b63be3aa1e,Tech,negative,neutral,neutral,neutral,neutral,
d63271afb0e13604,Tech,neutral,neutral,neutral,neutral,neutral,
1fa2b39d7288579f,Tech,neutral,neutral,neutral,neutral,neutral,
01f45de914c96fa8,Tech,neutral,neutral,neutral,neutral,neutral,
1eae0865554ff7ac,Tech,neutral,positive,neutral,neutral,neutral,
5a60f3fa6e1ac57a,Tech,neutral,neutral,neutral,neutral,neutral,
08ef9dc6e2f52587,Tech,negative,negative,negative,negative,negative,
1865677ab92e18bb,Tech,neutral,positive,positive,positive,positive,
147f054ccc2e524c,Tech,positive,positive,positive,positive,positive,
c53942d55b91c5d9,Tech,neutral,neutral,neutral,neutral,neutral,gold_test
ef393fb730d13ae4,Tech,neutral,neutral,neutral,neutral,neutral,
a89cd7be5881c6e4,Finance,positive,positive,positive,positive,positive,gold_test
e7c6d4afd9c5f66e,Social,negative,negative,negative,negative,negative,gold_test
68f82fcddcd0d194,Tech,neutral,negative,neutral,neutral,neutral,gold_dev
ce9144854d05d799,Tech,neutral,neutral,neutral,neutral,neutral,gold_dev
b91e10a96f0d6e78,Tech,negative,negative,negative,negative,negative,
698af6471e6efef8,Tech,positive,positive,neutral,positive,positive,
325ea1ea4c4e2739,Tech,positive,positive,neutral,positive,positive,gold_test
874db42759dcf57a,Social,positive,positive,positive,positive,positive,gold_test
738861fbff52750c,Social,positive,positive,positive,positive,positive,gold_test
11784f03a125ef38,Finance,positive,positive,negative,positive,positive,gold_test
866d8de11e09da58,Public,neutral,neutral,neutral,neutral,neutral,gold_dev
39d2256080c00b4c,Tech,positive,positive,positive,positive,positive,
97899b59e121cec7,Tech,positive,positive,positive,positive,positive,
530aeb44f7b6c12d,Retail,negative,negative,negative,negative,negative,gold_test
54b8864a5a815926,Public,neutral,neutral,neutral,neutral,neutral,gold_train
3863b8aa8fa31e7f,Tech,neutral,neutral,neutral,neutral,neutral,
67693c3701ca93d0,Finance,negative,negative,negative,negative,negative,gold_test
b58e6c70361f2051,Tech,positive,positive,positive,positive,positive,
4d2f514bb0576665,Tech,neutral,positive,neutral,neutral,neutral,gold_test
7f35a1ec001f7479,Tech,neutral,neutral,negative,neutral,neutral,
e9561aff4211c359,Tech,neutral,neutral,neutral,neutral,neutral,
c77ccd6a64adc548,Social,negative,negative,negative,negative,negative,gold_test
33b6fba6b49e1a23,Retail,neutral,neutral,positive,neutral,neutral,gold_dev
c435986bd5bf0197,Retail,negative,negative,negative,negative,negative,gold_test
a3533dbac006d12c,Finance,neutral,neutral,positive,neutral,neutral,gold_dev
9f30d307c7d8b23b,Tech,negative,negative,negative,negative,negative,
8a48a339de877cea,Tech,negative,negative,negative,negative,negative,gold_dev
f591cfcf2c1fa335,Tech,negative,negative,negative,negative,negative,gold_test
84d4e50694bc4c68,Tech,neutral,neutral,neutral,neutral,neutral,
d29c8506f4d1e4f9,Tech,neutral,neutral,neutral,neutral,neutral,
816525eb51d11b4e,Tech,positive,positive,positive,positive,positive,
2293b8367df6457a,Social,negative,negative,negative,negative,negative,gold_test
7eaa35a540085f1f,Social,positive,positive,positive,positive,positive,gold_test
79fbae9ea3b3cebf,Tech,neutral,negative,negative,negative,negative,gold_dev
7065e8b0e2f1a091,Tech,positive,positive,positive,positive,positive,
2785d987d11a6215,Tech,positive,positive,positive,positive,positive,
63805c24b97a1e38,Tech,neutral,neutral,neutral,neutral,neutral,
b5695cff7f75ac31,Tech,positive,positive,positive,positive,positive,gold_dev
6f6faa01003cd6d4,Tech,positive,positive,positive,positive,positive,
ed6aacb0779e8316,Tech,negative,negative,negative,negative,negative,
8709e6e10ba62f91,Finance,negative,negative,negative,negative,negative,gold_test
4abd454af1fa2619,Tech,negative,negative,negative,negative,negative,
6ee13f53a21443e9,Tech,neutral,neutral,neutral,neutral,neutral,
a46aea3ff60bedab,Public,negative,negative,negative,negative,negative,gold_test
b401be9ecdcf6750,Public,negative,negative,negative,negative,negative,gold_test
bd6e69df0bab0715,Tech,positive,positive,positive,positive,positive,
b0e267e7bade4012,Tech,negative,negative,negative,negative,negative,
519b2a3ac727b655,Tech,negative,negative,negative,negative,negative,
0a4ede2dc1273713,Tech,positive,neutral,positive,positive,positive,
c97ff2d021073cb5,Public,negative,negative,negative,negative,negative,gold_train
a7547bf291da5614,Tech,negative,negative,negative,negative,negative,
2fea3bb926964e21,Tech,positive,positive,positive,positive,positive,
1f6849954de12192,Tech,negative,negative,negative,negative,negative,
0f45a441880b7e70,Tech,positive,positive,positive,positive,positive,
bd0f09772fd4efd8,Retail,positive,positive,positive,positive,positive,gold_test
875228b29a3e560b,Tech,negative,negative,negative,negative,negative,
04e61e67dc0c584a,Social,neutral,negative,negative,negative,negative,gold_test
717659d208c0e9e2,Tech,neutral,neutral,neutral,neutral,neutral,
04d6c368a78a8d5c,Tech,neutral,neutral,neutral,neutral,neutral,
85d5eb96696d2a95,Tech,positive,positive,neutral,positive,positive,
1d03a71ac2b3c7e5,Finance,positive,positive,positive,positive,positive,gold_test
99f68681f1656121,Tech,neutral,neutral,negative,neutral,neutral,
4ae8872f754665ed,Tech,negative,negative,positive,negative,negative,
bf162bd5daaa31bc,Tech,positive,neutral,neutral,neutral,neutral,gold_train
10316542a9845883,Tech,neutral,neutral,neutral,neutral,neutral,
8fda99c5bf35e360,Tech,negative,negative,negative,negative,negative,
3dcb53d47a4019d3,Tech,neutral,neutral,neutral,neutral,neutral,
7bb293402bd0f725,Retail,neutral,neutral,positive,neutral,neutral,gold_dev
e4e9ac64610546ce,Tech,positive,positive,positive,positive,positive,
c1702767d2b2746d,Tech,neutral,neutral,neutral,neutral,neutral,
483dee1eebd44640,Retail,neutral,neutral,neutral,neutral,neutral,gold_test
508dccb3eeeedf15,Tech,neutral,neutral,neutral,neutral,neutral,
56fe91d10c909bc8,Finance,neutral,neutral,neutral,neutral,neutral,gold_test
b00a4e5cfd598bd8,Finance,positive,positive,positive,positive,positive,gold_test
74e2cbaf9f287835,Tech,neutral,neutral,neutral,neutral,neutral,
a76988e61a33eb7c,Public,negative,negative,negative,negative,negative,gold_dev
b13450aa09312732,Tech,neutral,neutral,neutral,neutral,neutral,
c1becd648ad0570c,Tech,negative,negative,negative,negative,negative,
60c29745f9062dfd,Tech,neutral,negative,neutral,neutral,neutral,
99d89a06fed98a5c,Tech,neutral,neutral,neutral,neutral,neutral,
9379f7526a169d4e,Tech,neutral,neutral,neutral,neutral,neutral,
c3583b19673e8dff,Tech,negative,neutral,neutral,neutral,neutral,
caf6a9b293513124,Social,positive,positive,positive,positive,positive,gold_test
f3ebea8e82e12946,Tech,positive,positive,positive,positive,positive,
1f2773d331ae1f0e,Tech,positive,positive,positive,positive,positive,gold_test
c8e81d1911236ddf,Finance,positive,positive,positive,positive,positive,gold_test
acc2e5ed23a26e61,Social,positive,positive,positive,positive,positive,gold_test
aacc8df5863fff51,Tech,positive,positive,positive,positive,positive,
b00cb21e64260fc5,Public,positive,positive,positive,positive,positive,gold_test
8ca457d57342ad91,Tech,positive,positive,positive,positive,positive,
fdac60d2c2e88bc2,Tech,positive,positive,positive,positive,positive,
a63b7cea530a3a40,Tech,positive,positive,positive,positive,positive,
7ec6aee810c52d01,Tech,positive,positive,positive,positive,positive,gold_test
bccfcec6e1e082f9,Tech,positive,neutral,positive,positive,positive,gold_test
c75cb6c594727169,Social,positive,positive,positive,positive,positive,gold_test
9392ee81391937a3,Social,positive,positive,positive,positive,positive,gold_test
1684b9a79d3820e0,Social,positive,positive,neutral,positive,positive,gold_test
d6221d52ad233856,Tech,positive,positive,negative,positive,positive,
8aec4032c39621be,Social,positive,positive,positive,positive,positive,gold_test
bf9a60640cd8099f,Tech,positive,positive,positive,positive,positive,
caa8e977e96ee143,Finance,positive,positive,positive,positive,positive,gold_test
d716229bce364dcf,Tech,positive,positive,positive,positive,positive,
7f0bbc9611a06d35,Tech,positive,positive,positive,positive,positive,
b779014ca031d54a,Tech,positive,negative,positive,positive,positive,gold_test
0778140857f185ba,Tech,positive,positive,positive,positive,positive,gold_test
cafa70be72126924,Tech,positive,positive,positive,positive,positive,gold_test
88fee6073a14d6a8,Tech,positive,positive,positive,positive,positive,gold_test
88a5974e82ea4d4c,Retail,positive,positive,positive,positive,positive,gold_test
caa98dd2cd333648,Tech,positive,positive,positive,positive,positive,gold_test
f594eb14f8c4bae1,Tech,positive,positive,positive,positive,positive,gold_test
04add35e505590d6,Finance,positive,positive,positive,positive,positive,gold_train
d3c5acace2dd1875,Tech,positive,positive,positive,positive,positive,
2199275cc7975a3d,Tech,positive,positive,positive,positive,positive,
dd34ba1783587177,Social,neutral,positive,positive,positive,positive,gold_test
924af7ca5a0361d8,Tech,positive,positive,positive,positive,positive,
1f4fabe79418846c,Tech,positive,positive,positive,positive,positive,
810aa613dfd84582,Social,positive,negative,positive,positive,positive,gold_test
0d52b64069d0e513,Retail,negative,negative,negative,negative,negative,gold_test
cef7ee655a60d8e3,Tech,positive,positive,positive,positive,positive,gold_test
e99a2a83ac8adb06,Tech,positive,positive,positive,positive,positive,gold_test
d2a29c45eb2324ec,Tech,positive,positive,positive,positive,positive,
1b631ddc08ae4dd7,Tech,positive,positive,positive,positive,positive,gold_test
db9bcac088a166eb,Retail,positive,positive,positive,positive,positive,gold_test
ccaf390e649c41ec,Tech,positive,positive,neutral,positive,positive,
7f76299e00562c30,Tech,positive,positive,positive,positive,positive,
713ef6b27edd43a8,Tech,positive,positive,positive,positive,positive,
bc92ddecbb5ee884,Tech,neutral,positive,neutral,neutral,neutral,gold_test
a8e27ec25f7014a7,Tech,positive,positive,positive,positive,positive,
d10f45dc2eb62e57,Tech,positive,positive,positive,positive,positive,
67537946c4492f75,Tech,positive,positive,positive,positive,positive,
81319eafac3d2a64,Tech,negative,negative,negative,negative,negative,
b747d68f11b60109,Tech,positive,positive,positive,positive,positive,
928fa72664962b03,Tech,negative,neutral,neutral,neutral,neutral,
55703abcc055c614,Tech,positive,positive,negative,positive,positive,
9e9e0df996077bd1,Tech,neutral,neutral,neutral,neutral,neutral,
23aa413e9ae2a47e,Tech,neutral,neutral,neutral,neutral,neutral,
89676e6d311ee3db,Tech,positive,positive,positive,positive,positive,
5109f48462b42c6c,Retail,positive,positive,positive,positive,positive,gold_test
b8679166476bbb64,Tech,neutral,neutral,neutral,neutral,neutral,
d0292f056099fac1,Tech,neutral,neutral,neutral,neutral,neutral,
8a0ea896a57698a2,Tech,neutral,neutral,neutral,neutral,neutral,
76387c885ff2b10d,Tech,neutral,neutral,neutral,neutral,neutral,
8a1fa7c0d1d1d3ab,Social,negative,negative,negative,negative,negative,gold_test
d2e11e16452b17ca,Social,neutral,neutral,neutral,neutral,neutral,gold_dev
d5144021c68fb434,Tech,negative,neutral,negative,negative,negative,
c134ac643ed9571d,Retail,positive,positive,positive,positive,positive,gold_test
942252b12347e0f1,Tech,positive,positive,positive,positive,positive,
d619da62e9ae880b,Tech,neutral,neutral,neutral,neutral,neutral,
a438dba7d7182ab3,Tech,negative,negative,negative,negative,negative,
53c298f908ee559f,Tech,negative,negative,negative,negative,negative,
364e68b7575240e4,Tech,neutral,neutral,neutral,neutral,neutral,
b0639c93bed2b58c,Tech,negative,negative,negative,negative,negative,
738bde8481d72750,Tech,negative,positive,positive,negative,negative,gold_test
3d6f7c2133ca5248,Tech,positive,positive,positive,positive,positive,
274c32518aebe263,Social,positive,positive,positive,positive,positive,gold_test
d2ad4240bf4adaff,Tech,positive,positive,positive,positive,positive,
5ff3362e0dc814b8,Public,negative,negative,negative,negative,negative,gold_train
2c06c2cde6b8a50e,Public,neutral,neutral,neutral,neutral,neutral,gold_dev
9992a0daec58830e,Tech,positive,negative,negative,negative,negative,
f42e079aad2e4d60,Tech,neutral,negative,neutral,neutral,neutral,
6decf46448b8adf4,Finance,neutral,neutral,neutral,neutral,neutral,gold_dev
380fdf366b5e33d0,Tech,neutral,neutral,neutral,neutral,neutral,
7ad30f28062d393f,Tech,neutral,neutral,neutral,neutral,neutral,
d6335a4af6766e4b,Public,negative,positive,negative,negative,negative,gold_test
3b22609bb8c578ff,Tech,positive,positive,neutral,positive,positive,gold_test
1cf81525cf288d09,Tech,positive,positive,positive,positive,positive,
2e605cb059b5c731,Retail,neutral,neutral,neutral,neutral,neutral,gold_dev
5609d0058e502994,Tech,positive,neutral,neutral,neutral,neutral,
8bc4b77da2a01957,Tech,negative,negative,negative,negative,negative,
3e8087cdaddd6d64,Tech,neutral,positive,neutral,neutral,neutral,
14d23617046238a1,Tech,neutral,neutral,neutral,neutral,neutral,
21a90909315c7dc7,Tech,negative,negative,negative,negative,negative,
e29690c0cb72b7cd,Tech,negative,negative,negative,negative,negative,
ddbc01cbbeb1c02c,Finance,positive,positive,positive,positive,positive,gold_test
9679741815355dae,Tech,positive,neutral,positive,positive,positive,
0a1c4c4ac37b9aa1,Tech,positive,positive,positive,positive,positive,
ac8c48fca2308fb4,Tech,positive,positive,positive,positive,positive,
c7a1b24cd077b298,Tech,positive,negative,positive,positive,positive,
7bfeba853851f6c7,Tech,negative,negative,negative,negative,negative,
f43714ea2c259610,Social,negative,negative,negative,negative,negative,gold_test
00785cd2c484e349,Tech,negative,negative,negative,negative,negative,
bcb5ad85bded4be4,Social,neutral,neutral,neutral,neutral,neutral,gold_dev
37f6cd8a5d941a6f,Retail,positive,positive,positive,positive,positive,gold_test
53fde11f1bcbe812,Tech,positive,positive,positive,positive,positive,
2952f4149a8d4cf3,Tech,neutral,negative,negative,negative,negative,gold_test
e84d62fc56f0a35c,Retail,negative,negative,negative,negative,negative,gold_dev
714eb215ae8d2dae,Public,negative,negative,negative,negative,negative,gold_test
5d6b23790be52fea,Tech,positive,positive,positive,positive,positive,
ae5b347738bf744f,Tech,negative,negative,negative,negative,negative,
53d4f8f46cc14d03,Tech,neutral,neutral,neutral,neutral,neutral,
0f611d2289e7c11c,Public,neutral,neutral,neutral,neutral,neutral,gold_dev
1e1db7fe03846e30,Tech,neutral,neutral,positive,neutral,neutral,
04669a35a1f1bf4f,Public,positive,positive,positive,positive,positive,gold_test
811ee3bec7810940,Tech,neutral,neutral,neutral,neutral,neutral,
4d9d70095ab11be3,Tech,neutral,positive,neutral,neutral,neutral,gold_dev
45a6148bb4ff21b9,Tech,neutral,negative,negative,negative,negative,gold_test
17c9a34ad8d3f159,Tech,neutral,negative,negative,negative,negative,
ec30c69fa96c7e91,Public,neutral,neutral,neutral,neutral,neutral,gold_test
a2a7aa4eb89aeb08,Retail,negative,negative,negative,negative,negative,gold_dev
c7fca1a679eb6b6b,Retail,negative,negative,negative,negative,negative,gold_dev
947b5a7d6911a3b2,Finance,positive,positive,positive,positive,positive,gold_test
78b2a7ff9816d8a8,Retail,neutral,neutral,positive,neutral,neutral,gold_test
de54b1f092a9cd85,Public,neutral,neutral,neutral,neutral,neutral,gold_train
919abef2ed50c24e,Tech,neutral,negative,negative,neutral,neutral,
b84e4f439a325e65,Tech,neutral,neutral,neutral,neutral,neutral,
4ae4f6221ce88f17,Tech,positive,positive,positive,positive,positive,
ddc036d10540e2a1,Tech,neutral,neutral,neutral,neutral,neutral,
bebfaf507c318b2f,Tech,positive,positive,positive,positive,positive,
72fececc98724830,Tech,neutral,neutral,neutral,neutral,neutral,
4e0fdaf1f7616c91,Tech,neutral,neutral,neutral,neutral,neutral,
2f19b48d8e828e0b,Finance,neutral,neutral,neutral,neutral,neutral,gold_train
a04883ca4f7df803,Tech,positive,positive,positive,positive,positive,
5b401f8357da0e43,Tech,positive,positive,positive,positive,positive,
4848bed2da9737ae,Tech,negative,negative,negative,negative,negative,
2ca846b5ec5192b1,Tech,negative,negative,negative,negative,negative,
20750a36f2b44040,Retail,neutral,negative,neutral,neutral,neutral,gold_test
2eec5e4d59816646,Tech,positive,positive,positive,positive,positive,gold_test
ce26412d96afc77d,Tech,positive,positive,positive,positive,positive,gold_test
a10a2e0e3d7dedac,Public,neutral,neutral,neutral,neutral,neutral,gold_dev
8de06acdb45d1957,Tech,positive,positive,positive,positive,positive,gold_train
411f5ec0ee283642,Tech,positive,negative,positive,positive,positive,
10dc8681ee94dcfc,Tech,neutral,neutral,neutral,neutral,neutral,
72ca2f9fb0cb5b99,Tech,neutral,positive,neutral,neutral,neutral,
7919ce2bd8aac1e9,Tech,negative,negative,negative,negative,negative,gold_test
e582eaea0cc48f24,Finance,negative,negative,negative,negative,negative,gold_test
c9767ece946eabb3,Tech,negative,negative,negative,negative,negative,
39adf38343063983,Finance,negative,negative,negative,negative,negative,gold_test
45e09aefbc178b86,Tech,positive,positive,positive,positive,positive,
a47036db6b3fd15b,Social,negative,negative,negative,negative,negative,gold_test
258ed50e34f7772e,Retail,neutral,negative,negative,negative,negative,gold_test
c0acbf0876d17182,Finance,neutral,negative,negative,negative,negative,gold_test
a76a0d030008cf9a,Social,negative,negative,negative,negative,negative,gold_test
f44fd8df2f01bac2,Tech,neutral,neutral,neutral,neutral,neutral,
cd08609e2382d4b8,Tech,positive,positive,positive,positive,positive,
8cccc1708e5626a7,Tech,negative,negative,negative,negative,negative,
f9a5f40f50cbc1d5,Tech,positive,positive,positive,positive,positive,gold_test
7088763dcd8543ef,Tech,negative,negative,negative,negative,negative,gold_train
95d38d726d49b20f,Tech,neutral,neutral,neutral,neutral,neutral,
22e5b30f19f49b69,Public,negative,positive,positive,positive,positive,gold_train
1caa98fba9f022e2,Tech,positive,positive,positive,positive,positive,gold_test
35b89030c75957ec,Tech,positive,positive,positive,positive,positive,
edfd6bbe6d5d0434,Public,neutral,neutral,neutral,neutral,neutral,gold_train
5455779a6a056726,Tech,positive,positive,positive,positive,positive,
b7a376dd48e96a78,Tech,neutral,neutral,neutral,neutral,neutral,
883bec6bff5d1dae,Tech,negative,negative,negative,negative,negative,
7faef5d3b69d366e,Public,neutral,neutral,neutral,neutral,neutral,gold_train
338991f1078bdca4,Tech,positive,positive,negative,positive,positive,
f8cf587fee01dce8,Social,neutral,neutral,positive,neutral,neutral,gold_test
e1e84f2e642dfda4,Public,neutral,positive,positive,positive,positive,gold_dev
135ee07b7f06a979,Tech,positive,positive,positive,positive,positive,
eb02201d3a8dfdd3,Tech,neutral,neutral,neutral,neutral,neutral,
f291719b3eeabca8,Tech,positive,negative,negative,negative,negative,gold_test
d32fdac069c6ea81,Tech,negative,negative,negative,negative,negative,
8379c20ad03860c5,Tech,negative,negative,negative,negative,negative,
79e6b5b90814a8b3,Finance,negative,negative,positive,negative,negative,gold_test
eb06c5b77aa2f39c,Tech,positive,negative,negative,negative,negative,
483b3e7398041314,Retail,negative,negative,negative,negative,negative,gold_test
89663b15f23ee9d2,Tech,negative,negative,negative,negative,negative,
55b237c89302cca4,Tech,neutral,negative,neutral,neutral,neutral,
c903f454f3afc8be,Tech,neutral,neutral,neutral,neutral,neutral,
7e342b6b91a0aafd,Tech,neutral,neutral,neutral,neutral,neutral,
04830c606289fe67,Social,positive,positive,positive,positive,positive,gold_test
604667f6c377695e,Tech,positive,positive,positive,positive,positive,
48a63ade430b83e8,Social,positive,positive,negative,positive,positive,gold_test
