run_id,system,regime,scope,seed,tag,macro_f1,neg_f1,neu_f1,pos_f1,n_test,backbone,wall_seconds,train_total,bulk_human,bulk_silver,gold_train,silver_frac,pool_mode,strict_lodo,supcon_lambda,supcon_tau,max_temp_c,nn_at_1,nn_at_5,nn_at_10,nn_at_20,nmi,ari,silhouette,davies_bouldin,anisotropy,twonn_id,centroid_within_class_cross_domain,centroid_cross_class,temperature,ece_before,ece_after,mce_before,mce_after,brier_before,brier_after,neu_ece_before
indomain.Finance.allma_ft.s13,allma_ft,indomain,Finance,13,,0.7318701422828919,0.6876640419947506,0.7863554757630161,0.7215909090909091,645,allmalab/bert-base-aze,131.2,18590,17514,0,1076,,gold+bulk,False,,,51.0,0.6945736434108527,0.6967441860465117,0.6925581395348838,0.6852713178294574,0.3434705320466877,0.3808841295409438,0.1535232365131378,2.7851995309642774,0.3908416926860809,21.785433752765464,,,1.4199999999999993,0.0697533224341197,0.0436497010623948,0.1457501178610903,0.1143678536458217,0.3663396034706253,0.3589149991660735,0.1220253510047732
indomain.Finance.allma_ft.s21,allma_ft,indomain,Finance,21,,0.7415413606836713,0.7082294264339152,0.7798507462686567,0.7365439093484419,645,allmalab/bert-base-aze,164.4,18590,17514,0,1076,,gold+bulk,False,,,52.0,0.737984496124031,0.7237209302325581,0.714108527131783,0.7024806201550388,0.3604455885426457,0.4054077858188357,0.1792142242193222,2.627464902203968,0.250786542892456,23.501837525049385,,,1.9900000000000004,0.113156857259077,0.0438800510571198,0.299396560148644,0.1156088492877391,0.3717618194632159,0.3466866019518625,0.1097598727544873
indomain.Finance.allma_ft.s42,allma_ft,indomain,Finance,42,,0.744717223623338,0.7180722891566265,0.7840909090909091,0.7319884726224783,645,allmalab/bert-base-aze,128.4,18590,17514,0,1076,,gold+bulk,False,,,48.0,0.7255813953488373,0.7091472868217055,0.6967441860465117,0.6796124031007752,0.3382573929665118,0.3273621709789824,0.1539228707551956,2.7491267097025323,0.3896244466304779,24.256222378442484,,,1.3599999999999994,0.0462314023930534,0.04468103952554,0.1902189811684548,0.1174994333830895,0.3358497022733309,0.3344112363574424,0.096366689833213
indomain.Finance.berturk_ft.s13,berturk_ft,indomain,Finance,13,,0.7400219044703094,0.6898263027295285,0.7733333333333333,0.7569060773480663,645,dbmdz/bert-base-turkish-128k-cased,178.5,18590,17514,0,1076,,gold+bulk,False,,,56.0,0.7069767441860465,0.6902325581395349,0.6885271317829458,0.6731782945736434,0.4002615969063133,0.3679760337011887,0.1824500262737274,2.605723822573617,0.3524167239665985,22.094143928921483,,,2.045000000000001,0.1034602874406638,0.0413026722609938,0.2465570642474428,0.0879490453056551,0.3681223544014423,0.342956322648145,0.1085603202139516
indomain.Finance.berturk_ft.s21,berturk_ft,indomain,Finance,21,,0.7375240323183313,0.6747572815533981,0.7766599597585513,0.7611548556430446,645,dbmdz/bert-base-turkish-128k-cased,182.7,18590,17514,0,1076,,gold+bulk,False,,,55.0,0.7209302325581395,0.6889922480620155,0.6818604651162791,0.6718604651162791,0.3589542499224566,0.3208119317216963,0.1658382266759872,2.597865482678871,0.3910750448703766,22.613398593941717,,,1.64,0.0794271148184934,0.0481851705087232,0.1966401784418049,0.1280581590562003,0.360827898721747,0.3481646471079008,0.0771615170254284
indomain.Finance.berturk_ft.s42,berturk_ft,indomain,Finance,42,,0.7477633071737316,0.7123287671232876,0.7967145790554415,0.7342465753424657,645,dbmdz/bert-base-turkish-128k-cased,185.7,18590,17514,0,1076,,gold+bulk,False,,,50.0,0.6883720930232559,0.6933333333333334,0.683875968992248,0.6736434108527132,0.3761066295581741,0.3441646449653817,0.1635734140872955,2.6501126520075786,0.3851118981838226,21.811062547132167,,,1.5149999999999997,0.080840259954409,0.0449727592368122,0.2084736469519783,0.1367188086140119,0.3586965540879939,0.348835351100034,0.0707619003734198
indomain.Finance.fasttext_mlp.s100,fasttext_mlp,indomain,Finance,100,,0.585523178354281,0.5320197044334976,0.6549295774647887,0.569620253164557,645,,24.1,18590,17514,0,1076,,,,,,,,,,,,,,,,,,,,,,,,,,
indomain.Finance.fasttext_mlp.s13,fasttext_mlp,indomain,Finance,13,,0.6003351925887362,0.5432692307692307,0.6504065040650406,0.6073298429319371,645,,57.8,18590,17514,0,1076,,,,,,,,,,,,,,,,,,,,,,,,,,
indomain.Finance.fasttext_mlp.s21,fasttext_mlp,indomain,Finance,21,,0.6004445479444468,0.5539906103286385,0.649155722326454,0.5981873111782477,645,,28.1,18590,17514,0,1076,,,,,,,,,,,,,,,,,,,,,,,,,,
indomain.Finance.fasttext_mlp.s42,fasttext_mlp,indomain,Finance,42,,0.5994825165652568,0.5590361445783133,0.6515151515151515,0.5878962536023055,645,,184.5,18590,17514,0,1076,,,,,,,,,,,,,,,,,,,,,,,,,,
indomain.Finance.fasttext_mlp.s87,fasttext_mlp,indomain,Finance,87,,0.5658624744452957,0.513317191283293,0.5987780040733197,0.5854922279792746,645,,21.8,18590,17514,0,1076,,,,,,,,,,,,,,,,,,,,,,,,,,
indomain.Finance.full.s100,full,indomain,Finance,100,,0.7715237290958391,0.7255369928400954,0.7942973523421588,0.7947368421052632,645,xlm-roberta-base,246.5,18590,17514,0,1076,,gold+bulk,False,0.1,0.07,56.0,0.7426356589147287,0.7463565891472869,0.7347286821705427,0.7251937984496124,0.3889751510669167,0.4456141064994676,0.3173179030418396,1.607674020236103,0.7820884585380554,16.194610482874527,,,1.7850000000000004,0.1182372768190252,0.047357906497948,0.2729555787325611,0.1613406335225431,0.3548116377479879,0.3255615331174127,0.0939159395432487
indomain.Finance.full.s13,full,indomain,Finance,13,,0.7599189383665217,0.7325301204819277,0.793036750483559,0.7541899441340782,645,xlm-roberta-base,235.9,18590,17514,0,1076,,gold+bulk,False,0.1,0.07,62.0,0.7193798449612403,0.7274418604651163,0.7223255813953489,0.7165891472868217,0.3857857202038324,0.4438425904141245,0.3342078924179077,1.5638342830610483,0.7746257185935974,16.550400155447743,,,2.02,0.1446610051272648,0.0489619740427456,0.2633766556481592,0.1412411069831733,0.3657389190523721,0.3234988708817601,0.1096840905222361
indomain.Finance.full.s21,full,indomain,Finance,21,,0.7710412299091544,0.73,0.7886792452830189,0.7944444444444444,645,xlm-roberta-base,244.7,18590,17514,0,1076,,gold+bulk,False,0.1,0.07,53.0,0.7472868217054264,0.750077519379845,0.7466666666666667,0.7366666666666667,0.4115027682825847,0.4609141321522762,0.343353658914566,1.5666204267816368,0.7360946536064148,17.738776606183325,,,2.2150000000000003,0.1428343980216685,0.0579845190074645,0.3523016644429149,0.1123303396549769,0.3665001281962307,0.3251013354362906,0.1336148874057516
indomain.Finance.full.s42,full,indomain,Finance,42,,0.7594608095417615,0.7286063569682152,0.783109404990403,0.7666666666666667,645,xlm-roberta-base,238.9,18590,17514,0,1076,,gold+bulk,False,0.1,0.07,57.0,0.7069767441860465,0.7234108527131783,0.7302325581395349,0.7250387596899225,0.3874772281148599,0.4436592765408648,0.336683064699173,1.545335179222213,0.78131103515625,17.935370198271613,,,1.965,0.1497516471913779,0.0720486798430579,0.3808409093333585,0.1797786784113766,0.3622017559267197,0.3212204034938918,0.1153651792005018
indomain.Finance.full.s87,full,indomain,Finance,87,,0.7760723327374377,0.7577937649880095,0.7984934086629002,0.7719298245614035,645,xlm-roberta-base,241.5,18590,17514,0,1076,,gold+bulk,False,0.1,0.07,61.0,0.7488372093023256,0.7404651162790697,0.7291472868217054,0.7232558139534884,0.4117754434134529,0.4674766430732651,0.333231508731842,1.6367239474809308,0.8381792902946472,16.6514829931472,,,1.5800000000000003,0.0932185968038144,0.043908603537044,0.1888145729338451,0.0893692669990265,0.3443221588225938,0.3269228952798365,0.1059062723341894
indomain.Finance.full_mbert.s13,full_mbert,indomain,Finance,13,,0.7103465467134225,0.6776470588235294,0.767175572519084,0.6862170087976539,645,bert-base-multilingual-cased,198.7,18590,17514,0,1076,,gold+bulk,False,0.1,0.07,56.0,0.6697674418604651,0.6831007751937984,0.6776744186046512,0.6670542635658915,0.3287821299420315,0.3820889853083923,0.2635159790515899,2.004300832749492,0.8186247944831848,19.128559982659866,,,1.92,0.1398816769268261,0.0658169551266481,0.3126687871653265,0.1912235317051407,0.404217923985898,0.3673563950694208,0.1146628358767627
indomain.Finance.full_mbert.s21,full_mbert,indomain,Finance,21,,0.7113665715323428,0.6616915422885572,0.7721280602636534,0.7002801120448179,645,bert-base-multilingual-cased,200.0,18590,17514,0,1076,,gold+bulk,False,0.1,0.07,59.0,0.6728682170542636,0.6762790697674419,0.6835658914728682,0.6765116279069767,0.3361320316034901,0.3903866301508271,0.2554893493652344,1.9781658398408128,0.7951669096946716,18.97028062456862,,,2.0900000000000007,0.1487423044623181,0.0478276124363769,0.3061206438328765,0.1132012461895472,0.4103794352940541,0.3672573585655818,0.1108741361049674
indomain.Finance.full_mbert.s42,full_mbert,indomain,Finance,42,,0.7233291165928737,0.6813725490196079,0.7843137254901961,0.7043010752688172,645,bert-base-multilingual-cased,157.9,18590,17514,0,1076,,gold+bulk,False,0.1,0.07,63.0,0.6821705426356589,0.6747286821705426,0.6596899224806202,0.6449612403100775,0.314448633200968,0.3525668281627966,0.2123507261276245,2.239196594446021,0.8344833254814148,18.65906254149216,,,1.5649999999999995,0.0833986933473871,0.0609714836424591,0.2387369226854309,0.1281516480324516,0.3900102092613215,0.3779973800166593,0.0768294867226602
indomain.Finance.full_mdeberta.s13,full_mdeberta,indomain,Finance,13,,0.7956520938907227,0.7681818181818182,0.8284518828451883,0.7903225806451613,645,microsoft/mdeberta-v3-base,310.4,18590,17514,0,1076,,gold+bulk,False,0.1,0.07,59.0,0.7503875968992249,0.7392248062015504,0.7342635658914729,0.7197674418604652,0.4288459080493724,0.4958842365976921,0.3939197957515716,1.269304252465929,0.813909113407135,13.540355208767757,,,1.7099999999999995,0.1018949965515125,0.0510609921008991,0.2515578545321267,0.125838286304819,0.3175133034339991,0.2958930559537179,0.0673584071178761
indomain.Finance.full_mdeberta.s21,full_mdeberta,indomain,Finance,21,,0.7792519403041642,0.7407407407407407,0.8289738430583501,0.7680412371134021,645,microsoft/mdeberta-v3-base,307.0,18590,17514,0,1076,,gold+bulk,False,0.1,0.07,62.0,0.737984496124031,0.7258914728682171,0.7190697674418605,0.7203100775193798,0.4066512107095386,0.4755254753269003,0.3792447745800018,1.3531862676649495,0.8267301917076111,13.62376641236654,,,1.54,0.1040936612481215,0.0439180515312651,0.2187472312669679,0.1869441299410504,0.3300080161984437,0.3120118097978946,0.0712217478661545
indomain.Finance.full_mdeberta.s42,full_mdeberta,indomain,Finance,42,,0.7933794909371513,0.7674418604651163,0.8383233532934131,0.7743732590529248,645,microsoft/mdeberta-v3-base,317.0,18590,17514,0,1076,,gold+bulk,False,0.1,0.07,58.0,0.7472868217054264,0.7342635658914729,0.7322480620155039,0.7271317829457364,0.4476793941297147,0.5167776090505223,0.3839128315448761,1.4018266413533864,0.8249368667602539,14.6165847192741,,,1.5599999999999996,0.0798456353205994,0.0479114696434828,0.1768608123209636,0.1221087486458403,0.3029694396053772,0.2915303642691823,0.0787675048396891
indomain.Finance.full_midinject.s13,full_midinject,indomain,Finance,13,,0.7790582813356025,0.751219512195122,0.806949806949807,0.7790055248618785,645,xlm-roberta-base,248.4,18590,17514,0,1076,,gold+bulk,False,0.1,0.07,53.0,0.7069767441860465,0.7212403100775194,0.7176744186046512,0.7186821705426356,0.4129659336953294,0.4743850446606458,0.3344370722770691,1.573222540457359,0.7687040567398071,16.19811013197086,,,2.025000000000001,0.1258101426007539,0.0578113502201943,0.2637285094929965,0.132261728863293,0.361072401610595,0.3230903581156079,0.1125113801266314
indomain.Finance.full_midinject.s21,full_midinject,indomain,Finance,21,,0.7710358011715535,0.7326732673267327,0.7894736842105263,0.7909604519774012,645,xlm-roberta-base,249.5,18590,17514,0,1076,,gold+bulk,False,0.1,0.07,56.0,0.7550387596899225,0.7491472868217054,0.7401550387596899,0.7306201550387597,0.4080719568100047,0.4583066285779021,0.3320447206497192,1.6224772084278474,0.7476730346679688,17.92184178487879,,,2.125000000000001,0.1339726841965358,0.054451178755603,0.3761520612917864,0.1394449595139334,0.3757844277146105,0.3372219229991864,0.1344142772087279
indomain.Finance.full_midinject.s42,full_midinject,indomain,Finance,42,,0.7636065064047596,0.7277227722772277,0.7908745247148289,0.7722222222222223,645,xlm-roberta-base,245.5,18590,17514,0,1076,,gold+bulk,False,0.1,0.07,60.0,0.7317829457364341,0.7165891472868217,0.7148837209302326,0.7195348837209302,0.3866832563325376,0.4447144294615236,0.3280990123748779,1.598870719489517,0.785092294216156,17.06144638043413,,,1.9850000000000003,0.1385316613756761,0.0470475267908087,0.2745958598040582,0.084777373570376,0.3678888575139287,0.3276180441596872,0.1121363051991218
indomain.Finance.mbert_ft.s13,mbert_ft,indomain,Finance,13,,0.7202708848443571,0.6481012658227848,0.7797270955165692,0.7329842931937173,645,bert-base-multilingual-cased,190.4,18590,17514,0,1076,,gold+bulk,False,,,49.0,0.6992248062015504,0.6849612403100775,0.6711627906976744,0.6685271317829458,0.3624338966771767,0.4161783373450874,0.2389546185731887,2.085790008289962,0.2202344983816146,20.73042893343948,,,2.3750000000000013,0.1424604512166736,0.0464295761467361,0.318469393891281,0.1093047859207619,0.4067750011492063,0.3633828273965586,0.1037819941855676
indomain.Finance.mbert_ft.s21,mbert_ft,indomain,Finance,21,,0.720698725153912,0.6837209302325581,0.7817460317460317,0.6966292134831461,645,bert-base-multilingual-cased,189.6,18590,17514,0,1076,,gold+bulk,False,,,56.0,0.689922480620155,0.6679069767441861,0.6703875968992248,0.66,0.3519534535898451,0.3739029528260851,0.2099928706884384,2.038676690125273,0.2760534286499023,21.609088911714483,,,1.6900000000000002,0.0835342583281737,0.0446858949855087,0.2129819971233336,0.1216366056004428,0.3803266946292046,0.3687602138515878,0.0697321657798748
indomain.Finance.mbert_ft.s42,mbert_ft,indomain,Finance,42,,0.7299072907768559,0.6952380952380952,0.7747035573122529,0.7197802197802198,645,bert-base-multilingual-cased,194.1,18590,17514,0,1076,,gold+bulk,False,,,55.0,0.6930232558139535,0.6725581395348837,0.6652713178294574,0.6542635658914728,0.3484900074890353,0.3763484247796854,0.2279297411441803,2.0220644069655656,0.2278569638729095,20.031379661619173,,,2.3500000000000005,0.1283806790394528,0.0478700996896887,0.2825559586508133,0.1228174925078855,0.394062661204213,0.3614148518737652,0.0963660442149373
indomain.Finance.mdeberta_dapt.s13,mdeberta_dapt,indomain,Finance,13,,0.7705492323511683,0.7721518987341772,0.7983193277310925,0.7411764705882353,645,microsoft/mdeberta-v3-base,266.2,18590,17514,0,1076,,gold+bulk,False,,,53.0,0.7255813953488373,0.7252713178294574,0.7153488372093023,0.7110852713178295,0.4048786110979571,0.4540641340648113,0.3614783883094787,1.300544758861326,0.2344261705875396,11.411917637437751,,,1.7149999999999996,0.1117601684390367,0.0624293946818684,0.2019579776572942,0.1438962599999861,0.3448035861414726,0.3198181843519326,0.0768650231536726
indomain.Finance.mdeberta_dapt.s21,mdeberta_dapt,indomain,Finance,21,,0.789191174384651,0.7625570776255708,0.8242677824267782,0.7807486631016043,645,microsoft/mdeberta-v3-base,275.8,18590,17514,0,1076,,gold+bulk,False,,,58.0,0.737984496124031,0.7426356589147287,0.7375193798449612,0.7344186046511628,0.4253590267844634,0.4942703759054858,0.3693037033081054,1.3565266895561203,0.167597234249115,13.573819489666231,,,1.81,0.1151921299207093,0.0576304512540288,0.3173989575919446,0.176658106409327,0.3277465957417992,0.2996171469698583,0.0763685910363603
indomain.Finance.mdeberta_dapt.s42,mdeberta_dapt,indomain,Finance,42,,0.7840318724936948,0.7577937649880095,0.82421875,0.7700831024930748,645,microsoft/mdeberta-v3-base,266.6,18590,17514,0,1076,,gold+bulk,False,,,62.0,0.7410852713178294,0.7407751937984496,0.7390697674418605,0.7304651162790697,0.3960648071031401,0.4613659356560396,0.3569803833961487,1.3433476427988982,0.2032077759504318,13.888784438325478,,,1.7800000000000005,0.1123791494716999,0.0391601354104932,0.242241716657953,0.1064530691603915,0.343005510155777,0.3136512643371384,0.1074243060539517
indomain.Finance.mdeberta_ft.s13,mdeberta_ft,indomain,Finance,13,,0.7793601467871504,0.7701612903225806,0.8149779735682819,0.7529411764705882,645,microsoft/mdeberta-v3-base,270.0,18590,17514,0,1076,,gold+bulk,False,,,59.0,0.7178294573643411,0.724031007751938,0.7134883720930233,0.7116279069767442,0.418253993653272,0.4261614202875933,0.336483895778656,1.3724839329261975,0.3078152239322662,12.416062981038571,,,1.6750000000000005,0.1148991332702577,0.0429177703448449,0.2569115721637925,0.120081906359596,0.3346861026322905,0.307594409920188,0.0681633956826404
indomain.Finance.mdeberta_ft.s21,mdeberta_ft,indomain,Finance,21,,0.7731890715922652,0.7592592592592593,0.7984031936127745,0.7619047619047619,645,microsoft/mdeberta-v3-base,273.1,18590,17514,0,1076,,gold+bulk,False,,,60.0,0.7193798449612403,0.7302325581395349,0.7291472868217054,0.7178294573643411,0.3779780022609166,0.4346681425432424,0.3260728418827057,1.5175833871688125,0.2500498294830322,13.205625212239104,,,1.8800000000000008,0.125033688928636,0.0538346116099358,0.2580840389722618,0.133271494731912,0.3517848732531778,0.3178952336228628,0.1012527089181421
indomain.Finance.mdeberta_ft.s42,mdeberta_ft,indomain,Finance,42,,0.76115232919178,0.7407407407407407,0.7886178861788617,0.7540983606557377,645,microsoft/mdeberta-v3-base,277.0,18590,17514,0,1076,,gold+bulk,False,,,54.0,0.7162790697674418,0.724031007751938,0.718139534883721,0.7057364341085272,0.3852845998243363,0.4111978529277147,0.3087648451328277,1.5188609335228638,0.3338089883327484,12.51237908764777,,,1.595,0.1007744130267752,0.0482786668491593,0.3061157378037171,0.160944400131703,0.3386002005005855,0.3190777267236185,0.0804754977379799
indomain.Finance.tfidf_linear.s100,tfidf_linear,indomain,Finance,100,,0.7080489500410678,0.6935866983372921,0.7523992322456814,0.6781609195402298,645,,69.3,18590,17514,0,1076,,,,,,,,,,,,,,,,,,,,,,,,,,
indomain.Finance.tfidf_linear.s13,tfidf_linear,indomain,Finance,13,,0.7080489500410678,0.6935866983372921,0.7523992322456814,0.6781609195402298,645,,64.3,18590,17514,0,1076,,,,,,,,,,,,,,,,,,,,,,,,,,
indomain.Finance.tfidf_linear.s21,tfidf_linear,indomain,Finance,21,,0.7080489500410678,0.6935866983372921,0.7523992322456814,0.6781609195402298,645,,44.3,18590,17514,0,1076,,,,,,,,,,,,,,,,,,,,,,,,,,
indomain.Finance.tfidf_linear.s42,tfidf_linear,indomain,Finance,42,,0.7080489500410678,0.6935866983372921,0.7523992322456814,0.6781609195402298,645,,58.7,18590,17514,0,1076,,,,,,,,,,,,,,,,,,,,,,,,,,
indomain.Finance.tfidf_linear.s87,tfidf_linear,indomain,Finance,87,,0.7080489500410678,0.6935866983372921,0.7523992322456814,0.6781609195402298,645,,77.3,18590,17514,0,1076,,,,,,,,,,,,,,,,,,,,,,,,,,
indomain.Finance.xlmr_add.s13,xlmr_add,indomain,Finance,13,,0.7600275503218926,0.7306791569086651,0.7848605577689243,0.7645429362880887,645,xlm-roberta-base,237.3,18590,17514,0,1076,,gold+bulk,False,,,49.0,0.7085271317829457,0.7057364341085272,0.6973643410852713,0.6872093023255814,0.3878360706460586,0.3876501068362705,0.248894527554512,1.823172188907424,0.423361599445343,15.10361207012699,,,1.5499999999999998,0.087360633235647,0.0312101019570777,0.2106035411712353,0.062107009527245,0.3474816163292234,0.3303045169247423,0.0728568964271588
indomain.Finance.xlmr_add.s21,xlmr_add,indomain,Finance,21,,0.7686139385773035,0.7370892018779343,0.8007968127490039,0.7679558011049724,645,xlm-roberta-base,224.9,18590,17514,0,1076,,gold+bulk,False,,,55.0,0.7302325581395349,0.7162790697674418,0.7074418604651163,0.6997674418604651,0.3651316719105463,0.374980549693403,0.2498572468757629,1.9360144207140924,0.3505323529243469,16.83603163951313,,,1.595,0.0889538382632634,0.0340574284956228,0.2078686868048487,0.0752027313535776,0.3354281826748975,0.3187874073052321,0.0745700323119318
indomain.Finance.xlmr_add.s42,xlmr_add,indomain,Finance,42,,0.7502065057760214,0.714975845410628,0.7870722433460076,0.7485714285714286,645,xlm-roberta-base,234.3,18590,17514,0,1076,,gold+bulk,False,,,53.0,0.7162790697674418,0.7032558139534884,0.7029457364341085,0.6913953488372093,0.389115344217118,0.4211536834217581,0.248296782374382,1.994431219303302,0.2589480876922607,14.240954293871294,,,2.125,0.1330724358627824,0.0342848380443321,0.3196787809545804,0.0565893203047213,0.3707186547116802,0.3352057745777194,0.110179483130446
indomain.Finance.xlmr_dapt.s13,xlmr_dapt,indomain,Finance,13,,0.7715150781992568,0.7370892018779343,0.7934560327198364,0.784,645,xlm-roberta-base,240.6,18590,17514,0,1076,,gold+bulk,False,,,47.0,0.7643410852713178,0.7094573643410853,0.6908527131782946,0.6694573643410853,0.3785913232277936,0.3818559925881919,0.2237364947795868,2.0307767255463927,0.5253543853759766,14.148475999632293,,,1.4649999999999994,0.0630581868215834,0.0522330182558671,0.2063476154083703,0.1995033238891288,0.3301876904687524,0.3260842527954042,0.058821827719297
indomain.Finance.xlmr_dapt.s21,xlmr_dapt,indomain,Finance,21,,0.7934731884880519,0.7663551401869159,0.8097165991902834,0.8043478260869565,645,xlm-roberta-base,221.2,18590,17514,0,1076,,gold+bulk,False,,,54.0,0.7426356589147287,0.7286821705426356,0.7190697674418605,0.7161240310077519,0.4252403648282358,0.4854098129652885,0.2810688018798828,1.7832452764984863,0.2858791053295135,13.673688864354972,,,1.6149999999999995,0.0848986536869033,0.0326803977879259,0.1638868592837302,0.0839818138654252,0.314303536748666,0.2992727298444874,0.0681539172801745
indomain.Finance.xlmr_dapt.s42,xlmr_dapt,indomain,Finance,42,,0.7774837089211081,0.7355769230769231,0.819672131147541,0.7772020725388601,645,xlm-roberta-base,222.1,18590,17514,0,1076,,gold+bulk,False,,,54.0,0.7426356589147287,0.7227906976744186,0.7133333333333334,0.705968992248062,0.3830109025153844,0.399573254981672,0.2498885691165924,1.9726029503620095,0.2990099489688873,13.74288556044928,,,1.81,0.0888266723076326,0.0446278759253878,0.2720464558484525,0.118963550776928,0.3229562858292749,0.3065413118298894,0.0679979277448755
indomain.Finance.xlmr_film.s13,xlmr_film,indomain,Finance,13,,0.7636449658768498,0.7314814814814815,0.8074534161490683,0.752,645,xlm-roberta-base,192.6,18590,17514,0,1076,,gold+bulk,False,,,49.0,0.7023255813953488,0.6728682170542636,0.6728682170542636,0.6635658914728683,0.2816038351320702,0.2400345233623151,0.1888706237077713,2.225622974605047,0.4379579722881317,15.274209432648137,,,1.2449999999999997,0.0488088693017664,0.0486101749490402,0.1266040681733857,0.141994840183099,0.3441523485199088,0.3424437599026029,0.0520738913482971
indomain.Finance.xlmr_film.s21,xlmr_film,indomain,Finance,21,,0.7780713421874554,0.7370892018779343,0.8145161290322581,0.782608695652174,645,xlm-roberta-base,239.6,18590,17514,0,1076,,gold+bulk,False,,,53.0,0.7364341085271318,0.7004651162790698,0.6953488372093023,0.6893798449612403,0.3597956155194041,0.3724726297513358,0.2396186292171478,1.979536437295916,0.3276872932910919,15.710967667320055,,,1.6049999999999998,0.0717486237194772,0.0494759461465969,0.2139816733274065,0.1520002420416559,0.3203522266613319,0.3107192711943116,0.064522276927334
indomain.Finance.xlmr_film.s42,xlmr_film,indomain,Finance,42,,0.7698707946706378,0.7242206235011991,0.8054474708171206,0.7799442896935933,645,xlm-roberta-base,218.8,18590,17514,0,1076,,gold+bulk,False,,,56.0,0.7178294573643411,0.7116279069767442,0.6950387596899225,0.6889922480620155,0.4031165029089922,0.4196696514639012,0.2351903915405273,2.132268580616199,0.3330811560153961,16.29112513482487,,,1.925,0.1016154469762302,0.0354491540919756,0.2284154234983827,0.0884499455786549,0.3396449189083675,0.3198865553128718,0.0941863024062528
indomain.Finance.xlmr_ft.s100,xlmr_ft,indomain,Finance,100,,0.7676545364589703,0.7363420427553444,0.803088803088803,0.7635327635327636,645,xlm-roberta-base,226.0,18590,17514,0,1076,,gold+bulk,False,,,51.0,0.7131782945736435,0.7032558139534884,0.7012403100775194,0.6845736434108527,0.3749280256601568,0.4213453631719046,0.2510021030902862,2.015725177268132,0.3132309019565582,16.39304202718485,,,2.075,0.0990366292494097,0.0542802553249769,0.2713221535218132,0.1297763643401221,0.3466344244755304,0.3263700216273744,0.102846252989672
indomain.Finance.xlmr_ft.s13,xlmr_ft,indomain,Finance,13,,0.7724714454859828,0.7272727272727273,0.8056112224448898,0.7845303867403315,645,xlm-roberta-base,227.5,18590,17514,0,1076,,gold+bulk,False,,,53.0,0.724031007751938,0.7246511627906976,0.7164341085271317,0.7017054263565892,0.3723047512442505,0.3199328126372133,0.2230280637741089,2.012892222572494,0.3717666268348694,17.00030942293679,,,1.4599999999999995,0.0664804964516087,0.0263267848580124,0.1602294392028118,0.0902100430302217,0.3255256640911676,0.3175241824009593,0.0668403604724778
indomain.Finance.xlmr_ft.s21,xlmr_ft,indomain,Finance,21,,0.7820229793435245,0.7303921568627451,0.8218623481781376,0.7938144329896907,645,xlm-roberta-base,226.3,18590,17514,0,1076,,gold+bulk,False,,,53.0,0.703875968992248,0.697984496124031,0.6951937984496124,0.6866666666666666,0.3868421888251987,0.4126236042942751,0.2544512152671814,1.8931351732060255,0.3327130377292633,15.35248209935631,,,1.7599999999999998,0.0804929685768677,0.0327283106340096,0.1847107316913566,0.0913083594463812,0.3301521197230789,0.3152059769537213,0.0701509254986451
indomain.Finance.xlmr_ft.s42,xlmr_ft,indomain,Finance,42,,0.7605830874864674,0.7079207920792079,0.8045977011494253,0.7692307692307693,645,xlm-roberta-base,227.3,18590,17514,0,1076,,gold+bulk,False,,,50.0,0.7271317829457364,0.7243410852713178,0.711937984496124,0.7010852713178295,0.3280838319197295,0.3581529690504515,0.2398078590631485,1.9257161806720295,0.2495632916688919,16.110053274440364,,,1.8400000000000003,0.1049944765832536,0.0461270077653736,0.2899593267143349,0.1193801481641891,0.3560359907727793,0.3298222565040605,0.0998303461041268
indomain.Finance.xlmr_ft.s87,xlmr_ft,indomain,Finance,87,,0.7618947847743404,0.7251184834123223,0.8076923076923077,0.7528735632183908,645,xlm-roberta-base,226.0,18590,17514,0,1076,,gold+bulk,False,,,53.0,0.7209302325581395,0.7147286821705426,0.7026356589147287,0.6851162790697675,0.3447863554786559,0.3490989590124439,0.2304232865571975,1.958911700513952,0.3195265531539917,16.785624999581938,,,1.7,0.0817510807879044,0.0503192769138641,0.2239649240441259,0.109893667713694,0.3440008698141473,0.3304451861042337,0.0965719174862863
indomain.Finance.xlmr_supcon.s100,xlmr_supcon,indomain,Finance,100,,0.7915473969051273,0.7608200455580866,0.8181818181818182,0.7956403269754768,645,xlm-roberta-base,241.7,18590,17514,0,1076,,gold+bulk,False,0.1,0.07,60.0,0.6930232558139535,0.715968992248062,0.715968992248062,0.7148062015503875,0.398248626119601,0.4602061066902724,0.3353591859340668,1.5416479274052086,0.7542158961296082,20.42637255324406,,,2.01,0.1198477371757525,0.0524577892342214,0.2464872231224676,0.175861211155934,0.3402477338284625,0.3123289221221735,0.0814386820320453
indomain.Finance.xlmr_supcon.s13,xlmr_supcon,indomain,Finance,13,,0.7416153890654331,0.7397260273972602,0.7695238095238095,0.7155963302752294,645,xlm-roberta-base,239.7,18590,17514,0,1076,,gold+bulk,False,0.1,0.07,54.0,0.7007751937984497,0.714108527131783,0.7088372093023256,0.6980620155038759,0.350844596188089,0.3984782468514975,0.2885870337486267,1.6957251481024478,0.8647329807281494,16.40189056361088,,,1.385,0.0955502241549478,0.0493664751246887,0.2175885717671313,0.1377443904206989,0.3723782859557902,0.3569129411624949,0.1094407986260137
indomain.Finance.xlmr_supcon.s21,xlmr_supcon,indomain,Finance,21,,0.76745085286139,0.7281553398058253,0.8053949903660886,0.7688022284122563,645,xlm-roberta-base,242.8,18590,17514,0,1076,,gold+bulk,False,0.1,0.07,56.0,0.7209302325581395,0.7206201550387596,0.7178294573643411,0.7071317829457364,0.3745959290192381,0.434874449017948,0.3054375350475311,1.7117366056926366,0.8057379722595215,16.57569107281508,,,1.7649999999999997,0.1108004825722886,0.0388207938372151,0.2907672281346701,0.1178027700591479,0.3617924743506684,0.3366169325362754,0.1119406155355115
indomain.Finance.xlmr_supcon.s42,xlmr_supcon,indomain,Finance,42,,0.7437549875903483,0.6889460154241646,0.7895716945996276,0.7527472527472527,645,xlm-roberta-base,247.9,18590,17514,0,1076,,gold+bulk,False,0.1,0.07,60.0,0.7317829457364341,0.7162790697674418,0.7007751937984497,0.69984496124031,0.3717202474389582,0.4322698925870282,0.3001112341880798,1.699977650965734,0.848728597164154,17.258312817776066,,,1.5649999999999995,0.0984993957356405,0.0557434755493428,0.3160789137705618,0.103781742829032,0.3708124112800998,0.3515223942035371,0.1205263768511331
indomain.Finance.xlmr_supcon.s87,xlmr_supcon,indomain,Finance,87,,0.7408066641074301,0.7024390243902439,0.7879924953095685,0.7319884726224783,645,xlm-roberta-base,242.3,18590,17514,0,1076,,gold+bulk,False,0.1,0.07,54.0,0.7069767441860465,0.7131782945736435,0.7116279069767442,0.7055038759689922,0.3505975912392261,0.4048320718630776,0.300735592842102,1.7031786593343927,0.817060112953186,19.058416301514317,,,1.815,0.1323805229725695,0.0552928897444194,0.3205909274198976,0.127589956116621,0.3913324038393282,0.3553198041477523,0.1303843344633959
indomain.Public.allma_ft.s13,allma_ft,indomain,Public,13,,0.7472743147956824,0.8285714285714286,0.691358024691358,0.7218934911242604,381,allmalab/bert-base-aze,74.5,7801,7168,0,633,,gold+bulk,False,,,52.0,0.7165354330708661,0.7139107611548556,0.7146981627296588,0.7019685039370078,0.3448676759893353,0.4134019463022134,0.1620156019926071,2.977150286124608,0.2305333912372589,25.642786234383077,,,1.895,0.1195455038861919,0.0587522761617184,0.3321843655600368,0.1118321296297549,0.3619107621589861,0.3367626211002638,0.0833301478747227
indomain.Public.allma_ft.s21,allma_ft,indomain,Public,21,,0.7641566163305294,0.8242424242424242,0.7246376811594203,0.7435897435897436,381,allmalab/bert-base-aze,71.8,7801,7168,0,633,,gold+bulk,False,,,53.0,0.7165354330708661,0.7259842519685039,0.7246719160104987,0.7139107611548556,0.3383680112859129,0.4071908091788516,0.1882408261299133,2.565164059136442,0.2777952849864959,27.00713038978009,,,1.7699999999999996,0.1234257154567096,0.055641429243275,0.3864073344660348,0.2537904213729508,0.3689653921486555,0.3401338683541435,0.1146206326120928
indomain.Public.allma_ft.s42,allma_ft,indomain,Public,42,,0.7314003168226483,0.8157099697885196,0.6791044776119403,0.6993865030674846,381,allmalab/bert-base-aze,72.7,7801,7168,0,633,,gold+bulk,False,,,49.0,0.7112860892388452,0.7301837270341207,0.726246719160105,0.7095800524934384,0.3300254484718938,0.3959968533249357,0.1656554043292999,2.8751944966653658,0.272337257862091,27.10489331714091,,,1.6099999999999997,0.1285273320150253,0.0720659566509029,0.3225642510866864,0.2538050331633087,0.3792671106948212,0.3501945760569478,0.1201486880413588
indomain.Public.berturk_ft.s13,berturk_ft,indomain,Public,13,,0.6562022171253822,0.765625,0.5779816513761468,0.625,381,dbmdz/bert-base-turkish-128k-cased,83.2,7801,7168,0,633,,gold+bulk,False,,,54.0,0.5958005249343832,0.5910761154855643,0.5708661417322834,0.5509186351706037,0.2709218856945412,0.3068098969459061,0.0733217373490333,4.325654978247157,0.6359480619430542,26.14199904672873,,,0.7500000000000002,0.0615825929449141,0.0720271417379984,0.1757264297379712,0.1671852485663696,0.451545836133825,0.4475924554903645,0.0686002009694192
indomain.Public.berturk_ft.s21,berturk_ft,indomain,Public,21,,0.7191681634485856,0.8058823529411765,0.6641221374045801,0.6875,381,dbmdz/bert-base-turkish-128k-cased,81.1,7801,7168,0,633,,gold+bulk,False,,,56.0,0.6771653543307087,0.684514435695538,0.684251968503937,0.6748031496062992,0.3275175252099426,0.3867472515603832,0.1284965127706527,3.166079950241908,0.3603269159793854,25.023057956671547,,,1.4149999999999994,0.1022601003490441,0.0514409310341795,0.2802227032462058,0.1375087079632937,0.3813148324279396,0.3645193022216175,0.1115815427341061
indomain.Public.berturk_ft.s42,berturk_ft,indomain,Public,42,,0.7226177207975235,0.8035714285714286,0.6931407942238267,0.6711409395973155,381,dbmdz/bert-base-turkish-128k-cased,80.2,7801,7168,0,633,,gold+bulk,False,,,50.0,0.7034120734908137,0.684514435695538,0.6753280839895013,0.6648293963254593,0.3296302003671166,0.3946530900582707,0.1529237926006317,2.906310309407372,0.4238820672035217,25.502605657621636,,,1.4499999999999995,0.1045724279360936,0.0451137208251779,0.280260084696799,0.1763813440395895,0.3717816418844785,0.3553593521187466,0.1029693206960543
indomain.Public.fasttext_mlp.s100,fasttext_mlp,indomain,Public,100,,0.3833008574665972,0.6767241379310345,0.1118881118881118,0.3612903225806451,381,,17.2,7801,7168,0,633,,,,,,,,,,,,,,,,,,,,,,,,,,
indomain.Public.fasttext_mlp.s13,fasttext_mlp,indomain,Public,13,,0.4816121156142017,0.6802721088435374,0.2804878048780488,0.4840764331210191,381,,20.8,7801,7168,0,633,,,,,,,,,,,,,,,,,,,,,,,,,,
indomain.Public.fasttext_mlp.s21,fasttext_mlp,indomain,Public,21,,0.4283296943231441,0.6724890829694323,0.125,0.4875,381,,78.5,7801,7168,0,633,,,,,,,,,,,,,,,,,,,,,,,,,,
indomain.Public.fasttext_mlp.s42,fasttext_mlp,indomain,Public,42,,0.5109311032640297,0.6851851851851852,0.3575418994413408,0.4900662251655629,381,,29.5,7801,7168,0,633,,,,,,,,,,,,,,,,,,,,,,,,,,
indomain.Public.fasttext_mlp.s87,fasttext_mlp,indomain,Public,87,,0.4748735077344254,0.6761904761904762,0.2732919254658385,0.4751381215469613,381,,32.9,7801,7168,0,633,,,,,,,,,,,,,,,,,,,,,,,,,,
indomain.Public.full.s100,full,indomain,Public,100,,0.7900253215348728,0.8580060422960725,0.7573529411764706,0.7547169811320755,381,xlm-roberta-base,105.2,7801,7168,0,633,,gold+bulk,False,0.1,0.07,58.0,0.7244094488188977,0.7270341207349081,0.7370078740157481,0.7304461942257218,0.4243772422061808,0.5000108393333788,0.3388000130653381,1.587266027270173,0.7668299674987793,15.553583305262094,,,1.545,0.1188560490410353,0.0697546504621219,0.2368559365222832,0.2036359283907088,0.3333284765792826,0.3138694682883275,0.1030374709093611
indomain.Public.full.s13,full,indomain,Public,13,,0.7734279183031744,0.8511904761904762,0.7251908396946565,0.7439024390243902,381,xlm-roberta-base,108.7,7801,7168,0,633,,gold+bulk,False,0.1,0.07,61.0,0.7191601049868767,0.7070866141732284,0.7131233595800525,0.7181102362204724,0.3950453362966188,0.476392688361747,0.322609007358551,1.603194918409157,0.8077985644340515,17.29464594438385,,,1.3699999999999992,0.0952091763057699,0.0540750247450045,0.3640297083023327,0.2335824628096834,0.3206805834699575,0.3078159734362315,0.0942730754688582
indomain.Public.full.s21,full,indomain,Public,21,,0.7522457422875092,0.8037974683544303,0.710801393728223,0.7421383647798742,381,xlm-roberta-base,106.1,7801,7168,0,633,,gold+bulk,False,0.1,0.07,54.0,0.7296587926509186,0.7039370078740157,0.705511811023622,0.7018372703412074,0.3673898644247905,0.4414562665063045,0.2962089478969574,1.6671307733212268,0.7837666869163513,19.158869743922104,,,1.4800000000000002,0.1040036096305154,0.0517073414832392,0.3483076036911415,0.1217633152808508,0.3582487743643928,0.3397245627742468,0.1220816025835333
indomain.Public.full.s42,full,indomain,Public,42,,0.7735258021562349,0.8477611940298507,0.7320754716981132,0.7407407407407407,381,xlm-roberta-base,109.1,7801,7168,0,633,,gold+bulk,False,0.1,0.07,58.0,0.7270341207349081,0.721259842519685,0.721259842519685,0.7203412073490814,0.4076278583984432,0.492559047879682,0.3238213062286377,1.6670301072682292,0.7375028133392334,20.04589612487054,,,1.595,0.1102594203781778,0.0579458505186587,0.3605645758523655,0.1807745975025307,0.3373609515644875,0.3135027623710516,0.1093984619841411
indomain.Public.full.s87,full,indomain,Public,87,,0.7472531481450405,0.8383233532934131,0.7137809187279152,0.6896551724137931,381,xlm-roberta-base,106.3,7801,7168,0,633,,gold+bulk,False,0.1,0.07,62.0,0.7375328083989501,0.7181102362204724,0.7170603674540682,0.7246719160104987,0.3912519771373035,0.4552571478308475,0.3341125249862671,1.5680273174915682,0.7481814622879028,18.50107844851981,,,1.7,0.1297284342179756,0.0689020474033222,0.4003830063687804,0.2569598394232288,0.3433635465612134,0.3123353953871483,0.1224238203597765
indomain.Public.full_mbert.s13,full_mbert,indomain,Public,13,,0.7300905683985581,0.8011049723756906,0.6963562753036437,0.6928104575163399,381,bert-base-multilingual-cased,84.4,7801,7168,0,633,,gold+bulk,False,0.1,0.07,55.0,0.7034120734908137,0.6813648293963255,0.6706036745406824,0.6775590551181102,0.3417713948860264,0.4091050549821822,0.2481333017349243,1.943454569004252,0.7735016345977783,17.872195312701837,,,1.81,0.1284821652191339,0.0700040855936818,0.2903872273530168,0.2020622422627737,0.3750935421502037,0.3517034317811036,0.0937391616412126
indomain.Public.full_mbert.s21,full_mbert,indomain,Public,21,,0.7295143324486139,0.792332268370607,0.7167235494880546,0.6794871794871795,381,bert-base-multilingual-cased,87.0,7801,7168,0,633,,gold+bulk,False,0.1,0.07,59.0,0.7139107611548556,0.6908136482939633,0.6860892388451444,0.6841207349081365,0.3204733901026367,0.3741252630026978,0.2417676299810409,1.843865990958859,0.7694838643074036,21.21691030053485,,,1.86,0.149241154273402,0.0712482446459911,0.2947173750622082,0.1610320214076444,0.4223004577869269,0.3856251366036021,0.1490722843557708
indomain.Public.full_mbert.s42,full_mbert,indomain,Public,42,,0.7179141146752482,0.7988165680473372,0.6882591093117408,0.6666666666666666,381,bert-base-multilingual-cased,83.7,7801,7168,0,633,,gold+bulk,False,0.1,0.07,64.0,0.6955380577427821,0.6782152230971129,0.6771653543307087,0.675984251968504,0.303163780751976,0.3749389075306001,0.2567716836929321,1.8977994480294496,0.770960807800293,22.492595800925542,,,1.6750000000000005,0.1476349139756724,0.0722010626664615,0.3321024497705034,0.2229144886465863,0.3898229299802519,0.3512812370140319,0.1100816584460712
indomain.Public.full_mdeberta.s13,full_mdeberta,indomain,Public,13,,0.7570008055935866,0.8398791540785498,0.6917293233082706,0.7393939393939394,381,microsoft/mdeberta-v3-base,143.2,7801,7168,0,633,,gold+bulk,False,0.1,0.07,63.0,0.7322834645669292,0.7128608923884514,0.7178477690288714,0.7171916010498688,0.3951142364868108,0.4665526096859632,0.3613096177577972,1.5081756151959738,0.833676278591156,15.864883861764929,,,1.3750000000000002,0.1135851609631081,0.0666541115273556,0.2388077037473114,0.2807165459736144,0.3360215615066182,0.3202670560017189,0.0989422040677149
indomain.Public.full_mdeberta.s21,full_mdeberta,indomain,Public,21,,0.7485075644692035,0.802547770700637,0.7112676056338029,0.7317073170731707,381,microsoft/mdeberta-v3-base,139.3,7801,7168,0,633,,gold+bulk,False,0.1,0.07,67.0,0.6561679790026247,0.6782152230971129,0.6795275590551181,0.6875328083989501,0.3415156130241611,0.4107045885324462,0.3151192665100097,1.549633609420522,0.8322305679321289,16.13326925113938,,,1.385,0.1071244861397219,0.0646246253187903,0.233285954131089,0.1696972889162569,0.3733789482742498,0.3563777959505059,0.1023070740964888
indomain.Public.full_mdeberta.s42,full_mdeberta,indomain,Public,42,,0.7490864933869802,0.8357348703170029,0.6938775510204082,0.7176470588235294,381,microsoft/mdeberta-v3-base,143.2,7801,7168,0,633,,gold+bulk,False,0.1,0.07,59.0,0.7322834645669292,0.6997375328083989,0.6939632545931759,0.6863517060367454,0.3697555641695852,0.4500677263877708,0.34523805975914,1.535996763786364,0.8490810990333557,15.16195489322059,,,1.4649999999999994,0.1084553513358767,0.0778767491467065,0.3944112503760862,0.1729430114633567,0.333520713417721,0.3149784213889662,0.0894791254293696
indomain.Public.full_midinject.s13,full_midinject,indomain,Public,13,,0.7622075812729099,0.8313253012048193,0.7191011235955056,0.7361963190184049,381,xlm-roberta-base,106.6,7801,7168,0,633,,gold+bulk,False,0.1,0.07,57.0,0.7217847769028871,0.7244094488188977,0.7204724409448819,0.715748031496063,0.3943519726485567,0.465398694940924,0.3135075867176056,1.617741573369381,0.8233124017715454,19.514045977947564,,,1.2599999999999991,0.0840439675395583,0.0533328525082925,0.266252523416749,0.2381567137254319,0.3312896234958251,0.3206873866695052,0.0908890688240119
indomain.Public.full_midinject.s21,full_midinject,indomain,Public,21,,0.740949036468983,0.8037383177570093,0.7021276595744681,0.7169811320754716,381,xlm-roberta-base,111.4,7801,7168,0,633,,gold+bulk,False,0.1,0.07,58.0,0.7139107611548556,0.7076115485564305,0.7065616797900263,0.7023622047244095,0.3714608490047241,0.4450925644628548,0.2911239862442016,1.6820561816888633,0.7649024128913879,18.971015551420063,,,1.5549999999999995,0.121215219628395,0.0590754461201128,0.3332960876230157,0.2097811999232902,0.3680501682331351,0.343101988535765,0.1203768517738864
indomain.Public.full_midinject.s42,full_midinject,indomain,Public,42,,0.7705835722752434,0.8427299703264095,0.732824427480916,0.7361963190184049,381,xlm-roberta-base,105.4,7801,7168,0,633,,gold+bulk,False,0.1,0.07,61.0,0.7191601049868767,0.7123359580052493,0.7170603674540682,0.7175853018372703,0.3895073952642134,0.4726035742326905,0.3227778673171997,1.6460651092528789,0.7550696134567261,19.436733881670595,,,1.5749999999999993,0.1088034746402704,0.0768271928614205,0.3804466516044009,0.2972460813650579,0.341628256170917,0.3167753774833425,0.1015922049403723
indomain.Public.mbert_ft.s13,mbert_ft,indomain,Public,13,,0.7028781192110712,0.7763975155279503,0.6875,0.6447368421052632,381,bert-base-multilingual-cased,79.5,7801,7168,0,633,,gold+bulk,False,,,52.0,0.6771653543307087,0.6860892388451444,0.6824146981627297,0.6780839895013123,0.3432061627220608,0.4104984320989952,0.1771742403507232,2.3563357246130683,0.3784257769584656,21.67726765904944,,,1.5049999999999997,0.1050423898595315,0.0439378289569818,0.2138485410364777,0.1428705855294393,0.4020812308988127,0.3860312317965253,0.1222362081467094
indomain.Public.mbert_ft.s21,mbert_ft,indomain,Public,21,,0.7189301916060636,0.7976190476190477,0.7011070110701108,0.6580645161290323,381,bert-base-multilingual-cased,83.5,7801,7168,0,633,,gold+bulk,False,,,55.0,0.7007874015748031,0.6871391076115485,0.6818897637795276,0.676246719160105,0.3130495047602091,0.379311370095582,0.193862110376358,2.172045817627685,0.3692759275436401,22.75546494439585,,,1.695,0.1310390414234025,0.0829274605436778,0.3687137872028005,0.2027663100156012,0.4014605460970074,0.3686789271121697,0.1217406878940641
indomain.Public.mbert_ft.s42,mbert_ft,indomain,Public,42,,0.7375006727552647,0.7914110429447853,0.7122302158273381,0.7088607594936709,381,bert-base-multilingual-cased,84.9,7801,7168,0,633,,gold+bulk,False,,,57.0,0.6850393700787402,0.6887139107611548,0.6853018372703412,0.6805774278215223,0.3511569977788427,0.4220157365163393,0.2073321938514709,2.1112492326562005,0.3834440410137176,25.233002025144177,,,1.7099999999999995,0.1168069831632901,0.0555539007826932,0.2521091935818274,0.1494930171846729,0.3850183127097911,0.363786217486728,0.1030204481265662
indomain.Public.mdeberta_dapt.s13,mdeberta_dapt,indomain,Public,13,,0.7458951912518991,0.8314606741573034,0.6833333333333333,0.7228915662650602,381,microsoft/mdeberta-v3-base,122.8,7801,7168,0,633,,gold+bulk,False,,,56.0,0.7112860892388452,0.7065616797900263,0.7,0.7064304461942257,0.3355014299827933,0.4060942655958254,0.337041825056076,1.6150197515333609,0.3269532322883606,14.999949700919265,,,1.4649999999999994,0.1141722932729734,0.0738826589190705,0.264352186003423,0.1720585011449061,0.3440012873178954,0.3224351955865975,0.0970899726529474
indomain.Public.mdeberta_dapt.s21,mdeberta_dapt,indomain,Public,21,,0.765338414969535,0.8450704225352113,0.710204081632653,0.7407407407407407,381,microsoft/mdeberta-v3-base,123.9,7801,7168,0,633,,gold+bulk,False,,,58.0,0.7349081364829396,0.7028871391076116,0.715748031496063,0.7234908136482939,0.3850965066266457,0.4608376054860659,0.3575571477413177,1.559461120741257,0.2921154499053955,13.851717655045018,,,1.4750000000000003,0.1094630939785748,0.0741480732879531,0.2733500101005776,0.2120901193174068,0.3303043586741276,0.3118177552883583,0.0930471483308778
indomain.Public.mdeberta_dapt.s42,mdeberta_dapt,indomain,Public,42,,0.772023508141613,0.8529411764705882,0.7237354085603113,0.7393939393939394,381,microsoft/mdeberta-v3-base,121.5,7801,7168,0,633,,gold+bulk,False,,,64.0,0.6719160104986877,0.7086614173228346,0.7133858267716535,0.7099737532808399,0.3614903986550153,0.4272730311126017,0.3423108756542206,1.535771257640052,0.3397729396820068,13.877281176447672,,,1.3499999999999996,0.0826604936778081,0.0466918876040352,0.2190298389585735,0.1469464400705346,0.3293230297120884,0.3179138298038684,0.0723340906377087
indomain.Public.mdeberta_ft.s13,mdeberta_ft,indomain,Public,13,,0.7622895622895621,0.8424242424242424,0.7037037037037037,0.7407407407407407,381,microsoft/mdeberta-v3-base,120.3,7801,7168,0,633,,gold+bulk,False,,,59.0,0.7139107611548556,0.7160104986876641,0.710236220472441,0.7093175853018373,0.435411135784137,0.5118930781643285,0.3661143481731415,1.513618728138652,0.3509659767150879,13.470592046869792,,,1.6599999999999997,0.1095522234571277,0.0568085356342676,0.2520769134894915,0.1188994835584582,0.3408723056471134,0.3187051395256264,0.1263001646319036
indomain.Public.mdeberta_ft.s21,mdeberta_ft,indomain,Public,21,,0.7643872446629606,0.8463768115942029,0.7272727272727273,0.7195121951219512,381,microsoft/mdeberta-v3-base,121.5,7801,7168,0,633,,gold+bulk,False,,,63.0,0.7034120734908137,0.7013123359580052,0.6913385826771653,0.6964566929133859,0.3685421097552874,0.4524567715607734,0.3561090528964996,1.5841807531965266,0.4031930863857269,12.690392631063204,,,1.595,0.1043196599210964,0.0528443285537073,0.2540079021846945,0.136989802205795,0.337614148448123,0.3158802805038601,0.0871542412318308
indomain.Public.mdeberta_ft.s42,mdeberta_ft,indomain,Public,42,,0.7533430016361744,0.8313253012048193,0.7037037037037037,0.725,381,microsoft/mdeberta-v3-base,120.9,7801,7168,0,633,,gold+bulk,False,,,55.0,0.7086614173228346,0.7034120734908137,0.7028871391076116,0.7001312335958005,0.403055164099337,0.4660671047457302,0.3300782442092895,1.5939797995476692,0.4151228070259094,13.402227913715558,,,1.4699999999999993,0.1081333081939191,0.0612434274264414,0.2438622974754087,0.1363147472160489,0.3341533778409451,0.3162524818393681,0.0945878185445373
indomain.Public.tfidf_linear.s100,tfidf_linear,indomain,Public,100,,0.7436714581793861,0.8202247191011236,0.7228915662650602,0.6878980891719745,381,,45.4,7801,7168,0,633,,,,,,,,,,,,,,,,,,,,,,,,,,
indomain.Public.tfidf_linear.s13,tfidf_linear,indomain,Public,13,,0.7436714581793861,0.8202247191011236,0.7228915662650602,0.6878980891719745,381,,56.3,7801,7168,0,633,,,,,,,,,,,,,,,,,,,,,,,,,,
indomain.Public.tfidf_linear.s21,tfidf_linear,indomain,Public,21,,0.7436714581793861,0.8202247191011236,0.7228915662650602,0.6878980891719745,381,,52.7,7801,7168,0,633,,,,,,,,,,,,,,,,,,,,,,,,,,
indomain.Public.tfidf_linear.s42,tfidf_linear,indomain,Public,42,,0.7436714581793861,0.8202247191011236,0.7228915662650602,0.6878980891719745,381,,55.7,7801,7168,0,633,,,,,,,,,,,,,,,,,,,,,,,,,,
indomain.Public.tfidf_linear.s87,tfidf_linear,indomain,Public,87,,0.7436714581793861,0.8202247191011236,0.7228915662650602,0.6878980891719745,381,,35.9,7801,7168,0,633,,,,,,,,,,,,,,,,,,,,,,,,,,
indomain.Public.xlmr_add.s13,xlmr_add,indomain,Public,13,,0.7276785002052267,0.782051282051282,0.6901408450704225,0.7108433734939759,381,xlm-roberta-base,100.8,7801,7168,0,633,,gold+bulk,False,,,51.0,0.6850393700787402,0.6708661417322834,0.6606299212598425,0.6538057742782152,0.2917354459223646,0.3533856239182792,0.1830398738384246,2.269898534743479,0.4599242806434631,15.146942366035448,,,1.5149999999999997,0.1022431008291763,0.0724952860087732,0.3377891051957793,0.1755900860607879,0.3947523034099645,0.3758938868079972,0.1289817242818336
indomain.Public.xlmr_add.s21,xlmr_add,indomain,Public,21,,0.7461434453644221,0.7867867867867868,0.7148014440433214,0.7368421052631579,381,xlm-roberta-base,101.2,7801,7168,0,633,,gold+bulk,False,,,53.0,0.7296587926509186,0.705511811023622,0.6981627296587927,0.6879265091863517,0.3655651398096768,0.3981917596616681,0.2320806682109832,2.101837283281102,0.4587348103523254,19.003078317961023,,,1.6099999999999997,0.1082602737991798,0.0767211052482986,0.4013483736196789,0.2440033922566754,0.351003788285453,0.3295942951907346,0.103760237771469
indomain.Public.xlmr_add.s42,xlmr_add,indomain,Public,42,,0.7263214010214912,0.7951070336391437,0.6996466431095406,0.6842105263157895,381,xlm-roberta-base,98.2,7801,7168,0,633,,gold+bulk,False,,,54.0,0.7112860892388452,0.6986876640419948,0.6976377952755906,0.6925196850393701,0.322343966821333,0.403275967215484,0.212346151471138,2.2870551484033537,0.4157049655914306,17.4426686865238,,,1.385,0.1121599627212557,0.0755799857964708,0.3314635755373727,0.1667646298893035,0.3713751265482701,0.3539980973121857,0.1231433607031859
indomain.Public.xlmr_dapt.s13,xlmr_dapt,indomain,Public,13,,0.7474443411437631,0.8246153846153846,0.6893939393939394,0.7283236994219653,381,xlm-roberta-base,101.4,7801,7168,0,633,,gold+bulk,False,,,50.0,0.6981627296587927,0.7034120734908137,0.7068241469816273,0.7056430446194226,0.3936421031089935,0.4692222234316843,0.2654904723167419,1.9768229566031088,0.3529797494411468,17.3639164497052,,,1.7199999999999995,0.1217993891836538,0.0516813142959169,0.3093798984872701,0.1268970598977927,0.3532576331125586,0.3235759750128794,0.1029017731010232
indomain.Public.xlmr_dapt.s21,xlmr_dapt,indomain,Public,21,,0.7711191054381775,0.8389057750759878,0.7436823104693141,0.7307692307692307,381,xlm-roberta-base,101.0,7801,7168,0,633,,gold+bulk,False,,,53.0,0.7165354330708661,0.7039370078740157,0.6997375328083989,0.7049868766404199,0.3960880787610729,0.4680726120651962,0.262388527393341,2.03601184770204,0.4270760416984558,16.69647050193496,,,1.4649999999999994,0.0984274037105423,0.0731172987639062,0.3094961649781416,0.2629342204452115,0.3306059319051959,0.3131951364642715,0.0941035329859889
indomain.Public.xlmr_dapt.s42,xlmr_dapt,indomain,Public,42,,0.7745406471906726,0.8645533141210374,0.7215686274509804,0.7375,381,xlm-roberta-base,101.8,7801,7168,0,633,,gold+bulk,False,,,54.0,0.7244094488188977,0.7149606299212599,0.7199475065616798,0.7232283464566929,0.3895286628261269,0.4550080901121097,0.2715896368026733,1.9439120903879927,0.3804859220981598,14.47790722188673,,,1.5300000000000002,0.1071283942541585,0.0865036827104999,0.3002598334160458,0.2281693933172826,0.3282282163862666,0.3069564273983022,0.08667215110021
indomain.Public.xlmr_film.s13,xlmr_film,indomain,Public,13,,0.7469475764190682,0.7950310559006211,0.7032967032967034,0.7425149700598802,381,xlm-roberta-base,103.0,7801,7168,0,633,,gold+bulk,False,,,50.0,0.6561679790026247,0.6829396325459317,0.6763779527559055,0.6706036745406824,0.3246371006966514,0.406546726754851,0.2187245339155197,2.3082845055589103,0.3998598158359527,16.443340018203653,,,1.6,0.1026393789406101,0.0618656406088194,0.29623996326753,0.1533056931564931,0.3717209816804744,0.349986281246672,0.1028384305883945
indomain.Public.xlmr_film.s21,xlmr_film,indomain,Public,21,,0.734214511004932,0.7988338192419825,0.7011070110701108,0.7027027027027027,381,xlm-roberta-base,103.1,7801,7168,0,633,,gold+bulk,False,,,54.0,0.7007874015748031,0.6913385826771653,0.684514435695538,0.675984251968504,0.3134267485348759,0.3615115762218687,0.2200982570648193,2.360666307180531,0.4783681631088257,18.676508829581262,,,1.4249999999999992,0.1067208199468454,0.069637916454508,0.2737542423838477,0.2758119499940966,0.3563455371293368,0.3390703534844735,0.0979031647232656
indomain.Public.xlmr_film.s42,xlmr_film,indomain,Public,42,,0.7525857634722071,0.834319526627219,0.7306273062730627,0.6928104575163399,381,xlm-roberta-base,104.9,7801,7168,0,633,,gold+bulk,False,,,54.0,0.6929133858267716,0.6918635170603674,0.6926509186351706,0.689238845144357,0.3718674330185726,0.4271927789378455,0.2355350106954574,2.2788184249206167,0.4911696910858154,17.474480662077763,,,1.5149999999999997,0.100630788927052,0.0769685068732645,0.2782023536784035,0.2982437098829217,0.3385016204094563,0.3254752110152764,0.0758091685155543
indomain.Public.xlmr_ft.s100,xlmr_ft,indomain,Public,100,,0.7347965637875417,0.804953560371517,0.6867924528301886,0.7126436781609196,381,xlm-roberta-base,97.7,7801,7168,0,633,,gold+bulk,False,,,51.0,0.6692913385826772,0.6687664041994751,0.6745406824146981,0.6679790026246719,0.3093001813527031,0.35310460210792,0.1942667067050933,2.649143578613089,0.3488567471504211,17.133828479932504,,,1.6800000000000004,0.0966324956015943,0.0710262875157889,0.2841868236673209,0.1606614801463847,0.3836019334899361,0.3658786035308279,0.1013291690051985
indomain.Public.xlmr_ft.s13,xlmr_ft,indomain,Public,13,,0.7280041532583829,0.7834394904458599,0.7028985507246377,0.6976744186046512,381,xlm-roberta-base,101.3,7801,7168,0,633,,gold+bulk,False,,,53.0,0.7244094488188977,0.6855643044619423,0.6774278215223097,0.6610236220472441,0.24755555054955,0.2581502057840848,0.2056059390306472,2.41576138291915,0.385651022195816,15.104592559675543,,,1.5049999999999997,0.1132840566999908,0.0725342816098235,0.3522980977140916,0.2931023066008405,0.3743433916409108,0.3555579737635674,0.0960179070909746
indomain.Public.xlmr_ft.s21,xlmr_ft,indomain,Public,21,,0.7253857017443414,0.7926829268292683,0.6901408450704225,0.6933333333333334,381,xlm-roberta-base,99.6,7801,7168,0,633,,gold+bulk,False,,,54.0,0.6981627296587927,0.6834645669291338,0.6721784776902887,0.6675853018372704,0.2209345206429772,0.2191867888969772,0.185880571603775,2.5699135859348745,0.374214231967926,16.488922763069283,,,1.6300000000000003,0.1136345572464514,0.0735735988878961,0.3585610929803985,0.1654147415669347,0.3759212594650374,0.3547849649454736,0.135559855764825
indomain.Public.xlmr_ft.s42,xlmr_ft,indomain,Public,42,,0.7339194478184586,0.8200589970501475,0.6888888888888889,0.6928104575163399,381,xlm-roberta-base,98.8,7801,7168,0,633,,gold+bulk,False,,,51.0,0.7244094488188977,0.6850393700787402,0.6826771653543308,0.6740157480314961,0.3157188302776799,0.3759359104171447,0.215158611536026,2.0791508377638106,0.536943793296814,19.41993049658846,,,1.3449999999999998,0.088131185120075,0.0589754269246975,0.2489596596413962,0.1474804311960825,0.3560343844438335,0.3435505528682661,0.1007462528579178
indomain.Public.xlmr_ft.s87,xlmr_ft,indomain,Public,87,,0.7364387764387764,0.8228228228228228,0.6981818181818182,0.6883116883116883,381,xlm-roberta-base,100.5,7801,7168,0,633,,gold+bulk,False,,,54.0,0.6482939632545932,0.6498687664041994,0.6679790026246719,0.6652230971128609,0.310422564386104,0.37474463376514,0.2058389633893966,2.2334581508593474,0.3674789071083069,17.402985090425865,,,1.6249999999999991,0.1154859686642269,0.0852239608562404,0.3381512731796293,0.2405463628522275,0.374236953996901,0.3540958481818862,0.1066683714174975
indomain.Public.xlmr_supcon.s100,xlmr_supcon,indomain,Public,100,,0.7449627268829175,0.8195718654434251,0.7094339622641509,0.7058823529411765,381,xlm-roberta-base,107.3,7801,7168,0,633,,gold+bulk,False,0.1,0.07,62.0,0.6929133858267716,0.6782152230971129,0.668503937007874,0.6675853018372704,0.3507646757794324,0.4223363174835231,0.2814690768718719,1.8477764301393504,0.7709591388702393,17.465890167217246,,,1.65,0.1080848496219197,0.0675400673489622,0.3010403504686693,0.1869747848062736,0.380188235988835,0.3596501604951005,0.1063266465725752
indomain.Public.xlmr_supcon.s13,xlmr_supcon,indomain,Public,13,,0.7285501720134899,0.7938461538461539,0.6741573033707865,0.7176470588235294,381,xlm-roberta-base,105.9,7801,7168,0,633,,gold+bulk,False,0.1,0.07,54.0,0.6666666666666666,0.673490813648294,0.6669291338582677,0.6612860892388451,0.3431011457662025,0.3908543578093471,0.2584096789360046,1.7887371622612869,0.8601300120353699,21.43647100451598,,,1.1599999999999993,0.0762208271639655,0.0751156142272371,0.1930470155619914,0.1768134048623332,0.3474450791307152,0.3442378592853203,0.0589884788697368
indomain.Public.xlmr_supcon.s21,xlmr_supcon,indomain,Public,21,,0.714594637179142,0.7863777089783281,0.6792452830188679,0.6781609195402298,381,xlm-roberta-base,104.7,7801,7168,0,633,,gold+bulk,False,0.1,0.07,58.0,0.6666666666666666,0.6771653543307087,0.6656167979002625,0.6545931758530183,0.2903057589383909,0.3571368447503045,0.2662590146064758,1.8486342407002037,0.82564377784729,20.658609867278145,,,1.4499999999999995,0.1292781509951995,0.0915676571525026,0.3797391620888856,0.1969259972787232,0.4068354517361952,0.3824037900244327,0.1109645435315068
indomain.Public.xlmr_supcon.s42,xlmr_supcon,indomain,Public,42,,0.7233493579423542,0.7696969696969697,0.6788321167883211,0.7215189873417721,381,xlm-roberta-base,106.0,7801,7168,0,633,,gold+bulk,False,0.1,0.07,62.0,0.6745406824146981,0.6608923884514436,0.6622047244094488,0.660498687664042,0.3221238143427385,0.3743177432626026,0.2531037926673889,1.767898388079179,0.8224129676818848,18.54797440551314,,,1.385,0.1024611107434604,0.0586793372080309,0.2207918582350394,0.137634894500236,0.3728918095951998,0.3565734773344914,0.1129498427071582
indomain.Public.xlmr_supcon.s87,xlmr_supcon,indomain,Public,87,,0.7308866724341914,0.7836990595611285,0.7038327526132404,0.7051282051282052,381,xlm-roberta-base,109.2,7801,7168,0,633,,gold+bulk,False,0.1,0.07,54.0,0.6692913385826772,0.6850393700787402,0.6776902887139108,0.6692913385826772,0.3282041236908516,0.394660119493826,0.2429131865501403,1.821442474974296,0.7333415746688843,19.347217660377567,,,1.8,0.1330091272363561,0.0714186712915192,0.2884323708294638,0.2050564070747134,0.3960486436197943,0.3636319279802956,0.1302524577373952
indomain.Retail.allma_ft.s13,allma_ft,indomain,Retail,13,,0.6893000290050013,0.6006600660066007,0.7109375,0.7563025210084033,586,allmalab/bert-base-aze,113.9,12668,11690,0,978,,gold+bulk,False,,,53.0,0.6416382252559727,0.6303754266211604,0.618259385665529,0.6093003412969283,0.270966848310638,0.285733617115456,0.0886856839060783,3.5672320579677117,0.361409842967987,25.688370496578,,,1.335,0.1174095788180872,0.0710808436078559,0.3053842302036188,0.2057304487493636,0.4336687631185654,0.4154872921628773,0.1203278439186965
indomain.Retail.allma_ft.s21,allma_ft,indomain,Retail,21,,0.7144045458753924,0.6648199445983379,0.7228381374722838,0.7555555555555555,586,allmalab/bert-base-aze,114.0,12668,11690,0,978,,gold+bulk,False,,,51.0,0.6569965870307167,0.662457337883959,0.6617747440273037,0.6523037542662116,0.2824202379587138,0.3189007385514844,0.1341550797224044,2.815274477819308,0.1992605924606323,26.25415186032033,,,2.330000000000001,0.1901805087797262,0.0714284137953759,0.4040421694493274,0.2468320844068798,0.4627120075103867,0.3948086885554567,0.1348841508389213
indomain.Retail.allma_ft.s42,allma_ft,indomain,Retail,42,,0.6990471257297636,0.6470588235294118,0.6956521739130435,0.7544303797468355,586,allmalab/bert-base-aze,116.9,12668,11690,0,978,,gold+bulk,False,,,49.0,0.6706484641638225,0.6593856655290102,0.658703071672355,0.6516211604095563,0.2826736309526625,0.3223537855689106,0.1235054209828376,3.1582998754853637,0.1960337460041046,25.04307311041917,,,2.285000000000001,0.1792833658574152,0.0671761353441793,0.386481675600129,0.1537184068063423,0.4479080974815103,0.3959575852807342,0.1312378717256023
indomain.Retail.berturk_ft.s13,berturk_ft,indomain,Retail,13,,0.7126562535349353,0.6397694524495677,0.7216035634743875,0.776595744680851,586,dbmdz/bert-base-turkish-128k-cased,130.8,12668,11690,0,978,,gold+bulk,False,,,53.0,0.6399317406143344,0.6358361774744027,0.6303754266211604,0.6265358361774744,0.2562538991196942,0.2856022483883557,0.1130500361323356,3.3949846594412105,0.3071944117546081,23.563080761087257,,,1.87,0.1442172535990107,0.0697784810719404,0.3416723265948185,0.2056846453663998,0.4395900494077365,0.4017872276722425,0.1128567676505568
indomain.Retail.berturk_ft.s21,berturk_ft,indomain,Retail,21,,0.6540028645804568,0.5206349206349207,0.6847599164926931,0.7566137566137566,586,dbmdz/bert-base-turkish-128k-cased,132.6,12668,11690,0,978,,gold+bulk,False,,,54.0,0.6160409556313993,0.6088737201365187,0.6124573378839591,0.6054607508532424,0.2359011373350115,0.2489924562614672,0.0821450129151344,3.705870305472981,0.4441089928150177,23.374805812427944,,,1.2549999999999994,0.1248247635762714,0.097219903997908,0.2942444083484652,0.2712337543685699,0.4625470580062428,0.4474887824957589,0.0989435585030406
indomain.Retail.berturk_ft.s42,berturk_ft,indomain,Retail,42,,0.677288208905931,0.5750798722044729,0.7025948103792415,0.7541899441340782,586,dbmdz/bert-base-turkish-128k-cased,132.1,12668,11690,0,978,,gold+bulk,False,,,50.0,0.643344709897611,0.6477815699658703,0.6375426621160409,0.638481228668942,0.2718225096361688,0.2982974253564184,0.1280634552240371,2.9379738846851216,0.3447896540164947,25.157854122488796,,,1.7099999999999995,0.1917459783694078,0.106338819524895,0.3342654667889485,0.2317450858079168,0.4732962123900285,0.4203800280980653,0.1656519167768462
indomain.Retail.fasttext_mlp.s100,fasttext_mlp,indomain,Retail,100,,0.479914782307531,0.49,0.3652694610778443,0.5844748858447488,586,,130.9,12668,11690,0,978,,,,,,,,,,,,,,,,,,,,,,,,,,
indomain.Retail.fasttext_mlp.s13,fasttext_mlp,indomain,Retail,13,,0.3865946620257931,0.4978354978354978,0.0851063829787234,0.5768421052631579,586,,37.3,12668,11690,0,978,,,,,,,,,,,,,,,,,,,,,,,,,,
indomain.Retail.fasttext_mlp.s21,fasttext_mlp,indomain,Retail,21,,0.3583976702281313,0.4880382775119617,0.0265486725663716,0.5606060606060606,586,,46.9,12668,11690,0,978,,,,,,,,,,,,,,,,,,,,,,,,,,
indomain.Retail.fasttext_mlp.s42,fasttext_mlp,indomain,Retail,42,,0.3810418371079442,0.5044642857142857,0.0826446280991735,0.5560165975103735,586,,17.8,12668,11690,0,978,,,,,,,,,,,,,,,,,,,,,,,,,,
indomain.Retail.fasttext_mlp.s87,fasttext_mlp,indomain,Retail,87,,0.4152769899792021,0.5271317829457365,0.1138211382113821,0.6048780487804878,586,,41.9,12668,11690,0,978,,,,,,,,,,,,,,,,,,,,,,,,,,
indomain.Retail.full.s100,full,indomain,Retail,100,,0.731796065399195,0.6685552407932012,0.7437641723356009,0.783068783068783,586,xlm-roberta-base,172.9,12668,11690,0,978,,gold+bulk,False,0.1,0.07,56.0,0.674061433447099,0.6709897610921501,0.6674061433447099,0.6666382252559727,0.318393236350108,0.3714430866064976,0.280277669429779,1.6649921188641656,0.7561712265014648,16.801461562555122,,,2.0500000000000007,0.1811228846942048,0.0680229166930593,0.3350110095716923,0.163483051323625,0.4307923747227514,0.3743096678989885,0.126694676268594
indomain.Retail.full.s13,full,indomain,Retail,13,,0.7299856767147218,0.6724137931034483,0.7351598173515982,0.7823834196891192,586,xlm-roberta-base,171.1,12668,11690,0,978,,gold+bulk,False,0.1,0.07,60.0,0.6552901023890785,0.6518771331058021,0.6530716723549488,0.6541808873720136,0.3129188266542819,0.3661197485035667,0.2747661471366882,1.7028257444277617,0.7497380375862122,16.59465364796003,,,2.045000000000001,0.186916159807512,0.0741114920480964,0.4014090643590456,0.2480691272021583,0.4391668793759317,0.382758991671937,0.1246692290396557
indomain.Retail.full.s21,full,indomain,Retail,21,,0.6839017032474395,0.5605536332179931,0.7189292543021033,0.7722222222222223,586,xlm-roberta-base,169.4,12668,11690,0,978,,gold+bulk,False,0.1,0.07,53.0,0.6706484641638225,0.6641638225255972,0.6638225255972696,0.668344709897611,0.3345601789940149,0.3816461013006881,0.2481670677661895,1.8344985812481172,0.8246060013771057,17.624360149477276,,,1.495,0.1622165698591405,0.0852837518621735,0.2599305067695866,0.2051970230722617,0.4477568280101952,0.411884475692125,0.1581454379596456
indomain.Retail.full.s42,full,indomain,Retail,42,,0.717150334592195,0.6722222222222223,0.7350427350427351,0.7441860465116279,586,xlm-roberta-base,172.8,12668,11690,0,978,,gold+bulk,False,0.1,0.07,56.0,0.6723549488054608,0.6645051194539249,0.6631399317406144,0.6563993174061433,0.2942896178007386,0.3283045821522266,0.2391251921653747,1.6950323541935557,0.7983841896057129,15.870036914904231,,,1.59,0.1545676744627351,0.0712904855248977,0.3558323654802445,0.1947146117147756,0.4272501529720181,0.3881028422943057,0.1180517570726668
indomain.Retail.full.s87,full,indomain,Retail,87,,0.7180942152667732,0.6904109589041096,0.7227272727272728,0.7411444141689373,586,xlm-roberta-base,168.3,12668,11690,0,978,,gold+bulk,False,0.1,0.07,59.0,0.6825938566552902,0.6569965870307167,0.6554607508532423,0.6579351535836178,0.2970249015378556,0.3393168539570339,0.2501677572727203,1.656897213562817,0.7777543663978577,16.722083240540034,,,1.6199999999999994,0.1657116636851903,0.0808469514881577,0.2678754218148824,0.1879089292270675,0.4259045921592304,0.3845606233329001,0.1317440643563611
indomain.Retail.full_mbert.s13,full_mbert,indomain,Retail,13,,0.686665285714866,0.6358974358974359,0.7009345794392523,0.7231638418079096,586,bert-base-multilingual-cased,136.3,12668,11690,0,978,,gold+bulk,False,0.1,0.07,56.0,0.6484641638225256,0.631740614334471,0.6225255972696245,0.6226962457337883,0.261586928725482,0.2970774895124571,0.2024653106927871,1.9089227128943411,0.7565028667449951,20.557777040283725,,,2.430000000000001,0.2209855903570195,0.0660750374809343,0.4709228105742707,0.2087554729231486,0.5105558393639948,0.4240024966259013,0.1586204626169276
indomain.Retail.full_mbert.s21,full_mbert,indomain,Retail,21,,0.7124633551604154,0.6631578947368421,0.7389380530973452,0.7352941176470589,586,bert-base-multilingual-cased,131.0,12668,11690,0,978,,gold+bulk,False,0.1,0.07,58.0,0.6416382252559727,0.6269624573378839,0.6223549488054607,0.6214163822525597,0.2771963008592807,0.3123602296548766,0.1783065348863601,2.142640306689841,0.8033353686332703,19.10764779491032,,,1.5649999999999995,0.142512548321373,0.0656476257031715,0.3558630394965822,0.2211239172883612,0.4465188876490321,0.4143153803519852,0.0876040144857686
indomain.Retail.full_mbert.s42,full_mbert,indomain,Retail,42,,0.6899416301022413,0.608955223880597,0.7184873949579832,0.7423822714681441,586,bert-base-multilingual-cased,133.4,12668,11690,0,978,,gold+bulk,False,0.1,0.07,65.0,0.6126279863481229,0.6160409556313993,0.6087030716723549,0.6045221843003413,0.2569711208543268,0.2926731804859262,0.1708567291498184,2.2312788623934225,0.817362904548645,19.621277238166947,,,1.545,0.1402623176599573,0.0566677323536164,0.3354132643574923,0.1713385605158758,0.4584001675013966,0.4258839326925331,0.1183408214158406
indomain.Retail.full_mdeberta.s13,full_mdeberta,indomain,Retail,13,,0.7161223504969761,0.6548672566371682,0.7276595744680852,0.7658402203856749,586,microsoft/mdeberta-v3-base,214.6,12668,11690,0,978,,gold+bulk,False,0.1,0.07,63.0,0.636518771331058,0.6385665529010239,0.642320819112628,0.6483788395904437,0.293201682219132,0.3359531663866502,0.252514511346817,1.7356994364903284,0.7954670786857605,16.182418385912957,,,1.805,0.1838177034492807,0.0892701181787448,0.4891112195745833,0.2706530968791277,0.4567375934442338,0.402403431000726,0.1509027891462239
indomain.Retail.full_mdeberta.s21,full_mdeberta,indomain,Retail,21,,0.7323484357382934,0.7031700288184438,0.7438752783964365,0.75,586,microsoft/mdeberta-v3-base,217.2,12668,11690,0,978,,gold+bulk,False,0.1,0.07,66.0,0.643344709897611,0.657679180887372,0.6563139931740615,0.6578498293515358,0.305074870597209,0.3586544463902046,0.2750853598117828,1.6057317158870097,0.7952751517295837,13.88262204418512,,,1.9,0.1730792144375726,0.0789246915401869,0.3191064407019829,0.1920636050394847,0.4396401196414843,0.3878771759003175,0.1400624685030257
indomain.Retail.full_mdeberta.s42,full_mdeberta,indomain,Retail,42,,0.7450829313910189,0.6818181818181818,0.7629796839729119,0.7904509283819628,586,microsoft/mdeberta-v3-base,216.4,12668,11690,0,978,,gold+bulk,False,0.1,0.07,58.0,0.6348122866894198,0.6580204778156996,0.6542662116040956,0.649061433447099,0.3413093717439895,0.3981745740789331,0.2768506705760956,1.616872960979683,0.781371533870697,15.94247409305432,,,1.8750000000000009,0.1685880207339338,0.0950292985460028,0.4343540052789885,0.2179035497055356,0.4327584913771276,0.3827288070794357,0.1343913182766001
indomain.Retail.full_midinject.s13,full_midinject,indomain,Retail,13,,0.7286895566708029,0.6844919786096256,0.7194244604316546,0.7821522309711286,586,xlm-roberta-base,170.4,12668,11690,0,978,,gold+bulk,False,0.1,0.07,54.0,0.6382252559726962,0.6535836177474402,0.6552901023890785,0.6578498293515358,0.3141188295032517,0.364347315763634,0.278164803981781,1.667422029591948,0.7555578947067261,16.307085596728104,,,2.0600000000000005,0.1838322526482899,0.0631035774770697,0.3825735682692571,0.1282822417467914,0.4337633803297622,0.3795833666782683,0.1401773026632374
indomain.Retail.full_midinject.s21,full_midinject,indomain,Retail,21,,0.7142919973812533,0.6258064516129033,0.744466800804829,0.7726027397260274,586,xlm-roberta-base,171.0,12668,11690,0,978,,gold+bulk,False,0.1,0.07,57.0,0.6979522184300341,0.6737201365187714,0.6723549488054608,0.6694539249146758,0.3208217175750761,0.3742518983104373,0.2607946395874023,1.7703488677559351,0.8065734505653381,19.230978527050866,,,1.5300000000000002,0.1436855203320927,0.0629164443545891,0.3455737246910161,0.2384499053010151,0.4260346878724432,0.3924348013276842,0.1304162845965918
indomain.Retail.full_midinject.s42,full_midinject,indomain,Retail,42,,0.7268681282381263,0.7068062827225131,0.7354260089686099,0.7383720930232558,586,xlm-roberta-base,167.9,12668,11690,0,978,,gold+bulk,False,0.1,0.07,59.0,0.636518771331058,0.6505119453924915,0.6532423208191126,0.6534129692832764,0.3038062794786401,0.3386642090236735,0.2364670187234878,1.694356085287624,0.8174068927764893,15.909913188991204,,,1.495,0.1391884427679413,0.0619049257745737,0.3272428781749371,0.2181333665427171,0.4159676445445703,0.3840671719729698,0.1062650457865274
indomain.Retail.mbert_ft.s13,mbert_ft,indomain,Retail,13,,0.6766065044533333,0.5932721712538226,0.6987951807228916,0.7377521613832853,586,bert-base-multilingual-cased,129.0,12668,11690,0,978,,gold+bulk,False,,,50.0,0.636518771331058,0.6266211604095563,0.6168941979522184,0.6148464163822526,0.226009123154491,0.2442797078938231,0.1368717849254608,2.582248897072462,0.2470535635948181,24.75551964137718,,,1.895,0.1767196062699705,0.0730470407451137,0.3681085921098772,0.1838238907016189,0.4913591405130174,0.4338314082313362,0.1561673845589315
indomain.Retail.mbert_ft.s21,mbert_ft,indomain,Retail,21,,0.6767592440863978,0.6292134831460674,0.7033898305084746,0.6976744186046512,586,bert-base-multilingual-cased,130.8,12668,11690,0,978,,gold+bulk,False,,,54.0,0.636518771331058,0.6184300341296929,0.6151877133105802,0.6131399317406143,0.2143070167843602,0.234518432419974,0.1349749565124511,2.5551331658969656,0.2315913140773773,20.767338313774413,,,1.955,0.1941261958025482,0.0848938789196808,0.3664140895171596,0.1641092739652376,0.4986375759537786,0.4364181065512764,0.1514899839315536
indomain.Retail.mbert_ft.s42,mbert_ft,indomain,Retail,42,,0.6625962885154061,0.5882352941176471,0.6651785714285714,0.734375,586,bert-base-multilingual-cased,127.0,12668,11690,0,978,,gold+bulk,False,,,54.0,0.6109215017064846,0.6221843003412969,0.6180887372013651,0.614419795221843,0.2276071304180109,0.2566252318417624,0.1343872100114822,2.6830864013287847,0.263504296541214,22.01798769202996,,,2.005,0.201918183178861,0.0852995095613056,0.4599431397200166,0.1699631120783331,0.5213781772778259,0.4533998781787412,0.1562183034668088
indomain.Retail.mdeberta_dapt.s13,mdeberta_dapt,indomain,Retail,13,,0.6978234728234728,0.6369047619047619,0.7090909090909091,0.7474747474747475,586,microsoft/mdeberta-v3-base,181.1,12668,11690,0,978,,gold+bulk,False,,,55.0,0.6075085324232082,0.6416382252559727,0.6462457337883959,0.6486348122866894,0.2893235917378156,0.326676177148512,0.2122946977615356,1.8327090132774315,0.2950952351093292,13.82656413444804,,,1.3049999999999995,0.1188242915634693,0.0818413941602379,0.2634168982891864,0.2301148390961196,0.4248653644197974,0.4081408385298738,0.0944814098249321
indomain.Retail.mdeberta_dapt.s21,mdeberta_dapt,indomain,Retail,21,,0.7410807915392469,0.6985915492957746,0.7516778523489933,0.772972972972973,586,microsoft/mdeberta-v3-base,190.3,12668,11690,0,978,,gold+bulk,False,,,58.0,0.6860068259385665,0.6580204778156996,0.6552901023890785,0.6522184300341297,0.3244944787752156,0.3693863381050658,0.2432025671005249,1.716780924913425,0.2235477268695831,15.209126860209755,,,1.7,0.1447053630183843,0.0767836707690302,0.329092507427999,0.1948529059362848,0.4193427528060202,0.3805398891274516,0.1195683586431707
indomain.Retail.mdeberta_dapt.s42,mdeberta_dapt,indomain,Retail,42,,0.7413944884880556,0.7204301075268817,0.7230046948356808,0.7807486631016043,586,microsoft/mdeberta-v3-base,187.7,12668,11690,0,978,,gold+bulk,False,,,61.0,0.6552901023890785,0.663481228668942,0.6633105802047782,0.6693686006825939,0.3365924699974038,0.3842823080581083,0.2615056931972503,1.6817923287952306,0.2122164517641067,15.55284775216869,,,1.9,0.1555958189039406,0.050959615720288,0.3250125292171746,0.1289959846881893,0.4065594779787786,0.3661874778330343,0.1146153965363627
indomain.Retail.mdeberta_ft.s13,mdeberta_ft,indomain,Retail,13,,0.7204858027019682,0.6836158192090396,0.719047619047619,0.7587939698492462,586,microsoft/mdeberta-v3-base,189.7,12668,11690,0,978,,gold+bulk,False,,,58.0,0.6399317406143344,0.6467576791808873,0.6448805460750853,0.6479522184300341,0.2888489167281447,0.3307550385075249,0.249642327427864,1.638305234377036,0.2841646373271942,11.705034484066378,,,1.955,0.1734222728795118,0.0709620282126147,0.4493280907603935,0.2631177162728227,0.4418841972659396,0.3844014214529674,0.1243141453971723
indomain.Retail.mdeberta_ft.s21,mdeberta_ft,indomain,Retail,21,,0.7159054123440782,0.6896551724137931,0.703962703962704,0.7540983606557377,586,microsoft/mdeberta-v3-base,193.0,12668,11690,0,978,,gold+bulk,False,,,61.0,0.6535836177474402,0.6447098976109215,0.6440273037542662,0.6462457337883959,0.2847490901327106,0.32286851666408,0.2280525267124176,1.714026326966111,0.2872097194194793,12.114122456473476,,,1.8,0.1836833735812834,0.0884874057072222,0.365526891759189,0.2291268320993809,0.4523665451480529,0.397303973203315,0.1344131136307432
indomain.Retail.mdeberta_ft.s42,mdeberta_ft,indomain,Retail,42,,0.7141987508141514,0.6925064599483204,0.7099767981438515,0.7401129943502824,586,microsoft/mdeberta-v3-base,187.3,12668,11690,0,978,,gold+bulk,False,,,54.0,0.6399317406143344,0.621160409556314,0.6235494880546075,0.6216723549488055,0.264379678161644,0.2822735119292865,0.1704329699277877,1.972356528916596,0.4903943836688995,12.667027152405534,,,1.169999999999999,0.1023049110063433,0.0865766762635137,0.419284377106381,0.3525465848997992,0.4303969920437986,0.4198621016980924,0.0753640464439887
indomain.Retail.tfidf_linear.s100,tfidf_linear,indomain,Retail,100,,0.6646642131195709,0.6467391304347826,0.6231155778894473,0.7241379310344828,586,,42.7,12668,11690,0,978,,,,,,,,,,,,,,,,,,,,,,,,,,
indomain.Retail.tfidf_linear.s13,tfidf_linear,indomain,Retail,13,,0.6646642131195709,0.6467391304347826,0.6231155778894473,0.7241379310344828,586,,42.8,12668,11690,0,978,,,,,,,,,,,,,,,,,,,,,,,,,,
indomain.Retail.tfidf_linear.s21,tfidf_linear,indomain,Retail,21,,0.6646642131195709,0.6467391304347826,0.6231155778894473,0.7241379310344828,586,,63.9,12668,11690,0,978,,,,,,,,,,,,,,,,,,,,,,,,,,
indomain.Retail.tfidf_linear.s42,tfidf_linear,indomain,Retail,42,,0.6646642131195709,0.6467391304347826,0.6231155778894473,0.7241379310344828,586,,73.1,12668,11690,0,978,,,,,,,,,,,,,,,,,,,,,,,,,,
indomain.Retail.tfidf_linear.s87,tfidf_linear,indomain,Retail,87,,0.6646642131195709,0.6467391304347826,0.6231155778894473,0.7241379310344828,586,,76.4,12668,11690,0,978,,,,,,,,,,,,,,,,,,,,,,,,,,
indomain.Retail.xlmr_add.s13,xlmr_add,indomain,Retail,13,,0.7101497341919393,0.6589595375722543,0.717391304347826,0.7540983606557377,586,xlm-roberta-base,169.0,12668,11690,0,978,,gold+bulk,False,,,50.0,0.658703071672355,0.6450511945392492,0.6397610921501706,0.6358361774744027,0.2877178808701993,0.2985484304312827,0.1722910553216934,2.351406544238633,0.3237493634223938,16.23604582607497,,,1.7850000000000004,0.1668770582515627,0.0728203809324646,0.312421233503789,0.1525773953599914,0.439363517755412,0.392865238276847,0.1316226226322336
indomain.Retail.xlmr_add.s21,xlmr_add,indomain,Retail,21,,0.7090832122872537,0.6772486772486772,0.7020785219399538,0.7479224376731302,586,xlm-roberta-base,159.5,12668,11690,0,978,,gold+bulk,False,,,52.0,0.6177474402730375,0.6310580204778157,0.6290102389078498,0.6295221843003413,0.2895611989699631,0.3068771170803735,0.1768669486045837,2.29536530396216,0.3109302520751953,14.083666251147116,,,1.7149999999999996,0.1698371401509938,0.0795770770591944,0.3640268759869537,0.26649906544731,0.4431491371279213,0.3968166923582631,0.132594233493984
indomain.Retail.xlmr_add.s42,xlmr_add,indomain,Retail,42,,0.7396359981220826,0.7202072538860104,0.7328605200945626,0.7658402203856749,586,xlm-roberta-base,170.3,12668,11690,0,978,,gold+bulk,False,,,52.0,0.6655290102389079,0.6252559726962458,0.6356655290102389,0.6425767918088737,0.2837955619454458,0.2980341564797298,0.1779058873653412,2.161448552049562,0.2941111922264099,16.176961019175096,,,1.7649999999999997,0.1688664317334634,0.0943304093572535,0.3718368998124597,0.2365176607448952,0.4337478545164948,0.3879165999199933,0.1216262962768903
indomain.Retail.xlmr_dapt.s13,xlmr_dapt,indomain,Retail,13,,0.7333072827760571,0.6705882352941176,0.73568281938326,0.7936507936507936,586,xlm-roberta-base,164.6,12668,11690,0,978,,gold+bulk,False,,,50.0,0.6757679180887372,0.6720136518771331,0.6675767918088737,0.6708191126279863,0.326785810077738,0.3760369479872427,0.2222065031528473,2.121585887546589,0.244825467467308,14.263774029844448,,,2.1100000000000003,0.1770800333611083,0.0724455507911316,0.3136694912057051,0.1909860708477655,0.424802201687079,0.369460007341506,0.1359964109239692
indomain.Retail.xlmr_dapt.s21,xlmr_dapt,indomain,Retail,21,,0.7358895606430621,0.7309644670050761,0.7070707070707071,0.7696335078534031,586,xlm-roberta-base,145.7,12668,11690,0,978,,gold+bulk,False,,,55.0,0.6843003412969283,0.6665529010238908,0.6581911262798635,0.6523890784982935,0.3431235601710178,0.3831436803884929,0.2288071513175964,1.9177071804780368,0.3190376758575439,12.948052741673305,,,2.2050000000000005,0.1784941445494413,0.044809276324836,0.3344616197497086,0.1362701030980745,0.4339725128759317,0.3752010501806559,0.1385197725140667
indomain.Retail.xlmr_dapt.s42,xlmr_dapt,indomain,Retail,42,,0.7315187890714561,0.6918918918918919,0.7294685990338164,0.7731958762886598,586,xlm-roberta-base,157.9,12668,11690,0,978,,gold+bulk,False,,,54.0,0.6638225255972696,0.6573378839590444,0.657679180887372,0.6601535836177475,0.3357091197308737,0.3643151467658762,0.2149659991264343,2.098660934353186,0.253015398979187,14.559180913301391,,,2.165,0.1739829871815091,0.0586377786137418,0.3657886395376439,0.1355113139824587,0.4202694221982083,0.3691731372899651,0.1235423975310333
indomain.Retail.xlmr_film.s13,xlmr_film,indomain,Retail,13,,0.7188771321697697,0.670487106017192,0.7252747252747253,0.7608695652173914,586,xlm-roberta-base,164.1,12668,11690,0,978,,gold+bulk,False,,,49.0,0.6723549488054608,0.6464163822525597,0.6360068259385665,0.6265358361774744,0.2634500587936111,0.2875607361316137,0.1602642089128494,2.484336026788436,0.2918349206447601,15.891000766728272,,,1.8250000000000008,0.1677734161217563,0.0863274604133415,0.4454970614264915,0.2239632921855177,0.454912981449623,0.4060377549824616,0.1306939212836758
indomain.Retail.xlmr_film.s21,xlmr_film,indomain,Retail,21,,0.7136342901966803,0.6685552407932012,0.7223476297968398,0.75,586,xlm-roberta-base,165.0,12668,11690,0,978,,gold+bulk,False,,,53.0,0.6177474402730375,0.6361774744027304,0.6368600682593857,0.6278156996587031,0.2246819019291245,0.2511521394743965,0.157092273235321,2.5293673097669798,0.2586247026920318,15.084512329309268,,,1.7199999999999995,0.1479940082161026,0.0790562213507006,0.3742543213614039,0.1856372615589104,0.4334072888890676,0.3957981265161034,0.1102202517501365
indomain.Retail.xlmr_film.s42,xlmr_film,indomain,Retail,42,,0.7411253450655625,0.7135416666666666,0.7380952380952381,0.7717391304347826,586,xlm-roberta-base,162.2,12668,11690,0,978,,gold+bulk,False,,,53.0,0.6604095563139932,0.6416382252559727,0.642320819112628,0.6437713310580204,0.2955794964117676,0.326787335268106,0.1790110170841217,2.294086758212257,0.3473726511001587,16.48140405597522,,,1.8850000000000005,0.1552231892381747,0.0862223420567075,0.3722032650903411,0.2361080615047944,0.4296166603348699,0.3827811902693789,0.1260637855430973
indomain.Retail.xlmr_ft.s100,xlmr_ft,indomain,Retail,100,,0.7135666207581141,0.676056338028169,0.7064017660044151,0.7582417582417582,586,xlm-roberta-base,162.3,12668,11690,0,978,,gold+bulk,False,,,49.0,0.6416382252559727,0.6457337883959045,0.6361774744027304,0.6367747440273037,0.2767087154447842,0.2895226472325501,0.1621007919311523,2.450346512055144,0.3254424035549164,17.72470679502159,,,1.7350000000000003,0.1655325009679495,0.0844067049355196,0.2974677546305153,0.2074919904303372,0.4391034470795872,0.3937123686363556,0.1354831300887423
indomain.Retail.xlmr_ft.s13,xlmr_ft,indomain,Retail,13,,0.7233566243686199,0.670487106017192,0.7361419068736141,0.7634408602150538,586,xlm-roberta-base,154.8,12668,11690,0,978,,gold+bulk,False,,,52.0,0.6416382252559727,0.6348122866894198,0.6361774744027304,0.6331058020477816,0.2541482883197449,0.283038066438575,0.1685709953308105,2.285060201900127,0.2914760410785675,15.11940814913607,,,1.81,0.1758880875706165,0.0787452254303956,0.3800426897918493,0.2037215766420471,0.4523811803959828,0.4037377383679835,0.1302144532854978
indomain.Retail.xlmr_ft.s21,xlmr_ft,indomain,Retail,21,,0.7230225642654039,0.6771653543307087,0.7162790697674418,0.775623268698061,586,xlm-roberta-base,157.7,12668,11690,0,978,,gold+bulk,False,,,52.0,0.6535836177474402,0.6409556313993174,0.6296928327645052,0.6321672354948805,0.2395306021991961,0.2529757511438145,0.175608217716217,2.3007769387522736,0.2578952312469482,15.129451944326126,,,1.7950000000000002,0.1572493632463422,0.0709639200552859,0.2795175453776111,0.2009490249706368,0.4448569728958652,0.3976236128674413,0.1275088273642349
indomain.Retail.xlmr_ft.s42,xlmr_ft,indomain,Retail,42,,0.7120649528519273,0.6788511749347258,0.7007299270072993,0.7566137566137566,586,xlm-roberta-base,157.8,12668,11690,0,978,,gold+bulk,False,,,49.0,0.6313993174061433,0.6324232081911263,0.6329351535836177,0.6320819112627987,0.2918163363938167,0.3226282227054552,0.1628881245851516,2.373180945023742,0.3240122199058532,16.27321653417402,,,1.8350000000000004,0.1699466327812422,0.0677408796327061,0.3294442485987449,0.165617619789723,0.448066815925586,0.3980129825201544,0.1234617475934407
indomain.Retail.xlmr_ft.s87,xlmr_ft,indomain,Retail,87,,0.7106241364073161,0.6536312849162011,0.7233115468409586,0.7549295774647887,586,xlm-roberta-base,159.2,12668,11690,0,978,,gold+bulk,False,,,52.0,0.6399317406143344,0.6102389078498294,0.6063139931740614,0.6036689419795221,0.1987982037081409,0.1677372249948936,0.1047339737415313,2.9759944166332493,0.4189595282077789,15.725212945256798,,,1.285,0.1089167610177569,0.0756793512955012,0.216134191999167,0.2292438649085328,0.428216941718273,0.4128057326413996,0.0852493953256309
indomain.Retail.xlmr_supcon.s100,xlmr_supcon,indomain,Retail,100,,0.7101438394916656,0.657608695652174,0.7117117117117117,0.7611111111111111,586,xlm-roberta-base,170.7,12668,11690,0,978,,gold+bulk,False,0.1,0.07,60.0,0.658703071672355,0.6501706484641638,0.643344709897611,0.642320819112628,0.2865394263887977,0.3191389527704207,0.2237410843372345,1.8238436257560096,0.8032900094985962,19.66605931902002,,,1.6699999999999997,0.1741833363052407,0.0837174974275731,0.3484061343681753,0.2383531206282055,0.4526006401682453,0.4039076128160905,0.1340594528936822
indomain.Retail.xlmr_supcon.s13,xlmr_supcon,indomain,Retail,13,,0.6851565185762368,0.6064139941690962,0.7063655030800822,0.7426900584795322,586,xlm-roberta-base,170.5,12668,11690,0,978,,gold+bulk,False,0.1,0.07,55.0,0.6399317406143344,0.630716723549488,0.6284982935153584,0.6245733788395904,0.2622090620385394,0.2828021963806159,0.1848715096712112,1.8836100231572332,0.8298630118370056,18.80188362827613,,,1.4499999999999995,0.1577002399800601,0.0912597589372719,0.4419022498476073,0.3111965349636416,0.4657635570559162,0.4288747617381797,0.1354014322597045
indomain.Retail.xlmr_supcon.s21,xlmr_supcon,indomain,Retail,21,,0.6831128450586785,0.608433734939759,0.6943866943866944,0.7465181058495822,586,xlm-roberta-base,167.2,12668,11690,0,978,,gold+bulk,False,0.1,0.07,56.0,0.6126279863481229,0.6245733788395904,0.6221843003412969,0.622098976109215,0.2793730016779439,0.3250491393240052,0.1984509378671646,2.0417536158827145,0.8446521162986755,15.611407770681057,,,1.364999999999999,0.1481360408032196,0.0823952817449281,0.2455768500616472,0.1862154394559911,0.4519816503173162,0.4246217410286386,0.118964695100808
indomain.Retail.xlmr_supcon.s42,xlmr_supcon,indomain,Retail,42,,0.7000802275072191,0.6541554959785523,0.700228832951945,0.7458563535911602,586,xlm-roberta-base,162.6,12668,11690,0,978,,gold+bulk,False,0.1,0.07,61.0,0.6416382252559727,0.648122866894198,0.6428327645051195,0.6465017064846417,0.2742272935899781,0.3117199869055426,0.2366462647914886,1.743750337540465,0.8062356114387512,18.43877595386861,,,1.7699999999999996,0.1938597343324267,0.0860938277449536,0.4650898876596955,0.2846508159917381,0.4599776079684665,0.4044219645611976,0.1385494020906427
indomain.Retail.xlmr_supcon.s87,xlmr_supcon,indomain,Retail,87,,0.7332682239790186,0.7015706806282722,0.7226107226107226,0.775623268698061,586,xlm-roberta-base,168.3,12668,11690,0,978,,gold+bulk,False,0.1,0.07,55.0,0.6399317406143344,0.6436860068259386,0.6406143344709898,0.6409556313993174,0.3141692000743404,0.3495070698513801,0.2366895377635955,1.813873750030594,0.755698561668396,17.877046846755906,,,1.9750000000000008,0.1677764330385921,0.0637865416796753,0.320146835372615,0.1127255443377918,0.4379375361057015,0.3859589734100648,0.1297326074006825
indomain.Social.allma_ft.s13,allma_ft,indomain,Social,13,,0.6795172923209186,0.7247956403269755,0.5311475409836065,0.782608695652174,612,allmalab/bert-base-aze,172.9,19900,18880,0,1020,,gold+bulk,False,,,52.0,0.6454248366013072,0.6522875816993464,0.6459150326797386,0.6357026143790849,0.2700041458129355,0.2799195662871137,0.1145507246255874,3.2366437613066807,0.3195679783821106,27.129949471640703,,,1.5300000000000002,0.1097962098146063,0.0732432612828511,0.2921944186061188,0.2516141756353611,0.4075917054064988,0.3863152756523219,0.1033919438065669
indomain.Social.allma_ft.s21,allma_ft,indomain,Social,21,,0.6444768409219722,0.676923076923077,0.4682539682539682,0.7882534775888718,612,allmalab/bert-base-aze,131.8,19900,18880,0,1020,,gold+bulk,False,,,50.0,0.6503267973856209,0.6300653594771242,0.6246732026143791,0.6129084967320262,0.2879011300188535,0.30348976950882,0.1072693988680839,3.408102736570863,0.4940603375434875,25.196917970323,,,1.335,0.0821219958264719,0.0435486954075617,0.2361157831292346,0.1736573639968482,0.4154065081926164,0.4043819064858984,0.0844132492195158
indomain.Social.allma_ft.s42,allma_ft,indomain,Social,42,,0.6793649864388197,0.6809815950920245,0.5492957746478874,0.8078175895765473,612,allmalab/bert-base-aze,174.8,19900,18880,0,1020,,gold+bulk,False,,,50.0,0.6781045751633987,0.6542483660130719,0.6544117647058824,0.6531045751633987,0.2978551234091102,0.3310245287561434,0.1371364593505859,3.020136378838211,0.2742775082588196,28.17674845576381,,,2.400000000000001,0.159990909643334,0.066344804583353,0.3478626756259223,0.1392037630911765,0.4357032853405663,0.3876755109110152,0.1218607634772295
indomain.Social.berturk_ft.s13,berturk_ft,indomain,Social,13,,0.6970934560049254,0.7405247813411079,0.5724137931034483,0.7783417935702199,612,dbmdz/bert-base-turkish-128k-cased,193.7,19900,18880,0,1020,,gold+bulk,False,,,57.0,0.6372549019607843,0.6405228758169934,0.6348039215686274,0.6241830065359477,0.3064286838951798,0.3462653055237707,0.1265899091958999,3.0583056382825418,0.3297052383422851,25.45253393519153,,,2.075000000000001,0.1395063602514351,0.0410061128735685,0.3208839166658865,0.1417352210053614,0.431108386571183,0.3915703642362613,0.1133255314803373
indomain.Social.berturk_ft.s21,berturk_ft,indomain,Social,21,,0.7062026508541126,0.7374301675977654,0.584717607973422,0.7964601769911505,612,dbmdz/bert-base-turkish-128k-cased,193.1,19900,18880,0,1020,,gold+bulk,False,,,54.0,0.6209150326797386,0.6274509803921569,0.6222222222222222,0.6142973856209151,0.3139974240114036,0.3003432108673422,0.1004508659243583,3.208328677203268,0.4557110369205475,29.260545334017024,,,1.4099999999999997,0.0817405677045018,0.0521453629663529,0.2337894600463552,0.1294386272875526,0.3928422311631868,0.3862408331254454,0.0924795952963167
indomain.Social.berturk_ft.s42,berturk_ft,indomain,Social,42,,0.6826341977198475,0.7009063444108762,0.5732484076433121,0.7737478411053541,612,dbmdz/bert-base-turkish-128k-cased,202.9,19900,18880,0,1020,,gold+bulk,False,,,50.0,0.6601307189542484,0.65,0.6441176470588236,0.6319444444444444,0.297969020607903,0.3449144230874286,0.1132711768150329,3.2402695982797063,0.3319546580314636,28.092635404253407,,,2.0249999999999995,0.1487459892637191,0.0449051852850893,0.2880092006818469,0.1085884358005756,0.4444298131380441,0.4011641711675674,0.1273495360611712
indomain.Social.fasttext_mlp.s100,fasttext_mlp,indomain,Social,100,,0.4693471848784427,0.4838709677419355,0.2406639004149377,0.6835066864784547,612,,51.3,19900,18880,0,1020,,,,,,,,,,,,,,,,,,,,,,,,,,
indomain.Social.fasttext_mlp.s13,fasttext_mlp,indomain,Social,13,,0.4990949380069308,0.5219941348973607,0.2845528455284553,0.6907378335949764,612,,80.2,19900,18880,0,1020,,,,,,,,,,,,,,,,,,,,,,,,,,
indomain.Social.fasttext_mlp.s21,fasttext_mlp,indomain,Social,21,,0.4815995381234655,0.4716417910447761,0.2764227642276423,0.6967340590979783,612,,21.1,19900,18880,0,1020,,,,,,,,,,,,,,,,,,,,,,,,,,
indomain.Social.fasttext_mlp.s42,fasttext_mlp,indomain,Social,42,,0.4876475376475377,0.5166666666666667,0.2478632478632478,0.6984126984126984,612,,28.4,19900,18880,0,1020,,,,,,,,,,,,,,,,,,,,,,,,,,
indomain.Social.fasttext_mlp.s87,fasttext_mlp,indomain,Social,87,,0.4853351105462229,0.4584717607973422,0.3146067415730337,0.6829268292682927,612,,21.1,19900,18880,0,1020,,,,,,,,,,,,,,,,,,,,,,,,,,
indomain.Social.full.s100,full,indomain,Social,100,,0.7012329530315142,0.7272727272727273,0.5683453237410072,0.8080808080808081,612,xlm-roberta-base,202.2,19900,18880,0,1020,,gold+bulk,False,0.1,0.07,56.0,0.6911764705882353,0.6745098039215687,0.668954248366013,0.6568627450980392,0.2978577288988591,0.3690935456132518,0.2327791601419448,2.1761221219853564,0.8476447463035583,18.13633285531239,,,1.3499999999999996,0.0856943679679751,0.0574596458272302,0.2056641324634396,0.11646351666409,0.3896269951344886,0.3775090170741902,0.0839026722577768
indomain.Social.full.s13,full,indomain,Social,13,,0.7118163626119562,0.7543859649122807,0.5571428571428572,0.8239202657807309,612,xlm-roberta-base,268.6,19900,18880,0,1020,,gold+bulk,False,0.1,0.07,60.0,0.6944444444444444,0.6990196078431372,0.6866013071895425,0.6860294117647059,0.3283527963785695,0.4019657455102463,0.2795332670211792,1.832485470602488,0.8016477823257446,21.205068391776617,,,1.7400000000000002,0.1413498535995374,0.0575579468222576,0.3322643657302859,0.1763874759467422,0.3987542364089237,0.361120137539719,0.1261517777634755
indomain.Social.full.s21,full,indomain,Social,21,,0.7126701092218334,0.7207207207207207,0.5956112852664577,0.8216783216783217,612,xlm-roberta-base,258.5,19900,18880,0,1020,,gold+bulk,False,0.1,0.07,54.0,0.7091503267973857,0.7062091503267974,0.7029411764705882,0.7058823529411765,0.3433122433828601,0.4026429574169452,0.271341323852539,1.7563438531888698,0.775937020778656,20.68937155302534,,,1.9800000000000009,0.1616569671708866,0.0456493373450453,0.2996718357601774,0.1393095829542773,0.4175977287029951,0.370804760455038,0.1429231028488384
indomain.Social.full.s42,full,indomain,Social,42,,0.7160386473429953,0.7261538461538461,0.5886287625418061,0.8333333333333334,612,xlm-roberta-base,262.7,19900,18880,0,1020,,gold+bulk,False,0.1,0.07,56.0,0.7026143790849673,0.6944444444444444,0.6965686274509804,0.693954248366013,0.3597014962414813,0.4294358815766402,0.2815271914005279,1.7427779663647265,0.7879287600517273,19.794255403699218,,,1.895,0.1490242211587786,0.0514095199390725,0.3845169726915559,0.1445698660795866,0.4033548958825347,0.3639597096923272,0.1324023668786129
indomain.Social.full.s87,full,indomain,Social,87,,0.7080936174810253,0.725609756097561,0.5714285714285714,0.8272425249169435,612,xlm-roberta-base,266.7,19900,18880,0,1020,,gold+bulk,False,0.1,0.07,58.0,0.6895424836601307,0.6872549019607843,0.6852941176470588,0.6794934640522876,0.3237298927818002,0.3927065933748266,0.2676699757575989,1.795439743684481,0.7895264029502869,18.51843271660412,,,1.955,0.1433170734101562,0.0493310136003143,0.3822179632108875,0.0964654721298231,0.4134150799320397,0.3728553261766403,0.1259459842049796
indomain.Social.full_mbert.s13,full_mbert,indomain,Social,13,,0.6685460800577797,0.6586826347305389,0.5342465753424658,0.8127090301003345,612,bert-base-multilingual-cased,218.9,19900,18880,0,1020,,gold+bulk,False,0.1,0.07,54.0,0.6454248366013072,0.6584967320261438,0.6534313725490196,0.6446078431372549,0.2773875806922078,0.3642859508086619,0.22621551156044,2.150829107144543,0.7877088785171509,22.05823242138721,,,2.3400000000000007,0.1960967660983817,0.068301905483356,0.4319808693539735,0.2732775889160423,0.482166968437308,0.4119673334868698,0.1608887768647576
indomain.Social.full_mbert.s21,full_mbert,indomain,Social,21,,0.6526222491721888,0.6588235294117647,0.5089605734767025,0.7900826446280992,612,bert-base-multilingual-cased,216.1,19900,18880,0,1020,,gold+bulk,False,0.1,0.07,57.0,0.6552287581699346,0.6352941176470588,0.6375816993464052,0.6339869281045751,0.2635859072305107,0.3541992714285403,0.2111594974994659,2.1464294828997272,0.7970371246337891,21.88290079832385,,,2.4150000000000005,0.2053120720128965,0.0762880511344287,0.3857297906516501,0.1950894675658407,0.4868795891874264,0.4132340058282396,0.152467521545277
indomain.Social.full_mbert.s42,full_mbert,indomain,Social,42,,0.671836270767248,0.6840579710144927,0.5205479452054794,0.8109028960817717,612,bert-base-multilingual-cased,210.4,19900,18880,0,1020,,gold+bulk,False,0.1,0.07,63.0,0.6519607843137255,0.6418300653594772,0.6336601307189542,0.6318627450980392,0.283565703430765,0.3651977193009697,0.2171545624732971,2.235802227953461,0.7878828644752502,21.90276626020376,,,2.4250000000000003,0.1974122279337221,0.0787032581614724,0.4705742614875562,0.1406025417114346,0.4940162491280368,0.4176175676985405,0.1617864435381457
indomain.Social.full_mdeberta.s13,full_mdeberta,indomain,Social,13,,0.742862852782935,0.7594202898550725,0.6293706293706294,0.8397976391231029,612,microsoft/mdeberta-v3-base,324.1,19900,18880,0,1020,,gold+bulk,False,0.1,0.07,62.0,0.6650326797385621,0.6607843137254902,0.6630718954248366,0.6601307189542484,0.3624111614000235,0.4516741685538692,0.30802783370018,1.620468341425665,0.8222944140434265,16.566703859641226,,,1.955,0.1177419956722608,0.0699637612068296,0.2972027589324912,0.1864540378680748,0.3734658595808405,0.3472467013456658,0.0974756269385309
indomain.Social.full_mdeberta.s21,full_mdeberta,indomain,Social,21,,0.7173857686041138,0.7422096317280453,0.5935483870967742,0.8163992869875223,612,microsoft/mdeberta-v3-base,312.6,19900,18880,0,1020,,gold+bulk,False,0.1,0.07,66.0,0.6764705882352942,0.6702614379084967,0.671078431372549,0.6644607843137255,0.3312444168917878,0.3888593226985737,0.296290248632431,1.569771221654139,0.8470642566680908,17.11642015946925,,,1.5250000000000004,0.1117542068691753,0.0444019698612108,0.2518706578094789,0.1252303413734535,0.3834597469019264,0.3608469247561028,0.1075074065732204
indomain.Social.full_mdeberta.s42,full_mdeberta,indomain,Social,42,,0.7369091462766085,0.7578347578347578,0.6170212765957447,0.8358714043993232,612,microsoft/mdeberta-v3-base,333.9,19900,18880,0,1020,,gold+bulk,False,0.1,0.07,57.0,0.6879084967320261,0.6803921568627451,0.6785947712418301,0.6756535947712419,0.3301892453935287,0.4155782098038126,0.3078157901763916,1.657326709560022,0.8144443035125732,16.50235128442934,,,1.95,0.1312919413118136,0.0592624763724285,0.2874825661873352,0.130562171303523,0.3850329394414276,0.3536240513413534,0.1032801029380986
indomain.Social.full_midinject.s13,full_midinject,indomain,Social,13,,0.7061706605317153,0.7413793103448276,0.5714285714285714,0.8057040998217468,612,xlm-roberta-base,254.1,19900,18880,0,1020,,gold+bulk,False,0.1,0.07,54.0,0.6977124183006536,0.6777777777777778,0.675,0.6726307189542484,0.3322992973398542,0.3728314618583331,0.2415582984685897,1.8462098180252864,0.7990741729736328,18.82806080677081,,,1.6300000000000003,0.131272664562791,0.054273813650784,0.2535953364476663,0.1195442552573979,0.3938299508889404,0.363569856974182,0.1276552000625661
indomain.Social.full_midinject.s21,full_midinject,indomain,Social,21,,0.714480719012441,0.7190332326283988,0.6038961038961039,0.8205128205128205,612,xlm-roberta-base,265.6,19900,18880,0,1020,,gold+bulk,False,0.1,0.07,56.0,0.7091503267973857,0.707843137254902,0.7050653594771242,0.7023692810457516,0.3480532640989421,0.412562244367596,0.2722858190536499,1.7351679205889432,0.7788804173469543,20.590736239972724,,,1.9850000000000003,0.159341332421981,0.0637623764949305,0.3135155765604449,0.1688300291817114,0.4177605576053247,0.3702710451900305,0.1321714937011235
indomain.Social.full_midinject.s42,full_midinject,indomain,Social,42,,0.729881230373327,0.760806916426513,0.6084142394822006,0.8204225352112676,612,xlm-roberta-base,259.6,19900,18880,0,1020,,gold+bulk,False,0.1,0.07,59.0,0.7124183006535948,0.696078431372549,0.7040849673202615,0.6949346405228758,0.3651202863303427,0.4323328540063761,0.2808737158775329,1.7019491813944423,0.8279363512992859,19.960339852800335,,,1.645,0.1288424148281397,0.0429663151295815,0.2466584567631924,0.1012697263092864,0.3842249561844345,0.3561209829340255,0.123124262814998
indomain.Social.mbert_ft.s13,mbert_ft,indomain,Social,13,,0.6198717522546214,0.6186186186186187,0.4701986754966887,0.7707979626485568,612,bert-base-multilingual-cased,198.7,19900,18880,0,1020,,gold+bulk,False,,,50.0,0.6388888888888888,0.6176470588235294,0.6163398692810458,0.6066993464052287,0.2361705516150172,0.2841557723968308,0.142480120062828,2.797080263872884,0.2728199660778045,24.095734967538142,,,2.505000000000001,0.2071966980418393,0.044389092345778,0.4080469983344867,0.1173594418269199,0.5251130986579741,0.4511731727636824,0.1622905721928453
indomain.Social.mbert_ft.s21,mbert_ft,indomain,Social,21,,0.6427940943906053,0.650887573964497,0.5159420289855072,0.7615526802218114,612,bert-base-multilingual-cased,191.1,19900,18880,0,1020,,gold+bulk,False,,,54.0,0.619281045751634,0.5934640522875817,0.5906862745098039,0.5868464052287582,0.2355333133302182,0.2475852896586763,0.1071321815252304,2.7539440688793637,0.286770224571228,23.04109339618397,,,1.85,0.1247331741814425,0.047085995566295,0.2808006446502981,0.1069710634452075,0.4918240272999025,0.4616293639281708,0.1593438628964044
indomain.Social.mbert_ft.s42,mbert_ft,indomain,Social,42,,0.6444248806928665,0.6280487804878049,0.5324232081911263,0.7728026533996684,612,bert-base-multilingual-cased,194.3,19900,18880,0,1020,,gold+bulk,False,,,55.0,0.6241830065359477,0.6179738562091504,0.6161764705882353,0.6118464052287582,0.2545009391992276,0.3141673748771044,0.1480285227298736,2.539822331678149,0.3065751194953918,22.828513254163276,,,2.5850000000000013,0.1918489746955439,0.0375626525837147,0.3200990842056783,0.0951554333794906,0.5034702191613546,0.436623368355729,0.141058071573298
indomain.Social.mdeberta_dapt.s13,mdeberta_dapt,indomain,Social,13,,0.7307653906593314,0.7465181058495822,0.615916955017301,0.8298611111111112,612,microsoft/mdeberta-v3-base,278.6,19900,18880,0,1020,,gold+bulk,False,,,54.0,0.6813725490196079,0.6745098039215687,0.6717320261437908,0.671078431372549,0.3268701457818347,0.3415986086765037,0.262345016002655,1.623721319768115,0.3274825513362884,14.549844712262374,,,1.4199999999999993,0.0771426824241498,0.0352066284388431,0.1732118942899203,0.091395899277289,0.3597795462541617,0.3514941401247508,0.0868503992645654
indomain.Social.mdeberta_dapt.s21,mdeberta_dapt,indomain,Social,21,,0.7427842485313749,0.7578347578347578,0.6363636363636364,0.8341543513957307,612,microsoft/mdeberta-v3-base,293.0,19900,18880,0,1020,,gold+bulk,False,,,57.0,0.6977124183006536,0.6869281045751634,0.6821895424836601,0.6755718954248366,0.3560896710388111,0.4188057975353954,0.3097471296787262,1.5750904834773596,0.2943128645420074,15.751164372037104,,,1.7900000000000005,0.0982068007160786,0.0581986390359205,0.2310370963646911,0.1210502638229614,0.348080405532654,0.3295509800632238,0.0712695606095288
indomain.Social.mdeberta_dapt.s42,mdeberta_dapt,indomain,Social,42,,0.7243448754718615,0.7535410764872521,0.5934065934065934,0.8260869565217391,612,microsoft/mdeberta-v3-base,290.1,19900,18880,0,1020,,gold+bulk,False,,,59.0,0.6781045751633987,0.6781045751633987,0.6704248366013071,0.6678921568627451,0.3625510029861731,0.4382115335972779,0.2891973257064819,1.6520520821129947,0.22864930331707,14.99615351774161,,,2.0,0.1313604247504901,0.0685532161207245,0.3200915441328343,0.155838226375595,0.3765359336308842,0.3459368194091328,0.0928619853698159
indomain.Social.mdeberta_ft.s13,mdeberta_ft,indomain,Social,13,,0.7284144139195364,0.7558139534883721,0.6132404181184669,0.8161888701517707,612,microsoft/mdeberta-v3-base,272.5,19900,18880,0,1020,,gold+bulk,False,,,57.0,0.630718954248366,0.6650326797385621,0.6718954248366014,0.6696895424836601,0.3417841733310082,0.350619040115727,0.2594698369503021,1.734038750320489,0.4471628963947296,13.433839816138024,,,1.5199999999999994,0.0944570976107454,0.0361702780916199,0.2464335646790046,0.1062268955485836,0.3577736829788936,0.3418102874410575,0.0827444408864567
indomain.Social.mdeberta_ft.s21,mdeberta_ft,indomain,Social,21,,0.6861045053295868,0.717201166180758,0.5230769230769231,0.8180354267310789,612,microsoft/mdeberta-v3-base,294.5,19900,18880,0,1020,,gold+bulk,False,,,60.0,0.6617647058823529,0.6669934640522875,0.6616013071895425,0.6612745098039216,0.3397544878414855,0.3865715745974392,0.2746411561965942,1.7825664444869913,0.4342253506183624,14.488775575553865,,,1.7049999999999998,0.1475162927755366,0.0630885573462384,0.2721680550649819,0.1757858400826736,0.3978753117531397,0.3612471112678015,0.1017027008976988
indomain.Social.mdeberta_ft.s42,mdeberta_ft,indomain,Social,42,,0.714365384768597,0.7441860465116279,0.5683453237410072,0.8305647840531561,612,microsoft/mdeberta-v3-base,292.0,19900,18880,0,1020,,gold+bulk,False,,,53.0,0.6666666666666666,0.6620915032679738,0.6647058823529411,0.6691993464052287,0.3326425442131503,0.4075509577968528,0.2902498841285705,1.702515003623022,0.3545083403587341,14.16920543257071,,,1.865,0.1499901037000257,0.0525680372989765,0.3106912539828214,0.2183622871763226,0.3850350635149888,0.3472421767884596,0.1208046538081112
indomain.Social.tfidf_linear.s100,tfidf_linear,indomain,Social,100,,0.6608054345702037,0.6647230320699709,0.5347985347985348,0.7828947368421053,612,,59.7,19900,18880,0,1020,,,,,,,,,,,,,,,,,,,,,,,,,,
indomain.Social.tfidf_linear.s13,tfidf_linear,indomain,Social,13,,0.6608054345702037,0.6647230320699709,0.5347985347985348,0.7828947368421053,612,,65.3,19900,18880,0,1020,,,,,,,,,,,,,,,,,,,,,,,,,,
indomain.Social.tfidf_linear.s21,tfidf_linear,indomain,Social,21,,0.6608054345702037,0.6647230320699709,0.5347985347985348,0.7828947368421053,612,,59.6,19900,18880,0,1020,,,,,,,,,,,,,,,,,,,,,,,,,,
indomain.Social.tfidf_linear.s42,tfidf_linear,indomain,Social,42,,0.6608054345702037,0.6647230320699709,0.5347985347985348,0.7828947368421053,612,,53.1,19900,18880,0,1020,,,,,,,,,,,,,,,,,,,,,,,,,,
indomain.Social.tfidf_linear.s87,tfidf_linear,indomain,Social,87,,0.6608054345702037,0.6647230320699709,0.5347985347985348,0.7828947368421053,612,,68.5,19900,18880,0,1020,,,,,,,,,,,,,,,,,,,,,,,,,,
indomain.Social.xlmr_add.s13,xlmr_add,indomain,Social,13,,0.7121050063751175,0.7454545454545455,0.5694915254237288,0.8213689482470785,612,xlm-roberta-base,256.6,19900,18880,0,1020,,gold+bulk,False,,,50.0,0.6781045751633987,0.6813725490196079,0.6754901960784314,0.6679738562091503,0.2469383613137936,0.2939703178022532,0.1956132054328918,2.3974214687307174,0.3487500250339508,17.57069635310346,,,1.7400000000000002,0.1284918562125326,0.0465263843463509,0.3089783516204716,0.1254955329312936,0.3978243735418882,0.3660069984575686,0.1249973685263602
indomain.Social.xlmr_add.s21,xlmr_add,indomain,Social,21,,0.7007391907572419,0.7418397626112759,0.5441176470588235,0.816260162601626,612,xlm-roberta-base,248.7,19900,18880,0,1020,,gold+bulk,False,,,54.0,0.6454248366013072,0.6627450980392157,0.6616013071895425,0.6531045751633987,0.2468594048621604,0.3099485120439643,0.1817869842052459,2.530692907881637,0.3581510484218597,18.298660766448265,,,1.545,0.1184571131262662,0.05560623616469,0.2982522001504899,0.1648789924425335,0.3965239527628589,0.3715794637658934,0.1014641274490387
indomain.Social.xlmr_add.s42,xlmr_add,indomain,Social,42,,0.6981753994797474,0.6892307692307692,0.5886287625418061,0.8166666666666667,612,xlm-roberta-base,249.7,19900,18880,0,1020,,gold+bulk,False,,,53.0,0.6781045751633987,0.6712418300653594,0.6602941176470588,0.6566176470588235,0.2928608088579527,0.3144575027327216,0.183607816696167,2.4265370970697875,0.3326363861560821,18.046516533176742,,,1.4599999999999995,0.103678800973153,0.0571864362894935,0.2529638135634401,0.1589822901497897,0.3760068201320822,0.3588998157115661,0.0978685221553973
indomain.Social.xlmr_dapt.s13,xlmr_dapt,indomain,Social,13,,0.7029947113980728,0.7352941176470589,0.5675675675675675,0.8061224489795918,612,xlm-roberta-base,284.6,19900,18880,0,1020,,gold+bulk,False,,,48.0,0.6879084967320261,0.6892156862745098,0.6872549019607843,0.6796568627450981,0.3359799062330112,0.4018743454791942,0.2118157744407653,2.127390120237543,0.275194764137268,16.532357800652257,,,2.0700000000000003,0.1724652312791947,0.0723439742901739,0.3583759566787143,0.1514326904326785,0.4232157562725963,0.3702929799118813,0.1405141046421154
indomain.Social.xlmr_dapt.s21,xlmr_dapt,indomain,Social,21,,0.7230168804426231,0.7380952380952381,0.6138613861386139,0.8170940170940171,612,xlm-roberta-base,230.9,19900,18880,0,1020,,gold+bulk,False,,,54.0,0.6895424836601307,0.6624183006535947,0.6571895424836601,0.6517156862745098,0.3123008367104056,0.3662062233773295,0.1631530821323394,2.3068037057255366,0.457874983549118,16.22418122875899,,,1.3549999999999995,0.0864567313082748,0.04484109868487,0.163389486776588,0.1063619759275399,0.3765305182402433,0.3647885175554571,0.0973135469333136
indomain.Social.xlmr_dapt.s42,xlmr_dapt,indomain,Social,42,,0.7233097077710431,0.7409638554216867,0.5973154362416108,0.8316498316498316,612,xlm-roberta-base,239.9,19900,18880,0,1020,,gold+bulk,False,,,53.0,0.7156862745098039,0.6937908496732026,0.6924836601307189,0.6822712418300654,0.3401432144955058,0.3919066800393347,0.1973580420017242,2.1956051515108324,0.3170829713344574,17.333788943143276,,,1.7250000000000003,0.124928297473537,0.0536322834333988,0.2777903617619313,0.1789511512779049,0.3754728539888765,0.3454171795002156,0.1057052572067279
indomain.Social.xlmr_film.s13,xlmr_film,indomain,Social,13,,0.7052053532833282,0.7306501547987616,0.5705329153605015,0.8144329896907216,612,xlm-roberta-base,248.8,19900,18880,0,1020,,gold+bulk,False,,,49.0,0.6748366013071896,0.6620915032679738,0.667156862745098,0.6588235294117647,0.2837181390749412,0.3145567695200453,0.1755154430866241,2.44287487364405,0.3597757220268249,18.34702054864209,,,1.7049999999999998,0.116648318643913,0.0587704152143933,0.3237981650706062,0.1503517779480382,0.4045204881075638,0.3735785081851026,0.1342976563179717
indomain.Social.xlmr_film.s21,xlmr_film,indomain,Social,21,,0.6979137606294038,0.7044776119402985,0.5684931506849316,0.8207705192629816,612,xlm-roberta-base,243.9,19900,18880,0,1020,,gold+bulk,False,,,56.0,0.6764705882352942,0.6666666666666666,0.6674836601307189,0.6641339869281045,0.2857850001007735,0.3379028394412426,0.1845735907554626,2.374643625036858,0.3705873191356659,18.29355407323156,,,1.7950000000000002,0.1339969266915973,0.055191652532409,0.2556399185826128,0.1260616985365538,0.3950809868842414,0.364410058853812,0.1009305509364198
indomain.Social.xlmr_film.s42,xlmr_film,indomain,Social,42,,0.7072020615407539,0.7073170731707317,0.5993485342019544,0.8149405772495756,612,xlm-roberta-base,242.5,19900,18880,0,1020,,gold+bulk,False,,,54.0,0.6470588235294118,0.6627450980392157,0.657843137254902,0.6560457516339869,0.3027706707950567,0.3121796808065993,0.1749166399240493,2.4256376064632774,0.4059211909770965,17.31169712559486,,,1.82,0.1343012011815911,0.0546240614735471,0.3851601801615374,0.1410592328224461,0.4076851361474591,0.3720083698188802,0.1131516995415584
indomain.Social.xlmr_ft.s100,xlmr_ft,indomain,Social,100,,0.724776844744389,0.7477203647416414,0.5966101694915255,0.83,612,xlm-roberta-base,253.3,19900,18880,0,1020,,gold+bulk,False,,,49.0,0.704248366013072,0.6866013071895425,0.6777777777777778,0.668218954248366,0.325142360381203,0.391576932442547,0.1975146532058715,2.291400497323673,0.3061749935150146,19.065841827891703,,,1.86,0.1349333015618592,0.0606488646364021,0.3629484248690944,0.2362233910810167,0.4004166135022468,0.3613002009877049,0.1211379087379626
indomain.Social.xlmr_ft.s13,xlmr_ft,indomain,Social,13,,0.6909647264755895,0.7239263803680982,0.5579710144927537,0.7909967845659164,612,xlm-roberta-base,234.9,19900,18880,0,1020,,gold+bulk,False,,,53.0,0.6339869281045751,0.6395424836601307,0.6336601307189542,0.6293300653594771,0.2181856296374142,0.2440811570812404,0.1545581221580505,2.6809680572720738,0.4226276874542236,18.182344605218304,,,1.385,0.0847059772069268,0.0397877302227874,0.1706485740194463,0.0798971721841297,0.3932019890872009,0.3836100977007422,0.0836880633199796
indomain.Social.xlmr_ft.s21,xlmr_ft,indomain,Social,21,,0.6954012760899846,0.7129909365558912,0.5704918032786885,0.8027210884353742,612,xlm-roberta-base,240.9,19900,18880,0,1020,,gold+bulk,False,,,53.0,0.6764705882352942,0.661437908496732,0.6468954248366013,0.6392156862745098,0.2799243051651736,0.3376270768119918,0.1745094209909439,2.458992535928317,0.3573901355266571,16.83247672617713,,,1.695,0.1262464800692146,0.0551915718728899,0.3726748357819885,0.1477682276801705,0.4067185609250009,0.3763784803238697,0.1055263559154005
indomain.Social.xlmr_ft.s42,xlmr_ft,indomain,Social,42,,0.6954106280193236,0.7076923076923077,0.5618729096989966,0.8166666666666667,612,xlm-roberta-base,242.2,19900,18880,0,1020,,gold+bulk,False,,,49.0,0.6748366013071896,0.6820261437908497,0.6781045751633987,0.6644607843137255,0.2813284694910323,0.3287168820033403,0.1675441265106201,2.3315447265768587,0.3113459050655365,17.90235111663198,,,1.7199999999999995,0.1387576538403696,0.0579148243571454,0.3018057385588996,0.1343677795491826,0.4135070566972724,0.3766820072795838,0.1199673932082718
indomain.Social.xlmr_ft.s87,xlmr_ft,indomain,Social,87,,0.6808848676118252,0.724233983286908,0.5190839694656488,0.7993366500829188,612,xlm-roberta-base,179.6,19900,18880,0,1020,,gold+bulk,False,,,54.0,0.630718954248366,0.6411764705882353,0.6276143790849673,0.616421568627451,0.2593091762323672,0.2323226982440081,0.1115880236029625,2.544025503601278,0.4837774634361267,17.803239408435964,,,1.224999999999999,0.0766048091196218,0.0684252397832881,0.1694223914502799,0.1601167826613251,0.3802916998467313,0.3760768232441616,0.0719622400996771
indomain.Social.xlmr_supcon.s100,xlmr_supcon,indomain,Social,100,,0.7077289792831483,0.7378048780487805,0.5714285714285714,0.813953488372093,612,xlm-roberta-base,262.9,19900,18880,0,1020,,gold+bulk,False,0.1,0.07,59.0,0.6617647058823529,0.6591503267973856,0.6609477124183006,0.6636437908496732,0.3103032243005328,0.3753457593146085,0.2461362332105636,1.9464848735489555,0.8021817803382874,22.338810455138603,,,1.7950000000000002,0.1368517093340835,0.0630390071163784,0.3101619740063049,0.1420969789829924,0.4134035620286558,0.3756757544824712,0.1291766428026141
indomain.Social.xlmr_supcon.s13,xlmr_supcon,indomain,Social,13,,0.670707963758003,0.6770186335403726,0.5303514376996805,0.8047538200339559,612,xlm-roberta-base,267.9,19900,18880,0,1020,,gold+bulk,False,0.1,0.07,52.0,0.6748366013071896,0.6843137254901961,0.6763071895424837,0.6704248366013071,0.2954050075572667,0.3559569729885966,0.2401543110609054,1.935100748614364,0.8116632699966431,20.87265387950826,,,1.7800000000000005,0.1623326937926649,0.082182747050232,0.412418534329366,0.1996511832614521,0.4329247171328455,0.3870996502717616,0.1396315693860366
indomain.Social.xlmr_supcon.s21,xlmr_supcon,indomain,Social,21,,0.6918208012427858,0.7134146341463414,0.5641025641025641,0.797945205479452,612,xlm-roberta-base,257.6,19900,18880,0,1020,,gold+bulk,False,0.1,0.07,56.0,0.6683006535947712,0.6640522875816993,0.6699346405228758,0.6678104575163398,0.3095908506193461,0.3744379206094457,0.2434467226266861,1.9008739273671056,0.795897364616394,19.01528979068344,,,1.91,0.169214656227375,0.0570601626694826,0.2941974424981747,0.1391460876881373,0.4385238760428576,0.3883851030817619,0.1390821916149558
indomain.Social.xlmr_supcon.s42,xlmr_supcon,indomain,Social,42,,0.6769165211359659,0.7044025157232704,0.5222929936305732,0.8040540540540541,612,xlm-roberta-base,266.2,19900,18880,0,1020,,gold+bulk,False,0.1,0.07,59.0,0.6584967320261438,0.6598039215686274,0.6642156862745098,0.6616830065359477,0.2942167886056014,0.3609643824566843,0.2286758422851562,1.9310070213745447,0.7898890972137451,20.805610492912635,,,1.92,0.1735793906848899,0.0595907251284982,0.301111368570515,0.1760358110142145,0.4552754693671941,0.402543506145967,0.1598508193841929
indomain.Social.xlmr_supcon.s87,xlmr_supcon,indomain,Social,87,,0.6957866628467114,0.7,0.5780730897009967,0.8092868988391376,612,xlm-roberta-base,254.5,19900,18880,0,1020,,gold+bulk,False,0.1,0.07,53.0,0.6633986928104575,0.681045751633987,0.6766339869281046,0.6723039215686275,0.3162497553869478,0.3754873050366091,0.2558916509151459,1.9103335982914789,0.7879181504249573,19.394201499630544,,,1.96,0.1589915134464183,0.059126350441848,0.3050231527790128,0.1270051438663201,0.4267790605966817,0.3814441775828476,0.1303722482823345
indomain.Tech.allma_ft.s13,allma_ft,indomain,Tech,13,,0.6731773550850372,0.717948717948718,0.5639686684073107,0.7376146788990826,776,allmalab/bert-base-aze,125.7,28630,27337,0,1293,,gold+bulk,False,,,53.0,0.6597938144329897,0.647680412371134,0.639561855670103,0.6289948453608247,0.2135509707292401,0.1856012635894859,0.076494961977005,3.3447191822256905,0.5025346875190735,22.97925286064761,,,1.0849999999999995,0.0491952106734027,0.0410086393922471,0.1378719878415247,0.0850671536592102,0.4218991737978921,0.4209089984392994,0.060289715285083
indomain.Tech.allma_ft.s21,allma_ft,indomain,Tech,21,,0.6584157192584059,0.710077519379845,0.5109034267912772,0.7542662116040956,776,allmalab/bert-base-aze,167.6,28630,27337,0,1293,,gold+bulk,False,,,50.0,0.6610824742268041,0.6515463917525773,0.6358247422680412,0.6228737113402062,0.2168224846912479,0.1955835334754384,0.062556616961956,3.707787734696898,0.4965282082557678,23.513846719443933,,,0.9150000000000004,0.0349171528090236,0.0402213080270454,0.0989000278095495,0.0959344901417507,0.4185571843923504,0.4180309873318288,0.0385264331026937
indomain.Tech.allma_ft.s42,allma_ft,indomain,Tech,42,,0.6330277618426124,0.6020618556701031,0.5644444444444444,0.7325769854132901,776,allmalab/bert-base-aze,164.6,28630,27337,0,1293,,gold+bulk,False,,,50.0,0.6610824742268041,0.6518041237113402,0.6408505154639176,0.6304123711340206,0.2516566456158958,0.2006204736113514,0.0767192617058754,3.5416607233485884,0.3731586337089538,26.265833374450786,,,1.2999999999999996,0.0814176775294111,0.0422923969797461,0.2040073695779084,0.1793879106070016,0.4585329106237367,0.4492801598441147,0.1093695698726394
indomain.Tech.berturk_ft.s13,berturk_ft,indomain,Tech,13,,0.654341132613204,0.6991869918699187,0.5420054200542005,0.721830985915493,776,dbmdz/bert-base-turkish-128k-cased,197.7,28630,27337,0,1293,,gold+bulk,False,,,54.0,0.6585051546391752,0.6265463917525773,0.6108247422680413,0.5941365979381443,0.1574993068582484,0.0532966276953329,0.0299705602228641,3.664968548276077,0.5213009119033813,25.6887053092332,,,0.8200000000000003,0.0555454151921277,0.0549554284816741,0.1467475077909865,0.1730476062593075,0.4235494370402978,0.4237759242111201,0.0408962040478595
indomain.Tech.berturk_ft.s21,berturk_ft,indomain,Tech,21,,0.6825385561493009,0.7005253940455342,0.5929919137466307,0.7540983606557377,776,dbmdz/bert-base-turkish-128k-cased,198.9,28630,27337,0,1293,,gold+bulk,False,,,55.0,0.6597938144329897,0.6221649484536083,0.6170103092783505,0.6013530927835051,0.2123953610971946,0.0917394254452555,0.033791322261095,3.6819731679685774,0.4711904525756836,24.752694058949444,,,0.9450000000000004,0.0504321677666359,0.0478222256910658,0.1722842376714523,0.1433585006057353,0.4194151336245789,0.4189548178455755,0.0457802134515712
indomain.Tech.berturk_ft.s42,berturk_ft,indomain,Tech,42,,0.6788259063545548,0.7258320126782885,0.5377643504531722,0.7728813559322034,776,dbmdz/bert-base-turkish-128k-cased,243.9,28630,27337,0,1293,,gold+bulk,False,,,50.0,0.6353092783505154,0.6311855670103093,0.6255154639175258,0.6192010309278351,0.2286905503340425,0.1386307761280068,0.0652482658624649,3.456296619338186,0.4557366073131561,23.13241193505159,,,1.069999999999999,0.0436889231570646,0.0406989766455527,0.1472541199564059,0.1572300091270797,0.4077785987237999,0.407409832458657,0.041797133763438
indomain.Tech.fasttext_mlp.s100,fasttext_mlp,indomain,Tech,100,,0.5661151157946486,0.5680272108843537,0.5133689839572193,0.6169491525423729,776,,24.2,28630,27337,0,1293,,,,,,,,,,,,,,,,,,,,,,,,,,
indomain.Tech.fasttext_mlp.s13,fasttext_mlp,indomain,Tech,13,,0.5562597650774408,0.6137404580152672,0.4422442244224422,0.6127946127946128,776,,23.0,28630,27337,0,1293,,,,,,,,,,,,,,,,,,,,,,,,,,
indomain.Tech.fasttext_mlp.s21,fasttext_mlp,indomain,Tech,21,,0.574111337179113,0.5993150684931506,0.4986449864498645,0.6243739565943238,776,,27.8,28630,27337,0,1293,,,,,,,,,,,,,,,,,,,,,,,,,,
indomain.Tech.fasttext_mlp.s42,fasttext_mlp,indomain,Tech,42,,0.551662501416521,0.5699115044247788,0.4756756756756757,0.6094003241491086,776,,31.9,28630,27337,0,1293,,,,,,,,,,,,,,,,,,,,,,,,,,
indomain.Tech.fasttext_mlp.s87,fasttext_mlp,indomain,Tech,87,,0.5562983422765045,0.5758620689655173,0.4901960784313725,0.6028368794326241,776,,78.3,28630,27337,0,1293,,,,,,,,,,,,,,,,,,,,,,,,,,
indomain.Tech.full.s100,full,indomain,Tech,100,,0.7061316422826018,0.7256317689530686,0.6,0.7927631578947368,776,xlm-roberta-base,258.4,28630,27337,0,1293,,gold+bulk,False,0.1,0.07,56.0,0.6829896907216495,0.6664948453608247,0.6594072164948453,0.6506443298969072,0.2927817119652967,0.3106412111853762,0.1766396015882492,2.1189473957750464,0.8823608160018921,18.35528659893865,,,1.2499999999999996,0.0580743736235696,0.0467628248223995,0.1526981531966638,0.1033868003698295,0.3914430304054559,0.3883775020159968,0.0484667181499017
indomain.Tech.full.s13,full,indomain,Tech,13,,0.6565077982297001,0.6880570409982175,0.5226130653266332,0.7588532883642496,776,xlm-roberta-base,264.2,28630,27337,0,1293,,gold+bulk,False,0.1,0.07,58.0,0.6585051546391752,0.6420103092783506,0.6346649484536082,0.6263530927835051,0.2354316189268302,0.2224599971643776,0.1160513460636138,2.598151549340681,0.8710165023803711,16.244464314477895,,,1.285,0.0859101886919645,0.0528528522050513,0.1423897696965683,0.115957168706101,0.4406748207480256,0.4312831947425688,0.0944219086123002
indomain.Tech.full.s21,full,indomain,Tech,21,,0.714268953584975,0.7601351351351351,0.6089238845144357,0.7737478411053541,776,xlm-roberta-base,310.0,28630,27337,0,1293,,gold+bulk,False,0.1,0.07,53.0,0.6739690721649485,0.6662371134020618,0.6618556701030928,0.6568298969072165,0.2859379383369212,0.2964799164549299,0.1768884360790252,2.1174949209151666,0.8717522621154785,18.942239964858,,,1.28,0.0685902116601826,0.0395222109650112,0.1643485104428246,0.1091992525078023,0.3985159826955454,0.3918717159565428,0.0622072696941605
indomain.Tech.full.s42,full,indomain,Tech,42,,0.7170203611329891,0.7542662116040956,0.6051282051282051,0.7916666666666666,776,xlm-roberta-base,197.9,28630,27337,0,1293,,gold+bulk,False,0.1,0.07,57.0,0.7023195876288659,0.6731958762886598,0.660180412371134,0.6477448453608248,0.2655150985179575,0.2400279089651068,0.1293230503797531,1.9935246457572,0.886275053024292,15.71544297478729,,,0.9650000000000004,0.0626750362828264,0.0630968904531402,0.2094335933468676,0.1806891597769829,0.3976917741910462,0.3977602351763578,0.0740456888534258
indomain.Tech.full.s87,full,indomain,Tech,87,,0.6930673934887972,0.7368421052631579,0.5770171149144254,0.7653429602888087,776,xlm-roberta-base,326.6,28630,27337,0,1293,,gold+bulk,False,0.1,0.07,59.0,0.7048969072164949,0.6850515463917526,0.6730670103092784,0.6599871134020618,0.2860121925808822,0.2749859406532051,0.1465629041194915,2.0872081698232683,0.8612238764762878,18.668087845876936,,,1.3599999999999994,0.0740617676655955,0.0434775479093998,0.1942920747776926,0.1386560270418366,0.4173936485229333,0.4075212449425582,0.08836624955805
indomain.Tech.full_mbert.s13,full_mbert,indomain,Tech,13,,0.637168959957391,0.6541095890410958,0.5525672371638142,0.7048300536672629,776,bert-base-multilingual-cased,155.1,28630,27337,0,1293,,gold+bulk,False,0.1,0.07,56.0,0.6134020618556701,0.593298969072165,0.5797680412371135,0.5750644329896907,0.1931777441012927,0.1722275254680645,0.0894859656691551,2.742744275957378,0.8833590149879456,19.863029931262915,,,1.2149999999999992,0.0588619292510005,0.0431517979473292,0.133848205930831,0.1112785744538069,0.4700998101409834,0.4655676132732271,0.0895070826276557
indomain.Tech.full_mbert.s21,full_mbert,indomain,Tech,21,,0.6393802683169956,0.650088809946714,0.5900216919739696,0.678030303030303,776,bert-base-multilingual-cased,211.1,28630,27337,0,1293,,gold+bulk,False,0.1,0.07,59.0,0.6172680412371134,0.5971649484536082,0.5904639175257732,0.5872422680412371,0.23348076399894,0.2037196760722392,0.1021805480122566,2.510124305494334,0.8873862028121948,21.882884737489864,,,1.3250000000000002,0.0777980909679733,0.0518196267558671,0.2587730107258654,0.1530159910953191,0.4717349997726439,0.461609891863692,0.1091685085255604
indomain.Tech.full_mbert.s42,full_mbert,indomain,Tech,42,,0.6602062957618513,0.6933333333333334,0.5818181818181818,0.7054673721340388,776,bert-base-multilingual-cased,215.3,28630,27337,0,1293,,gold+bulk,False,0.1,0.07,63.0,0.6211340206185567,0.6069587628865979,0.6012886597938144,0.5913015463917526,0.1960065672963728,0.1928847195175557,0.1121344789862632,2.460801070564372,0.8762485384941101,23.45268320806846,,,1.435,0.1200629226909186,0.0861948564804602,0.3004166007197938,0.2117601837190441,0.4744188784746039,0.4587776544642437,0.0634880406125933
indomain.Tech.full_mdeberta.s13,full_mdeberta,indomain,Tech,13,,0.6724195957173807,0.7138364779874213,0.5408805031446541,0.7625418060200669,776,microsoft/mdeberta-v3-base,241.1,28630,27337,0,1293,,gold+bulk,False,0.1,0.07,62.0,0.6804123711340206,0.6538659793814433,0.6485824742268042,0.6396262886597938,0.2472156042732365,0.2520473049947294,0.1527711302042007,2.2520166030045368,0.9145221710205078,14.70058818016805,,,0.8400000000000003,0.0343972751393561,0.0495429805672208,0.129537312652721,0.1630019892621518,0.4120692449617393,0.4144840242480848,0.0506644018272004
indomain.Tech.full_mdeberta.s21,full_mdeberta,indomain,Tech,21,,0.678195950939472,0.7306397306397306,0.5415549597855228,0.7623931623931623,776,microsoft/mdeberta-v3-base,326.0,28630,27337,0,1293,,gold+bulk,False,0.1,0.07,65.0,0.6984536082474226,0.679639175257732,0.6667525773195876,0.6589561855670103,0.3007027357033564,0.3222350677713166,0.1771083921194076,2.02093985490432,0.9003545045852661,14.43034602427776,,,1.13,0.0759773774416596,0.054088803266361,0.1945496459637724,0.1592627088367521,0.4218345992543289,0.4173190334760058,0.0700137631224849
indomain.Tech.full_mdeberta.s42,full_mdeberta,indomain,Tech,42,,0.6582278554400095,0.7185430463576159,0.5189504373177842,0.7371900826446282,776,microsoft/mdeberta-v3-base,321.5,28630,27337,0,1293,,gold+bulk,False,0.1,0.07,58.0,0.6688144329896907,0.6579896907216495,0.6479381443298969,0.6382087628865979,0.2357437469640508,0.2419440261549478,0.1469666063785553,2.434192438258884,0.8950073719024658,15.343136868475714,,,1.1899999999999995,0.073323899352688,0.0457866375811207,0.2493362375907385,0.2154066443138391,0.4426771257621403,0.4364569844501942,0.0599659356272938
indomain.Tech.full_midinject.s13,full_midinject,indomain,Tech,13,,0.6817369206012796,0.7083333333333334,0.5684210526315789,0.7684563758389261,776,xlm-roberta-base,386.9,28630,27337,0,1293,,gold+bulk,False,0.1,0.07,53.0,0.6984536082474226,0.6706185567010309,0.660180412371134,0.6564432989690722,0.2650477595936941,0.2962712386431185,0.1756735742092132,2.358552866912871,0.8529817461967468,17.450598413106288,,,1.6,0.1115593121227339,0.0405925874700469,0.2710429143952991,0.1899276953399747,0.436821947447274,0.4151292311749499,0.0829136027688438
indomain.Tech.full_midinject.s21,full_midinject,indomain,Tech,21,,0.7018766127140511,0.7413793103448276,0.5918367346938775,0.7724137931034483,776,xlm-roberta-base,320.6,28630,27337,0,1293,,gold+bulk,False,0.1,0.07,56.0,0.6662371134020618,0.6701030927835051,0.6654639175257732,0.6541881443298969,0.2738685520725913,0.2716194529906151,0.1613007187843322,2.1603961804086835,0.8753422498703003,16.891509103580983,,,1.2699999999999991,0.0783402812431963,0.0533718777501618,0.2182066064555996,0.1355793880197813,0.4118658024302048,0.4047468249077522,0.0668196792687116
indomain.Tech.full_midinject.s42,full_midinject,indomain,Tech,42,,0.6974663800413338,0.7116788321167883,0.6056338028169014,0.7750865051903114,776,xlm-roberta-base,192.4,28630,27337,0,1293,,gold+bulk,False,0.1,0.07,59.0,0.6894329896907216,0.6693298969072164,0.6552835051546392,0.6380154639175257,0.2584819055490506,0.216909205515877,0.11332468688488,2.122226442208447,0.8831385374069214,16.464089195160472,,,1.0349999999999997,0.0583493349164573,0.0626774288776889,0.1848905747184088,0.1743267746541289,0.4108701007132217,0.4106768222072406,0.0945870218557148
indomain.Tech.mbert_ft.s13,mbert_ft,indomain,Tech,13,,0.6137148289034532,0.6436781609195402,0.5125348189415042,0.684931506849315,776,bert-base-multilingual-cased,143.2,28630,27337,0,1293,,gold+bulk,False,,,51.0,0.5927835051546392,0.5773195876288659,0.5711340206185567,0.5667525773195876,0.1400201347726174,0.0902125663369409,0.0603088103234767,2.944940199956083,0.3650404214859009,22.365668482172364,,,0.9650000000000004,0.0590631815814158,0.0589533417571715,0.1344315679027649,0.1453022346872362,0.4855779386378093,0.4859000873579688,0.0616514362450597
indomain.Tech.mbert_ft.s21,mbert_ft,indomain,Tech,21,,0.6430906386969659,0.671850699844479,0.5449438202247191,0.7124773960216998,776,bert-base-multilingual-cased,189.3,28630,27337,0,1293,,gold+bulk,False,,,54.0,0.6520618556701031,0.6265463917525773,0.6166237113402062,0.6090850515463917,0.2040216308350149,0.1747805980396543,0.1002169325947761,2.5772168422876223,0.3209581971168518,21.91465641473993,,,1.1449999999999996,0.0656598341810163,0.0528382150540927,0.2682945127177513,0.2086479477046107,0.4583022093320145,0.4541885912741317,0.0451056112357569
indomain.Tech.mbert_ft.s42,mbert_ft,indomain,Tech,42,,0.6240647720988525,0.6310679611650486,0.5783132530120482,0.6628131021194605,776,bert-base-multilingual-cased,148.7,28630,27337,0,1293,,gold+bulk,False,,,56.0,0.6211340206185567,0.5997422680412371,0.5926546391752577,0.5800902061855671,0.1714248265584489,0.1199722580803446,0.0666053667664527,2.7912749230979386,0.3803515136241913,22.10738383439493,,,0.9550000000000004,0.0614922683871124,0.0648389250444987,0.128749448677286,0.1410687532942214,0.4902670505816897,0.4919661707898432,0.0955782761853331
indomain.Tech.mdeberta_dapt.s13,mdeberta_dapt,indomain,Tech,13,,0.6816610088568966,0.7289433384379785,0.531986531986532,0.7840531561461794,776,microsoft/mdeberta-v3-base,278.7,28630,27337,0,1293,,gold+bulk,False,,,54.0,0.7036082474226805,0.6935567010309278,0.6804123711340206,0.6660438144329897,0.2478596478243152,0.209719103332288,0.1629492491483688,2.02099498714673,0.4447167515754699,12.88196700276458,,,0.8600000000000003,0.0712842943074917,0.0805170592868938,0.1852755537424949,0.222922654777864,0.3961406400743637,0.3974724655417664,0.0567233360018002
indomain.Tech.mdeberta_dapt.s21,mdeberta_dapt,indomain,Tech,21,,0.6719059545672609,0.6777163904235728,0.5677749360613811,0.7702265372168284,776,microsoft/mdeberta-v3-base,212.4,28630,27337,0,1293,,gold+bulk,False,,,58.0,0.7048969072164949,0.6850515463917526,0.6793814432989691,0.6640463917525773,0.2492712521493464,0.2372888755643791,0.1621921360492706,2.199781020927309,0.5050501823425293,13.521600549112414,,,0.7100000000000002,0.0505534473465033,0.0593372501966923,0.1350841090734854,0.1550578526305684,0.4221802501505343,0.4221585701353819,0.0670379621915065
indomain.Tech.mdeberta_dapt.s42,mdeberta_dapt,indomain,Tech,42,,0.6601450706427379,0.6468253968253969,0.5777777777777777,0.7558320373250389,776,microsoft/mdeberta-v3-base,272.5,28630,27337,0,1293,,gold+bulk,False,,,58.0,0.6817010309278351,0.6876288659793814,0.6802835051546392,0.6684922680412371,0.2736650193133353,0.2638545870833704,0.1516721695661544,2.179101703307587,0.4394142925739288,13.506503556362873,,,0.9950000000000004,0.0669640515920027,0.0697257061613871,0.1839376320938952,0.1845024271815248,0.4252788097200136,0.4253602750129555,0.0739378236099695
indomain.Tech.mdeberta_ft.s13,mdeberta_ft,indomain,Tech,13,,0.6729010826136537,0.7086092715231788,0.5570291777188329,0.7530647985989493,776,microsoft/mdeberta-v3-base,212.1,28630,27337,0,1293,,gold+bulk,False,,,57.0,0.6817010309278351,0.663659793814433,0.645618556701031,0.6332474226804123,0.2533410416788106,0.2056331818835927,0.1220133453607559,2.2028713001879225,0.5898724794387817,13.47015786679302,,,0.8700000000000003,0.0455190565349973,0.0461670491617248,0.1564575146103851,0.1538282884514871,0.4051499857303844,0.4061688466277894,0.0614374011732175
indomain.Tech.mdeberta_ft.s21,mdeberta_ft,indomain,Tech,21,,0.6991509150704712,0.7250437828371279,0.5989847715736041,0.7734241908006815,776,microsoft/mdeberta-v3-base,213.0,28630,27337,0,1293,,gold+bulk,False,,,58.0,0.6559278350515464,0.6502577319587629,0.6405927835051546,0.631701030927835,0.2844056111016608,0.2817925229059433,0.1585783511400222,2.1783498163125627,0.6981398463249207,14.231319374557728,,,0.7550000000000002,0.0612095337474269,0.0326155298779806,0.1263348106919871,0.1087962304269312,0.3911808075898846,0.3886138672843939,0.0655277248153193
indomain.Tech.mdeberta_ft.s42,mdeberta_ft,indomain,Tech,42,,0.6972601582328747,0.7402135231316725,0.5925925925925926,0.7589743589743589,776,microsoft/mdeberta-v3-base,357.6,28630,27337,0,1293,,gold+bulk,False,,,54.0,0.7100515463917526,0.6829896907216495,0.6676546391752577,0.6579896907216495,0.2982780824762007,0.2587457779378425,0.1364073902368545,2.1062112974126674,0.4038598835468292,12.433530058929636,,,1.4649999999999994,0.0815895582228878,0.0466587004923635,0.2368245435583613,0.1134133676802567,0.4042840041037674,0.3928165603664906,0.0885698089108256
indomain.Tech.tfidf_linear.s100,tfidf_linear,indomain,Tech,100,,0.647248460722677,0.6690391459074733,0.5529715762273901,0.7197346600331676,776,,105.2,28630,27337,0,1293,,,,,,,,,,,,,,,,,,,,,,,,,,
indomain.Tech.tfidf_linear.s13,tfidf_linear,indomain,Tech,13,,0.647248460722677,0.6690391459074733,0.5529715762273901,0.7197346600331676,776,,179.2,28630,27337,0,1293,,,,,,,,,,,,,,,,,,,,,,,,,,
indomain.Tech.tfidf_linear.s21,tfidf_linear,indomain,Tech,21,,0.647248460722677,0.6690391459074733,0.5529715762273901,0.7197346600331676,776,,69.3,28630,27337,0,1293,,,,,,,,,,,,,,,,,,,,,,,,,,
indomain.Tech.tfidf_linear.s42,tfidf_linear,indomain,Tech,42,,0.647248460722677,0.6690391459074733,0.5529715762273901,0.7197346600331676,776,,111.0,28630,27337,0,1293,,,,,,,,,,,,,,,,,,,,,,,,,,
indomain.Tech.tfidf_linear.s87,tfidf_linear,indomain,Tech,87,,0.647248460722677,0.6690391459074733,0.5529715762273901,0.7197346600331676,776,,72.1,28630,27337,0,1293,,,,,,,,,,,,,,,,,,,,,,,,,,
indomain.Tech.xlmr_add.s13,xlmr_add,indomain,Tech,13,,0.6853789205544567,0.7208121827411168,0.5907990314769975,0.7445255474452555,776,xlm-roberta-base,298.4,28630,27337,0,1293,,gold+bulk,False,,,53.0,0.6391752577319587,0.6407216494845361,0.6359536082474226,0.6268685567010309,0.252378494026411,0.2468176745318174,0.1161070987582206,2.2962779977354395,0.3913031816482544,17.544745174066357,,,1.2899999999999998,0.0689837316761569,0.0540004833181517,0.1889328309208038,0.1217605915806887,0.430110540955906,0.4268831789634305,0.0832030680984803
indomain.Tech.xlmr_add.s21,xlmr_add,indomain,Tech,21,,0.7055403493551852,0.7301038062283737,0.6141732283464567,0.7723440134907251,776,xlm-roberta-base,364.1,28630,27337,0,1293,,gold+bulk,False,,,53.0,0.6881443298969072,0.6742268041237114,0.6653350515463917,0.6508376288659794,0.2415979606399033,0.1793071103557194,0.0758094415068626,2.3892061410000984,0.4474011063575744,18.398932326250936,,,1.2399999999999998,0.0658002753994187,0.0515984141646058,0.1789895527433482,0.1358152473268226,0.4013442795455214,0.3949735459085052,0.0645071264994781
indomain.Tech.xlmr_add.s42,xlmr_add,indomain,Tech,42,,0.6947246934668202,0.7295825771324864,0.5976470588235294,0.7569444444444444,776,xlm-roberta-base,234.1,28630,27337,0,1293,,gold+bulk,False,,,52.0,0.6817010309278351,0.6615979381443299,0.6489690721649485,0.6340850515463917,0.1899108938351215,0.2068742583157859,0.1100466698408126,2.504577169246095,0.3021311461925506,16.10525797115973,,,0.9750000000000004,0.0546902307945316,0.0521903911350126,0.1709408780103186,0.1782931105324295,0.4104980760307324,0.4104572226215857,0.0786795835290995
indomain.Tech.xlmr_dapt.s13,xlmr_dapt,indomain,Tech,13,,0.7044826886112795,0.7259786476868327,0.6177215189873417,0.7697478991596639,776,xlm-roberta-base,256.7,28630,27337,0,1293,,gold+bulk,False,,,43.0,0.6920103092783505,0.6798969072164949,0.6719072164948454,0.6577963917525773,0.1790605881001124,0.1191335256706478,0.0357296578586101,2.446715816494585,0.4820372760295868,14.566384831202832,,,0.7700000000000002,0.0634510476553751,0.0525390801931599,0.2107389801759938,0.1667852974619064,0.4025115584484807,0.399501925173205,0.053146540148115
indomain.Tech.xlmr_dapt.s21,xlmr_dapt,indomain,Tech,21,,0.7125997874377535,0.7372013651877133,0.6175637393767706,0.7830342577487766,776,xlm-roberta-base,371.6,28630,27337,0,1293,,gold+bulk,False,,,52.0,0.6997422680412371,0.7010309278350515,0.6916237113402062,0.6774484536082475,0.301994326393974,0.3074161286766625,0.1243617460131645,2.4337248165564787,0.3089326024055481,16.092036844459685,,,1.3749999999999991,0.0786074092201107,0.0383626049094682,0.1718444952563454,0.2186295662759939,0.3862546179583572,0.3807490546575806,0.0504661866617536
indomain.Tech.xlmr_dapt.s42,xlmr_dapt,indomain,Tech,42,,0.6747042348661446,0.6551724137931034,0.5991561181434599,0.7697841726618705,776,xlm-roberta-base,183.7,28630,27337,0,1293,,gold+bulk,False,,,50.0,0.6791237113402062,0.6574742268041237,0.6394329896907216,0.6263530927835051,0.1879933472366926,0.100813756867951,0.0463123172521591,2.6424915218038025,0.502616286277771,14.642395451991842,,,0.9350000000000004,0.0602031131611417,0.0671752501124971,0.2437334427438477,0.2590737329750369,0.4211677348443662,0.4236327012728257,0.1171148678922148
indomain.Tech.xlmr_film.s13,xlmr_film,indomain,Tech,13,,0.655528107312715,0.6590038314176245,0.576036866359447,0.7315436241610739,776,xlm-roberta-base,189.3,28630,27337,0,1293,,gold+bulk,False,,,50.0,0.6275773195876289,0.6389175257731958,0.6315721649484536,0.6210051546391753,0.1868312185610341,0.1927791427700366,0.0954515412449836,2.8644481011035885,0.423846572637558,14.147017292090732,,,0.8600000000000003,0.0757100858169278,0.083564537218163,0.2097066230848377,0.1847755520265134,0.4631023234795132,0.4632511604976586,0.0735686685547061
indomain.Tech.xlmr_film.s21,xlmr_film,indomain,Tech,21,,0.6715377119215584,0.6885245901639344,0.5874125874125874,0.7386759581881533,776,xlm-roberta-base,240.5,28630,27337,0,1293,,gold+bulk,False,,,52.0,0.6791237113402062,0.6597938144329897,0.6484536082474227,0.6293814432989691,0.2201611289787253,0.0994491439264933,0.0123327057808637,2.6311979483537367,0.5618773698806763,17.444592717077455,,,0.9050000000000004,0.0451066778342196,0.058533776550008,0.1703357390888927,0.1771363339124662,0.4214071665280318,0.4220679324544761,0.0795994779680203
indomain.Tech.xlmr_film.s42,xlmr_film,indomain,Tech,42,,0.6650392020493617,0.6429980276134122,0.5974025974025974,0.7547169811320755,776,xlm-roberta-base,180.5,28630,27337,0,1293,,gold+bulk,False,,,52.0,0.663659793814433,0.6487113402061856,0.6350515463917525,0.6280927835051546,0.2124466831986954,0.0959094352989008,-0.0094006974250078,2.7029230728556466,0.5588299632072449,15.638634775570514,,,0.9350000000000004,0.0504473657857057,0.0578968404320603,0.1221634085370518,0.1434173391537523,0.4364101625471637,0.4384899541218284,0.1121670388725809
indomain.Tech.xlmr_ft.s100,xlmr_ft,indomain,Tech,100,,0.6446218003387701,0.6915887850467289,0.53125,0.7110266159695817,776,xlm-roberta-base,175.8,28630,27337,0,1293,,gold+bulk,False,,,50.0,0.6507731958762887,0.6311855670103093,0.6206185567010309,0.602319587628866,0.1607399436236224,0.0328603533050628,-0.1217584684491157,2.7842004453200686,0.8021811246871948,18.498577323942964,,,0.7150000000000002,0.0597728214671754,0.0633916392714669,0.122818250073893,0.1689353917951611,0.4630682984606065,0.4612756777492882,0.0651210616391636
indomain.Tech.xlmr_ft.s13,xlmr_ft,indomain,Tech,13,,0.6837900344476772,0.6810810810810811,0.612565445026178,0.7577235772357723,776,xlm-roberta-base,179.9,28630,27337,0,1293,,gold+bulk,False,,,53.0,0.6829896907216495,0.6664948453608247,0.6503865979381444,0.634020618556701,0.2172315881065344,0.1745198510922653,0.0587097145617008,2.4167081855591728,0.4400347769260406,17.580723831592547,,,0.7900000000000003,0.0536481449487093,0.0564965068088156,0.1701770653309827,0.1668703251329399,0.4264258821036416,0.4261510422019621,0.0557633142430637
indomain.Tech.xlmr_ft.s21,xlmr_ft,indomain,Tech,21,,0.6720789859719815,0.6845878136200717,0.5824742268041238,0.7491749174917491,776,xlm-roberta-base,334.0,28630,27337,0,1293,,gold+bulk,False,,,54.0,0.6610824742268041,0.6451030927835052,0.6359536082474226,0.6236469072164949,0.2492925419572159,0.1971557732580332,0.0880202651023864,2.785942962081611,0.4291108548641205,16.727346766855852,,,1.3199999999999992,0.0928759767227612,0.058330303145663,0.2795638308687521,0.1861319093145247,0.4274725972456158,0.416094348185396,0.0646134957531858
indomain.Tech.xlmr_ft.s42,xlmr_ft,indomain,Tech,42,,0.6820002323161073,0.6977611940298507,0.5929203539823009,0.7553191489361702,776,xlm-roberta-base,233.9,28630,27337,0,1293,,gold+bulk,False,,,49.0,0.6623711340206185,0.6574742268041237,0.6405927835051546,0.6265463917525773,0.1844000304404167,0.1829908731799796,0.0490078665316104,2.247332405550866,0.3607739508152008,16.725473500426425,,,0.8850000000000003,0.0584774441347844,0.0566927548111918,0.1470607833718187,0.1141955806485218,0.4240658743871756,0.4230715554928865,0.0913251982436547
indomain.Tech.xlmr_ft.s87,xlmr_ft,indomain,Tech,87,,0.6666754233481118,0.7092651757188498,0.5582655826558266,0.7324955116696589,776,xlm-roberta-base,179.0,28630,27337,0,1293,,gold+bulk,False,,,53.0,0.6469072164948454,0.6177835051546392,0.6097938144329897,0.596069587628866,0.1553789004830309,0.1246878056244143,0.0525936149060726,2.7366728838594905,0.5597375631332397,17.665187201688457,,,0.7750000000000002,0.0577143873695212,0.0557243747647347,0.1084570801875354,0.1773907609242589,0.4285219829727915,0.4298374776145597,0.0548763316992453
indomain.Tech.xlmr_supcon.s100,xlmr_supcon,indomain,Tech,100,,0.6743286286813865,0.7218543046357616,0.5675675675675675,0.7335640138408305,776,xlm-roberta-base,252.2,28630,27337,0,1293,,gold+bulk,False,0.1,0.07,61.0,0.6597938144329897,0.6538659793814433,0.6452319587628866,0.6338273195876288,0.248997874984116,0.2635096771105003,0.1346714049577713,2.229287600600424,0.8988550901412964,17.61379866841337,,,1.1099999999999992,0.0602142967486139,0.0513375506513413,0.1936362009751472,0.1450921994622975,0.4274607871473553,0.4239038406253966,0.0568815367489196
indomain.Tech.xlmr_supcon.s13,xlmr_supcon,indomain,Tech,13,,0.6555400207836487,0.6907216494845361,0.544529262086514,0.7313691507798961,776,xlm-roberta-base,260.5,28630,27337,0,1293,,gold+bulk,False,0.1,0.07,53.0,0.6443298969072165,0.6376288659793814,0.6275773195876289,0.6201030927835052,0.236895710161178,0.2281142780211021,0.1015437841415405,2.2551159278394777,0.8939582705497742,16.650665151448557,,,1.275,0.0774042491671543,0.0410107877846536,0.1790299180253419,0.1238286801602964,0.4428537063370741,0.4343952664288368,0.0631670355778079
indomain.Tech.xlmr_supcon.s21,xlmr_supcon,indomain,Tech,21,,0.6531137344149726,0.6875,0.5419664268585132,0.7298747763864043,776,xlm-roberta-base,310.1,28630,27337,0,1293,,gold+bulk,False,0.1,0.07,57.0,0.663659793814433,0.6538659793814433,0.6457474226804124,0.6407216494845361,0.2391109769172852,0.2284501512316471,0.1381555497646331,2.3568224315196225,0.8792308568954468,17.18176898749554,,,1.235,0.1005015475178508,0.0587571141637287,0.2214134993737985,0.1967347420169133,0.441058438792384,0.4300179803883298,0.0851874423065789
indomain.Tech.xlmr_supcon.s42,xlmr_supcon,indomain,Tech,42,,0.6642912622089573,0.7223113964686998,0.55,0.7205623901581723,776,xlm-roberta-base,256.4,28630,27337,0,1293,,gold+bulk,False,0.1,0.07,59.0,0.6533505154639175,0.6494845360824743,0.6338917525773196,0.6250644329896907,0.232338890593275,0.2255901929080129,0.1183556988835334,2.2829712768743984,0.9160892367362976,18.08966373030377,,,0.9950000000000004,0.0350693994368998,0.0353136597426756,0.1489652687084359,0.1504784187955512,0.4286729595385634,0.4287402600668941,0.0616952493634926
indomain.Tech.xlmr_supcon.s87,xlmr_supcon,indomain,Tech,87,,0.6644864275235572,0.707037643207856,0.5668449197860963,0.7195767195767195,776,xlm-roberta-base,179.4,28630,27337,0,1293,,gold+bulk,False,0.1,0.07,54.0,0.6288659793814433,0.631701030927835,0.6224226804123711,0.6137886597938145,0.2275353103600996,0.2365451175162949,0.0914143025875091,2.5338039840926863,0.9155287742614746,18.213011451744293,,,0.8450000000000003,0.0364411370025393,0.0601939773515362,0.0978419697729698,0.120472939459271,0.4470042652912358,0.4511322044202516,0.051189419267523
lodo.Finance.allma_ft.s100,allma_ft,lodo,Finance,100,,0.7220280150812917,0.7211740041928721,0.7015945330296127,0.7433155080213903,645,allmalab/bert-base-aze,296.0,68999,65075,0,3924,,gold+bulk,False,,,53.0,0.7162790697674418,0.7156589147286821,0.7137984496124031,0.7041860465116279,0.3867962654654858,0.3883434837301963,0.13867849111557,2.817285997294775,0.4199624359607696,23.52773201579441,,,1.0849999999999995,0.0551539361507656,0.0490328402260431,0.1825851993574533,0.1239481899256915,0.3900737862486587,0.3897308319845753,0.0930339613160458
lodo.Finance.allma_ft.s13,allma_ft,lodo,Finance,13,,0.7354504331884558,0.7152317880794702,0.7452631578947368,0.7458563535911602,645,allmalab/bert-base-aze,246.7,68999,65075,0,3924,,gold+bulk,False,,,55.0,0.724031007751938,0.7190697674418605,0.7111627906976744,0.7025581395348838,0.3970568838528002,0.428480716950713,0.1513398885726928,2.6613935468275414,0.4556371867656708,21.6891728065799,,,1.0849999999999995,0.0576393375116173,0.0508813786523263,0.1456376733794582,0.1056900860880084,0.3657233580560277,0.3667789608007565,0.0767165314430569
lodo.Finance.allma_ft.s42,allma_ft,lodo,Finance,42,,0.7523864335019078,0.7392290249433107,0.7720739219712526,0.7458563535911602,645,allmalab/bert-base-aze,319.9,68999,65075,0,3924,,gold+bulk,False,,,54.0,0.7534883720930232,0.728062015503876,0.7244961240310077,0.7196124031007752,0.4110665358916738,0.4457536661371626,0.1527513265609741,2.7831811038096554,0.3078610897064209,20.107860819786428,,,1.4049999999999996,0.080841964507156,0.0562020964958258,0.1823884183171877,0.2221065366038236,0.3621383083436407,0.361476830068345,0.0559792536591644
lodo.Finance.full.s100,full,lodo,Finance,100,,0.7498672679259889,0.7435294117647059,0.7593360995850622,0.7467362924281984,645,xlm-roberta-base,451.2,68999,65075,0,3924,,gold+bulk,False,0.1,0.07,54.0,0.7162790697674418,0.7237209302325581,0.728062015503876,0.7193798449612403,0.3974924548234851,0.4456594901496896,0.2866353988647461,1.6299982922137943,0.8676466345787048,16.59217073646858,,,1.3099999999999994,0.0712974702028975,0.0456858701797931,0.1405236084006185,0.1129988973120044,0.358734851766525,0.3536928971101785,0.0665702650287095
lodo.Finance.full.s13,full,lodo,Finance,13,,0.7653092758997765,0.7587719298245614,0.7886178861788617,0.7485380116959064,645,xlm-roberta-base,317.3,68999,65075,0,3924,,gold+bulk,False,0.1,0.07,50.0,0.724031007751938,0.7234108527131783,0.7124031007751938,0.7075968992248062,0.3628402808645272,0.4020935757408154,0.2655465304851532,1.727990822382527,0.9047377705574036,16.44050249948735,,,0.9550000000000004,0.0681739494972521,0.0673123296861545,0.1679838978498464,0.1580252210072451,0.3506169972110391,0.3504683405050582,0.0421511837301027
lodo.Finance.full.s21,full,lodo,Finance,21,,0.7403408074547265,0.7251184834123223,0.7590618336886994,0.7368421052631579,645,xlm-roberta-base,371.7,68999,65075,0,3924,,gold+bulk,False,0.1,0.07,56.0,0.7426356589147287,0.7320930232558139,0.7244961240310077,0.7153488372093023,0.3980935556342279,0.4522885559038981,0.2640575468540191,1.749242585774614,0.8728578090667725,17.32145166701662,,,1.1999999999999995,0.0620725743522435,0.0563335130673902,0.1843051472577604,0.1918546027341789,0.3586857281727404,0.3582388295818066,0.0671117524155956
lodo.Finance.full.s42,full,lodo,Finance,42,,0.7329534473111873,0.7482678983833718,0.7283702213279678,0.7222222222222222,645,xlm-roberta-base,436.8,68999,65075,0,3924,,gold+bulk,False,0.1,0.07,56.0,0.7364341085271318,0.7187596899224806,0.72,0.7126356589147287,0.382433800495393,0.4144675239291814,0.2742689549922943,1.688246717818173,0.868948221206665,17.292964306928024,,,1.3449999999999998,0.0833343491732361,0.0565483990313605,0.2054462027505528,0.1470386710715941,0.3905405761982698,0.3831712785413802,0.0881116889391142
lodo.Finance.full.s87,full,lodo,Finance,87,,0.7697636244357451,0.7627494456762749,0.7943548387096774,0.7521865889212828,645,xlm-roberta-base,262.4,68999,65075,0,3924,,gold+bulk,False,0.1,0.07,51.0,0.6976744186046512,0.7026356589147287,0.6996899224806201,0.7004651162790698,0.3705518563368084,0.4035988923546779,0.2636252343654632,1.644997216072814,0.8908978700637817,16.153722051244326,,,1.0399999999999996,0.0560561394111485,0.0596190162539625,0.1769473569770686,0.1808561989222625,0.3418795071947762,0.3423837281272484,0.0458742555758722
lodo.Finance.full_mbert.s100,full_mbert,lodo,Finance,100,,0.7477169972928875,0.7166276346604216,0.7843137254901961,0.7422096317280453,645,bert-base-multilingual-cased,305.0,68999,65075,0,3924,,gold+bulk,False,0.1,0.07,55.0,0.703875968992248,0.6815503875968992,0.6823255813953488,0.6788372093023256,0.3218506701785989,0.3598082390009271,0.2389510720968246,1.99646725517546,0.864516019821167,19.918919039766724,,,1.4049999999999996,0.0806549554358795,0.0607222603897569,0.1724064570799188,0.2562630058472153,0.3749957092601341,0.3722622670009791,0.0593873695581351
lodo.Finance.full_mbert.s13,full_mbert,lodo,Finance,13,,0.7334462303830263,0.7082405345211581,0.7744510978043913,0.7176470588235294,645,bert-base-multilingual-cased,261.0,68999,65075,0,3924,,gold+bulk,False,0.1,0.07,56.0,0.7054263565891473,0.6948837209302325,0.687906976744186,0.6791472868217054,0.3247580478242384,0.3681921050446533,0.2354579269886016,1.8440206454770032,0.8745129704475403,19.598425193529515,,,1.3449999999999998,0.0696834569520782,0.0625255371839838,0.1365738017060161,0.2047372120936309,0.370576078745588,0.3707955012473498,0.0446310304985791
lodo.Finance.full_mbert.s21,full_mbert,lodo,Finance,21,,0.7129189696160382,0.6712962962962963,0.7535641547861507,0.7138964577656676,645,bert-base-multilingual-cased,360.0,68999,65075,0,3924,,gold+bulk,False,0.1,0.07,51.0,0.710077519379845,0.6933333333333334,0.6883720930232559,0.6814728682170542,0.327540895481043,0.3660557227294767,0.2290491312742233,1.956349284182912,0.8671190142631531,20.273643762982203,,,1.4099999999999997,0.0884281815863355,0.0683959020539367,0.1869516454844656,0.1447674417283753,0.4011526639619547,0.3971370934803079,0.0585897465836103
lodo.Finance.full_mbert.s42,full_mbert,lodo,Finance,42,,0.7400570217041582,0.6987951807228916,0.7906066536203522,0.7307692307692307,645,bert-base-multilingual-cased,411.9,68999,65075,0,3924,,gold+bulk,False,0.1,0.07,54.0,0.7224806201550388,0.7023255813953488,0.6920930232558139,0.6875193798449613,0.3448712921729944,0.3886036893810781,0.2516482472419739,1.8809410085694476,0.8508081436157227,21.571140580672942,,,1.4999999999999998,0.0796672992990639,0.0546574738139513,0.1537180981751235,0.1244872257497642,0.3889585419707361,0.3785743751903637,0.0468863276912611
lodo.Finance.full_mbert.s87,full_mbert,lodo,Finance,87,,0.7213584815157433,0.6859903381642513,0.76,0.7180851063829787,645,bert-base-multilingual-cased,422.7,68999,65075,0,3924,,gold+bulk,False,0.1,0.07,54.0,0.6992248062015504,0.6964341085271318,0.6911627906976744,0.6866666666666666,0.3250936299011914,0.3641156807825885,0.226740300655365,1.9854416757665685,0.8429336547851562,21.10440065980725,,,1.6049999999999998,0.1067507285307015,0.0549531115615948,0.2289745894783339,0.2233741690458243,0.4147552063212273,0.4004801602511111,0.0664095771046423
lodo.Finance.full_mdeberta.s100,full_mdeberta,lodo,Finance,100,,0.7614005565166971,0.7342995169082126,0.7827788649706457,0.7671232876712328,645,microsoft/mdeberta-v3-base,590.0,68999,65075,0,3924,,gold+bulk,False,0.1,0.07,62.0,0.7348837209302326,0.715968992248062,0.7114728682170542,0.7062015503875969,0.3803526023493281,0.4213140830974083,0.295060932636261,1.528649643578923,0.8568319082260132,15.052138897159963,,,1.4599999999999995,0.079908561199878,0.0659335408272741,0.1696830013852474,0.1591995522933524,0.3524553830392138,0.3480517583106877,0.0487702918336504
lodo.Finance.full_mdeberta.s13,full_mdeberta,lodo,Finance,13,,0.7656255820847301,0.735632183908046,0.7847082494969819,0.776536312849162,645,microsoft/mdeberta-v3-base,584.7,68999,65075,0,3924,,gold+bulk,False,0.1,0.07,54.0,0.7271317829457364,0.7190697674418605,0.7224806201550388,0.715968992248062,0.3964320866841126,0.4328523826988186,0.3046126067638397,1.527454702420063,0.8626374006271362,14.79887936645176,,,1.4549999999999996,0.0545262999056321,0.0435468632188564,0.1119881847800888,0.0910495652823247,0.3523472609804893,0.3497207936881844,0.0526154633492327
lodo.Finance.full_mdeberta.s21,full_mdeberta,lodo,Finance,21,,0.7655712652228698,0.7440860215053764,0.7882599580712788,0.764367816091954,645,microsoft/mdeberta-v3-base,297.8,68999,65075,0,3924,,gold+bulk,False,0.1,0.07,57.0,0.7069767441860465,0.7013953488372093,0.7018604651162791,0.6971317829457364,0.3785579329067518,0.4192566464552716,0.2984808385372162,1.4737863511721532,0.9019126296043396,14.74156303048193,,,1.1349999999999998,0.0669468320137326,0.0763919850041383,0.1614268853096516,0.1723202601127252,0.3405343375000773,0.3423920468857558,0.0540133066894181
lodo.Finance.full_mdeberta.s42,full_mdeberta,lodo,Finance,42,,0.7713609380794934,0.7403846153846154,0.8023483365949119,0.7713498622589532,645,microsoft/mdeberta-v3-base,597.3,68999,65075,0,3924,,gold+bulk,False,0.1,0.07,62.0,0.724031007751938,0.7085271317829457,0.710077519379845,0.7097674418604651,0.3661786061436377,0.4121306558091167,0.3175932765007019,1.4654138385941742,0.8635731339454651,14.073315059559958,,,1.3999999999999997,0.0663369806049133,0.052674734619878,0.1676364545601769,0.1056310800573939,0.3505430749650433,0.3446901714891471,0.0519956864150936
lodo.Finance.full_mdeberta.s87,full_mdeberta,lodo,Finance,87,,0.7668217219033915,0.7586206896551724,0.7850877192982456,0.7567567567567568,645,microsoft/mdeberta-v3-base,448.3,68999,65075,0,3924,,gold+bulk,False,0.1,0.07,54.0,0.7162790697674418,0.7330232558139534,0.7286821705426356,0.7214728682170543,0.4008019715233457,0.4501198324201306,0.2947553396224975,1.5181746124483873,0.8747752904891968,14.98139922274542,,,1.2949999999999997,0.0599895948905418,0.067695869840962,0.1316102030363187,0.1733450254296369,0.3533637325692125,0.3552195519236385,0.0663674050725715
lodo.Finance.full_midinject.s100,full_midinject,lodo,Finance,100,,0.7665559047661895,0.7511520737327189,0.7866108786610879,0.7619047619047619,645,xlm-roberta-base,434.8,68999,65075,0,3924,,gold+bulk,False,0.1,0.07,50.0,0.737984496124031,0.7237209302325581,0.7235658914728682,0.717984496124031,0.3999065247134557,0.4528514651485869,0.2916515171527862,1.6217328944729743,0.8582034111022949,17.966112889106306,,,1.335,0.0674123241532206,0.0618148941641121,0.2435063405599408,0.1846463074444387,0.3544253138923802,0.3488442534228552,0.060079904499377
lodo.Finance.full_midinject.s13,full_midinject,lodo,Finance,13,,0.7692645156189123,0.7488584474885844,0.7906066536203522,0.7683284457478006,645,xlm-roberta-base,328.0,68999,65075,0,3924,,gold+bulk,False,0.1,0.07,54.0,0.7317829457364341,0.7227906976744186,0.7209302325581395,0.7165116279069768,0.3808329459040878,0.4133857168251499,0.2691489458084106,1.7002701685611945,0.8989224433898926,16.024767481380536,,,0.9850000000000004,0.0605341012920534,0.0601178129637464,0.145294344322536,0.142240691035249,0.3454319205192421,0.3453792184268726,0.0466115452637121
lodo.Finance.full_midinject.s21,full_midinject,lodo,Finance,21,,0.7581464941820356,0.746268656716418,0.782608695652174,0.7455621301775148,645,xlm-roberta-base,186.0,68999,65075,0,3924,,gold+bulk,False,0.1,0.07,54.0,0.6961240310077519,0.6948837209302325,0.687906976744186,0.6817054263565892,0.3605906486547424,0.3955843494746126,0.2209273427724838,1.920782069090689,0.9353917837142944,17.909318647076454,,,0.6450000000000001,0.1293617691950485,0.0532643035754398,0.2161534241325322,0.1133005636833902,0.3768776148039748,0.3506871585790044,0.1065195413087164
lodo.Finance.full_midinject.s42,full_midinject,lodo,Finance,42,,0.7670327370964225,0.7290167865707434,0.8008048289738431,0.7712765957446809,645,xlm-roberta-base,266.1,68999,65075,0,3924,,gold+bulk,False,0.1,0.07,50.0,0.7255813953488373,0.7190697674418605,0.713953488372093,0.7065891472868217,0.3982871575786457,0.4571535661584019,0.2654590308666229,1.709775641793707,0.8906131386756897,14.37659751009368,,,1.064999999999999,0.0613974052579145,0.0586026745000863,0.2391467909585711,0.2480341330242231,0.3464295799903794,0.347047914272617,0.0474310429176177
lodo.Finance.full_midinject.s87,full_midinject,lodo,Finance,87,,0.7750413087529994,0.755056179775281,0.7901234567901234,0.7799442896935933,645,xlm-roberta-base,249.2,68999,65075,0,3924,,gold+bulk,False,0.1,0.07,55.0,0.710077519379845,0.702015503875969,0.6973643410852713,0.6905426356589147,0.3926711859369023,0.4284175951984253,0.270950436592102,1.660204250637251,0.8982151746749878,16.32688370256502,,,0.9800000000000004,0.0521932269914125,0.0504304257772948,0.1921639196734287,0.1671999267819264,0.3401531201636822,0.3397749568826843,0.0445128756124257
lodo.Finance.mbert_ft.s100,mbert_ft,lodo,Finance,100,,0.7192654880481323,0.6802721088435374,0.744,0.7335243553008596,645,bert-base-multilingual-cased,385.6,68999,65075,0,3924,,gold+bulk,False,,,54.0,0.703875968992248,0.6874418604651162,0.6933333333333334,0.6815503875968992,0.3326284937462349,0.3059566386910609,0.198556050658226,2.162516789346373,0.2417806088924408,21.969955874388205,,,1.3499999999999996,0.0458923987516166,0.06959552442787,0.1554609786855485,0.2087564718667764,0.3991278982279712,0.4005609790803304,0.0470224654409667
lodo.Finance.mbert_ft.s13,mbert_ft,lodo,Finance,13,,0.7470322389441599,0.715261958997722,0.768,0.7578347578347578,645,bert-base-multilingual-cased,335.3,68999,65075,0,3924,,gold+bulk,False,,,50.0,0.7069767441860465,0.6883720930232559,0.684031007751938,0.679922480620155,0.3281332296952619,0.2953004985169468,0.1983667463064193,2.0617032402352486,0.29037606716156,21.60091842998736,,,1.1499999999999997,0.0575035520288658,0.0769629879334452,0.2333014680615742,0.213027148073623,0.3779925152921907,0.3812810805289748,0.0613542661685013
lodo.Finance.mbert_ft.s42,mbert_ft,lodo,Finance,42,,0.724249936343364,0.680365296803653,0.7603960396039604,0.7319884726224783,645,bert-base-multilingual-cased,237.5,68999,65075,0,3924,,gold+bulk,False,,,55.0,0.6325581395348837,0.6477519379844962,0.6511627906976745,0.6437984496124031,0.3186897659115034,0.3064894870266877,0.1882042735815048,2.0499907140451072,0.3232362866401672,18.79501663925629,,,1.0849999999999995,0.0404635438721137,0.0480503039758808,0.1193362447808492,0.1538345734868249,0.3843357551936043,0.3861230806127868,0.0515853632905637
lodo.Finance.mdeberta_dapt.s100,mdeberta_dapt,lodo,Finance,100,,0.7642720860720252,0.7196467991169978,0.7829787234042553,0.7901907356948229,645,microsoft/mdeberta-v3-base,350.1,68999,65075,0,3924,,gold+bulk,False,,,58.0,0.7302325581395349,0.7345736434108527,0.7299224806201551,0.7258139534883721,0.3865202733509085,0.4108178445646364,0.2966893911361694,1.5747834425154768,0.392346441745758,12.288698346139984,,,1.0749999999999988,0.0568857688750087,0.0640458818932254,0.182260543621072,0.1911965835871786,0.347174784155803,0.3486957131745877,0.0677286866733409
lodo.Finance.mdeberta_dapt.s13,mdeberta_dapt,lodo,Finance,13,,0.79070641201749,0.7610208816705336,0.8059701492537313,0.8051282051282052,645,microsoft/mdeberta-v3-base,491.3,68999,65075,0,3924,,gold+bulk,False,,,60.0,0.751937984496124,0.7444961240310077,0.734108527131783,0.727984496124031,0.3952417320318865,0.4176097303456371,0.2885091006755829,1.578376707587129,0.4093705713748932,11.94632982471901,,,1.0799999999999998,0.0835146252224031,0.0900765623576363,0.271998152953415,0.3124862091837683,0.3337302140910018,0.3368835697855598,0.0799420487827704
lodo.Finance.mdeberta_dapt.s21,mdeberta_dapt,lodo,Finance,21,,0.7941349808844632,0.7685185185185185,0.8204081632653061,0.7934782608695652,645,microsoft/mdeberta-v3-base,491.7,68999,65075,0,3924,,gold+bulk,False,,,54.0,0.7116279069767442,0.7327131782945736,0.7364341085271318,0.7311627906976744,0.3991060397039104,0.4078028756463198,0.2892324328422546,1.6308778661552417,0.4110982418060303,12.674583241511424,,,1.0749999999999988,0.0631562920147357,0.0732113627593872,0.1406389371932647,0.1729834946359436,0.3241018620771344,0.3268831318345597,0.0627353171778119
lodo.Finance.mdeberta_dapt.s42,mdeberta_dapt,lodo,Finance,42,,0.7564253816043406,0.7272727272727273,0.7627118644067796,0.779291553133515,645,microsoft/mdeberta-v3-base,550.8,68999,65075,0,3924,,gold+bulk,False,,,58.0,0.7302325581395349,0.7351937984496124,0.7376744186046512,0.7304651162790697,0.3771358290364227,0.404725422905283,0.2717137932777405,1.6568340529358088,0.3425697088241577,12.456298634915566,,,1.2649999999999992,0.056065280598621,0.0689085738116501,0.126771256210964,0.1659330679752304,0.3497479532711306,0.3528642862614876,0.0613465131208447
lodo.Finance.mdeberta_dapt.s87,mdeberta_dapt,lodo,Finance,87,,0.7727816297809343,0.7477064220183486,0.776824034334764,0.7938144329896907,645,microsoft/mdeberta-v3-base,485.7,68999,65075,0,3924,,gold+bulk,False,,,63.0,0.7271317829457364,0.7255813953488373,0.7271317829457364,0.7228682170542635,0.4220459131578234,0.4597443245380702,0.2956562042236328,1.5394850944645404,0.3991410732269287,13.900568539434705,,,1.0050000000000003,0.0680475395333398,0.0682458903151294,0.1948898417154198,0.1957694347728205,0.3302245484923388,0.3303718714654955,0.0804603175128861
lodo.Finance.mdeberta_ft.s100,mdeberta_ft,lodo,Finance,100,,0.7801536022110973,0.7515657620041754,0.7911111111111111,0.7977839335180056,645,microsoft/mdeberta-v3-base,344.1,68999,65075,0,3924,,gold+bulk,False,,,59.0,0.7085271317829457,0.7116279069767442,0.7048062015503876,0.695968992248062,0.3792043696604115,0.3710690080840188,0.2503342628479004,1.7014981567708312,0.4963604211807251,12.701362532162516,,,1.124999999999999,0.083262915904823,0.0836618587256668,0.187921897499285,0.2209206435367086,0.3466641255295829,0.3496324063112303,0.0743378516480173
lodo.Finance.mdeberta_ft.s13,mdeberta_ft,lodo,Finance,13,,0.798908973352282,0.7785234899328859,0.8079470198675497,0.8102564102564103,645,microsoft/mdeberta-v3-base,485.5,68999,65075,0,3924,,gold+bulk,False,,,61.0,0.7410852713178294,0.7193798449612403,0.7097674418604651,0.7128682170542636,0.4080089905679122,0.4467929212822329,0.2593124210834503,1.7032298464445272,0.4991620182991028,11.196358649160809,,,1.104999999999999,0.0895837398367814,0.0961559175514116,0.2139025283996093,0.2501205390472779,0.3344191623808255,0.3380289636302929,0.0849982407472484
lodo.Finance.mdeberta_ft.s42,mdeberta_ft,lodo,Finance,42,,0.7717967600437414,0.7643020594965675,0.7818574514038877,0.7692307692307693,645,microsoft/mdeberta-v3-base,485.0,68999,65075,0,3924,,gold+bulk,False,,,54.0,0.7224806201550388,0.711937984496124,0.7144186046511628,0.7091472868217055,0.3872647478042109,0.3921071627800244,0.2463853657245636,1.8322426524530255,0.4918552041053772,12.75446150333446,,,1.2049999999999994,0.0756464199239306,0.088448858515827,0.1516397240578063,0.1842240672861603,0.3469833809083367,0.3523878342144073,0.0802940192099532
lodo.Finance.xlmr_dann.s100,xlmr_dann,lodo,Finance,100,,0.776622949323364,0.7412587412587412,0.795131845841785,0.7934782608695652,645,xlm-roberta-base,466.6,68999,65075,0,3924,,gold+bulk,False,,,54.0,0.710077519379845,0.711937984496124,0.7058914728682171,0.6977519379844961,0.2788498984020686,0.2270671037619735,0.1363507807254791,1.9961760504964692,0.6081005334854126,15.888021721197552,,,1.174999999999999,0.0903452905391677,0.0962061853468323,0.3071218247414611,0.321195456430801,0.3628609003104451,0.3674917963549768,0.0798115061941816
lodo.Finance.xlmr_dann.s13,xlmr_dann,lodo,Finance,13,,0.7888562255195873,0.7713004484304933,0.8032454361054767,0.792022792022792,645,xlm-roberta-base,482.0,68999,65075,0,3924,,gold+bulk,False,,,50.0,0.7116279069767442,0.7094573643410853,0.7091472868217055,0.7103875968992248,0.3609041947057091,0.3956652044311355,0.2584680616855621,1.9333938072061765,0.3337582945823669,16.00267552751587,,,1.1499999999999997,0.0711970330544776,0.081141173351351,0.177021885259838,0.2130251954132818,0.338482836837836,0.3428766818293748,0.069708061506883
lodo.Finance.xlmr_dann.s42,xlmr_dann,lodo,Finance,42,,0.7677564318615886,0.7198067632850241,0.7945736434108527,0.7888888888888889,645,xlm-roberta-base,409.9,68999,65075,0,3924,,gold+bulk,False,,,54.0,0.7193798449612403,0.7082170542635658,0.7120930232558139,0.7024031007751937,0.3340883319154066,0.3441784355003067,0.1966563314199447,1.741820666720434,0.4124760031700134,14.71670198262628,,,1.0399999999999996,0.0851893315822483,0.0838276757453192,0.1700679337392896,0.1815787423636692,0.3505066749220577,0.3520380619273228,0.0834402655709415
lodo.Finance.xlmr_dapt.s100,xlmr_dapt,lodo,Finance,100,,0.7860455544990664,0.7533632286995515,0.8081632653061225,0.7966101694915254,645,xlm-roberta-base,181.8,68999,65075,0,3924,,gold+bulk,False,,,53.0,0.6976744186046512,0.6877519379844961,0.6863565891472868,0.6868217054263566,0.3591201495172322,0.3653149994730484,0.2176921218633651,1.9895315190287743,0.565878689289093,13.778565571742956,,,0.8350000000000003,0.0704058695804236,0.0403670788872603,0.1541320400278308,0.1387767125056025,0.3184782796108439,0.311921974852425,0.0701974571224507
lodo.Finance.xlmr_dapt.s13,xlmr_dapt,lodo,Finance,13,,0.7966259824977465,0.7662337662337663,0.8096280087527352,0.8140161725067385,645,xlm-roberta-base,350.1,68999,65075,0,3924,,gold+bulk,False,,,50.0,0.7488372093023256,0.7351937984496124,0.731937984496124,0.7167441860465116,0.2744138575312422,0.229651153583981,0.163045197725296,2.137995512453371,0.541755735874176,14.257068942588292,,,0.9900000000000004,0.0654339320602455,0.0643708750483859,0.2153536360338948,0.2144336211310789,0.3195634815432917,0.3192623603127599,0.0701861895594103
lodo.Finance.xlmr_dapt.s42,xlmr_dapt,lodo,Finance,42,,0.7778178361947075,0.7358490566037735,0.8008130081300813,0.7967914438502673,645,xlm-roberta-base,223.5,68999,65075,0,3924,,gold+bulk,False,,,54.0,0.7224806201550388,0.7258914728682171,0.7182945736434109,0.7086821705426357,0.3344610838456615,0.3254790531349283,0.2027372866868972,1.9453723655877748,0.5257427096366882,12.355175270691088,,,0.8850000000000003,0.0773435895799179,0.0633762099457371,0.1789885697860166,0.1786494161983006,0.3342225008714168,0.3281266612134265,0.0970205040589562
lodo.Finance.xlmr_dapt_film.s100,xlmr_dapt_film,lodo,Finance,100,,0.7949958219462087,0.755056179775281,0.8254620123203286,0.8044692737430168,645,xlm-roberta-base,518.4,68999,65075,0,3924,,gold+bulk,False,,,52.0,0.7333333333333333,0.747906976744186,0.7424806201550388,0.7303875968992248,0.4056302418824637,0.423111147352546,0.2619784474372864,1.7817795371122662,0.3760621547698974,14.127633193675978,,,1.125,0.0884007392113826,0.098082792526627,0.1881842592727303,0.2135152740036436,0.3328210247922992,0.3367926197313091,0.0956318204106438
lodo.Finance.xlmr_dapt_film.s13,xlmr_dapt_film,lodo,Finance,13,,0.7812122408515196,0.750561797752809,0.8050314465408805,0.7880434782608695,645,xlm-roberta-base,474.0,68999,65075,0,3924,,gold+bulk,False,,,50.0,0.7472868217054264,0.7432558139534884,0.7415503875968992,0.7342635658914729,0.3608493020713668,0.3999330581720285,0.2602874934673309,1.97212033682732,0.3681477606296539,15.760592000280209,,,1.2049999999999994,0.0769169053003934,0.0887952893926075,0.2053682929186655,0.2749604444679623,0.3439906581920143,0.3458649077378831,0.0691161464679799
lodo.Finance.xlmr_dapt_film.s42,xlmr_dapt_film,lodo,Finance,42,,0.7852299893430109,0.7417840375586855,0.8139059304703476,0.8,645,xlm-roberta-base,315.0,68999,65075,0,3924,,gold+bulk,False,,,53.0,0.7395348837209302,0.7289922480620155,0.7192248062015504,0.7134108527131783,0.3560051423398699,0.3947235069172272,0.2417518496513366,2.06338191637664,0.4232931435108185,13.181792661694567,,,0.9700000000000004,0.1082854201232533,0.1068966102211787,0.3414319648687079,0.3141030319728661,0.3533067828413706,0.3523983141947134,0.0812833659404109
lodo.Finance.xlmr_dapt_supcon.s100,xlmr_dapt_supcon,lodo,Finance,100,,0.7704265974813533,0.7452830188679245,0.782435129740519,0.7835616438356164,645,xlm-roberta-base,475.9,68999,65075,0,3924,,gold+bulk,False,0.1,0.07,56.0,0.7441860465116279,0.7392248062015504,0.7355038759689922,0.7310077519379845,0.4079103902366633,0.4528455708460961,0.298334002494812,1.6014106386841729,0.8518069982528687,17.303149407309878,,,1.435,0.0682590470341095,0.0551871847350718,0.1666127740739645,0.1227320056865549,0.3393016492825208,0.3352950036949547,0.0482331485878494
lodo.Finance.xlmr_dapt_supcon.s13,xlmr_dapt_supcon,lodo,Finance,13,,0.7665608465608466,0.76,0.7896825396825397,0.75,645,xlm-roberta-base,303.7,68999,65075,0,3924,,gold+bulk,False,0.1,0.07,51.0,0.7178294573643411,0.7265116279069768,0.71984496124031,0.7152713178294574,0.3801242509030627,0.4278028578462859,0.2712286412715912,1.6912393059451414,0.8915626406669617,17.458767244604005,,,1.0050000000000003,0.0454340171124629,0.0450988716103311,0.1158721283590187,0.1171890310431834,0.3394210087863731,0.3394141471734145,0.0451207592206398
lodo.Finance.xlmr_dapt_supcon.s42,xlmr_dapt_supcon,lodo,Finance,42,,0.7640302015145822,0.766743648960739,0.7657841140529531,0.7595628415300546,645,xlm-roberta-base,429.1,68999,65075,0,3924,,gold+bulk,False,0.1,0.07,54.0,0.7612403100775194,0.7333333333333333,0.7252713178294574,0.7164341085271317,0.3945345496952778,0.4366246196114095,0.2772466540336609,1.6861994705723822,0.8687906861305237,16.11397196059345,,,1.274999999999999,0.0690284285423254,0.0539408694778002,0.1568536262098829,0.1817491936274756,0.3665951859235872,0.3637644809081227,0.0725764161630648
lodo.Finance.xlmr_film.s100,xlmr_film,lodo,Finance,100,,0.7841517612045096,0.7528344671201814,0.8073770491803278,0.7922437673130194,645,xlm-roberta-base,481.4,68999,65075,0,3924,,gold+bulk,False,,,54.0,0.7348837209302326,0.718139534883721,0.7136434108527132,0.7071317829457364,0.3437510243230184,0.3661194566611668,0.2450195252895355,1.958068829549636,0.4303813576698303,15.617108096453716,,,1.18,0.0806520513790459,0.1006842341955428,0.1920348452373338,0.229247875774131,0.3372003849713493,0.3442460215519614,0.0715632168223521
lodo.Finance.xlmr_film.s13,xlmr_film,lodo,Finance,13,,0.7725978804385694,0.7317073170731707,0.8061420345489443,0.7799442896935933,645,xlm-roberta-base,480.3,68999,65075,0,3924,,gold+bulk,False,,,50.0,0.7271317829457364,0.7314728682170543,0.7235658914728682,0.7212403100775194,0.3586192691546009,0.3868124779897724,0.2607023119926452,2.0791139633436586,0.3602971732616424,15.26626418820158,,,1.2449999999999997,0.0542328277405988,0.0627060495327244,0.115943486006641,0.19667133576402,0.344598946568685,0.3495924462613664,0.0603744316343296
lodo.Finance.xlmr_film.s42,xlmr_film,lodo,Finance,42,,0.7537685894298726,0.729957805907173,0.7586206896551724,0.7727272727272727,645,xlm-roberta-base,245.0,68999,65075,0,3924,,gold+bulk,False,,,53.0,0.7131782945736435,0.7035658914728682,0.6931782945736434,0.6849612403100775,0.1767225196260635,0.1742517231265068,0.1719274669885635,2.0897612933368426,0.4482163488864898,13.849519405357302,,,0.8850000000000003,0.0910611094872781,0.0801821178343489,0.2410929295196097,0.1989978813068431,0.3741646749240495,0.3689989568964674,0.1044849021478183
lodo.Finance.xlmr_film_supcon.s100,xlmr_film_supcon,lodo,Finance,100,,0.7666430906421225,0.7522935779816514,0.7810650887573964,0.7665706051873199,645,xlm-roberta-base,512.5,68999,65075,0,3924,,gold+bulk,False,0.1,0.07,54.0,0.7333333333333333,0.7221705426356589,0.7252713178294574,0.7210077519379845,0.37690717215723,0.416509782320458,0.2833158373832702,1.6795541012833928,0.8551323413848877,17.14205551087012,,,1.4300000000000002,0.0854237090969414,0.05806853871891,0.234044995505414,0.1986314537644822,0.3636636916820434,0.3582637463671357,0.0506036473316049
lodo.Finance.xlmr_film_supcon.s13,xlmr_film_supcon,lodo,Finance,13,,0.7784642766336131,0.7592592592592593,0.8109161793372319,0.7652173913043478,645,xlm-roberta-base,373.0,68999,65075,0,3924,,gold+bulk,False,0.1,0.07,51.0,0.7193798449612403,0.72,0.7148837209302326,0.7108527131782946,0.4086389014323854,0.4659781126146366,0.2974652051925659,1.6546614617090771,0.8650689721107483,16.836603114640322,,,1.2499999999999996,0.0717498078144025,0.0484626614175671,0.1598469854623758,0.1688423295764287,0.3419024644864071,0.3378790222131612,0.0741186094875191
lodo.Finance.xlmr_film_supcon.s42,xlmr_film_supcon,lodo,Finance,42,,0.7758949916511214,0.755656108597285,0.7967479674796748,0.7752808988764045,645,xlm-roberta-base,449.1,68999,65075,0,3924,,gold+bulk,False,0.1,0.07,53.0,0.7116279069767442,0.706046511627907,0.7088372093023256,0.7058914728682171,0.3623523662744986,0.4114103449408191,0.2957353889942169,1.631438284042959,0.852821946144104,15.79605986986425,,,1.3549999999999995,0.0846437444947957,0.0866262531860517,0.2002843623744564,0.2375305455919495,0.3582280202772376,0.3605894488370006,0.0595813213010201
lodo.Finance.xlmr_ft.s100,xlmr_ft,lodo,Finance,100,,0.7788146277087143,0.753880266075388,0.7923728813559322,0.7901907356948229,645,xlm-roberta-base,450.4,68999,65075,0,3924,,gold+bulk,False,,,54.0,0.7286821705426356,0.7224806201550388,0.7195348837209302,0.7089147286821705,0.2928391955681752,0.2611641252167758,0.1850765347480774,1.906093161506096,0.5464047193527222,16.453775696350696,,,1.2099999999999993,0.0874666699598831,0.1037417484054277,0.2796032536129341,0.285856136712969,0.3541887946633039,0.3589332591013395,0.085261015940418
lodo.Finance.xlmr_ft.s13,xlmr_ft,lodo,Finance,13,,0.799068358085658,0.7639484978540773,0.8300220750551877,0.8032345013477089,645,xlm-roberta-base,292.2,68999,65075,0,3924,,gold+bulk,False,,,50.0,0.6992248062015504,0.706046511627907,0.7069767441860465,0.7015503875968992,0.3847008020310228,0.3892821575846329,0.2609653174877167,1.933319761261413,0.3173239231109619,15.26508804094482,,,0.9150000000000004,0.089822983601512,0.0720641695599353,0.1835261423822607,0.1770901542450017,0.3215216774995098,0.3178202744287434,0.0753236792173503
lodo.Finance.xlmr_ft.s21,xlmr_ft,lodo,Finance,21,,0.7574122940164553,0.7161572052401747,0.7860262008733624,0.7700534759358288,645,xlm-roberta-base,230.5,68999,65075,0,3924,,gold+bulk,False,,,54.0,0.6930232558139535,0.6719379844961241,0.6708527131782945,0.6683720930232558,0.213050279580202,0.2131260820224298,0.1529526114463806,2.4059890249885143,0.5242093205451965,14.31654810694446,,,0.8800000000000003,0.0722894982355974,0.0643715515657324,0.1612767252310052,0.1653107377776493,0.3648839628338201,0.3614817716386823,0.0725234621080901
lodo.Finance.xlmr_ft.s42,xlmr_ft,lodo,Finance,42,,0.7785336847669407,0.7272727272727273,0.8094302554027505,0.7988980716253443,645,xlm-roberta-base,407.9,68999,65075,0,3924,,gold+bulk,False,,,54.0,0.7534883720930232,0.7342635658914729,0.730077519379845,0.7191472868217055,0.3764051821266692,0.4032810079915151,0.2757820188999176,1.7056934206451069,0.3614265620708465,14.92433174284266,,,0.9850000000000004,0.0727371073158117,0.0718578140334274,0.2113653829842701,0.2079681502683936,0.3441015475738295,0.3435995487150869,0.0837190701703047
lodo.Finance.xlmr_ft.s87,xlmr_ft,lodo,Finance,87,,0.7870616582763219,0.7540983606557377,0.8070866141732284,0.8,645,xlm-roberta-base,458.7,68999,65075,0,3924,,gold+bulk,False,,,52.0,0.7178294573643411,0.7358139534883721,0.7308527131782946,0.7227131782945736,0.4245966163123581,0.4780936484949027,0.2783626019954681,1.8671969957689436,0.2969386577606201,15.330863227970932,,,1.1949999999999996,0.0817681524961786,0.1027472013301041,0.1828745683375126,0.209103145432505,0.338935410805274,0.3453929901332014,0.0668695578042298
lodo.Finance.xlmr_supcon.s100,xlmr_supcon,lodo,Finance,100,,0.7807958519822926,0.7619047619047619,0.8121212121212121,0.768361581920904,645,xlm-roberta-base,471.9,68999,65075,0,3924,,gold+bulk,False,0.1,0.07,56.0,0.703875968992248,0.703875968992248,0.7052713178294574,0.7003875968992248,0.3866451903050429,0.4401847699936166,0.2849884033203125,1.6529691893091707,0.8602179884910583,19.24017595270835,,,1.33,0.0734189737456406,0.0699942598603147,0.1425635893983848,0.1697189111986344,0.3407566316341608,0.3425053466770929,0.046658346946976
lodo.Finance.xlmr_supcon.s13,xlmr_supcon,lodo,Finance,13,,0.7580955684096073,0.75,0.793168880455408,0.7311178247734139,645,xlm-roberta-base,365.2,68999,65075,0,3924,,gold+bulk,False,0.1,0.07,55.0,0.6992248062015504,0.7153488372093023,0.706046511627907,0.7062790697674418,0.3893148064630678,0.4391682709159895,0.2987248003482818,1.6039091510098915,0.8669459819793701,16.703108696162804,,,1.38,0.0679518142675569,0.0379151349977444,0.1626742172900782,0.0823610039248479,0.3487078539450601,0.3427031241527616,0.0751168760637559
lodo.Finance.xlmr_supcon.s21,xlmr_supcon,lodo,Finance,21,,0.7633071424171206,0.7220902612826603,0.7884615384615384,0.7793696275071633,645,xlm-roberta-base,444.2,68999,65075,0,3924,,gold+bulk,False,0.1,0.07,50.0,0.7054263565891473,0.7221705426356589,0.7116279069767442,0.7096124031007752,0.3840987369728055,0.4142550380147299,0.2722637951374054,1.7417157427286776,0.871133029460907,16.88263151130643,,,1.3199999999999992,0.0599463282195483,0.0638089481686381,0.1171004074065813,0.1955091018096869,0.3522651672678114,0.352831371817396,0.0444413021110468
lodo.Finance.xlmr_supcon.s42,xlmr_supcon,lodo,Finance,42,,0.7806892839954287,0.7643020594965675,0.7975460122699386,0.7802197802197802,645,xlm-roberta-base,487.6,68999,65075,0,3924,,gold+bulk,False,0.1,0.07,53.0,0.7209302325581395,0.7206201550387596,0.7193798449612403,0.710077519379845,0.4159573477640683,0.4665947083667576,0.3048255145549774,1.5957333989097278,0.8594766855239868,17.762011402208376,,,1.4199999999999993,0.0849155964505004,0.0821412443809947,0.186815659646313,0.2517684271569334,0.3542536070259135,0.3541329162880128,0.0569695639705324
lodo.Finance.xlmr_supcon.s87,xlmr_supcon,lodo,Finance,87,,0.7432964101568995,0.7192575406032483,0.7489878542510121,0.7616438356164383,645,xlm-roberta-base,505.0,68999,65075,0,3924,,gold+bulk,False,0.1,0.07,54.0,0.7255813953488373,0.7153488372093023,0.7097674418604651,0.7048062015503876,0.3465134203408665,0.3893618934170921,0.2502241730690002,1.7647425565375583,0.8616077303886414,18.351444468197823,,,1.324999999999999,0.0717475631444145,0.0523872352249263,0.2300245641138781,0.182489563316844,0.379877876178056,0.3761118359449887,0.049943759224393
lodo.Public.allma_ft.s100,allma_ft,lodo,Public,100,,0.7636990829886369,0.8362573099415205,0.7109375,0.7439024390243902,381,allmalab/bert-base-aze,294.8,79788,75421,0,4367,,gold+bulk,False,,,50.0,0.6850393700787402,0.6766404199475066,0.6708661417322834,0.6593175853018373,0.2985349790414779,0.3207931774605054,0.1651369631290435,2.7513637436721523,0.5223755836486816,24.866247625631345,,,1.1099999999999992,0.0770880696245364,0.0803858721585066,0.2061232725976878,0.192292241624964,0.3209802243318093,0.3251910581636094,0.0434078617332718
lodo.Public.allma_ft.s13,allma_ft,lodo,Public,13,,0.7650397010544171,0.8377581120943953,0.7265917602996255,0.7307692307692307,381,allmalab/bert-base-aze,338.8,79788,75421,0,4367,,gold+bulk,False,,,52.0,0.6430446194225722,0.6467191601049869,0.6498687664041994,0.6444881889763779,0.3516047169533094,0.4085688155239328,0.1566881537437439,2.881389921424932,0.4922729730606079,22.21247137069614,,,1.18,0.0581172060317496,0.0806374102548361,0.1237502115633149,0.183067298671912,0.3200229478353125,0.3271760882037471,0.0505021342379631
lodo.Public.allma_ft.s42,allma_ft,lodo,Public,42,,0.7384941299635345,0.8238805970149253,0.7037037037037037,0.6878980891719745,381,allmalab/bert-base-aze,295.5,79788,75421,0,4367,,gold+bulk,False,,,51.0,0.6981627296587927,0.662992125984252,0.6566929133858268,0.6451443569553805,0.3431203637552584,0.4259361077913741,0.1518436223268509,2.9152355508087653,0.5309409499168396,23.459431356346748,,,1.114999999999999,0.0682597772292603,0.0768847273969383,0.1945919342456012,0.1876554904451856,0.3424072777909606,0.3451260624267885,0.0731333587234372
lodo.Public.full.s100,full,lodo,Public,100,,0.7206185590525678,0.8192771084337349,0.697841726618705,0.6447368421052632,381,xlm-roberta-base,305.5,79788,75421,0,4367,,gold+bulk,False,0.1,0.07,52.0,0.6430446194225722,0.6545931758530183,0.6540682414698162,0.6506561679790026,0.3209607937217683,0.3970213373773963,0.2801471352577209,1.7357995283435672,0.9142012000083924,17.483589471066722,,,1.064999999999999,0.0632452226488573,0.0673545619484099,0.2236517084449351,0.2042996588262757,0.3494857263059024,0.3492338578511421,0.0772844321640766
lodo.Public.full.s13,full,lodo,Public,13,,0.7429398722064494,0.8389057750759878,0.7188612099644128,0.6710526315789473,381,xlm-roberta-base,508.0,79788,75421,0,4367,,gold+bulk,False,0.1,0.07,54.0,0.7349081364829396,0.6955380577427821,0.6887139107611548,0.6913385826771653,0.378392278010088,0.4605936234645329,0.30137899518013,1.7244640190192158,0.8829761147499084,16.74879695037277,,,1.3549999999999995,0.0594289410196154,0.0678734229942183,0.1742083728548287,0.1843806553978538,0.3321030134809785,0.3319305898104788,0.0806253243127437
lodo.Public.full.s21,full,lodo,Public,21,,0.7591768245178766,0.8571428571428571,0.7445255474452555,0.6758620689655173,381,xlm-roberta-base,437.0,79788,75421,0,4367,,gold+bulk,False,0.1,0.07,55.0,0.6850393700787402,0.6881889763779527,0.6876640419947506,0.6793963254593176,0.3996322335460991,0.4880476632336005,0.3090244829654693,1.748601378199887,0.9049922823905944,18.709854906762,,,1.23,0.0626765526301263,0.0737754746603755,0.1419418436858001,0.1586050902247305,0.332468770030553,0.3370744021650431,0.0958962301601228
lodo.Public.full.s42,full,lodo,Public,42,,0.7411656756743786,0.8402366863905325,0.7299270072992701,0.6533333333333333,381,xlm-roberta-base,428.3,79788,75421,0,4367,,gold+bulk,False,0.1,0.07,50.0,0.7480314960629921,0.7207349081364829,0.7202099737532809,0.7094488188976378,0.3949171128344358,0.4846358300377218,0.324019193649292,1.6246637009301377,0.9087125658988952,16.339154262888545,,,1.13,0.0694913385084873,0.0693126873940888,0.2428426269256916,0.2300869147251699,0.3228576358056679,0.3244560533538301,0.0816111569827867
lodo.Public.full.s87,full,lodo,Public,87,,0.7269445960679323,0.7792207792207793,0.7128712871287128,0.6887417218543046,381,xlm-roberta-base,199.2,79788,75421,0,4367,,gold+bulk,False,0.1,0.07,52.0,0.7007874015748031,0.6813648293963255,0.673753280839895,0.6619422572178477,0.3427449476028131,0.4122875684474048,0.2475037723779678,2.039757447257505,0.9208272695541382,17.29484870252937,,,0.9650000000000004,0.0633512362186445,0.0641491160806197,0.1523051021074791,0.1801406714185695,0.3900021967094499,0.3895990887521948,0.1109902835820777
lodo.Public.full_mbert.s100,full_mbert,lodo,Public,100,,0.722876330019187,0.7884615384615384,0.7006802721088435,0.6794871794871795,381,bert-base-multilingual-cased,404.3,79788,75421,0,4367,,gold+bulk,False,0.1,0.07,55.0,0.7086614173228346,0.6824146981627297,0.6727034120734908,0.655511811023622,0.3291606305455053,0.3702189418737042,0.2279370725154876,1.8965687914023703,0.8723787665367126,21.34278184697561,,,1.5699999999999994,0.0800105469920595,0.0609214998114895,0.1971448023159894,0.1694103341089952,0.3915364212935679,0.3865710164909681,0.1112368716718585
lodo.Public.full_mbert.s13,full_mbert,lodo,Public,13,,0.7235460359958351,0.7891566265060241,0.6814814814814815,0.7,381,bert-base-multilingual-cased,415.4,79788,75421,0,4367,,gold+bulk,False,0.1,0.07,51.0,0.6509186351706037,0.6561679790026247,0.6543307086614173,0.6440944881889764,0.303181216223627,0.3516761179193911,0.2161635905504226,2.008318948946851,0.8778311610221863,20.468250168298397,,,1.49,0.0985014578996936,0.0719968712306149,0.1737022332205433,0.173594876643694,0.3833446202778092,0.3811873711344779,0.0676839993279584
lodo.Public.full_mbert.s21,full_mbert,lodo,Public,21,,0.7250956360639784,0.804953560371517,0.6766917293233082,0.6936416184971098,381,bert-base-multilingual-cased,353.3,79788,75421,0,4367,,gold+bulk,False,0.1,0.07,55.0,0.6771653543307087,0.6750656167979002,0.6485564304461943,0.6426509186351707,0.3313934929410818,0.391897895114352,0.2199706435203552,1.962423098224274,0.8766786456108093,19.3241442752348,,,1.4800000000000002,0.0813150831440558,0.069904879273032,0.1696579991214264,0.181996726760894,0.370973545507201,0.3747001027492408,0.0667401078408006
lodo.Public.full_mbert.s42,full_mbert,lodo,Public,42,,0.7151905528717123,0.782608695652174,0.6962962962962963,0.6666666666666666,381,bert-base-multilingual-cased,305.9,79788,75421,0,4367,,gold+bulk,False,0.1,0.07,55.0,0.6062992125984252,0.6031496062992125,0.610236220472441,0.6081364829396325,0.2968052472952964,0.3351980151047106,0.1799296736717224,2.154923907545806,0.8959268927574158,20.89463228158245,,,1.2949999999999997,0.0697905586071857,0.0972789839458464,0.2162468718831569,0.2735122309477947,0.3865392061577657,0.3907296829299786,0.0806240628470912
lodo.Public.full_mbert.s87,full_mbert,lodo,Public,87,,0.6833557505250879,0.7017543859649122,0.6495176848874598,0.6987951807228916,381,bert-base-multilingual-cased,210.3,79788,75421,0,4367,,gold+bulk,False,0.1,0.07,50.0,0.6719160104986877,0.6409448818897637,0.6175853018372703,0.6136482939632546,0.2792236983743293,0.2839314388612002,0.1863629668951034,2.174864463969703,0.8886459469795227,18.31388612048336,,,1.3549999999999995,0.0776469361499994,0.0556126722794057,0.1924606247460172,0.1457840311115852,0.4222112911031614,0.4219530787571242,0.1405763727488311
lodo.Public.full_mdeberta.s100,full_mdeberta,lodo,Public,100,,0.7470646002631932,0.8098159509202454,0.7153284671532847,0.7160493827160493,381,microsoft/mdeberta-v3-base,377.4,79788,75421,0,4367,,gold+bulk,False,0.1,0.07,56.0,0.6824146981627297,0.658267716535433,0.6616797900262468,0.6641732283464566,0.3712765253954957,0.4447217121542133,0.2816848754882812,1.6201124863817604,0.912860870361328,15.394931580486146,,,1.1449999999999996,0.0617552909954355,0.0632474666664199,0.1378232550490334,0.1698591241202801,0.3436828667005588,0.3457184875769113,0.0737710075981734
lodo.Public.full_mdeberta.s13,full_mdeberta,lodo,Public,13,,0.7152406417112299,0.8,0.6911764705882353,0.6545454545454545,381,microsoft/mdeberta-v3-base,298.2,79788,75421,0,4367,,gold+bulk,False,0.1,0.07,58.0,0.6509186351706037,0.6587926509186351,0.658267716535433,0.6463254593175853,0.304663750029184,0.3765704362770447,0.2505733668804168,1.8327840769465344,0.9154545068740844,13.988458084091338,,,1.0749999999999988,0.0733296086632882,0.0795383961742678,0.2545588297145195,0.2414038965999799,0.3627732335054335,0.3631138096195059,0.073825006767124
lodo.Public.full_mdeberta.s21,full_mdeberta,lodo,Public,21,,0.7463706874565558,0.8338192419825073,0.7169811320754716,0.6883116883116883,381,microsoft/mdeberta-v3-base,456.6,79788,75421,0,4367,,gold+bulk,False,0.1,0.07,62.0,0.7139107611548556,0.6803149606299213,0.6648293963254593,0.6561679790026247,0.3687318322618366,0.4585482602555498,0.2950761318206787,1.5907137857190616,0.901934802532196,14.598213688384549,,,1.2099999999999993,0.0587545844531832,0.0617856782572684,0.1433796641873742,0.1178041759140583,0.3338519337639219,0.3349073817025273,0.0695154969077908
lodo.Public.full_mdeberta.s42,full_mdeberta,lodo,Public,42,,0.7350055887482295,0.7655172413793103,0.7077922077922078,0.7317073170731707,381,microsoft/mdeberta-v3-base,380.0,79788,75421,0,4367,,gold+bulk,False,0.1,0.07,54.0,0.6929133858267716,0.6671916010498687,0.6456692913385826,0.6359580052493439,0.3658698634746817,0.431852311598524,0.2614567577838897,1.7281085039667845,0.909314751625061,13.529866284113378,,,1.1649999999999991,0.079166197639744,0.0847790610402007,0.2109842211066912,0.1689055509653674,0.3726326575208842,0.3740728588097469,0.1158516256297016
lodo.Public.full_mdeberta.s87,full_mdeberta,lodo,Public,87,,0.7584573894036978,0.8328267477203647,0.7188612099644128,0.7236842105263158,381,microsoft/mdeberta-v3-base,586.4,79788,75421,0,4367,,gold+bulk,False,0.1,0.07,59.0,0.6981627296587927,0.6813648293963255,0.6774278215223097,0.679265091863517,0.3716613336726504,0.4321041099369179,0.3319574892520904,1.5071099858477135,0.8918249011039734,14.103277351350414,,,1.39,0.0495054343375152,0.0655633918806722,0.1199338719099476,0.1305224754966324,0.3261448821548891,0.3273152836573643,0.0913430264586221
lodo.Public.full_midinject.s100,full_midinject,lodo,Public,100,,0.732404015737349,0.8214285714285714,0.6962962962962963,0.6794871794871795,381,xlm-roberta-base,327.2,79788,75421,0,4367,,gold+bulk,False,0.1,0.07,54.0,0.6640419947506562,0.6750656167979002,0.6635170603674541,0.6606299212598425,0.3287523129224481,0.4050027410178736,0.2741520404815674,1.732539963159852,0.9153040647506714,17.168158491782332,,,1.0100000000000005,0.0726367962440086,0.0727534682695376,0.1657906754184895,0.1646090432184649,0.3414816715769362,0.3415005644545275,0.0590391802721157
lodo.Public.full_midinject.s13,full_midinject,lodo,Public,13,,0.7496918749092201,0.8448275862068966,0.7171314741035857,0.6871165644171779,381,xlm-roberta-base,443.5,79788,75421,0,4367,,gold+bulk,False,0.1,0.07,55.0,0.7112860892388452,0.7086614173228346,0.7034120734908137,0.6868766404199476,0.3568205395937217,0.4391497534950909,0.3040567636489868,1.7449843106303222,0.8932933211326599,16.719256045867414,,,1.3149999999999993,0.0657339334125865,0.0732069971655112,0.2053067925179945,0.2270853789403243,0.3325450727864223,0.3334193411858213,0.0487609766784004
lodo.Public.full_midinject.s21,full_midinject,lodo,Public,21,,0.7401185455704825,0.8292682926829268,0.696969696969697,0.6941176470588235,381,xlm-roberta-base,330.4,79788,75421,0,4367,,gold+bulk,False,0.1,0.07,50.0,0.6929133858267716,0.6713910761154855,0.6703412073490813,0.6656167979002625,0.3845487115123183,0.4728690030371235,0.308209627866745,1.7119953256943656,0.9058929681777954,17.174531125929576,,,1.104999999999999,0.0657992706749252,0.0631441924349163,0.2190014561491227,0.128635640597603,0.3388093349778313,0.3410092519160674,0.0588532740582982
lodo.Public.full_midinject.s42,full_midinject,lodo,Public,42,,0.7787555355167043,0.851063829787234,0.7647058823529411,0.7204968944099379,381,xlm-roberta-base,495.2,79788,75421,0,4367,,gold+bulk,False,0.1,0.07,54.0,0.7165354330708661,0.7165354330708661,0.7049868766404199,0.7022309711286089,0.3892364164357037,0.4807691274250527,0.3270105123519897,1.6387421912707325,0.8648968935012817,16.23141193858875,,,1.4549999999999996,0.0627541913272743,0.065234930534573,0.255255599959035,0.1575675939157772,0.3299911990524062,0.325831818148254,0.0936544912612518
lodo.Public.full_midinject.s87,full_midinject,lodo,Public,87,,0.7613906666469937,0.8348348348348348,0.7164179104477612,0.7329192546583851,381,xlm-roberta-base,425.1,79788,75421,0,4367,,gold+bulk,False,0.1,0.07,56.0,0.7322834645669292,0.7186351706036745,0.705511811023622,0.6981627296587927,0.3684873533928421,0.4370912920550557,0.3089018166065216,1.6434387151474354,0.8839461803436279,17.06321863729235,,,1.2599999999999991,0.0440128218699892,0.0593808789606711,0.1053438021910433,0.1088643942708726,0.3286785358892319,0.3291662471510129,0.0672773994028146
lodo.Public.mbert_ft.s100,mbert_ft,lodo,Public,100,,0.6400086975429441,0.6571428571428571,0.6190476190476191,0.6438356164383562,381,bert-base-multilingual-cased,245.6,79788,75421,0,4367,,gold+bulk,False,,,49.0,0.6036745406824147,0.5826771653543307,0.5750656167979002,0.5786089238845145,0.283511169036989,0.3105935475226837,0.1360792815685272,2.413922899600727,0.4968053996562958,19.04735754697047,,,0.8900000000000003,0.0690732288897022,0.0557707158110793,0.1994178494557505,0.164311506314057,0.4610850482722032,0.4599955409709013,0.1510030128524594
lodo.Public.mbert_ft.s13,mbert_ft,lodo,Public,13,,0.6681676162425823,0.6915254237288135,0.6417445482866043,0.6712328767123288,381,bert-base-multilingual-cased,189.0,79788,75421,0,4367,,gold+bulk,False,,,54.0,0.5669291338582677,0.5753280839895013,0.5624671916010499,0.5519685039370079,0.2769068951369327,0.296387702744615,0.1223486363887786,2.488303939882537,0.4553405940532684,19.786929461578787,,,0.9700000000000004,0.0719558012574039,0.060291948000482,0.151025851973619,0.1411840172658577,0.4416656170743762,0.4410338948733142,0.1328010476934731
lodo.Public.mbert_ft.s42,mbert_ft,lodo,Public,42,,0.6705407074468749,0.7476038338658147,0.6180555555555556,0.6459627329192547,381,bert-base-multilingual-cased,391.4,79788,75421,0,4367,,gold+bulk,False,,,55.0,0.6640419947506562,0.6267716535433071,0.6417322834645669,0.6217847769028871,0.2673262977843201,0.2786781453261788,0.1574527770280838,2.232530682035617,0.362680971622467,18.78698293627628,,,1.4049999999999996,0.0891976559203521,0.0993049726956864,0.3051858098854692,0.1752446670236964,0.4029245880865912,0.4051132171923528,0.0920353492536449
lodo.Public.mdeberta_dapt.s100,mdeberta_dapt,lodo,Public,100,,0.7302870465925162,0.7962962962962963,0.7017543859649122,0.6928104575163399,381,microsoft/mdeberta-v3-base,282.1,79788,75421,0,4367,,gold+bulk,False,,,62.0,0.6797900262467191,0.6498687664041994,0.626509186351706,0.6124671916010499,0.3702661139452144,0.422298917938035,0.2150242924690246,1.8507203836370865,0.6037679314613342,13.07161548423488,,,0.7700000000000002,0.129612847111269,0.0755181602709788,0.2349183023751038,0.1253395113573913,0.3684664605715123,0.3528771310509334,0.110883566564613
lodo.Public.mdeberta_dapt.s13,mdeberta_dapt,lodo,Public,13,,0.7665585007677412,0.8495575221238938,0.7384615384615385,0.7116564417177914,381,microsoft/mdeberta-v3-base,564.3,79788,75421,0,4367,,gold+bulk,False,,,54.0,0.7270341207349081,0.7091863517060367,0.6879265091863517,0.6732283464566929,0.3788176061378647,0.4498228703213436,0.2866533100605011,1.708443977760126,0.4330759048461914,12.877044695806802,,,1.2599999999999991,0.0723998060286251,0.0867365576230255,0.1701025545663295,0.1828008081132196,0.3070321408045889,0.3157896412320053,0.0391789968533998
lodo.Public.mdeberta_dapt.s21,mdeberta_dapt,lodo,Public,21,,0.7430405970533359,0.8303030303030303,0.6981818181818182,0.7006369426751592,381,microsoft/mdeberta-v3-base,421.4,79788,75421,0,4367,,gold+bulk,False,,,58.0,0.6876640419947506,0.6918635170603674,0.6727034120734908,0.6573490813648294,0.3523522050276639,0.416765585056943,0.2561643123626709,1.7067747038111107,0.4558391869068146,14.064064808284996,,,1.169999999999999,0.073822139656026,0.0929455628368079,0.1665989021726946,0.1657650340802184,0.3256127596315654,0.3314819585388421,0.077284651913247
lodo.Public.mdeberta_dapt.s42,mdeberta_dapt,lodo,Public,42,,0.7766104648183262,0.8461538461538461,0.7368421052631579,0.7468354430379747,381,microsoft/mdeberta-v3-base,559.2,79788,75421,0,4367,,gold+bulk,False,,,62.0,0.7034120734908137,0.7028871391076116,0.6939632545931759,0.676246719160105,0.39104918876017,0.4637722062054257,0.2765514850616455,1.655441300102851,0.5249452590942383,14.035974268514613,,,1.0349999999999997,0.0864985007981534,0.0965778039806795,0.1957129365602352,0.2129214730850496,0.3081275098719179,0.3099738123303679,0.0778169879477558
lodo.Public.mdeberta_dapt.s87,mdeberta_dapt,lodo,Public,87,,0.7297760612978004,0.8405797101449275,0.6959706959706959,0.6527777777777778,381,microsoft/mdeberta-v3-base,349.7,79788,75421,0,4367,,gold+bulk,False,,,55.0,0.6929133858267716,0.6624671916010498,0.6593175853018373,0.647244094488189,0.35502933258491,0.4225923812479883,0.2367216050624847,1.985340924243404,0.5135706067085266,12.895337969252871,,,0.9250000000000004,0.083232826956806,0.072473287819274,0.2448755128456705,0.2241224684323816,0.3474486406834693,0.3437643927693009,0.1005972787422141
lodo.Public.mdeberta_ft.s100,mdeberta_ft,lodo,Public,100,,0.7715505058788641,0.8417910447761194,0.7326007326007326,0.7402597402597403,381,microsoft/mdeberta-v3-base,560.5,79788,75421,0,4367,,gold+bulk,False,,,54.0,0.7112860892388452,0.7165354330708661,0.705249343832021,0.696981627296588,0.4399061534581566,0.4718759479784425,0.2711696326732635,1.6761399364274965,0.6269679665565491,12.884703239332875,,,1.069999999999999,0.0806348879371503,0.0888984770292382,0.2026188016653545,0.2198200866996031,0.309142938737553,0.3126861549670357,0.0809301230982584
lodo.Public.mdeberta_ft.s13,mdeberta_ft,lodo,Public,13,,0.7649139442725792,0.829971181556196,0.7131782945736435,0.7515923566878981,381,microsoft/mdeberta-v3-base,504.4,79788,75421,0,4367,,gold+bulk,False,,,58.0,0.7007874015748031,0.6776902887139108,0.6727034120734908,0.6656167979002625,0.3601524326954236,0.4153240082898993,0.2817547917366028,1.811845268513948,0.5675958395004272,12.4822152824381,,,1.1949999999999996,0.0612434613335736,0.0814725381222854,0.1553712949740969,0.1393751430146348,0.3140695803740555,0.3210645326550991,0.0488582190717387
lodo.Public.mdeberta_ft.s42,mdeberta_ft,lodo,Public,42,,0.7588137622118393,0.8421052631578947,0.6896551724137931,0.7446808510638298,381,microsoft/mdeberta-v3-base,356.2,79788,75421,0,4367,,gold+bulk,False,,,62.0,0.6771653543307087,0.6745406824146981,0.6716535433070866,0.6611548556430447,0.4150270980501403,0.4744988583348289,0.287373811006546,1.7126323787361002,0.6715996265411377,10.530918500577776,,,0.9900000000000004,0.0914957064271177,0.09055138627174,0.2399950906231791,0.2370393343676888,0.3357471513250925,0.3352492748785635,0.0720356010828652
lodo.Public.xlmr_dann.s100,xlmr_dann,lodo,Public,100,,0.7403676414634411,0.8012232415902141,0.7028985507246377,0.7169811320754716,381,xlm-roberta-base,295.7,79788,75421,0,4367,,gold+bulk,False,,,50.0,0.6587926509186351,0.6530183727034121,0.6404199475065617,0.6259842519685039,0.1477659502929855,0.1408395060891885,0.1605961769819259,2.5481172192200776,0.4416821300983429,14.906133534563557,,,0.9800000000000004,0.1007681873101217,0.1004602327087006,0.2200861386433558,0.2141606879006992,0.3503109587204981,0.3493946318854529,0.0813011581811241
lodo.Public.xlmr_dann.s13,xlmr_dann,lodo,Public,13,,0.7453729992801567,0.8050314465408805,0.6985294117647058,0.7325581395348837,381,xlm-roberta-base,352.9,79788,75421,0,4367,,gold+bulk,False,,,54.0,0.6640419947506562,0.6619422572178477,0.6553805774278215,0.6398950131233596,0.2240477453726336,0.2020029126265527,0.0989190340042114,2.592930296397086,0.5396732687950134,16.643452795036655,,,1.0799999999999998,0.090852262756784,0.1001909116369108,0.2151251440471296,0.2722294828324334,0.3503322656557121,0.3536605411871504,0.0980734692314114
lodo.Public.xlmr_dann.s42,xlmr_dann,lodo,Public,42,,0.7420783578635564,0.8061538461538461,0.7075812274368231,0.7125,381,xlm-roberta-base,410.4,79788,75421,0,4367,,gold+bulk,False,,,53.0,0.6719160104986877,0.6614173228346457,0.6559055118110236,0.6430446194225722,0.3456980126565686,0.3995244166163761,0.1454785019159317,1.893659088255534,0.832836925983429,16.112828990459484,,,1.0000000000000004,0.1040242881566632,0.1040242881566633,0.1955913913383563,0.1955913913383565,0.358976917605557,0.358976917605557,0.0884699708524087
lodo.Public.xlmr_dapt.s100,xlmr_dapt,lodo,Public,100,,0.757639108858621,0.8170731707317073,0.7285714285714285,0.7272727272727273,381,xlm-roberta-base,343.7,79788,75421,0,4367,,gold+bulk,False,,,51.0,0.7112860892388452,0.6902887139107612,0.6803149606299213,0.6635170603674541,0.2325645845803105,0.2290960225642488,0.17462158203125,2.5404067607386183,0.5634909272193909,13.67897799414548,,,1.0200000000000005,0.0802056873875939,0.0830117974523805,0.1524758275870934,0.1586830394061769,0.3399133023852501,0.3407936721044777,0.0883030015452689
lodo.Public.xlmr_dapt.s13,xlmr_dapt,lodo,Public,13,,0.7524123230515679,0.8313253012048193,0.7252747252747253,0.7006369426751592,381,xlm-roberta-base,297.6,79788,75421,0,4367,,gold+bulk,False,,,53.0,0.7191601049868767,0.6750656167979002,0.6635170603674541,0.6548556430446194,0.3357346567266814,0.4076050735572483,0.1879678219556808,2.049770710203273,0.6440401077270508,16.30349117449757,,,0.9800000000000004,0.0760529190429185,0.0734118050799994,0.257736570191921,0.2524901175056041,0.3276109361634588,0.3268398199901134,0.0700696507527607
lodo.Public.xlmr_dapt.s42,xlmr_dapt,lodo,Public,42,,0.7577918736437907,0.851963746223565,0.7246376811594203,0.6967741935483871,381,xlm-roberta-base,469.2,79788,75421,0,4367,,gold+bulk,False,,,53.0,0.7191601049868767,0.7034120734908137,0.6905511811023622,0.6808398950131234,0.3296701083123624,0.3724786658758739,0.2294942438602447,2.131580440638956,0.5137470364570618,15.080552555248875,,,1.0200000000000005,0.061007314901534,0.057536053664429,0.2383823331936757,0.2429900362249322,0.3208338224500875,0.321395780531701,0.0697706182646003
lodo.Public.xlmr_dapt_film.s100,xlmr_dapt_film,lodo,Public,100,,0.7576826750600737,0.8298507462686567,0.7357142857142858,0.7074829931972789,381,xlm-roberta-base,361.1,79788,75421,0,4367,,gold+bulk,False,,,49.0,0.6981627296587927,0.6834645669291338,0.6761154855643045,0.6611548556430447,0.2120630443930539,0.1855920776615558,0.1276488155126571,2.3669375335914324,0.5054178237915039,13.000416017985009,,,0.9700000000000004,0.0769854013841593,0.0735332291906564,0.2162801971205668,0.1678320767041491,0.3408438885717485,0.3394964271990882,0.1024305394580767
lodo.Public.xlmr_dapt_film.s13,xlmr_dapt_film,lodo,Public,13,,0.7400529476766119,0.805111821086262,0.6909090909090909,0.7241379310344828,381,xlm-roberta-base,356.0,79788,75421,0,4367,,gold+bulk,False,,,52.0,0.6771653543307087,0.6766404199475066,0.6637795275590551,0.6560367454068241,0.2939808622874442,0.3613153007950168,0.2262616157531738,2.229649568629981,0.4955864548683166,13.873577698456454,,,1.069999999999999,0.0683764682029863,0.0781714831830358,0.2129017799381281,0.2273606936298862,0.3462890275673529,0.347842767163077,0.0807490839472412
lodo.Public.xlmr_dapt_film.s42,xlmr_dapt_film,lodo,Public,42,,0.7402530845644618,0.844311377245509,0.7142857142857143,0.6621621621621622,381,xlm-roberta-base,373.3,79788,75421,0,4367,,gold+bulk,False,,,52.0,0.6876640419947506,0.6913385826771653,0.6645669291338583,0.6416010498687664,0.3421831307406215,0.4277107818247261,0.1747976392507553,2.274453097295769,0.5659633278846741,15.726572744013788,,,1.0299999999999998,0.0355419316841479,0.0393517374080266,0.1135841377959021,0.1220959467084765,0.347455361156053,0.3480455946766507,0.0879982437890905
lodo.Public.xlmr_dapt_supcon.s100,xlmr_dapt_supcon,lodo,Public,100,,0.7371629870433334,0.8206686930091185,0.7037037037037037,0.6871165644171779,381,xlm-roberta-base,308.7,79788,75421,0,4367,,gold+bulk,False,0.1,0.07,50.0,0.6929133858267716,0.6624671916010498,0.6698162729658793,0.6612860892388451,0.3395975768506301,0.4206931012507514,0.2590869069099426,1.837748159813952,0.9082931876182556,16.31539832971371,,,1.0150000000000006,0.0684266600398122,0.0679852982729329,0.1373553734513398,0.1410535426120149,0.3444010038802225,0.3443599974137219,0.0555644882885909
lodo.Public.xlmr_dapt_supcon.s13,xlmr_dapt_supcon,lodo,Public,13,,0.7461410172176156,0.8297213622291022,0.7241379310344828,0.6845637583892618,381,xlm-roberta-base,367.2,79788,75421,0,4367,,gold+bulk,False,0.1,0.07,54.0,0.6902887139107612,0.694488188976378,0.6902887139107612,0.6829396325459317,0.3860747641393595,0.4604077565500478,0.2894003689289093,1.7576671171073424,0.8949497938156128,16.92402831941411,,,1.23,0.0673343625773345,0.0589153704698737,0.176077013872785,0.1229703832014136,0.3466593441340691,0.3476105268092718,0.1018157609037648
lodo.Public.xlmr_dapt_supcon.s42,xlmr_dapt_supcon,lodo,Public,42,,0.7572107633228026,0.8493975903614458,0.7299270072992701,0.6923076923076923,381,xlm-roberta-base,488.1,79788,75421,0,4367,,gold+bulk,False,0.1,0.07,56.0,0.7007874015748031,0.7128608923884514,0.7073490813648294,0.7040682414698163,0.37752021341978,0.4545560171512404,0.3072462677955627,1.7153178689185955,0.8933352828025818,18.201235900448165,,,1.2599999999999991,0.0561167666203155,0.0589315510171932,0.1803459951387476,0.1682181736620768,0.3356897478914413,0.336288221192956,0.0670460384905462
lodo.Public.xlmr_film.s100,xlmr_film,lodo,Public,100,,0.7542322824374107,0.8224852071005917,0.725925925925926,0.7142857142857143,381,xlm-roberta-base,362.9,79788,75421,0,4367,,gold+bulk,False,,,53.0,0.6141732283464567,0.6561679790026247,0.6490813648293964,0.6332020997375328,0.2255440679972412,0.1962227257288658,0.1570337116718292,2.4026864854987244,0.5213033556938171,15.191989244298943,,,0.9550000000000004,0.1018255942808956,0.0937891884659704,0.1779338138455485,0.180625210254552,0.3442751167044536,0.3418350812727186,0.0993229377657561
lodo.Public.xlmr_film.s13,xlmr_film,lodo,Public,13,,0.7589080035344388,0.8085106382978723,0.7352941176470589,0.7329192546583851,381,xlm-roberta-base,371.8,79788,75421,0,4367,,gold+bulk,False,,,53.0,0.7060367454068242,0.673490813648294,0.6532808398950132,0.6393700787401575,0.2251849448141436,0.2107782896372193,0.0651737228035926,2.5054300072985503,0.6518433690071106,14.71199158448077,,,1.069999999999999,0.0999194626092809,0.1118269318065561,0.2427255107332151,0.3006294150600835,0.3621108476863795,0.3659014180789264,0.1092077887005926
lodo.Public.xlmr_film.s42,xlmr_film,lodo,Public,42,,0.7660602651875125,0.8308605341246291,0.7352941176470589,0.7320261437908496,381,xlm-roberta-base,468.6,79788,75421,0,4367,,gold+bulk,False,,,55.0,0.6955380577427821,0.6855643044619423,0.6706036745406824,0.6568241469816273,0.2918533933851695,0.338389758238121,0.1947965025901794,2.580794181132546,0.5772423148155212,16.178703095324757,,,1.0349999999999997,0.0652120852932646,0.0685445920310977,0.1549534722839844,0.1650677355152897,0.3175745759650205,0.3189075186537004,0.0815900201696969
lodo.Public.xlmr_film_supcon.s100,xlmr_film_supcon,lodo,Public,100,,0.7593689706049256,0.8242424242424242,0.7265917602996255,0.7272727272727273,381,xlm-roberta-base,516.0,79788,75421,0,4367,,gold+bulk,False,0.1,0.07,50.0,0.6719160104986877,0.6750656167979002,0.6648293963254593,0.6635170603674541,0.3626184673942336,0.4266012749432807,0.2815462052822113,1.7088788603632663,0.8882080316543579,18.259797768663447,,,1.39,0.0468713882693384,0.0653158320820453,0.1474237379245406,0.1337436775200575,0.3424519679469758,0.3444846458744122,0.0632670776014742
lodo.Public.xlmr_film_supcon.s13,xlmr_film_supcon,lodo,Public,13,,0.7712283595144412,0.8323353293413174,0.751937984496124,0.7294117647058823,381,xlm-roberta-base,511.4,79788,75421,0,4367,,gold+bulk,False,0.1,0.07,53.0,0.6771653543307087,0.6656167979002625,0.6587926509186351,0.6520997375328084,0.3701498966707646,0.4465616564948091,0.2869950830936432,1.7200621044458668,0.8909897804260254,17.70196733251018,,,1.3199999999999992,0.0518610577676265,0.07178724558851,0.163460892108553,0.1736400277551225,0.3278882916883247,0.3344370509840277,0.0447172584437616
lodo.Public.xlmr_film_supcon.s42,xlmr_film_supcon,lodo,Public,42,,0.7422008186728789,0.8130563798219584,0.7027027027027027,0.7108433734939759,381,xlm-roberta-base,507.6,79788,75421,0,4367,,gold+bulk,False,0.1,0.07,56.0,0.6876640419947506,0.6855643044619423,0.6989501312335958,0.6834645669291338,0.3593976814485073,0.4127862679776741,0.2872907221317291,1.7154624849529965,0.8945261240005493,18.772579910810062,,,1.2699999999999991,0.0847773166242995,0.0997591417420276,0.2084281498938113,0.1890092049628647,0.329299397443916,0.3325040251541475,0.0559473866289823
lodo.Public.xlmr_ft.s100,xlmr_ft,lodo,Public,100,,0.7425197049587093,0.7914110429447853,0.7247386759581882,0.7114093959731543,381,xlm-roberta-base,351.1,79788,75421,0,4367,,gold+bulk,False,,,50.0,0.6614173228346457,0.6498687664041994,0.6359580052493439,0.6227034120734908,0.1055203102650349,0.1090556692096821,0.0198162402957677,3.2460935929957206,0.5999903082847595,15.512650737815248,,,0.9650000000000004,0.1210771978104252,0.1109972316029561,0.266989749014325,0.2184745540487713,0.3814996806643926,0.3793894815654264,0.1201935015385154
lodo.Public.xlmr_ft.s13,xlmr_ft,lodo,Public,13,,0.7687893772365033,0.8328267477203647,0.746268656716418,0.7272727272727273,381,xlm-roberta-base,461.0,79788,75421,0,4367,,gold+bulk,False,,,53.0,0.6587926509186351,0.6834645669291338,0.6711286089238845,0.6583989501312336,0.2559474897882974,0.205176054908193,0.1182854250073432,2.389012330743076,0.6173381209373474,16.98392521440653,,,1.18,0.0570044542972711,0.084130348295756,0.1334148646630065,0.1765519609930261,0.3247554693812435,0.3324647183551036,0.0762580849236112
lodo.Public.xlmr_ft.s21,xlmr_ft,lodo,Public,21,,0.762336918181949,0.8224852071005917,0.7445255474452555,0.72,381,xlm-roberta-base,459.1,79788,75421,0,4367,,gold+bulk,False,,,55.0,0.6456692913385826,0.6698162729658793,0.6645669291338583,0.6461942257217848,0.1925428744001999,0.2115020490042379,0.1401450037956237,2.408646094178109,0.6180118918418884,15.624186002145986,,,1.1599999999999993,0.0630417039741495,0.0910039176700375,0.2074353651680781,0.2322155548980777,0.3413459169339158,0.3487877433403683,0.0715200119780381
lodo.Public.xlmr_ft.s42,xlmr_ft,lodo,Public,42,,0.7359134465425529,0.7951070336391437,0.6956521739130435,0.7169811320754716,381,xlm-roberta-base,412.3,79788,75421,0,4367,,gold+bulk,False,,,49.0,0.6587926509186351,0.6398950131233596,0.6272965879265092,0.6162729658792651,0.2323656450711609,0.1896207754300376,0.1207673251628875,2.4481124648393853,0.6962683796882629,16.604936525044828,,,0.9900000000000004,0.0691834249807662,0.0679334256055549,0.1426683920598163,0.1400671067983878,0.3636131858848138,0.3632844529118925,0.0936178547283637
lodo.Public.xlmr_ft.s87,xlmr_ft,lodo,Public,87,,0.7605036118631284,0.8157099697885196,0.7142857142857143,0.7515151515151515,381,xlm-roberta-base,352.6,79788,75421,0,4367,,gold+bulk,False,,,53.0,0.6771653543307087,0.6645669291338583,0.6451443569553805,0.6253280839895013,0.2707057862818287,0.2985589964671559,0.1968126744031906,1.8422045979720103,0.5423390865325928,16.728874552834213,,,0.9900000000000004,0.1026749457181701,0.1013291321068061,0.24776627385225,0.2460113349966743,0.3588946771825285,0.3583164008211594,0.1158496331354115
lodo.Public.xlmr_supcon.s100,xlmr_supcon,lodo,Public,100,,0.764570409113755,0.8050314465408805,0.7402135231316725,0.7484662576687117,381,xlm-roberta-base,424.0,79788,75421,0,4367,,gold+bulk,False,0.1,0.07,54.0,0.6561679790026247,0.662992125984252,0.6545931758530183,0.6440944881889764,0.3640849049414326,0.4306973720480335,0.2635912597179413,1.733659134124622,0.8950225114822388,18.618786431397552,,,1.285,0.0613706142951161,0.0749984520263684,0.1520678966394055,0.1740523606896824,0.3496605642447797,0.3533246229735917,0.0796262443014985
lodo.Public.xlmr_supcon.s13,xlmr_supcon,lodo,Public,13,,0.749839846393623,0.8138801261829653,0.7245283018867924,0.7111111111111111,381,xlm-roberta-base,481.2,79788,75421,0,4367,,gold+bulk,False,0.1,0.07,52.0,0.7191601049868767,0.684514435695538,0.6622047244094488,0.6593175853018373,0.3553813056436755,0.4341744469521349,0.2744909226894378,1.6796935209492807,0.8920672535896301,20.116007437403585,,,1.3099999999999994,0.0852591609321881,0.0838903441677681,0.2103460095614809,0.2555866695767718,0.3565214211493946,0.357855718784864,0.0649921173139422
lodo.Public.xlmr_supcon.s21,xlmr_supcon,lodo,Public,21,,0.6528357836459691,0.6570397111913358,0.6528189910979229,0.6486486486486487,381,xlm-roberta-base,250.4,79788,75421,0,4367,,gold+bulk,False,0.1,0.07,53.0,0.6692913385826772,0.6640419947506562,0.6454068241469816,0.6353018372703412,0.2919325491015496,0.3193088458121292,0.201472520828247,2.078837350317525,0.9276257753372192,16.492524654706695,,,1.0949999999999995,0.0722575532674196,0.0689278321576921,0.2177601909060867,0.2021217479322086,0.464653509052347,0.4603881432860672,0.1819831073808454
lodo.Public.xlmr_supcon.s42,xlmr_supcon,lodo,Public,42,,0.7436020453697972,0.7949526813880127,0.7062937062937062,0.7295597484276729,381,xlm-roberta-base,423.8,79788,75421,0,4367,,gold+bulk,False,0.1,0.07,54.0,0.7086614173228346,0.6976377952755906,0.6897637795275591,0.6770341207349081,0.3286527258866507,0.3718518445866652,0.272871196269989,1.6900093630529274,0.8928194642066956,16.178166474654383,,,1.2549999999999994,0.0742900594565869,0.0880800841835203,0.2221400788702392,0.2066136893525834,0.3452951917622173,0.3456690552134346,0.1035640991344067
lodo.Public.xlmr_supcon.s87,xlmr_supcon,lodo,Public,87,,0.7434970821945847,0.7987616099071208,0.7137809187279152,0.717948717948718,381,xlm-roberta-base,402.4,79788,75421,0,4367,,gold+bulk,False,0.1,0.07,52.0,0.6745406824146981,0.6850393700787402,0.6763779527559055,0.6681102362204724,0.3536823244462074,0.4225771686773674,0.263208657503128,1.8197474148995765,0.8889543414115906,18.02812138737047,,,1.2649999999999992,0.0513190388224124,0.0618329111957112,0.1333131331350298,0.1290193191951614,0.3608374728552641,0.3609635716888166,0.0987259844229455
lodo.Retail.allma_ft.s100,allma_ft,lodo,Retail,100,,0.6925419670049742,0.6666666666666666,0.6634844868735084,0.7474747474747475,586,allmalab/bert-base-aze,335.9,74921,70899,0,4022,,gold+bulk,False,,,53.0,0.6245733788395904,0.6310580204778157,0.629863481228669,0.6267918088737201,0.2412926513037678,0.2523941165069872,0.0902020707726478,3.779017667628693,0.3222295939922333,26.376226409428853,,,1.435,0.0943694014840828,0.0646078817926978,0.2383238289560643,0.2086205012651645,0.444951602619656,0.4327034679677644,0.075836844179822
lodo.Retail.allma_ft.s13,allma_ft,lodo,Retail,13,,0.6941862850448581,0.688,0.6619385342789598,0.732620320855615,586,allmalab/bert-base-aze,352.9,74921,70899,0,4022,,gold+bulk,False,,,52.0,0.6296928327645052,0.6252559726962458,0.6296928327645052,0.6248293515358362,0.2393824066321817,0.2657560761928959,0.0901718288660049,3.5601400848289213,0.3307258188724518,23.265702630509544,,,1.39,0.0905097083293513,0.0730684509788082,0.2609075538022659,0.2141499554331648,0.4421785628589715,0.4292128486245868,0.0856421962414312
lodo.Retail.allma_ft.s42,allma_ft,lodo,Retail,42,,0.6985384348653622,0.6830601092896175,0.6776470588235294,0.7349081364829396,586,allmalab/bert-base-aze,351.4,74921,70899,0,4022,,gold+bulk,False,,,50.0,0.6450511945392492,0.6303754266211604,0.6286689419795222,0.6208191126279864,0.2549251474589831,0.2741477093942481,0.0863095000386238,3.86068364850196,0.306611955165863,25.97466489331989,,,1.4149999999999994,0.0904539312203746,0.0708831722457606,0.2635633607658061,0.1911301955744776,0.4319339372361896,0.423001008835638,0.066016011973944
lodo.Retail.full.s100,full,lodo,Retail,100,,0.7219430085290449,0.7005347593582888,0.6869158878504673,0.7783783783783784,586,xlm-roberta-base,426.7,74921,70899,0,4022,,gold+bulk,False,0.1,0.07,54.0,0.6501706484641638,0.6518771331058021,0.6583617747440274,0.656740614334471,0.3077903527526164,0.3426516835435069,0.1888569444417953,2.1869232602916298,0.8441329598426819,17.68309969102687,,,1.385,0.1014189393483605,0.0652978561089246,0.2496527618151759,0.1476192530246511,0.4156691943493108,0.3991081113811038,0.0921560422606147
lodo.Retail.full.s13,full,lodo,Retail,13,,0.6598019939011971,0.608433734939759,0.656319290465632,0.7146529562982005,586,xlm-roberta-base,511.9,74921,70899,0,4022,,gold+bulk,False,0.1,0.07,54.0,0.6757679180887372,0.6477815699658703,0.639419795221843,0.6361774744027304,0.2446334668291393,0.275505707133365,0.1578853130340576,2.378382972248241,0.8494588136672974,18.97396108953034,,,1.4149999999999994,0.1561524772072788,0.0852273836634044,0.2539815615491611,0.1726044603561024,0.4799552938352234,0.4508182357542237,0.1179558986995755
lodo.Retail.full.s21,full,lodo,Retail,21,,0.6803778281948613,0.6592797783933518,0.6450116009280742,0.7368421052631579,586,xlm-roberta-base,427.5,74921,70899,0,4022,,gold+bulk,False,0.1,0.07,51.0,0.6279863481228669,0.6457337883959045,0.6401023890784983,0.6370307167235495,0.2561324265367991,0.2847868666844246,0.1578523516654968,2.272346929483794,0.8766381144523621,19.47784411700819,,,1.1649999999999991,0.0969124000313843,0.0693849902544049,0.186798868503324,0.1774576046285173,0.4465832165471884,0.4374849485838041,0.0790456843048802
lodo.Retail.full.s42,full,lodo,Retail,42,,0.6889021493859531,0.6552706552706553,0.680365296803653,0.7310704960835509,586,xlm-roberta-base,513.9,74921,70899,0,4022,,gold+bulk,False,0.1,0.07,56.0,0.6228668941979523,0.6566552901023891,0.6459044368600683,0.6418088737201365,0.2634206429607945,0.2988376570043534,0.1605575382709503,2.359163116349256,0.8659899830818176,18.82215835751157,,,1.2899999999999998,0.1113243474111261,0.0697532706604807,0.2062585217677439,0.1664672442145786,0.4523327634021018,0.4371146785897912,0.0823414033068234
lodo.Retail.full.s87,full,lodo,Retail,87,,0.6879132140774314,0.6685082872928176,0.6490384615384616,0.7461928934010152,586,xlm-roberta-base,425.3,74921,70899,0,4022,,gold+bulk,False,0.1,0.07,55.0,0.6535836177474402,0.6498293515358362,0.6503412969283277,0.647098976109215,0.2526816536313093,0.2866504635990233,0.1635652929544448,2.240474332236853,0.8611933588981628,18.460038173495697,,,1.235,0.1138407182005566,0.0806119688929729,0.3304337684286521,0.2312285305903342,0.4500556808785847,0.4356440742183247,0.0984840545435996
lodo.Retail.full_mbert.s100,full_mbert,lodo,Retail,100,,0.6395633858580164,0.5958702064896755,0.6129753914988815,0.7098445595854922,586,bert-base-multilingual-cased,413.8,74921,70899,0,4022,,gold+bulk,False,0.1,0.07,51.0,0.60580204778157,0.6088737201365187,0.6080204778156997,0.6020477815699659,0.2070389637871864,0.2253061378681683,0.1116678938269615,2.7644397295218632,0.8532983660697937,24.072564599183117,,,1.59,0.1614066498426264,0.0793754252161523,0.3719427359831359,0.1937510856962945,0.5212034873314182,0.4806902714778426,0.1347013544572551
lodo.Retail.full_mbert.s13,full_mbert,lodo,Retail,13,,0.666407304248685,0.6318840579710145,0.6386946386946387,0.7286432160804021,586,bert-base-multilingual-cased,417.4,74921,70899,0,4022,,gold+bulk,False,0.1,0.07,55.0,0.6518771331058021,0.625938566552901,0.6160409556313993,0.6122866894197952,0.2254328587511027,0.2541678038550204,0.133398488163948,2.6723556095036707,0.8564622402191162,21.61351753916218,,,1.5099999999999996,0.1264376823893013,0.0735927025078214,0.387088733775435,0.2411980234549291,0.4812894104033937,0.4569586683826728,0.1067625285341474
lodo.Retail.full_mbert.s21,full_mbert,lodo,Retail,21,,0.6309714946448345,0.6240409207161125,0.5862068965517241,0.6826666666666666,586,bert-base-multilingual-cased,246.2,74921,70899,0,4022,,gold+bulk,False,0.1,0.07,56.0,0.5938566552901023,0.5873720136518771,0.5856655290102389,0.5784982935153583,0.1799016602876974,0.1968957613924924,0.0956475883722305,2.992598346869133,0.859642744064331,21.95852107552357,,,1.3250000000000002,0.1305057116698977,0.0801316193709262,0.261087334505281,0.1821871911286372,0.5073843388710243,0.4852147313824204,0.1145311887183922
lodo.Retail.full_mbert.s42,full_mbert,lodo,Retail,42,,0.6425540808049992,0.5932721712538226,0.6308724832214765,0.7035175879396985,586,bert-base-multilingual-cased,420.9,74921,70899,0,4022,,gold+bulk,False,0.1,0.07,51.0,0.6313993174061433,0.6215017064846416,0.6133105802047781,0.6052901023890785,0.1929069248704261,0.2085650070340336,0.1203376874327659,2.682573814860857,0.8481028079986572,23.59430133866135,,,1.6250000000000004,0.1765691322610314,0.060193152690764,0.305815057661158,0.1592609731177217,0.5231070157170128,0.4807438115234592,0.140261122467688
lodo.Retail.full_mbert.s87,full_mbert,lodo,Retail,87,,0.6357183332089776,0.6236559139784946,0.6028708133971292,0.680628272251309,586,bert-base-multilingual-cased,255.1,74921,70899,0,4022,,gold+bulk,False,0.1,0.07,55.0,0.5938566552901023,0.5901023890784983,0.5877133105802048,0.5859215017064846,0.202530018825837,0.2173860975027723,0.0935701206326484,2.8622654808353065,0.8752326369285583,22.66023783843232,,,1.2599999999999991,0.1268618777571638,0.0922562316349293,0.2893334309829556,0.1923555087117863,0.4944718913575782,0.4795440270102819,0.106662793688984
lodo.Retail.full_mdeberta.s100,full_mdeberta,lodo,Retail,100,,0.692730962455347,0.6647230320699709,0.671201814058957,0.7422680412371134,586,microsoft/mdeberta-v3-base,444.7,74921,70899,0,4022,,gold+bulk,False,0.1,0.07,58.0,0.6535836177474402,0.6508532423208191,0.6462457337883959,0.6492320819112628,0.2883687297935909,0.3270202785328733,0.1939726173877716,2.0904055460736197,0.8888903260231018,15.962364690246863,,,1.1349999999999998,0.0901470792808801,0.0676558439603051,0.2287378727727962,0.1646258509489157,0.4275596599556442,0.4211979406788879,0.075711301018826
lodo.Retail.full_mdeberta.s13,full_mdeberta,lodo,Retail,13,,0.7110678941745915,0.6858789625360231,0.6960556844547564,0.751269035532995,586,microsoft/mdeberta-v3-base,593.8,74921,70899,0,4022,,gold+bulk,False,0.1,0.07,62.0,0.674061433447099,0.6549488054607508,0.645221843003413,0.6418088737201365,0.2914682416907361,0.332848084960271,0.1971091032028198,2.017671854802911,0.8734011054039001,14.70592600294079,,,1.2449999999999997,0.1186501379912317,0.095063209664057,0.2021163164843773,0.2137188902585722,0.4335916325529506,0.4220633725986474,0.0818125507965018
lodo.Retail.full_mdeberta.s21,full_mdeberta,lodo,Retail,21,,0.688408091747104,0.6569767441860465,0.6651053864168618,0.743142144638404,586,microsoft/mdeberta-v3-base,585.4,74921,70899,0,4022,,gold+bulk,False,0.1,0.07,55.0,0.6416382252559727,0.6525597269624573,0.6459044368600683,0.6397610921501706,0.2479770657255013,0.2851762422008272,0.18377086520195,2.114283094079417,0.8625296354293823,15.592541569420863,,,1.39,0.1377947051594917,0.0803220705156499,0.2635064437715184,0.179330737085561,0.4619415997543175,0.4372374449191246,0.1005547833532592
lodo.Retail.full_mdeberta.s42,full_mdeberta,lodo,Retail,42,,0.6666033766324464,0.627906976744186,0.6531531531531531,0.71875,586,microsoft/mdeberta-v3-base,588.6,74921,70899,0,4022,,gold+bulk,False,0.1,0.07,59.0,0.6279863481228669,0.6392491467576792,0.6411262798634813,0.6339590443686007,0.2327047724651846,0.2659095444315266,0.1689499169588089,2.176200979100333,0.8721856474876404,16.18561427242101,,,1.33,0.1332857602781018,0.0915276867552314,0.2837407891031288,0.1873233030256335,0.4570544966087592,0.4360134281664765,0.0944680267947346
lodo.Retail.full_mdeberta.s87,full_mdeberta,lodo,Retail,87,,0.698709998628326,0.6956521739130435,0.6616915422885572,0.7387862796833773,586,microsoft/mdeberta-v3-base,442.0,74921,70899,0,4022,,gold+bulk,False,0.1,0.07,62.0,0.6535836177474402,0.6375426621160409,0.6424914675767918,0.6339590443686007,0.2797236554847617,0.3169745266737314,0.1950853168964386,1.940912576292868,0.8800606727600098,15.2160945636709,,,1.2649999999999992,0.1023597216043501,0.0721606144736055,0.2852453689799575,0.2084300479614859,0.438076506021825,0.4266387160082615,0.0933701493896283
lodo.Retail.full_midinject.s100,full_midinject,lodo,Retail,100,,0.6805069708215546,0.6390532544378699,0.6635514018691588,0.7389162561576355,586,xlm-roberta-base,323.9,74921,70899,0,4022,,gold+bulk,False,0.1,0.07,54.0,0.6638225255972696,0.6426621160409556,0.6372013651877133,0.6299488054607508,0.2401148348536735,0.2710114747035034,0.1474628150463104,2.4568153509611,0.8867025375366211,16.752702949658794,,,1.0949999999999995,0.0963714679550146,0.0773246576826431,0.2016985636981622,0.1898002638560746,0.4456013027820982,0.4410202449142231,0.0647221933455101
lodo.Retail.full_midinject.s13,full_midinject,lodo,Retail,13,,0.6689461395372232,0.6457142857142857,0.6450116009280742,0.7161125319693095,586,xlm-roberta-base,261.8,74921,70899,0,4022,,gold+bulk,False,0.1,0.07,51.0,0.6569965870307167,0.6327645051194539,0.6308873720136519,0.6302047781569966,0.2392161730064357,0.2668242021000556,0.1526462733745575,2.376500888654413,0.8902788758277893,16.36203070490889,,,1.0499999999999994,0.0961497941917762,0.0858505885865469,0.187527914791335,0.1835646335026298,0.4422728019872234,0.4392866411166129,0.0660375149476659
lodo.Retail.full_midinject.s21,full_midinject,lodo,Retail,21,,0.6762148384766818,0.7002518891687658,0.6047745358090185,0.7236180904522613,586,xlm-roberta-base,202.3,74921,70899,0,4022,,gold+bulk,False,0.1,0.07,54.0,0.6348122866894198,0.6310580204778157,0.6244027303754266,0.6147610921501706,0.2491693977620659,0.2759974194881098,0.1401464641094207,2.358649518960336,0.8752819299697876,18.433132573339613,,,1.0899999999999996,0.1058459885186943,0.0954908424918477,0.2677055347446199,0.2489938963822933,0.4711456027256642,0.4659066512460495,0.115477780024358
lodo.Retail.full_midinject.s42,full_midinject,lodo,Retail,42,,0.6904529392949362,0.6758241758241759,0.6467661691542289,0.7487684729064039,586,xlm-roberta-base,253.4,74921,70899,0,4022,,gold+bulk,False,0.1,0.07,54.0,0.643344709897611,0.6368600682593857,0.6267918088737201,0.6255119453924914,0.2516761914494419,0.2863285736501792,0.1478432416915893,2.331077294399234,0.9123870730400084,16.84966391974314,,,1.0200000000000005,0.0857752274087104,0.0788317992894045,0.1955968342835492,0.1903675012125273,0.446600404909878,0.4458970322990109,0.0940003799480783
lodo.Retail.full_midinject.s87,full_midinject,lodo,Retail,87,,0.6877324561993552,0.6648648648648648,0.6585365853658537,0.7397959183673469,586,xlm-roberta-base,438.4,74921,70899,0,4022,,gold+bulk,False,0.1,0.07,51.0,0.6467576791808873,0.6590443686006826,0.6581911262798635,0.6505119453924915,0.2608030163007811,0.2929921016313886,0.1630571186542511,2.231359920672391,0.8600693345069885,18.17142954395425,,,1.2599999999999991,0.1354606828016174,0.0764527958202011,0.1931436245945499,0.1472466606251939,0.4523370910809042,0.437204688243463,0.1013777911850914
lodo.Retail.mbert_ft.s100,mbert_ft,lodo,Retail,100,,0.6652008284055762,0.629080118694362,0.6444444444444445,0.7220779220779221,586,bert-base-multilingual-cased,382.1,74921,70899,0,4022,,gold+bulk,False,,,54.0,0.60580204778157,0.6017064846416382,0.6042662116040955,0.6056313993174062,0.2040909650527496,0.2081841907090371,0.1107357814908027,2.8636106458251014,0.2629857063293457,19.568805235004152,,,1.3749999999999991,0.0895012860302219,0.0683361726020964,0.2813665557687655,0.1866538664594801,0.4646052275225657,0.4552670731995103,0.0869525938482852
lodo.Retail.mbert_ft.s13,mbert_ft,lodo,Retail,13,,0.6657803486635777,0.6176470588235294,0.6561797752808989,0.7235142118863049,586,bert-base-multilingual-cased,381.4,74921,70899,0,4022,,gold+bulk,False,,,54.0,0.6279863481228669,0.6071672354948805,0.6095563139931741,0.6098122866894198,0.2090408301790516,0.2214359482204756,0.1096232831478118,2.933991604065067,0.2381306290626526,19.99776316394019,,,1.39,0.0821771607727869,0.0632384292238398,0.2857736998361991,0.2184529343059594,0.4574283202134218,0.4459551848225133,0.0721347244651238
lodo.Retail.mbert_ft.s42,mbert_ft,lodo,Retail,42,,0.6623288868298102,0.6424581005586593,0.6416861826697893,0.7028423772609819,586,bert-base-multilingual-cased,379.8,74921,70899,0,4022,,gold+bulk,False,,,50.0,0.6194539249146758,0.6092150170648464,0.6054607508532424,0.6034982935153583,0.2028257373724492,0.2129148008078144,0.1033780574798584,2.8449821399537307,0.2598527073860168,21.65337312026005,,,1.38,0.1020034637968305,0.0778516708787464,0.3036089465269788,0.1695247701407604,0.4760989158729796,0.4627943847136797,0.0736941839353293
lodo.Retail.mdeberta_dapt.s100,mdeberta_dapt,lodo,Retail,100,,0.6595845299974891,0.5761589403973509,0.6550218340611353,0.7475728155339806,586,microsoft/mdeberta-v3-base,283.1,74921,70899,0,4022,,gold+bulk,False,,,55.0,0.6331058020477816,0.6252559726962458,0.6254266211604096,0.6235494880546075,0.2477716339484819,0.2770555806281432,0.1429225206375122,2.386740605665471,0.4491086006164551,13.762681542218656,,,0.9000000000000004,0.0669639504925777,0.0740834123161754,0.1498071260781358,0.1743436343375174,0.447040486482232,0.4506755385468701,0.0768429543288748
lodo.Retail.mdeberta_dapt.s13,mdeberta_dapt,lodo,Retail,13,,0.7010662604722011,0.6923076923076923,0.6584158415841584,0.7524752475247525,586,microsoft/mdeberta-v3-base,426.3,74921,70899,0,4022,,gold+bulk,False,,,58.0,0.6399317406143344,0.6375426621160409,0.6351535836177474,0.6327645051194539,0.2651804118769695,0.2899507001694984,0.181979238986969,1.9338918067343724,0.361247569322586,12.922869480093862,,,1.169999999999999,0.0631045928437747,0.0641996708934362,0.1721702888635259,0.1586078103426633,0.4250569217742996,0.4203378734220344,0.104887734819447
lodo.Retail.mdeberta_dapt.s21,mdeberta_dapt,lodo,Retail,21,,0.678296247020784,0.6801007556675063,0.6174142480211082,0.7373737373737373,586,microsoft/mdeberta-v3-base,359.3,74921,70899,0,4022,,gold+bulk,False,,,61.0,0.6331058020477816,0.6385665529010239,0.6419795221843003,0.6358361774744027,0.2457746857627566,0.2766334901596947,0.1453131437301635,2.233811423880676,0.4470603764057159,13.361901339781625,,,0.9250000000000004,0.0887347610988083,0.0942748976916546,0.203275157756937,0.2268999725872484,0.433322246988209,0.4362217547538774,0.1064548064153975
lodo.Retail.mdeberta_dapt.s42,mdeberta_dapt,lodo,Retail,42,,0.7097304700565225,0.702247191011236,0.681265206812652,0.745679012345679,586,microsoft/mdeberta-v3-base,421.1,74921,70899,0,4022,,gold+bulk,False,,,54.0,0.6467576791808873,0.6453924914675768,0.65,0.6474402730375427,0.2996934734107538,0.3287201588832943,0.1728172749280929,2.0713680685210187,0.4609176218509674,13.273353789225771,,,1.0100000000000005,0.0736780050368085,0.0731928954782125,0.2754816271382316,0.2732593160569461,0.4191031681488721,0.4189321072506167,0.0810080847655784
lodo.Retail.mdeberta_dapt.s87,mdeberta_dapt,lodo,Retail,87,,0.7014349254972995,0.6878612716763006,0.6790697674418604,0.7373737373737373,586,microsoft/mdeberta-v3-base,556.4,74921,70899,0,4022,,gold+bulk,False,,,58.0,0.6348122866894198,0.6535836177474402,0.6527303754266212,0.6479522184300341,0.2881219633317907,0.3154633174564959,0.1736905574798584,2.1403058245612754,0.3623723089694977,14.223520976055658,,,1.2149999999999992,0.082986098637285,0.0829226288890506,0.2028258276838224,0.1472566683763728,0.4190787540610061,0.4132232958727567,0.0692881283004691
lodo.Retail.mdeberta_ft.s100,mdeberta_ft,lodo,Retail,100,,0.6406276737941737,0.6227544910179641,0.594059405940594,0.7050691244239631,586,microsoft/mdeberta-v3-base,287.0,74921,70899,0,4022,,gold+bulk,False,,,62.0,0.6075085324232082,0.5986348122866895,0.6080204778156997,0.5950511945392492,0.2102056546773942,0.1871486604269976,0.0962932333350181,2.578090111143517,0.6018872857093811,13.145271217386044,,,0.9550000000000004,0.0822734560027777,0.0889609167698164,0.2594287609999856,0.2733657414889243,0.4812726510261387,0.4838983255006804,0.0885505715586337
lodo.Retail.mdeberta_ft.s13,mdeberta_ft,lodo,Retail,13,,0.7150810188784873,0.7027027027027027,0.683046683046683,0.759493670886076,586,microsoft/mdeberta-v3-base,563.8,74921,70899,0,4022,,gold+bulk,False,,,54.0,0.6655290102389079,0.6450511945392492,0.6467576791808873,0.6371160409556313,0.3010173543617381,0.3293263784304667,0.163407564163208,2.1326050870823416,0.4676041901111603,12.685921270326542,,,1.285,0.0952464501489529,0.0866775297117184,0.2619679299807759,0.2023765539398586,0.4243399547548182,0.4164128306016788,0.0945636212994006
lodo.Retail.mdeberta_ft.s42,mdeberta_ft,lodo,Retail,42,,0.7104198720676719,0.712401055408971,0.6650124069478908,0.7538461538461538,586,microsoft/mdeberta-v3-base,553.9,74921,70899,0,4022,,gold+bulk,False,,,58.0,0.6672354948805461,0.6593856655290102,0.6455631399317406,0.6390784982935154,0.2913222981521382,0.314632775383497,0.16041961312294,2.2142332285457207,0.5058436393737793,11.2256882517395,,,1.119999999999999,0.09240013199976,0.0899258185035762,0.2627593138076869,0.3280693982215519,0.4233408628964511,0.4196091516938152,0.0920667080931551
lodo.Retail.xlmr_dann.s100,xlmr_dann,lodo,Retail,100,,0.6673645214531362,0.661498708010336,0.6091370558375635,0.731457800511509,586,xlm-roberta-base,455.7,74921,70899,0,4022,,gold+bulk,False,,,54.0,0.6092150170648464,0.6221843003412969,0.6237201365187713,0.6174061433447099,0.2595626271633762,0.2207026594386824,0.0950560346245765,2.331933111701125,0.3543573915958404,18.57717038861329,,,1.0000000000000004,0.0853777756515106,0.0853777756515105,0.1937323780972238,0.1937323780972238,0.4484139369597764,0.4484139369597763,0.0824824094253301
lodo.Retail.xlmr_dann.s13,xlmr_dann,lodo,Retail,13,,0.6822288412070279,0.6287425149700598,0.6711409395973155,0.7468030690537084,586,xlm-roberta-base,297.0,74921,70899,0,4022,,gold+bulk,False,,,53.0,0.6160409556313993,0.6228668941979523,0.6242320819112628,0.6232081911262799,0.1719263362986572,0.1530924495936876,0.0500995442271232,2.657611837154055,0.6518602967262268,17.631240731438922,,,0.7500000000000002,0.0910311280835435,0.0921257064737255,0.2751220321877093,0.3251014477358249,0.4508558322886666,0.4503500347200277,0.1126912098283131
lodo.Retail.xlmr_dann.s42,xlmr_dann,lodo,Retail,42,,0.6652073038262296,0.6717171717171717,0.6077922077922078,0.7161125319693095,586,xlm-roberta-base,237.1,74921,70899,0,4022,,gold+bulk,False,,,51.0,0.6177474402730375,0.6098976109215017,0.6109215017064846,0.606655290102389,0.2100281974858944,0.1743472112998668,0.0062262555584311,2.7360335461350496,0.4208514392375946,18.471017242171573,,,0.8150000000000003,0.0850698355494841,0.0847349837132193,0.1847803056247426,0.2432190111116479,0.4670784115622297,0.4714170513044611,0.0853531871156639
lodo.Retail.xlmr_dapt.s100,xlmr_dapt,lodo,Retail,100,,0.7035938486526282,0.6906077348066298,0.6650717703349283,0.7551020408163265,586,xlm-roberta-base,456.2,74921,70899,0,4022,,gold+bulk,False,,,53.0,0.6484641638225256,0.6522184300341297,0.647098976109215,0.6380546075085324,0.1932115820802541,0.1885056506089993,0.1137114763259887,3.1968188165691203,0.3835618197917938,14.241798550295153,,,1.2399999999999998,0.0927023195307327,0.0851631143904094,0.2329534784762444,0.2057444064496769,0.423586299832592,0.4165104533171397,0.0687418383210484
lodo.Retail.xlmr_dapt.s13,xlmr_dapt,lodo,Retail,13,,0.6690618205804711,0.6153846153846154,0.6501128668171557,0.7416879795396419,586,xlm-roberta-base,236.8,74921,70899,0,4022,,gold+bulk,False,,,55.0,0.621160409556314,0.6290102389078498,0.625938566552901,0.620136518771331,0.2393179741078858,0.1906506427719502,0.0860053971409797,2.8596602390085493,0.683810830116272,15.654983451374784,,,0.9300000000000004,0.0655729501852384,0.081499050462655,0.1376979263588247,0.1775863595583711,0.4373911908458412,0.4402409006795365,0.0819593764425471
lodo.Retail.xlmr_dapt.s42,xlmr_dapt,lodo,Retail,42,,0.6877061320795336,0.696078431372549,0.6195652173913043,0.7474747474747475,586,xlm-roberta-base,239.2,74921,70899,0,4022,,gold+bulk,False,,,50.0,0.6160409556313993,0.6313993174061433,0.6283276450511945,0.6196245733788396,0.2159768290246721,0.1946471098236668,0.0937003195285797,2.536452528119453,0.5611706376075745,15.384812687894884,,,0.8600000000000003,0.0902078191564188,0.0912131220289621,0.1641776370974964,0.1796515300162692,0.4355490078634519,0.4396260502910899,0.1023134797164884
lodo.Retail.xlmr_dapt_film.s100,xlmr_dapt_film,lodo,Retail,100,,0.6984573394170651,0.6780626780626781,0.6666666666666666,0.7506426735218509,586,xlm-roberta-base,457.1,74921,70899,0,4022,,gold+bulk,False,,,52.0,0.6689419795221843,0.6409556313993174,0.6389078498293516,0.6308873720136519,0.2201452720388464,0.1986716040748721,0.0991023853421211,3.073739722261706,0.4291624426841736,14.777020343556876,,,1.119999999999999,0.0877678062442319,0.0832741580632028,0.2522818303997374,0.2117881440447792,0.4291475157850017,0.4263617178385331,0.0833221785573232
lodo.Retail.xlmr_dapt_film.s13,xlmr_dapt_film,lodo,Retail,13,,0.7188289757965552,0.7258064516129032,0.6699751861042184,0.760705289672544,586,xlm-roberta-base,356.4,74921,70899,0,4022,,gold+bulk,False,,,54.0,0.6569965870307167,0.6488054607508532,0.6438566552901024,0.6366894197952219,0.2355615852703953,0.2479974744911353,0.1274249255657196,2.4057894576114416,0.5570656657218933,16.815627648469096,,,0.9950000000000004,0.080107468502047,0.0805391354368999,0.1862638155017608,0.1876002400528309,0.4227867795145432,0.4229420407784594,0.102859663308296
lodo.Retail.xlmr_dapt_film.s42,xlmr_dapt_film,lodo,Retail,42,,0.7031185677701212,0.725925925925926,0.6378378378378379,0.7455919395465995,586,xlm-roberta-base,247.2,74921,70899,0,4022,,gold+bulk,False,,,50.0,0.6313993174061433,0.6368600682593857,0.624061433447099,0.6209897610921502,0.1773515050431121,0.1667961964243274,0.0711926892399787,3.541683475678342,0.5072538256645203,15.611822220748635,,,0.8500000000000003,0.1063979347174901,0.10283737576891,0.1997121239396809,0.2164511003211342,0.4492031000346508,0.4520308036133812,0.1174425409357935
lodo.Retail.xlmr_dapt_supcon.s100,xlmr_dapt_supcon,lodo,Retail,100,,0.7235097019028851,0.7150537634408602,0.6899766899766899,0.7654986522911051,586,xlm-roberta-base,427.9,74921,70899,0,4022,,gold+bulk,False,0.1,0.07,54.0,0.6689419795221843,0.6573378839590444,0.6542662116040956,0.650938566552901,0.2913646736326518,0.326760382733773,0.176377385854721,2.2762903678446587,0.8430492877960205,17.523703354125413,,,1.364999999999999,0.1041957256584214,0.0571921735389515,0.2484447402346999,0.1212686851773213,0.4182831163918202,0.4035683877021008,0.0850069913253022
lodo.Retail.xlmr_dapt_supcon.s13,xlmr_dapt_supcon,lodo,Retail,13,,0.6695254307205266,0.6397694524495677,0.6473214285714286,0.7214854111405835,586,xlm-roberta-base,254.3,74921,70899,0,4022,,gold+bulk,False,0.1,0.07,54.0,0.6228668941979523,0.6303754266211604,0.6337883959044368,0.6337883959044368,0.242257728931399,0.2698708474391527,0.1431250125169754,2.2537845098193867,0.875817060470581,17.47516167704361,,,1.1099999999999992,0.1026006793096579,0.0840524357745926,0.2613058896199346,0.1868430270421064,0.4470370197131234,0.4409005360824656,0.0801410880563654
lodo.Retail.xlmr_dapt_supcon.s42,xlmr_dapt_supcon,lodo,Retail,42,,0.6802853783140149,0.6571428571428571,0.6697892271662763,0.7139240506329114,586,xlm-roberta-base,248.9,74921,70899,0,4022,,gold+bulk,False,0.1,0.07,51.0,0.6501706484641638,0.6382252559726962,0.6334470989761092,0.6296075085324232,0.2221214976056512,0.2470687198282162,0.1461831629276275,2.344763981665003,0.9020863175392152,17.062327133195243,,,1.1099999999999992,0.0889299676654166,0.0722931992848997,0.243386671923859,0.1800037012616212,0.454925843187704,0.4496377786755966,0.0775067624920402
lodo.Retail.xlmr_film.s100,xlmr_film,lodo,Retail,100,,0.700480797026782,0.6821705426356589,0.6633663366336634,0.7559055118110236,586,xlm-roberta-base,486.2,74921,70899,0,4022,,gold+bulk,False,,,54.0,0.6245733788395904,0.6238907849829352,0.624061433447099,0.6191126279863481,0.2090384510551438,0.2032075151581888,0.0976483449339866,2.979501035546745,0.5055641531944275,18.05167577555445,,,1.0150000000000006,0.069618487862808,0.0722174538776777,0.1743334061635576,0.1460584144848934,0.4239561766804224,0.4235170915461032,0.0747952217850337
lodo.Retail.xlmr_film.s13,xlmr_film,lodo,Retail,13,,0.6718865035537324,0.6628895184135978,0.6356968215158925,0.7170731707317073,586,xlm-roberta-base,370.3,74921,70899,0,4022,,gold+bulk,False,,,54.0,0.5870307167235495,0.6095563139931741,0.606655290102389,0.6093003412969283,0.1710537134167762,0.1573416383334737,0.0882662460207939,2.6831273671387152,0.4670756459236145,15.372399887201569,,,0.9900000000000004,0.0944887255617033,0.0950190170985754,0.1901187282776562,0.1933200342296825,0.4579408112174615,0.4583434856044271,0.0899326924162774
lodo.Retail.xlmr_film.s42,xlmr_film,lodo,Retail,42,,0.6647231193619337,0.6682926829268293,0.5840220385674931,0.7418546365914787,586,xlm-roberta-base,250.5,74921,70899,0,4022,,gold+bulk,False,,,50.0,0.5989761092150171,0.5972696245733788,0.5950511945392492,0.5953071672354949,0.2117130476452988,0.140621474238595,0.0329613611102104,2.458503545276739,0.6134053468704224,16.42386465615861,,,0.7800000000000002,0.055258820824907,0.0736589324869393,0.1548076827548102,0.1913450236852533,0.458539644317449,0.464482585094459,0.0967431591300956
lodo.Retail.xlmr_film_supcon.s100,xlmr_film_supcon,lodo,Retail,100,,0.6531060855687135,0.6395663956639567,0.62,0.6997518610421837,586,xlm-roberta-base,324.8,74921,70899,0,4022,,gold+bulk,False,0.1,0.07,55.0,0.6262798634812287,0.6150170648464164,0.6071672354948805,0.6023037542662116,0.2059561195457445,0.2296712048972966,0.1237605214118957,2.520357254546212,0.8955886363983154,17.188449586538294,,,1.1099999999999992,0.1124870323021975,0.0890019303895614,0.21997659987049,0.1819386482769495,0.4786417884926609,0.4714882520610629,0.0904491767547849
lodo.Retail.xlmr_film_supcon.s13,xlmr_film_supcon,lodo,Retail,13,,0.66355264607325,0.6788511749347258,0.592,0.7198067632850241,586,xlm-roberta-base,385.8,74921,70899,0,4022,,gold+bulk,False,0.1,0.07,54.0,0.6450511945392492,0.621160409556314,0.6257679180887372,0.6162116040955632,0.225135913072183,0.2529243800295183,0.1378859132528305,2.4376039407117083,0.8920335173606873,16.970340954737374,,,1.1399999999999997,0.1182122239959511,0.0912802960816488,0.3871141884765242,0.3782542509824649,0.4856659451429838,0.4767895543288371,0.1121143981823878
lodo.Retail.xlmr_film_supcon.s42,xlmr_film_supcon,lodo,Retail,42,,0.6931177898146603,0.6629526462395543,0.6651053864168618,0.7512953367875648,586,xlm-roberta-base,512.7,74921,70899,0,4022,,gold+bulk,False,0.1,0.07,50.0,0.6399317406143344,0.6460750853242321,0.6385665529010239,0.6273037542662117,0.2667826070616575,0.3010355423913373,0.1631719768047332,2.3280420606311445,0.8775750398635864,17.586898825669852,,,1.3250000000000002,0.1147082233987945,0.0875572370749523,0.3504211610428913,0.2679653366156118,0.4577978229283222,0.4414014092045614,0.0884749842595743
lodo.Retail.xlmr_ft.s100,xlmr_ft,lodo,Retail,100,,0.6851590864434504,0.6379310344827587,0.6681922196796338,0.7493540051679587,586,xlm-roberta-base,467.4,74921,70899,0,4022,,gold+bulk,False,,,54.0,0.6245733788395904,0.6331058020477816,0.6264505119453925,0.6238907849829352,0.1701537229572932,0.1660871993622314,0.0925878286361694,2.7296202623149504,0.4218041598796844,18.57977620082144,,,1.1849999999999998,0.0912700335720254,0.0822135747478797,0.3050897480247068,0.2586224181600511,0.4457433325481942,0.4391680300445358,0.0713801513125604
lodo.Retail.xlmr_ft.s13,xlmr_ft,lodo,Retail,13,,0.6980361988066148,0.6831955922865014,0.6634382566585957,0.7474747474747475,586,xlm-roberta-base,466.5,74921,70899,0,4022,,gold+bulk,False,,,55.0,0.6518771331058021,0.6378839590443686,0.6344709897610922,0.6300341296928328,0.2240336510497845,0.226357713258853,0.1253966838121414,2.469477117204318,0.383415162563324,16.664051749772753,,,1.1649999999999991,0.0824059823502899,0.0749145579775317,0.2849664973720911,0.2711165005217706,0.4429071919466953,0.4375888334323578,0.0927628539439958
lodo.Retail.xlmr_ft.s21,xlmr_ft,lodo,Retail,21,,0.6712634105449412,0.6272189349112426,0.6454545454545455,0.7411167512690355,586,xlm-roberta-base,469.3,74921,70899,0,4022,,gold+bulk,False,,,51.0,0.6262798634812287,0.625938566552901,0.6209897610921502,0.6120307167235495,0.2036508491218629,0.1820066235751783,0.0753962248563766,2.9132306670589574,0.5003555417060852,16.3010862476883,,,1.225,0.0966611142010195,0.086260922526202,0.2348651020223604,0.185401152229281,0.4590706828652646,0.44819867052142,0.0877134485891647
lodo.Retail.xlmr_ft.s42,xlmr_ft,lodo,Retail,42,,0.6664960069564916,0.6632653061224489,0.6057441253263708,0.7304785894206549,586,xlm-roberta-base,225.5,74921,70899,0,4022,,gold+bulk,False,,,57.0,0.6006825938566553,0.610580204778157,0.5998293515358362,0.597098976109215,0.220700229189088,0.1992325164077718,0.0960225388407707,3.675838744508272,0.4869085550308227,17.20190949291225,,,0.8300000000000003,0.0721882201016668,0.0772974686791897,0.1480757921755492,0.2028625400646708,0.4559616781413793,0.4615370186936351,0.0864463772304022
lodo.Retail.xlmr_ft.s87,xlmr_ft,lodo,Retail,87,,0.6815490060682662,0.6647398843930635,0.6407766990291263,0.7391304347826086,586,xlm-roberta-base,467.5,74921,70899,0,4022,,gold+bulk,False,,,56.0,0.6416382252559727,0.6235494880546075,0.6180887372013651,0.6126279863481229,0.1817812531043232,0.1593850459728581,0.079878531396389,2.8034729315199862,0.4963180720806122,14.952201014051091,,,1.0100000000000005,0.0885929157355746,0.0887635347038337,0.2685778942592571,0.2671948630662019,0.4497838199923902,0.4495720696076439,0.0797205242383538
lodo.Retail.xlmr_supcon.s100,xlmr_supcon,lodo,Retail,100,,0.6435451083202438,0.5982404692082112,0.6228710462287105,0.7095238095238096,586,xlm-roberta-base,307.8,74921,70899,0,4022,,gold+bulk,False,0.1,0.07,50.0,0.6416382252559727,0.6221843003412969,0.6148464163822526,0.6081911262798635,0.2033140758133237,0.2249841078680889,0.1259561479091644,2.6148509371213784,0.88657146692276,19.35402506990432,,,1.1549999999999994,0.1323854006016645,0.1008459231401067,0.2883171383669932,0.2548973720387778,0.4922498486228736,0.4800259075284539,0.1172655815897592
lodo.Retail.xlmr_supcon.s13,xlmr_supcon,lodo,Retail,13,,0.6696115789418532,0.6182965299684543,0.6550218340611353,0.7355163727959698,586,xlm-roberta-base,484.5,74921,70899,0,4022,,gold+bulk,False,0.1,0.07,55.0,0.6348122866894198,0.6378839590443686,0.6267918088737201,0.6300341296928328,0.2412827060068966,0.2671424051042472,0.1638642251491546,2.28699437741874,0.8649738430976868,19.71396272302872,,,1.4300000000000002,0.1297708876759185,0.0657869392798699,0.2354601261186627,0.156201044299872,0.4645300081407025,0.4421909699511184,0.1017844144292184
lodo.Retail.xlmr_supcon.s21,xlmr_supcon,lodo,Retail,21,,0.6376542488497613,0.6563307493540051,0.5581395348837209,0.6984924623115578,586,xlm-roberta-base,187.6,74921,70899,0,4022,,gold+bulk,False,0.1,0.07,53.0,0.5921501706484642,0.5873720136518771,0.5901023890784983,0.5841296928327645,0.1969987349946555,0.2112257447445355,0.0996309742331504,2.653934999214944,0.9077200293540956,18.708519884690368,,,1.0499999999999994,0.1032050316451009,0.0950649278563791,0.2255085640072719,0.2111493861569924,0.4938451217937604,0.4907856621088582,0.1051430518249335
lodo.Retail.xlmr_supcon.s42,xlmr_supcon,lodo,Retail,42,,0.6624318654148955,0.5958702064896755,0.6414253897550112,0.75,586,xlm-roberta-base,487.1,74921,70899,0,4022,,gold+bulk,False,0.1,0.07,51.0,0.6262798634812287,0.6286689419795222,0.6300341296928328,0.6270477815699659,0.2493335040769711,0.2773641571118609,0.1542552709579467,2.4426151819634483,0.8541748523712158,19.921095591433826,,,1.4449999999999998,0.1407529843152694,0.085427506118423,0.3168444708878059,0.2371782820995863,0.483953443779275,0.4549676130501232,0.1154174787841472
lodo.Retail.xlmr_supcon.s87,xlmr_supcon,lodo,Retail,87,,0.6717111966495058,0.6379310344827587,0.6416861826697893,0.7355163727959698,586,xlm-roberta-base,478.7,74921,70899,0,4022,,gold+bulk,False,0.1,0.07,56.0,0.6245733788395904,0.6276450511945393,0.6276450511945393,0.6296928327645052,0.2435454609201882,0.2729883085143258,0.1556340306997299,2.490024803918819,0.8633730411529541,19.200476322310923,,,1.2899999999999998,0.1250705338955519,0.0872711566948709,0.2589427151678447,0.2085500113337005,0.4697739532939426,0.4506457239301821,0.1111523557199317
lodo.Social.allma_ft.s100,allma_ft,lodo,Social,100,,0.671304470077422,0.7407407407407407,0.4765625,0.7966101694915254,612,allmalab/bert-base-aze,258.9,67689,63709,0,3980,,gold+bulk,False,,,54.0,0.6258169934640523,0.6454248366013072,0.6447712418300654,0.6459967320261438,0.2673964658720691,0.2518017406105265,0.0770256519317627,3.634155315212243,0.3939162194728851,27.779054452048637,,,1.0549999999999993,0.0522825549856031,0.0416890670288007,0.1264186184359859,0.1237015783089051,0.4101451329060161,0.4091996660040913,0.0680643020435042
lodo.Social.allma_ft.s13,allma_ft,lodo,Social,13,,0.6824185783976743,0.703601108033241,0.5429553264604811,0.8006993006993007,612,allmalab/bert-base-aze,201.0,67689,63709,0,3980,,gold+bulk,False,,,50.0,0.6372549019607843,0.6460784313725491,0.6475490196078432,0.6429738562091504,0.2779825233616471,0.2692392347234217,0.0968303084373474,3.1816352549869595,0.4735452830791473,22.505005619844223,,,1.0599999999999992,0.0427419722887539,0.0551000787958173,0.136444118322803,0.1189150139294624,0.3912109865679937,0.3904836319391689,0.0681666752474093
lodo.Social.allma_ft.s42,allma_ft,lodo,Social,42,,0.6518724644268453,0.7184986595174263,0.4802631578947368,0.7568555758683729,612,allmalab/bert-base-aze,203.4,67689,63709,0,3980,,gold+bulk,False,,,53.0,0.6683006535947712,0.657516339869281,0.6493464052287582,0.6424019607843138,0.2576111682762597,0.2192478315278722,0.0808933824300766,3.205942889641086,0.4253110289573669,26.970802945654853,,,1.104999999999999,0.0741232112847811,0.0574454539772093,0.1571516912547527,0.1065633659694529,0.4441698379929469,0.4401456990590909,0.1107887256154434
lodo.Social.full.s100,full,lodo,Social,100,,0.6968938093352461,0.7315634218289085,0.5421245421245421,0.8169934640522876,612,xlm-roberta-base,259.1,67689,63709,0,3980,,gold+bulk,False,0.1,0.07,54.0,0.6715686274509803,0.6633986928104575,0.6686274509803921,0.6674836601307189,0.3144180437953756,0.3916431996459756,0.216181218624115,2.1635737337843506,0.8917248845100403,17.363567258659206,,,1.169999999999999,0.0858122526426017,0.0767748295637725,0.2241572677767206,0.183644714422738,0.3912649800780206,0.3858256661166688,0.0688955657481616
lodo.Social.full.s13,full,lodo,Social,13,,0.702803316243208,0.7325581395348837,0.5579710144927537,0.8178807947019867,612,xlm-roberta-base,504.9,67689,63709,0,3980,,gold+bulk,False,0.1,0.07,50.0,0.6699346405228758,0.6859477124183007,0.6730392156862746,0.6744281045751634,0.3182445303790007,0.3936074179766063,0.2178313285112381,2.1025199097189726,0.8763807415962219,19.38337189542176,,,1.28,0.0907146431292842,0.0416027684969611,0.2113728439503828,0.143959985465877,0.3991929352139011,0.3872122550827966,0.0906203888882967
lodo.Social.full.s21,full,lodo,Social,21,,0.7026211079073059,0.7433628318584071,0.5539568345323741,0.8105436573311368,612,xlm-roberta-base,499.2,67689,63709,0,3980,,gold+bulk,False,0.1,0.07,55.0,0.696078431372549,0.6843137254901961,0.6875816993464052,0.686437908496732,0.3214420133652171,0.3947204159747163,0.225416675209999,2.0907262668929314,0.8494979739189148,19.847290335655902,,,1.4750000000000003,0.1128968158016177,0.0620483398810722,0.3799495125971147,0.2387899036786793,0.4072338620872568,0.3868728467729151,0.0952979331655735
lodo.Social.full.s42,full,lodo,Social,42,,0.6821156649229357,0.7463556851311953,0.4864864864864865,0.8135048231511254,612,xlm-roberta-base,495.0,67689,63709,0,3980,,gold+bulk,False,0.1,0.07,56.0,0.6813725490196079,0.6781045751633987,0.6756535947712419,0.6752450980392157,0.3153482182061259,0.3998183380962116,0.2182292491197586,2.1613415372751525,0.8524861931800842,18.79444174206035,,,1.5149999999999997,0.1367486993976377,0.0783964374976477,0.3375065116780603,0.2359437112246334,0.4358746605312232,0.4047356627866732,0.125432180659404
lodo.Social.full.s87,full,lodo,Social,87,,0.7017758345177584,0.75,0.5401459854014599,0.8151815181518152,612,xlm-roberta-base,423.9,67689,63709,0,3980,,gold+bulk,False,0.1,0.07,50.0,0.6715686274509803,0.6836601307189543,0.6888888888888889,0.6826797385620915,0.3114877007671349,0.3859944556361912,0.2205422073602676,2.151818176467596,0.8793906569480896,17.919599112354824,,,1.219999999999999,0.0981489882357308,0.0784027322292586,0.2970223971673033,0.2198450915209955,0.4081143689372546,0.3978173464393582,0.0827945582969641
lodo.Social.full_mbert.s100,full_mbert,lodo,Social,100,,0.6214713268768665,0.6685552407932012,0.421875,0.7739837398373983,612,bert-base-multilingual-cased,401.3,67689,63709,0,3980,,gold+bulk,False,0.1,0.07,56.0,0.6699346405228758,0.638235294117647,0.6336601307189542,0.6291666666666667,0.2089433550036843,0.2767531901648284,0.1589738130569458,2.699202284425561,0.8408246040344238,24.61320470028723,,,1.695,0.1781986817828853,0.0827958281921577,0.4154724241124956,0.2294700999100465,0.5010281832686175,0.4532269364863672,0.1445781920201358
lodo.Social.full_mbert.s13,full_mbert,lodo,Social,13,,0.673117887049552,0.7049608355091384,0.5657894736842105,0.7486033519553073,612,bert-base-multilingual-cased,303.3,67689,63709,0,3980,,gold+bulk,False,0.1,0.07,55.0,0.6111111111111112,0.626797385620915,0.6366013071895424,0.6287581699346405,0.2605700435973913,0.3087583804268271,0.1537623256444931,2.2877110223672084,0.8664525151252747,23.27434217486796,,,1.4549999999999996,0.1003592964425722,0.0509692997885545,0.2442397258142931,0.1155253686557803,0.4580603675576443,0.4435774860187392,0.1207110773087719
lodo.Social.full_mbert.s21,full_mbert,lodo,Social,21,,0.6507549361207898,0.6857142857142857,0.5,0.7665505226480837,612,bert-base-multilingual-cased,400.6,67689,63709,0,3980,,gold+bulk,False,0.1,0.07,51.0,0.6503267973856209,0.6294117647058823,0.6266339869281046,0.620343137254902,0.2384278827917172,0.2949117911607897,0.139165312051773,2.468734687164806,0.8480762243270874,24.753421321348824,,,1.6199999999999994,0.1419689740544029,0.0728085452724772,0.2794080301668493,0.1104592421322981,0.4862494178596938,0.4545397946384264,0.1172752819840252
lodo.Social.full_mbert.s42,full_mbert,lodo,Social,42,,0.6340638693294555,0.6684931506849315,0.5167173252279635,0.7169811320754716,612,bert-base-multilingual-cased,210.0,67689,63709,0,3980,,gold+bulk,False,0.1,0.07,54.0,0.6437908496732027,0.6294117647058823,0.6207516339869281,0.6169934640522876,0.2281472424664953,0.229587596513272,0.1138411164283752,2.481325879174996,0.8856902718544006,22.2378000020872,,,1.1449999999999996,0.1033006271256091,0.0900595781533098,0.2146419614483666,0.2102029688506473,0.4649986675910996,0.4583588920170857,0.116294349371341
lodo.Social.full_mbert.s87,full_mbert,lodo,Social,87,,0.6417488757047565,0.6475644699140402,0.5238095238095238,0.7538726333907056,612,bert-base-multilingual-cased,357.7,67689,63709,0,3980,,gold+bulk,False,0.1,0.07,57.0,0.6584967320261438,0.6532679738562092,0.6418300653594772,0.6361111111111111,0.2184948383814583,0.277420948246286,0.1417701691389084,2.5259554842303014,0.8669025897979736,23.6678253274584,,,1.3549999999999995,0.1327686656289745,0.0817863448911016,0.2632753813022029,0.1647172924925516,0.4766461520757776,0.4554499587631127,0.1059429658077894
lodo.Social.full_mdeberta.s100,full_mdeberta,lodo,Social,100,,0.7210453702868985,0.7679083094555874,0.5821917808219178,0.8130360205831904,612,microsoft/mdeberta-v3-base,590.7,67689,63709,0,3980,,gold+bulk,False,0.1,0.07,62.0,0.7009803921568627,0.7045751633986929,0.6937908496732026,0.6877450980392157,0.3604518299985568,0.4283259192357465,0.2650760412216186,1.738466723942425,0.8618245720863342,17.414767255616756,,,1.3999999999999997,0.0959311986507457,0.0531272586482808,0.2028643950558222,0.0991106196641777,0.3717636235737326,0.3612735848676071,0.0841506380084461
lodo.Social.full_mdeberta.s13,full_mdeberta,lodo,Social,13,,0.7235042873650026,0.7528735632183908,0.5993031358885017,0.8183361629881154,612,microsoft/mdeberta-v3-base,591.0,67689,63709,0,3980,,gold+bulk,False,0.1,0.07,55.0,0.6764705882352942,0.6859477124183007,0.6848039215686275,0.6827614379084967,0.3332312206311218,0.3971246785265309,0.2460259795188903,1.8127767696989756,0.8607293367385864,16.680382525210973,,,1.4149999999999994,0.0906479873879796,0.0548412266804742,0.1928118235741219,0.152032757856371,0.3847177382183149,0.3707540866556597,0.0924564983330773
lodo.Social.full_mdeberta.s21,full_mdeberta,lodo,Social,21,,0.7017363906216252,0.7456647398843931,0.5543071161048689,0.8052373158756138,612,microsoft/mdeberta-v3-base,594.4,67689,63709,0,3980,,gold+bulk,False,0.1,0.07,58.0,0.6813725490196079,0.6872549019607843,0.6898692810457516,0.6871732026143791,0.2982741845798063,0.365060701219679,0.2423332035541534,1.860504327452529,0.8624048233032227,15.485158472356265,,,1.4199999999999993,0.1055681029000476,0.0588313981869391,0.2935683673618044,0.2127663512365677,0.3908481824541312,0.3719292141677128,0.091100013269094
lodo.Social.full_mdeberta.s42,full_mdeberta,lodo,Social,42,,0.6991802670960613,0.7520891364902507,0.5338078291814946,0.8116438356164384,612,microsoft/mdeberta-v3-base,518.6,67689,63709,0,3980,,gold+bulk,False,0.1,0.07,61.0,0.6993464052287581,0.7049019607843138,0.6962418300653594,0.6879084967320261,0.301350708368283,0.3756472298689649,0.2482109516859054,1.765476321930343,0.8854255080223083,16.36850034461979,,,1.2599999999999991,0.0921652699378047,0.055371548980563,0.2762287260473713,0.2142050402227339,0.3882299031264127,0.376954136062529,0.0795759785784454
lodo.Social.full_mdeberta.s87,full_mdeberta,lodo,Social,87,,0.6903834708027413,0.7321428571428571,0.5211267605633803,0.8178807947019867,612,microsoft/mdeberta-v3-base,303.8,67689,63709,0,3980,,gold+bulk,False,0.1,0.07,54.0,0.6993464052287581,0.6849673202614379,0.6805555555555556,0.6696078431372549,0.3185545210298433,0.3726052713402862,0.2273772060871124,1.881051095978939,0.8943727612495422,14.645653898646875,,,1.0749999999999988,0.0740474770278793,0.064786101361083,0.1850420935536761,0.140265884244624,0.3833795592414357,0.3806262421142399,0.0775007540714465
lodo.Social.full_midinject.s100,full_midinject,lodo,Social,100,,0.6723228750897783,0.718562874251497,0.4940239043824701,0.8043818466353677,612,xlm-roberta-base,264.0,67689,63709,0,3980,,gold+bulk,False,0.1,0.07,50.0,0.6503267973856209,0.6758169934640523,0.6699346405228758,0.6658496732026143,0.3259961160423519,0.4068090338424057,0.2152022868394851,2.1653296956868595,0.9017524123191832,18.759846886570244,,,1.1099999999999992,0.0713312035002703,0.0668008339259513,0.2327735994817983,0.1858710570576393,0.3956809800092591,0.3914116145051496,0.0702370808957628
lodo.Social.full_midinject.s13,full_midinject,lodo,Social,13,,0.6700771205521536,0.6935483870967742,0.5273972602739726,0.7892857142857143,612,xlm-roberta-base,191.4,67689,63709,0,3980,,gold+bulk,False,0.1,0.07,53.0,0.6486928104575164,0.6352941176470588,0.640359477124183,0.6383986928104575,0.2797237641334673,0.2930173496104773,0.1531106233596801,2.370030343470752,0.8971157073974609,18.15577973635296,,,1.0349999999999997,0.0631004278685106,0.0598731506421849,0.1418624630650983,0.1287332787993528,0.4072935696788453,0.4060845273821031,0.0815235247266593
lodo.Social.full_midinject.s21,full_midinject,lodo,Social,21,,0.7060720844517115,0.7492957746478873,0.5519713261648745,0.8169491525423729,612,xlm-roberta-base,438.0,67689,63709,0,3980,,gold+bulk,False,0.1,0.07,54.0,0.6781045751633987,0.6869281045751634,0.6774509803921569,0.6754084967320262,0.3149599333036944,0.3833530607278645,0.2284170389175415,2.032188334308376,0.8736763000488281,20.73880948005439,,,1.274999999999999,0.0957485858730737,0.0592416535511434,0.2057414229883238,0.1294352927228185,0.3927691661685405,0.3801560313145221,0.0795677063383303
lodo.Social.full_midinject.s42,full_midinject,lodo,Social,42,,0.703640006164278,0.7542857142857143,0.5566343042071198,0.8,612,xlm-roberta-base,328.3,67689,63709,0,3980,,gold+bulk,False,0.1,0.07,50.0,0.6944444444444444,0.6738562091503268,0.6692810457516339,0.6638071895424836,0.3174622786969469,0.3835642042851231,0.2223886251449585,2.0152252450847263,0.8837814331054688,16.03517945870475,,,1.2149999999999992,0.0884194460446138,0.075554989266555,0.1715517687158179,0.1483365271668616,0.4137192466960726,0.4052351402194735,0.1192135786012763
lodo.Social.full_midinject.s87,full_midinject,lodo,Social,87,,0.7019485518612183,0.7409470752089137,0.5427509293680297,0.8221476510067114,612,xlm-roberta-base,439.8,67689,63709,0,3980,,gold+bulk,False,0.1,0.07,53.0,0.7026143790849673,0.6872549019607843,0.6848039215686275,0.6839869281045752,0.3022436123692187,0.3939660165229615,0.2093201726675033,2.205672260368831,0.8736796379089355,17.57534788740778,,,1.28,0.1079226983826914,0.0731932874444965,0.2148184766446766,0.1379449049531784,0.4141705826577188,0.4007278465078444,0.0894237645752647
lodo.Social.mbert_ft.s100,mbert_ft,lodo,Social,100,,0.6235208012326656,0.6610169491525424,0.475,0.7345454545454545,612,bert-base-multilingual-cased,384.6,67689,63709,0,3980,,gold+bulk,False,,,55.0,0.6372549019607843,0.6330065359477124,0.6321895424836601,0.6303104575163399,0.2298279851402599,0.1989858798002285,0.1034416258335113,2.467499457827401,0.2980006039142608,22.652910462156434,,,1.2599999999999991,0.0903196253645566,0.045131660618607,0.1622511916917175,0.1119071608248437,0.4759278246200278,0.4649225421101535,0.114212874053938
lodo.Social.mbert_ft.s13,mbert_ft,lodo,Social,13,,0.6048098167771164,0.6006191950464397,0.4897959183673469,0.7240143369175627,612,bert-base-multilingual-cased,383.4,67689,63709,0,3980,,gold+bulk,False,,,51.0,0.6258169934640523,0.6264705882352941,0.6230392156862745,0.611764705882353,0.2247914495524291,0.1912208908593993,0.0959680005908012,2.720314497395727,0.2921928465366363,21.226615719637152,,,1.3499999999999996,0.1229869338519959,0.0677878151434635,0.2371786756488934,0.1715303135886676,0.5100440328633223,0.4910208448630458,0.1300738151431901
lodo.Social.mbert_ft.s42,mbert_ft,lodo,Social,42,,0.5958291253420341,0.6,0.4767123287671233,0.7107750472589792,612,bert-base-multilingual-cased,388.0,67689,63709,0,3980,,gold+bulk,False,,,54.0,0.6045751633986928,0.6173202614379085,0.6114379084967321,0.6079248366013071,0.1911608399796258,0.1232133803969754,0.0849106013774871,2.6478733848260867,0.3081389963626861,21.382658846326212,,,1.2999999999999996,0.119651638238236,0.068336558312745,0.2455692288781242,0.161575130381858,0.5099706360257569,0.4929356016197073,0.1505542781872628
lodo.Social.mdeberta_dapt.s100,mdeberta_dapt,lodo,Social,100,,0.7359402956963933,0.7783783783783784,0.6071428571428571,0.8222996515679443,612,microsoft/mdeberta-v3-base,560.5,67689,63709,0,3980,,gold+bulk,False,,,59.0,0.7091503267973857,0.6967320261437908,0.6923202614379085,0.6928921568627451,0.3342262233055451,0.3156890386743466,0.1913094818592071,1.8517959727660411,0.3396259546279907,15.75211296185944,,,1.2099999999999993,0.074293320588816,0.06262328961097,0.1516577833631427,0.1778465565718732,0.3657248894782608,0.3640623616494514,0.0636735850059645
lodo.Social.mdeberta_dapt.s13,mdeberta_dapt,lodo,Social,13,,0.7150319549759235,0.7601078167115903,0.5692883895131086,0.8156996587030717,612,microsoft/mdeberta-v3-base,419.0,67689,63709,0,3980,,gold+bulk,False,,,64.0,0.6830065359477124,0.6820261437908497,0.6893790849673203,0.6870915032679739,0.3189637860106682,0.2682954769797028,0.2010427266359329,1.840526767634156,0.4232397079467773,14.305625857845031,,,0.9050000000000004,0.0550359323118146,0.0594435626686481,0.1897337245786569,0.2209677738026623,0.3637691566211288,0.362497011047895,0.0360738539066615
lodo.Social.mdeberta_dapt.s21,mdeberta_dapt,lodo,Social,21,,0.7167054355830441,0.7465181058495822,0.5862068965517241,0.8173913043478261,612,microsoft/mdeberta-v3-base,557.2,67689,63709,0,3980,,gold+bulk,False,,,55.0,0.6928104575163399,0.6882352941176471,0.6897058823529412,0.6919117647058823,0.324977971028011,0.2999063133409779,0.2025949954986572,1.8248975247296997,0.3286010921001434,14.52655979047381,,,1.2599999999999991,0.0575958022262127,0.0422129449865255,0.1135039414359826,0.1396480901868567,0.3685693335875015,0.3642226260626698,0.0768865308762458
lodo.Social.mdeberta_dapt.s42,mdeberta_dapt,lodo,Social,42,,0.7118198487988018,0.7713498622589532,0.5581395348837209,0.8059701492537313,612,microsoft/mdeberta-v3-base,486.4,67689,63709,0,3980,,gold+bulk,False,,,58.0,0.6879084967320261,0.6908496732026144,0.692156862745098,0.6899509803921569,0.2812842906258627,0.2463575409058601,0.2003878504037857,1.8874198897739716,0.4128276109695434,14.301915691484394,,,0.9900000000000004,0.0371312187818253,0.0377166858182469,0.0988926303228213,0.0979834782373129,0.3584544421916119,0.3585278166741064,0.0367947069235161
lodo.Social.mdeberta_dapt.s87,mdeberta_dapt,lodo,Social,87,,0.737155742765203,0.7837837837837838,0.6029411764705882,0.8247422680412371,612,microsoft/mdeberta-v3-base,496.6,67689,63709,0,3980,,gold+bulk,False,,,61.0,0.6977124183006536,0.7026143790849673,0.699673202614379,0.6974673202614379,0.3366813814490039,0.3246576130595634,0.2111941576004028,1.8309345922618585,0.4007101953029632,16.763075204871626,,,1.0200000000000005,0.0513995936587447,0.0543283739085872,0.1374575469738738,0.1549633367812382,0.3527294170740244,0.3528144765121634,0.0544488906419306
lodo.Social.mdeberta_ft.s100,mdeberta_ft,lodo,Social,100,,0.7142713864483315,0.7645429362880887,0.5734767025089605,0.8047945205479452,612,microsoft/mdeberta-v3-base,562.8,67689,63709,0,3980,,gold+bulk,False,,,58.0,0.6748366013071896,0.6954248366013072,0.6890522875816993,0.6831699346405229,0.3088959626692813,0.3218621738477247,0.175425037741661,1.8162096177086136,0.3884913325309753,14.067894829213486,,,1.2449999999999997,0.0697043633062568,0.0481228351897285,0.2557164271809765,0.1410444422786169,0.3713888398439063,0.3664299053680029,0.0647896808488393
lodo.Social.mdeberta_ft.s13,mdeberta_ft,lodo,Social,13,,0.7081012796023236,0.7632311977715878,0.5467625899280576,0.8143100511073254,612,microsoft/mdeberta-v3-base,560.2,67689,63709,0,3980,,gold+bulk,False,,,63.0,0.6666666666666666,0.6627450980392157,0.6594771241830065,0.6630718954248366,0.3285598419085581,0.36034079855841,0.2033634781837463,1.8837746308750944,0.4142666161060333,12.191282216041722,,,1.2999999999999996,0.0702796699400101,0.0373799539661843,0.1914130159811107,0.0952324414928024,0.3706109531900199,0.3638644723269684,0.0592435483354178
lodo.Social.mdeberta_ft.s42,mdeberta_ft,lodo,Social,42,,0.7068378509203509,0.7786666666666666,0.5343511450381679,0.807495741056218,612,microsoft/mdeberta-v3-base,409.1,67689,63709,0,3980,,gold+bulk,False,,,55.0,0.6486928104575164,0.6516339869281046,0.6586601307189542,0.6520424836601307,0.2387360403421236,0.2096931292303628,0.1340520083904266,2.2122673007058844,0.5366083979606628,11.94715744442072,,,0.9650000000000004,0.0536592535778378,0.0570186109463202,0.1256836078022527,0.1361651759503289,0.36403382481362,0.3641058373702658,0.0558990589774561
lodo.Social.xlmr_dann.s100,xlmr_dann,lodo,Social,100,,0.6755892255892256,0.7277777777777777,0.5111111111111111,0.7878787878787878,612,xlm-roberta-base,448.5,67689,63709,0,3980,,gold+bulk,False,,,55.0,0.6552287581699346,0.6588235294117647,0.6506535947712418,0.6379901960784313,0.2373693000022893,0.211213727847289,0.0365463122725486,2.3934023601425958,0.690868079662323,17.796176256678216,,,1.2149999999999992,0.0651878572358715,0.0512851141641006,0.176251546628619,0.1306514934448502,0.389991166106998,0.3897018764942039,0.0696063027366311
lodo.Social.xlmr_dann.s13,xlmr_dann,lodo,Social,13,,0.6967816260799548,0.7443181818181818,0.5467128027681661,0.7993138936535163,612,xlm-roberta-base,464.8,67689,63709,0,3980,,gold+bulk,False,,,51.0,0.6666666666666666,0.6673202614379085,0.6668300653594771,0.6563725490196078,0.2353223174997386,0.2368273363808955,0.1330428123474121,2.162341952503921,0.4219535291194916,17.022836284526797,,,1.175,0.0557920253757138,0.0444466258046287,0.1360303923475079,0.1798217471438097,0.3901152660390617,0.3881748340609304,0.0760940507651489
lodo.Social.xlmr_dann.s42,xlmr_dann,lodo,Social,42,,0.6877649324212004,0.7293447293447294,0.5540540540540541,0.779896013864818,612,xlm-roberta-base,407.3,67689,63709,0,3980,,gold+bulk,False,,,56.0,0.6470588235294118,0.6552287581699346,0.6511437908496732,0.6444444444444445,0.1830427820270519,0.0981191959238937,0.0931418910622596,2.4775199157162464,0.3597357869148254,16.990992034680268,,,1.0499999999999994,0.0502023278731679,0.0371570097515152,0.1069490350378526,0.0730517193280188,0.3948903980149688,0.3941338008719136,0.0787753201122083
lodo.Social.xlmr_dapt.s100,xlmr_dapt,lodo,Social,100,,0.7097915073445716,0.7619047619047619,0.5525291828793775,0.8149405772495756,612,xlm-roberta-base,353.5,67689,63709,0,3980,,gold+bulk,False,,,54.0,0.6928104575163399,0.6692810457516339,0.6620915032679738,0.6450980392156863,0.1608363179967568,0.1391070186993477,0.1224142834544181,3.037557510285975,0.4363941550254822,16.3255039489962,,,0.9800000000000004,0.0548794169169492,0.0553029828274642,0.1558700713885073,0.1535364568334381,0.3810178818515368,0.3811179015951252,0.0715204798526041
lodo.Social.xlmr_dapt.s13,xlmr_dapt,lodo,Social,13,,0.7089397921330693,0.7294117647058823,0.581081081081081,0.8163265306122449,612,xlm-roberta-base,462.9,67689,63709,0,3980,,gold+bulk,False,,,51.0,0.6879084967320261,0.688562091503268,0.6692810457516339,0.6645424836601307,0.2652477108891948,0.2397019357663384,0.0866176709532737,2.46839101507832,0.4455613195896148,14.896867133144209,,,1.3599999999999994,0.0845782266329267,0.0528527852479869,0.2048944257905183,0.1496423060969683,0.3909802780818003,0.3855086399282427,0.0874962512250358
lodo.Social.xlmr_dapt.s42,xlmr_dapt,lodo,Social,42,,0.6953175415537817,0.7223880597014926,0.5607476635514018,0.8028169014084507,612,xlm-roberta-base,453.8,67689,63709,0,3980,,gold+bulk,False,,,54.0,0.6813725490196079,0.6813725490196079,0.6692810457516339,0.6669934640522875,0.2657670582629671,0.2137499551751833,0.1257174760103225,2.55494391917965,0.3918083310127258,16.246982383650913,,,1.2549999999999994,0.0750269693195568,0.0514793539538449,0.1553300456838857,0.1506399511730469,0.3920103632714131,0.3861109669490637,0.0963466470187862
lodo.Social.xlmr_dapt_film.s100,xlmr_dapt_film,lodo,Social,100,,0.6857243120575731,0.6985074626865672,0.547945205479452,0.8107202680067002,612,xlm-roberta-base,384.3,67689,63709,0,3980,,gold+bulk,False,,,49.0,0.6552287581699346,0.6506535947712418,0.6542483660130719,0.6451797385620915,0.2104537225601185,0.2208145115506702,0.1268381625413894,2.8176306629325865,0.5204097032546997,16.520262612914372,,,1.0050000000000003,0.0589294064140887,0.056481330966437,0.1258999864901105,0.1273667238524035,0.3750051585448463,0.3750173577226691,0.0649308782621482
lodo.Social.xlmr_dapt_film.s13,xlmr_dapt_film,lodo,Social,13,,0.6928637584985546,0.7536945812807881,0.512396694214876,0.8125,612,xlm-roberta-base,373.7,67689,63709,0,3980,,gold+bulk,False,,,50.0,0.6633986928104575,0.657516339869281,0.6560457516339869,0.6490196078431373,0.2740110589439057,0.3037016378835067,0.1225333139300346,2.644631997954884,0.5024482607841492,15.284887905769711,,,1.1099999999999992,0.0683827257887071,0.058073269442311,0.2002328932789036,0.1716032079895234,0.3708518234180381,0.3688298849631956,0.0561214055359116
lodo.Social.xlmr_dapt_film.s42,xlmr_dapt_film,lodo,Social,42,,0.7027130516719892,0.7283236994219653,0.5666666666666667,0.8131487889273357,612,xlm-roberta-base,436.2,67689,63709,0,3980,,gold+bulk,False,,,52.0,0.6911764705882353,0.6774509803921569,0.673202614379085,0.6684640522875817,0.292771054499001,0.3399135327765789,0.17573843896389,2.5601879423774023,0.3836123049259186,14.667253676853564,,,1.1349999999999998,0.0565154734994208,0.0408424301705068,0.1091620172597841,0.0907748718220717,0.3786545284590365,0.3772717780982962,0.0828841227415431
lodo.Social.xlmr_dapt_supcon.s100,xlmr_dapt_supcon,lodo,Social,100,,0.6969175005753071,0.7450980392156863,0.5301204819277109,0.8155339805825242,612,xlm-roberta-base,244.5,67689,63709,0,3980,,gold+bulk,False,0.1,0.07,54.0,0.6601307189542484,0.6637254901960784,0.6584967320261438,0.6530228758169935,0.2900936275836876,0.3815330040158086,0.2356737107038498,2.1644001816010725,0.8917624354362488,17.37143607036402,,,1.1549999999999994,0.0812058854379918,0.0643281353511671,0.223247355358144,0.1797796081731522,0.3970600823835964,0.3908009507368096,0.0688637523348165
lodo.Social.xlmr_dapt_supcon.s13,xlmr_dapt_supcon,lodo,Social,13,,0.7165493287063809,0.7564766839378239,0.5845070422535211,0.8086642599277978,612,xlm-roberta-base,368.3,67689,63709,0,3980,,gold+bulk,False,0.1,0.07,50.0,0.6797385620915033,0.6862745098039216,0.6818627450980392,0.6820261437908497,0.3079068519416202,0.3686566098874418,0.2014044523239135,2.048624345849164,0.8742132782936096,19.075621411799265,,,1.2999999999999996,0.0747383190771503,0.0470960323954758,0.2220605920819327,0.0938196049260241,0.3926689289815592,0.384345687180154,0.0809002733440437
lodo.Social.xlmr_dapt_supcon.s42,xlmr_dapt_supcon,lodo,Social,42,,0.685205128480653,0.7082152974504249,0.5467128027681661,0.8006872852233677,612,xlm-roberta-base,187.4,67689,63709,0,3980,,gold+bulk,False,0.1,0.07,53.0,0.6160130718954249,0.6480392156862745,0.6341503267973856,0.6285130718954248,0.2589779855913626,0.3189265005010949,0.1648240685462951,2.315615917972094,0.918107271194458,18.06138121510652,,,0.8400000000000003,0.0613751206124848,0.0551820454587186,0.1832989338165409,0.2105485386634019,0.4097959999320276,0.4106818326617666,0.0777882496567371
lodo.Social.xlmr_film.s100,xlmr_film,lodo,Social,100,,0.7004037281398361,0.7563025210084033,0.5614035087719298,0.7835051546391752,612,xlm-roberta-base,486.2,67689,63709,0,3980,,gold+bulk,False,,,54.0,0.6601307189542484,0.6513071895424837,0.6446078431372549,0.6455065359477125,0.2227472086581082,0.1732287605020983,0.108357697725296,2.809103027267976,0.4685342609882355,18.220159152219743,,,1.2049999999999994,0.0676004805630265,0.0606493205076052,0.1388240600454519,0.126782185431188,0.3985115494382719,0.395875706822799,0.0818281492613728
lodo.Social.xlmr_film.s13,xlmr_film,lodo,Social,13,,0.7003849303069619,0.7344632768361582,0.5627376425855514,0.8039538714991763,612,xlm-roberta-base,483.7,67689,63709,0,3980,,gold+bulk,False,,,50.0,0.6895424836601307,0.6715686274509803,0.6696078431372549,0.6577614379084967,0.2017593574182633,0.1310348667444195,-0.0033186946529895,2.400894202678338,0.4841476082801819,17.24698346743869,,,1.0799999999999998,0.0624235563404035,0.0607984755373507,0.1431990526710614,0.1518527719028753,0.3852842769454155,0.3850379565345834,0.0625988688426181
lodo.Social.xlmr_film.s42,xlmr_film,lodo,Social,42,,0.7041940457402794,0.7371273712737128,0.5639097744360902,0.8115449915110357,612,xlm-roberta-base,432.7,67689,63709,0,3980,,gold+bulk,False,,,53.0,0.6372549019607843,0.6490196078431373,0.6470588235294118,0.6433823529411765,0.2318992381964846,0.2060772566833821,0.1305834352970123,2.6253205246548403,0.5407364368438721,17.981492065123007,,,1.0499999999999994,0.0446042005444386,0.0400687473572376,0.1617280689861535,0.1494494965267655,0.3763224680257966,0.3761639101314135,0.0604809776422312
lodo.Social.xlmr_film_supcon.s100,xlmr_film_supcon,lodo,Social,100,,0.6889146631543769,0.7218934911242604,0.5448504983388704,0.8,612,xlm-roberta-base,435.4,67689,63709,0,3980,,gold+bulk,False,0.1,0.07,55.0,0.6584967320261438,0.6562091503267974,0.6547385620915033,0.6541666666666667,0.3014960465740199,0.3491607493339651,0.1977814137935638,2.151057185164896,0.8901640772819519,20.058704108529827,,,1.169999999999999,0.0698136560142518,0.0625193647657382,0.1476992788346426,0.144717277316116,0.3990264927921459,0.3937976804898178,0.0992293726328927
lodo.Social.xlmr_film_supcon.s13,xlmr_film_supcon,lodo,Social,13,,0.6878855044206551,0.725609756097561,0.5367647058823529,0.8012820512820513,612,xlm-roberta-base,485.8,67689,63709,0,3980,,gold+bulk,False,0.1,0.07,51.0,0.6748366013071896,0.6588235294117647,0.6589869281045752,0.6621732026143791,0.2860734404751769,0.3564944568677182,0.1960382908582687,2.142869754966437,0.8843598961830139,18.458974023580613,,,1.2499999999999996,0.0827669763941365,0.0456512075900463,0.1889446326350539,0.1218087255493387,0.4059408841859823,0.3958964086021838,0.0792837704612305
lodo.Social.xlmr_film_supcon.s42,xlmr_film_supcon,lodo,Social,42,,0.700454945527533,0.7666666666666667,0.5387453874538746,0.7959527824620574,612,xlm-roberta-base,512.2,67689,63709,0,3980,,gold+bulk,False,0.1,0.07,54.0,0.6666666666666666,0.6611111111111111,0.661437908496732,0.6589052287581699,0.3200341104968572,0.3875379569262128,0.213360458612442,2.0677443229153547,0.8666324019432068,20.58588436885649,,,1.3750000000000002,0.0929666619954313,0.0627532355607285,0.206401348434158,0.1330553085057411,0.3996239036987736,0.3851478046393514,0.0829172074064579
lodo.Social.xlmr_ft.s100,xlmr_ft,lodo,Social,100,,0.6948715954487943,0.7329545454545454,0.5543859649122806,0.797274275979557,612,xlm-roberta-base,470.1,67689,63709,0,3980,,gold+bulk,False,,,55.0,0.6486928104575164,0.6558823529411765,0.6553921568627451,0.641421568627451,0.2192576243826379,0.1977861712821897,0.043733861297369,2.657851393960765,0.5944463014602661,19.23784358907168,,,1.2099999999999993,0.0782336606913885,0.0602944978488016,0.1618139414821681,0.107331778615688,0.3943721540476671,0.3918330861978986,0.0827600578757429
lodo.Social.xlmr_ft.s13,xlmr_ft,lodo,Social,13,,0.6988845353206091,0.7548209366391184,0.5418326693227091,0.8,612,xlm-roberta-base,459.8,67689,63709,0,3980,,gold+bulk,False,,,50.0,0.6552287581699346,0.6522875816993464,0.6532679738562092,0.6462418300653595,0.2349189369951433,0.1864797708237114,0.0864997431635856,2.414227527855485,0.5049043893814087,17.69401227421866,,,1.124999999999999,0.0489962696938285,0.0444362286239142,0.1605472361402221,0.1375060044143911,0.384404656724529,0.3827248574538489,0.0462914722514608
lodo.Social.xlmr_ft.s21,xlmr_ft,lodo,Social,21,,0.6858472260756997,0.7556675062972292,0.5397923875432526,0.7620817843866171,612,xlm-roberta-base,285.2,67689,63709,0,3980,,gold+bulk,False,,,55.0,0.6258169934640523,0.6388888888888888,0.6297385620915033,0.6196895424836601,0.2202084517877124,0.1780733381196888,0.0553343892097473,2.486459074163226,0.4436377286911011,14.98734094309028,,,1.0000000000000004,0.0338282003839887,0.0338282003839888,0.0851219647119211,0.0851219647119211,0.4087759315195926,0.4087759315195925,0.0834371129854182
lodo.Social.xlmr_ft.s42,xlmr_ft,lodo,Social,42,,0.680476542101394,0.7062146892655368,0.5460992907801419,0.7891156462585034,612,xlm-roberta-base,405.0,67689,63709,0,3980,,gold+bulk,False,,,54.0,0.6274509803921569,0.634313725490196,0.6352941176470588,0.6308006535947712,0.1864065199502196,0.1040452622055249,0.0967638790607452,2.759352438458785,0.426488846540451,16.51354286841896,,,1.0549999999999993,0.068995859567604,0.0707963992186786,0.1500424670472991,0.1636030954395954,0.396995921817481,0.3966166513272324,0.0574028821912639
lodo.Social.xlmr_ft.s87,xlmr_ft,lodo,Social,87,,0.7065562948063335,0.7608695652173914,0.5622775800711743,0.7965217391304348,612,xlm-roberta-base,340.4,67689,63709,0,3980,,gold+bulk,False,,,51.0,0.6274509803921569,0.6447712418300654,0.6388888888888888,0.6236111111111111,0.1780649637742062,0.200189630678048,0.1018400266766548,2.9702085729255536,0.4767415821552276,17.499988760182017,,,1.0999999999999994,0.0521105329690582,0.0487739419518179,0.1190802991469793,0.1459720276194713,0.3852354525778879,0.3850475273019258,0.0713735351073297
lodo.Social.xlmr_supcon.s100,xlmr_supcon,lodo,Social,100,,0.6829058084624524,0.7005988023952096,0.5656565656565656,0.7824620573355818,612,xlm-roberta-base,485.6,67689,63709,0,3980,,gold+bulk,False,0.1,0.07,54.0,0.6830065359477124,0.6666666666666666,0.6624183006535947,0.6552287581699346,0.2625900520951713,0.3115939667923935,0.1844312101602554,2.227197383068454,0.8837805986404419,20.050230531074437,,,1.2499999999999996,0.1102130023645203,0.0694041287753533,0.279628123120553,0.1690512463698511,0.4246698650704092,0.4117197314919738,0.0915781524906445
lodo.Social.xlmr_supcon.s13,xlmr_supcon,lodo,Social,13,,0.6808795175253953,0.7080745341614907,0.5352112676056338,0.7993527508090615,612,xlm-roberta-base,476.0,67689,63709,0,3980,,gold+bulk,False,0.1,0.07,55.0,0.6650326797385621,0.6571895424836601,0.6611111111111111,0.6589869281045752,0.2876786731606792,0.3595892160446568,0.1892144083976745,2.10686524440008,0.8891293406486511,19.65192243266826,,,1.2649999999999992,0.0965191490793783,0.0619734018748595,0.1927120976590853,0.1472046064428906,0.4187206867537188,0.4073665070589372,0.0870238092581028
lodo.Social.xlmr_supcon.s21,xlmr_supcon,lodo,Social,21,,0.6793844099981952,0.7188405797101449,0.532871972318339,0.7864406779661017,612,xlm-roberta-base,494.1,67689,63709,0,3980,,gold+bulk,False,0.1,0.07,51.0,0.6895424836601307,0.6709150326797385,0.6633986928104575,0.6592320261437908,0.2657046863669024,0.3268472836827181,0.1926772445440292,2.202656919446611,0.8549558520317078,19.879138473556782,,,1.4499999999999995,0.1183544164874859,0.0545950074437349,0.2697815549298101,0.1399415186038473,0.4279616947963566,0.4053459156270519,0.1034640859756556
lodo.Social.xlmr_supcon.s42,xlmr_supcon,lodo,Social,42,,0.6992000591454829,0.727810650887574,0.5704697986577181,0.7993197278911565,612,xlm-roberta-base,469.9,67689,63709,0,3980,,gold+bulk,False,0.1,0.07,55.0,0.6895424836601307,0.6754901960784314,0.6717320261437908,0.6652777777777777,0.3325188590843281,0.3924744725391836,0.20302814245224,2.0676374416643046,0.8600671291351318,19.616943136650303,,,1.4199999999999993,0.0922665046753759,0.0644897668850189,0.2331003308695444,0.1337006702478328,0.3987319854240734,0.3867611408276329,0.1006153488668928
lodo.Social.xlmr_supcon.s87,xlmr_supcon,lodo,Social,87,,0.6761153195666935,0.6966966966966966,0.5480427046263345,0.7836065573770492,612,xlm-roberta-base,361.4,67689,63709,0,3980,,gold+bulk,False,0.1,0.07,55.0,0.6666666666666666,0.657516339869281,0.6696078431372549,0.6645424836601307,0.2680302741063234,0.3308548375347414,0.1860930770635604,2.1775048248343114,0.8764239549636841,20.86524966704634,,,1.3749999999999991,0.1031210882273448,0.062334600993969,0.3103328195870056,0.2898856677905969,0.4149951864143549,0.3983537284840405,0.0820844278352046
lodo.Tech.allma_ft.s100,allma_ft,lodo,Tech,100,,0.733860799406139,0.7600700525394045,0.6567901234567901,0.7847222222222222,776,allmalab/bert-base-aze,251.4,58959,55252,0,3707,,gold+bulk,False,,,51.0,0.6984536082474226,0.6992268041237113,0.6925257731958763,0.6876932989690722,0.3126239815796443,0.3352772486789884,0.1396542340517044,2.65825060288616,0.3243910670280456,23.460541013516643,,,1.2949999999999997,0.0668250956427421,0.0360407651821492,0.1569855804752986,0.0683303912892532,0.3674182110606486,0.361158432044548,0.1073738573298482
lodo.Tech.allma_ft.s13,allma_ft,lodo,Tech,13,,0.7082324571052516,0.7402135231316725,0.6303854875283447,0.7540983606557377,776,allmalab/bert-base-aze,302.3,58959,55252,0,3707,,gold+bulk,False,,,53.0,0.7280927835051546,0.7061855670103093,0.6989690721649484,0.6970360824742268,0.3158642306141713,0.3354197651404725,0.1625033617019653,2.460506626582981,0.2666499614715576,21.0622661442848,,,1.6,0.124970069916048,0.0673020329922466,0.2728432753441564,0.1902522862546245,0.3999731556363906,0.3772318231015573,0.1339458852709665
lodo.Tech.allma_ft.s42,allma_ft,lodo,Tech,42,,0.7202250258661219,0.7366548042704626,0.6194225721784777,0.8045977011494253,776,allmalab/bert-base-aze,253.6,58959,55252,0,3707,,gold+bulk,False,,,52.0,0.6984536082474226,0.702061855670103,0.6969072164948453,0.6873711340206186,0.3123245542993718,0.3228608846805176,0.1505844742059707,2.689152992630335,0.3398394286632538,21.389130799294733,,,1.3599999999999994,0.0815067169469047,0.0485032064804303,0.1781301026148074,0.1309039806028078,0.3661097967063237,0.355861498546187,0.0992198668193146
lodo.Tech.full.s100,full,lodo,Tech,100,,0.7135276513885803,0.7220216606498195,0.6220095693779905,0.7965517241379311,776,xlm-roberta-base,503.8,58959,55252,0,3707,,gold+bulk,False,0.1,0.07,51.0,0.6765463917525774,0.6878865979381443,0.6837628865979382,0.6786082474226804,0.3111173492120365,0.3530184060210616,0.2473800629377365,1.7016072168054015,0.8029321432113647,17.946065044096486,,,1.75,0.1515752364019218,0.0724198474541324,0.317092392123602,0.168278598813505,0.4211035352824265,0.3804546381800648,0.1494105142145822
lodo.Tech.full.s13,full,lodo,Tech,13,,0.7170389604371513,0.7432675044883303,0.630071599045346,0.7777777777777778,776,xlm-roberta-base,491.8,58959,55252,0,3707,,gold+bulk,False,0.1,0.07,54.0,0.6829896907216495,0.6865979381443299,0.6850515463917526,0.6807345360824743,0.3100555856408658,0.3564908862200261,0.2538614571094513,1.6579334607148353,0.8084254860877991,16.94309659387732,,,1.7350000000000003,0.1413915910695407,0.055004075557553,0.3069322363297019,0.1331278088506953,0.4139483275883794,0.3804257822116925,0.1509154313206989
lodo.Tech.full.s21,full,lodo,Tech,21,,0.7146321660478948,0.7420494699646644,0.6213592233009708,0.7804878048780488,776,xlm-roberta-base,504.0,58959,55252,0,3707,,gold+bulk,False,0.1,0.07,55.0,0.6817010309278351,0.6817010309278351,0.6809278350515464,0.6738402061855671,0.310824716049405,0.352857398499748,0.2384792268276214,1.695441642006914,0.8061911463737488,19.06622499389708,,,1.7350000000000003,0.1349338203714653,0.0426292092813331,0.2867041028119447,0.1201731631606108,0.4224062532099025,0.3893533547813131,0.1501845214752056
lodo.Tech.full.s42,full,lodo,Tech,42,,0.7315938158839707,0.7521079258010118,0.6426735218508998,0.8,776,xlm-roberta-base,390.4,58959,55252,0,3707,,gold+bulk,False,0.1,0.07,51.0,0.6945876288659794,0.672938144329897,0.6725515463917526,0.6710051546391752,0.333503501905366,0.3904395483775018,0.2625972330570221,1.653955856334811,0.8253127336502075,18.08308320391276,,,1.6049999999999998,0.1168231833909404,0.04992641006618,0.2378523104471561,0.1579593108359763,0.3967570003622363,0.371487832373992,0.1424110935621515
lodo.Tech.full.s87,full,lodo,Tech,87,,0.7242182974930352,0.7568493150684932,0.6487804878048781,0.7670250896057348,776,xlm-roberta-base,445.9,58959,55252,0,3707,,gold+bulk,False,0.1,0.07,53.0,0.7023195876288659,0.6925257731958763,0.6912371134020618,0.6867268041237113,0.3410790294437613,0.3951879619403013,0.266276478767395,1.6223336164367732,0.8352954387664795,17.627630162555096,,,1.4149999999999994,0.1190691424386932,0.0618742964543255,0.2398984567776404,0.1617073150682635,0.3924405765883968,0.3719657308482918,0.1322147267753954
lodo.Tech.full_mbert.s100,full_mbert,lodo,Tech,100,,0.7010622809418732,0.7208480565371025,0.6247086247086248,0.7576301615798923,776,bert-base-multilingual-cased,356.6,58959,55252,0,3707,,gold+bulk,False,0.1,0.07,58.0,0.6494845360824743,0.6489690721649485,0.648840206185567,0.6468427835051547,0.2934462757681353,0.3241707993763175,0.1907173991203308,1.9477660347504653,0.8257550001144409,22.703134352574963,,,1.7250000000000003,0.134122193333741,0.0366814310336288,0.2392462456558605,0.1425477802545183,0.44952751567175,0.4198368586149927,0.1574457937654327
lodo.Tech.full_mbert.s13,full_mbert,lodo,Tech,13,,0.6772028569025991,0.6900369003690037,0.6073059360730594,0.7342657342657343,776,bert-base-multilingual-cased,361.1,58959,55252,0,3707,,gold+bulk,False,0.1,0.07,52.0,0.654639175257732,0.6373711340206185,0.6422680412371135,0.6420747422680413,0.2696661342297886,0.2977034830766959,0.1978813409805297,1.8909935744618809,0.8041713833808899,22.069075493677417,,,1.815,0.1743767684489625,0.0783754586595592,0.3232437005198092,0.2029849310302158,0.4702658032402981,0.4240142391075501,0.1626573100092984
lodo.Tech.full_mbert.s21,full_mbert,lodo,Tech,21,,0.692461521306357,0.7272727272727273,0.6273584905660378,0.722753346080306,776,bert-base-multilingual-cased,360.5,58959,55252,0,3707,,gold+bulk,False,0.1,0.07,54.0,0.6701030927835051,0.6608247422680412,0.6576030927835051,0.6577963917525773,0.2876821264753521,0.3085849693456357,0.209636241197586,1.793362476103803,0.8226686120033264,21.93379933686665,,,1.7300000000000004,0.1579179985828765,0.0610221219750214,0.315546097932897,0.159516387870901,0.4576118953849928,0.4160755542329839,0.1464310086178353
lodo.Tech.full_mbert.s42,full_mbert,lodo,Tech,42,,0.6902700862274327,0.7051070840197694,0.6170212765957447,0.7486818980667839,776,bert-base-multilingual-cased,261.8,58959,55252,0,3707,,gold+bulk,False,0.1,0.07,55.0,0.634020618556701,0.6311855670103093,0.6288659793814433,0.6323453608247422,0.2617106630124394,0.2952735505955713,0.1943198293447494,1.9380746324327005,0.8202778697013855,21.21616760445868,,,1.6699999999999997,0.1512120515795871,0.0603241169703144,0.3145730252231086,0.168188868003113,0.4444907766746168,0.4068581490999094,0.1173129187810895
lodo.Tech.full_mbert.s87,full_mbert,lodo,Tech,87,,0.6995319283309089,0.7171171171171171,0.6301369863013698,0.7513416815742398,776,bert-base-multilingual-cased,387.3,58959,55252,0,3707,,gold+bulk,False,0.1,0.07,54.0,0.654639175257732,0.6646907216494845,0.6630154639175257,0.6628865979381443,0.289712735370828,0.3127553124908284,0.2022459059953689,1.8701290182168144,0.8128777146339417,22.167516621297985,,,1.7350000000000003,0.1577001449688935,0.0739293821983272,0.2471404294880128,0.1506911936353987,0.4614871289527439,0.4219865332936189,0.1592330056777521
lodo.Tech.full_mdeberta.s100,full_mdeberta,lodo,Tech,100,,0.7255278224242452,0.7522281639928698,0.6467661691542289,0.7775891341256367,776,microsoft/mdeberta-v3-base,594.6,58959,55252,0,3707,,gold+bulk,False,0.1,0.07,54.0,0.6842783505154639,0.6876288659793814,0.6829896907216495,0.68125,0.3036972059238651,0.3545911908075598,0.2754988670349121,1.5219483327926344,0.830572783946991,14.774765691666325,,,1.7099999999999995,0.1321015508188563,0.0478373296697885,0.4046488276470182,0.1359784834365192,0.3972131386972284,0.3661508234925986,0.1236846580286412
lodo.Tech.full_mdeberta.s13,full_mdeberta,lodo,Tech,13,,0.731122597777231,0.7491289198606271,0.6570048309178744,0.7872340425531915,776,microsoft/mdeberta-v3-base,583.9,58959,55252,0,3707,,gold+bulk,False,0.1,0.07,58.0,0.7087628865979382,0.6925257731958763,0.6854381443298969,0.6800257731958763,0.3316657071563972,0.3692305011713305,0.2860705852508545,1.49935092399821,0.8344923853874207,15.31316927395927,,,1.6599999999999997,0.124891648093261,0.0355212838745404,0.2392131505841424,0.147915264188549,0.3903528586794104,0.365791032945624,0.135410497989292
lodo.Tech.full_mdeberta.s21,full_mdeberta,lodo,Tech,21,,0.721670111342105,0.7453874538745388,0.6327944572748267,0.7868284228769498,776,microsoft/mdeberta-v3-base,579.5,58959,55252,0,3707,,gold+bulk,False,0.1,0.07,63.0,0.6817010309278351,0.6845360824742268,0.6805412371134021,0.6779639175257732,0.3282572038819355,0.368708499829278,0.2698236405849457,1.5512002845393476,0.8298661708831787,15.45394452617123,,,1.7049999999999998,0.134072747405485,0.0479179133411506,0.2775755064639079,0.1538399563890236,0.4038396931821163,0.3745664720411267,0.14940904911833
lodo.Tech.full_mdeberta.s42,full_mdeberta,lodo,Tech,42,,0.7115844957941442,0.7542087542087542,0.6188118811881188,0.7617328519855595,776,microsoft/mdeberta-v3-base,457.0,58959,55252,0,3707,,gold+bulk,False,0.1,0.07,54.0,0.6868556701030928,0.6850515463917526,0.6833762886597938,0.6782860824742268,0.3234001245422335,0.3757310833026004,0.2600431144237518,1.6050424536800632,0.8491801023483276,14.903202414368714,,,1.4449999999999998,0.1135530098212634,0.0618266147092396,0.2634232772750339,0.1912097874956236,0.3921826782669197,0.3739903333626746,0.1251061611991656
lodo.Tech.full_mdeberta.s87,full_mdeberta,lodo,Tech,87,,0.7278007380361814,0.7482758620689656,0.6426735218508998,0.7924528301886793,776,microsoft/mdeberta-v3-base,517.2,58959,55252,0,3707,,gold+bulk,False,0.1,0.07,59.0,0.6907216494845361,0.6858247422680412,0.6828608247422681,0.6795747422680413,0.3216563252003803,0.3722771949583879,0.2711661159992218,1.567611027288485,0.8312827944755554,15.434217095356868,,,1.6800000000000004,0.1256003892256962,0.0533559215984517,0.2793585697703147,0.1957161745022188,0.3967096351742957,0.3705205240837899,0.1263047235052606
lodo.Tech.full_midinject.s100,full_midinject,lodo,Tech,100,,0.7267006408353182,0.7429577464788732,0.6467661691542289,0.7903780068728522,776,xlm-roberta-base,486.9,58959,55252,0,3707,,gold+bulk,False,0.1,0.07,54.0,0.6958762886597938,0.6842783505154639,0.6835051546391753,0.6834407216494846,0.3134342661392363,0.3630665449341237,0.2584430575370788,1.656201881153468,0.8008536696434021,18.15092077078296,,,1.7300000000000004,0.1417533456509822,0.055636850949021,0.3254852361358625,0.169859594079522,0.4104383919244134,0.3740130547298751,0.1427775585868739
lodo.Tech.full_midinject.s13,full_midinject,lodo,Tech,13,,0.7086286613410796,0.7392857142857143,0.6070588235294118,0.7795414462081128,776,xlm-roberta-base,369.3,58959,55252,0,3707,,gold+bulk,False,0.1,0.07,56.0,0.6971649484536082,0.672938144329897,0.6704896907216494,0.6735824742268042,0.3104292168056231,0.3470164438757757,0.2492012679576873,1.6655077454689498,0.8579477071762085,17.61784604390385,,,1.385,0.1089583497664525,0.056555048166818,0.2468314588956177,0.1812325563863939,0.4060394152113653,0.3882680486519489,0.1425552688439735
lodo.Tech.full_midinject.s21,full_midinject,lodo,Tech,21,,0.7126125649245155,0.7538200339558574,0.6113744075829384,0.7726432532347505,776,xlm-roberta-base,430.4,58959,55252,0,3707,,gold+bulk,False,0.1,0.07,51.0,0.7061855670103093,0.684020618556701,0.6743556701030928,0.6697164948453608,0.3300870554448165,0.3676296921912877,0.2311414182186126,1.7644283393596414,0.8325035572052002,17.82448747907545,,,1.5549999999999995,0.1201916181337616,0.0479538520339688,0.3030980311016713,0.2132266598113206,0.426076270985321,0.4009343287401656,0.1549113972104985
lodo.Tech.full_midinject.s42,full_midinject,lodo,Tech,42,,0.7249177326398688,0.7386759581881533,0.6416040100250626,0.7944732297063903,776,xlm-roberta-base,507.5,58959,55252,0,3707,,gold+bulk,False,0.1,0.07,54.0,0.6894329896907216,0.6935567010309278,0.6912371134020618,0.6836340206185567,0.3253834307354823,0.3774062050692636,0.2530052661895752,1.6734399007333145,0.8062017560005188,19.05328633828722,,,1.7049999999999998,0.1343221267334799,0.0570319488536059,0.2421109674955373,0.1074755390435642,0.4074588476209773,0.3752615946578141,0.1407366166431709
lodo.Tech.full_midinject.s87,full_midinject,lodo,Tech,87,,0.7230212181516643,0.7563884156729132,0.6356968215158925,0.7769784172661871,776,xlm-roberta-base,449.5,58959,55252,0,3707,,gold+bulk,False,0.1,0.07,54.0,0.6971649484536082,0.6984536082474226,0.6896907216494845,0.6842783505154639,0.3216788905133786,0.3689709633872505,0.2674129903316498,1.6067505835507694,0.8354607224464417,19.31536698234793,,,1.4049999999999996,0.1154502060451189,0.0601289070638019,0.2590650658087519,0.1605000903764732,0.3901553855033514,0.3695515079613141,0.1285974763584771
lodo.Tech.mbert_ft.s100,mbert_ft,lodo,Tech,100,,0.6668562384407455,0.6875,0.5821596244131455,0.730909090909091,776,bert-base-multilingual-cased,291.8,58959,55252,0,3707,,gold+bulk,False,,,50.0,0.6288659793814433,0.6350515463917525,0.6341494845360824,0.6295103092783505,0.2623155216888319,0.2369500376354769,0.1513850837945938,2.131658321828285,0.263494998216629,21.66736554130152,,,1.34,0.0982920033017719,0.0575105814477983,0.272682002265213,0.2283513653882248,0.4323632477293699,0.4178868878508083,0.1274431520666056
lodo.Tech.mbert_ft.s13,mbert_ft,lodo,Tech,13,,0.6934321047909996,0.7067395264116576,0.6064814814814815,0.7670753064798599,776,bert-base-multilingual-cased,397.9,58959,55252,0,3707,,gold+bulk,False,,,54.0,0.6520618556701031,0.6600515463917526,0.6574742268041237,0.6536082474226804,0.306962028692813,0.3129557172332679,0.1566739976406097,2.1735351651568746,0.1796123832464218,20.207676231615626,,,1.54,0.1128283659661372,0.0452302323373619,0.2634630178912845,0.1214547684534524,0.4289904310048675,0.4090915198391859,0.1470454745973818
lodo.Tech.mbert_ft.s42,mbert_ft,lodo,Tech,42,,0.6759149476400625,0.6799276672694394,0.5882352941176471,0.759581881533101,776,bert-base-multilingual-cased,376.6,58959,55252,0,3707,,gold+bulk,False,,,56.0,0.6662371134020618,0.6520618556701031,0.6484536082474227,0.6461984536082475,0.2707952618140687,0.2856102161438085,0.1563220024108886,2.225656853729826,0.2047337144613266,21.11616008359926,,,1.8750000000000009,0.1547616916025273,0.0596886042773241,0.2614780609193202,0.1242529002407561,0.4686231698283887,0.4256773387228061,0.1653213204426163
lodo.Tech.mdeberta_dapt.s100,mdeberta_dapt,lodo,Tech,100,,0.7290112493768998,0.7592267135325131,0.6413301662707839,0.7864768683274022,776,microsoft/mdeberta-v3-base,558.7,58959,55252,0,3707,,gold+bulk,False,,,62.0,0.7177835051546392,0.6876288659793814,0.6884020618556701,0.6927835051546392,0.3182578017776126,0.3307532223584785,0.2488934844732284,1.5524280680071278,0.1948678344488144,12.034658320220531,,,1.6199999999999994,0.1122037464399724,0.0447743326994961,0.2289167067606222,0.1173584110724552,0.3807000445038251,0.3584010325990059,0.1404100446101776
lodo.Tech.mdeberta_dapt.s13,mdeberta_dapt,lodo,Tech,13,,0.721573800476618,0.7225130890052356,0.6402116402116402,0.8019966722129783,776,microsoft/mdeberta-v3-base,360.3,58959,55252,0,3707,,gold+bulk,False,,,54.0,0.6907216494845361,0.6806701030927835,0.6791237113402062,0.6778350515463918,0.3044144196521474,0.3515673798051368,0.2553239464759826,1.6696049602244625,0.2689354717731476,12.479905676299625,,,1.3549999999999995,0.0899521960539379,0.0482270012287324,0.2287921768179096,0.1726883253498188,0.3725993259573204,0.3618688822541576,0.1083561665786271
lodo.Tech.mdeberta_dapt.s21,mdeberta_dapt,lodo,Tech,21,,0.7373161097513014,0.7697594501718213,0.6363636363636364,0.8058252427184466,776,microsoft/mdeberta-v3-base,422.2,58959,55252,0,3707,,gold+bulk,False,,,58.0,0.6881443298969072,0.693041237113402,0.6875,0.6881443298969072,0.3557482240001475,0.4209804241038166,0.2665553689002991,1.5757279643359892,0.3006581366062164,14.115663411922474,,,1.275,0.0620097357008037,0.0351863095987285,0.1551141410134843,0.1202137903564572,0.3379866931857148,0.3334116247771115,0.0832579988591139
lodo.Tech.mdeberta_dapt.s42,mdeberta_dapt,lodo,Tech,42,,0.7387570327956684,0.7620751341681574,0.6507177033492823,0.8034782608695652,776,microsoft/mdeberta-v3-base,498.0,58959,55252,0,3707,,gold+bulk,False,,,63.0,0.7216494845360825,0.7012886597938144,0.7025773195876288,0.6961984536082474,0.3673456268768923,0.4266328145575547,0.2607414126396179,1.689314604458133,0.2311828583478927,13.107517108600646,,,1.6049999999999998,0.1012843523733421,0.033709796681633,0.2794243012422299,0.0910910006266919,0.3750656210186162,0.3573903240112204,0.1331946790982789
lodo.Tech.mdeberta_dapt.s87,mdeberta_dapt,lodo,Tech,87,,0.7346757680817498,0.7624113475177305,0.6519607843137255,0.7896551724137931,776,microsoft/mdeberta-v3-base,562.4,58959,55252,0,3707,,gold+bulk,False,,,54.0,0.6907216494845361,0.6963917525773196,0.6939432989690721,0.6903994845360825,0.3297536178211206,0.3619386994732806,0.2712563574314117,1.519809159046872,0.2482265084981918,13.943071884924638,,,1.6249999999999991,0.1116721303386385,0.0411485783855377,0.2440145958043828,0.1196767121783631,0.3750667516164583,0.353654705871358,0.1346299724595221
lodo.Tech.mdeberta_ft.s100,mdeberta_ft,lodo,Tech,100,,0.7504633256637455,0.7766323024054983,0.6537396121883656,0.8210180623973727,776,microsoft/mdeberta-v3-base,475.8,58959,55252,0,3707,,gold+bulk,False,,,55.0,0.6997422680412371,0.6891752577319588,0.6893041237113402,0.6865335051546392,0.332410267139687,0.3781053009816017,0.2489276975393295,1.744046435461187,0.3001479804515838,11.001331953105238,,,1.5699999999999994,0.0901598696031519,0.044764308783435,0.2386444837045826,0.141030116649114,0.3462187106874072,0.3321065641112376,0.0968260706489479
lodo.Tech.mdeberta_ft.s13,mdeberta_ft,lodo,Tech,13,,0.7429746548164949,0.7843803056027164,0.6404199475065617,0.8041237113402062,776,microsoft/mdeberta-v3-base,491.3,58959,55252,0,3707,,gold+bulk,False,,,59.0,0.7087628865979382,0.6755154639175258,0.6752577319587629,0.6753865979381444,0.3323666414474799,0.3674027583098915,0.2749375700950622,1.6398792101217834,0.3395387530326843,11.773594314083743,,,1.595,0.0849033796109853,0.0330835420685184,0.2173523642245186,0.0790852373665643,0.356140245030934,0.3406901824548508,0.1100540181594818
lodo.Tech.mdeberta_ft.s42,mdeberta_ft,lodo,Tech,42,,0.7513461027323945,0.7695035460992907,0.6582278481012658,0.8263069139966274,776,microsoft/mdeberta-v3-base,562.0,58959,55252,0,3707,,gold+bulk,False,,,62.0,0.6623711340206185,0.6798969072164949,0.6759020618556701,0.6769329896907217,0.3119512770075557,0.3730430234354676,0.240883320569992,1.8478325051998377,0.2814311981201172,12.863332745670506,,,1.7300000000000004,0.0983475336191985,0.0375015009177344,0.3047910457766597,0.154694369580713,0.3665898495361439,0.3452180610218888,0.1236363134973187
lodo.Tech.xlmr_dann.s100,xlmr_dann,lodo,Tech,100,,0.7109880492965805,0.7344028520499108,0.6213592233009708,0.7772020725388601,776,xlm-roberta-base,293.7,58959,55252,0,3707,,gold+bulk,False,,,50.0,0.6701030927835051,0.6639175257731958,0.6634020618556701,0.6583762886597938,0.2368751995362041,0.1971930503153975,0.1496587395668029,1.9080607130886689,0.6655694246292114,17.63247998504491,,,1.0949999999999995,0.0604236391889831,0.0487091988329632,0.1239513557560492,0.123999533585895,0.3989319387042833,0.3968133926561554,0.122096440191818
lodo.Tech.xlmr_dann.s13,xlmr_dann,lodo,Tech,13,,0.7096244131455398,0.7288732394366197,0.6195121951219512,0.7804878048780488,776,xlm-roberta-base,455.5,58959,55252,0,3707,,gold+bulk,False,,,56.0,0.6649484536082474,0.6719072164948454,0.6673969072164948,0.665270618556701,0.2806039209852913,0.2691087659304414,0.1522484421730041,2.3179924516356265,0.3391897082328796,15.054110215157374,,,1.435,0.1017101841059143,0.0595682355600308,0.2865060157842897,0.1699670313894499,0.399599834048287,0.3798612285640323,0.1327073596752587
lodo.Tech.xlmr_dann.s42,xlmr_dann,lodo,Tech,42,,0.7148612035794573,0.7372262773722628,0.6053268765133172,0.8020304568527918,776,xlm-roberta-base,478.0,58959,55252,0,3707,,gold+bulk,False,,,54.0,0.6778350515463918,0.6786082474226804,0.6806701030927835,0.6786082474226804,0.3006639030721983,0.3461067969634842,0.1862431913614273,1.97501614815132,0.2032238692045211,15.917343476531954,,,1.5049999999999997,0.111195912152154,0.0504499891616736,0.2166029987343015,0.1230869260780435,0.3958100472768467,0.3750270672119508,0.1337150835241346
lodo.Tech.xlmr_dapt.s100,xlmr_dapt,lodo,Tech,100,,0.7293714360297728,0.7429577464788732,0.6354679802955665,0.8096885813148789,776,xlm-roberta-base,406.2,58959,55252,0,3707,,gold+bulk,False,,,51.0,0.6971649484536082,0.6902061855670103,0.6867268041237113,0.6839561855670103,0.3253487047465701,0.3682533772950606,0.1915728449821472,2.076689072307421,0.277462899684906,14.553264659750722,,,1.5499999999999998,0.1134457032331837,0.0518766084833797,0.2687404207536283,0.1418237423292727,0.3903022370127634,0.3681757764428599,0.145367860215896
lodo.Tech.xlmr_dapt.s13,xlmr_dapt,lodo,Tech,13,,0.7414130973093792,0.7716262975778547,0.6458333333333334,0.8067796610169492,776,xlm-roberta-base,409.4,58959,55252,0,3707,,gold+bulk,False,,,54.0,0.6881443298969072,0.6899484536082474,0.6876288659793814,0.6813144329896907,0.2953051386880505,0.3099977528367509,0.1862807124853134,2.1226428558241754,0.3468208611011505,14.090175074727975,,,1.3999999999999997,0.0872287539199126,0.0295449575343923,0.1352289408087678,0.1113902498908716,0.3612981655839781,0.3508068719790805,0.1193772149344617
lodo.Tech.xlmr_dapt.s42,xlmr_dapt,lodo,Tech,42,,0.7261839993006404,0.7483443708609272,0.6395939086294417,0.7906137184115524,776,xlm-roberta-base,240.2,58959,55252,0,3707,,gold+bulk,False,,,54.0,0.6649484536082474,0.6731958762886598,0.6641752577319587,0.6591494845360825,0.2491489597615243,0.1845079236605346,0.1320617198944091,2.2896031971321538,0.4208405911922455,13.892816938382609,,,1.114999999999999,0.0718380745598278,0.0588868006527658,0.1876627487078649,0.1559748245895645,0.3922408029895077,0.3885812994309571,0.1351208101061233
lodo.Tech.xlmr_dapt_film.s100,xlmr_dapt_film,lodo,Tech,100,,0.7284403890639318,0.7446043165467626,0.6359223300970874,0.8047945205479452,776,xlm-roberta-base,409.6,58959,55252,0,3707,,gold+bulk,False,,,51.0,0.7177835051546392,0.6966494845360824,0.6858247422680412,0.6771907216494846,0.3159144297327914,0.3717222903224245,0.1912481635808944,2.1252350513063543,0.3330463171005249,14.083226745516525,,,1.5649999999999995,0.1117050683852939,0.0437657900362547,0.2253012148073961,0.1528410918137395,0.4010245963190528,0.3805362976037025,0.155172947286466
lodo.Tech.xlmr_dapt_film.s13,xlmr_dapt_film,lodo,Tech,13,,0.7179391095465512,0.7364620938628159,0.6146341463414634,0.8027210884353742,776,xlm-roberta-base,476.6,58959,55252,0,3707,,gold+bulk,False,,,54.0,0.7190721649484536,0.7048969072164949,0.6961340206185567,0.6933634020618556,0.342092268328346,0.3990770056077723,0.2045649141073227,2.045752006370526,0.2614380121231079,15.130810286316606,,,1.6900000000000002,0.1355109637914282,0.056743884678624,0.2468110299560169,0.1491691026000682,0.400409983044155,0.3685570461117858,0.1419427672206236
lodo.Tech.xlmr_dapt_film.s42,xlmr_dapt_film,lodo,Tech,42,,0.726172131622345,0.7415329768270945,0.6356589147286822,0.8013245033112583,776,xlm-roberta-base,477.3,58959,55252,0,3707,,gold+bulk,False,,,54.0,0.6997422680412371,0.6871134020618557,0.6880154639175258,0.6844716494845361,0.3388897730221653,0.3690151400459027,0.1932158321142196,2.055784424389816,0.2908834218978882,15.243384053257746,,,1.54,0.1096781360244764,0.0434847036697316,0.2573361216745855,0.1785297346026813,0.3820932137431791,0.3617359149339021,0.1256303118366784
lodo.Tech.xlmr_dapt_supcon.s100,xlmr_dapt_supcon,lodo,Tech,100,,0.7153346100086999,0.7359154929577465,0.6416861826697893,0.7684021543985637,776,xlm-roberta-base,351.5,58959,55252,0,3707,,gold+bulk,False,0.1,0.07,54.0,0.6752577319587629,0.6783505154639176,0.6753865979381444,0.6765463917525774,0.3236087549397968,0.3670102590101624,0.2392913401126861,1.7204351863750411,0.8436797261238098,16.176967900577527,,,1.5149999999999997,0.1152736708390978,0.0512371088104203,0.2303991364082884,0.1137649890809383,0.4183101848597157,0.3949068838677357,0.1569632171194072
lodo.Tech.xlmr_dapt_supcon.s13,xlmr_dapt_supcon,lodo,Tech,13,,0.7179146183913453,0.7410071942446043,0.6313253012048192,0.7814113597246127,776,xlm-roberta-base,491.2,58959,55252,0,3707,,gold+bulk,False,0.1,0.07,56.0,0.6958762886597938,0.6922680412371134,0.685180412371134,0.6858247422680412,0.318391841992048,0.3661427528361858,0.2549327611923218,1.667661751296751,0.8129028081893921,18.20074194626705,,,1.7199999999999995,0.1363758572710018,0.0414911065415358,0.2408023572084481,0.1443032636110499,0.408789106775878,0.3763837926907197,0.1505364611421835
lodo.Tech.xlmr_dapt_supcon.s42,xlmr_dapt_supcon,lodo,Tech,42,,0.7188471832728727,0.738898756660746,0.6243654822335025,0.7932773109243697,776,xlm-roberta-base,371.2,58959,55252,0,3707,,gold+bulk,False,0.1,0.07,54.0,0.6997422680412371,0.688659793814433,0.678479381443299,0.6742912371134021,0.3172328097078442,0.3702901622880338,0.2536690235137939,1.6941203939158995,0.8361585736274719,16.386090771420125,,,1.5149999999999997,0.1121675081537597,0.0518300171828496,0.3208130603116,0.2548444137442796,0.3972204716054845,0.3752149409836685,0.1270424953874296
lodo.Tech.xlmr_film.s100,xlmr_film,lodo,Tech,100,,0.7260746633077823,0.7525773195876289,0.6430379746835443,0.782608695652174,776,xlm-roberta-base,489.7,58959,55252,0,3707,,gold+bulk,False,,,50.0,0.6907216494845361,0.6876288659793814,0.6827319587628866,0.674548969072165,0.284881513090549,0.2931052384356631,0.182065337896347,2.0781961150632022,0.3006212115287781,15.989769116475166,,,1.5699999999999994,0.1007310599680939,0.0516484301437309,0.1960847926557585,0.0939191355892739,0.3752643875829419,0.358880173313456,0.1096680225831814
lodo.Tech.xlmr_film.s13,xlmr_film,lodo,Tech,13,,0.7203776866781894,0.7386759581881533,0.6361323155216285,0.7863247863247863,776,xlm-roberta-base,426.5,58959,55252,0,3707,,gold+bulk,False,,,53.0,0.7074742268041238,0.6927835051546392,0.6847938144329897,0.6747422680412372,0.3294707015354525,0.3339584932910626,0.1813294738531112,2.134188254126205,0.3788259923458099,15.854094627797188,,,1.3599999999999994,0.0868480293001203,0.0394572063496609,0.2037321564508629,0.1352308871482889,0.3815126635350254,0.3683511371063597,0.1261474327219323
lodo.Tech.xlmr_film.s42,xlmr_film,lodo,Tech,42,,0.7090356523815283,0.7145421903052065,0.625,0.7875647668393783,776,xlm-roberta-base,405.9,58959,55252,0,3707,,gold+bulk,False,,,54.0,0.7074742268041238,0.6788659793814433,0.6707474226804123,0.6650773195876288,0.2918537657676056,0.2943048283769148,0.1713261604309082,2.288990134646509,0.4607138037681579,15.967596101925832,,,1.5199999999999994,0.1069293164480207,0.0535442027927824,0.1932421860591761,0.1112011737909526,0.4013296112130876,0.3825312677335977,0.1445353131981433
lodo.Tech.xlmr_film_supcon.s100,xlmr_film_supcon,lodo,Tech,100,,0.6973761457587054,0.7239057239057239,0.6123456790123457,0.755877034358047,776,xlm-roberta-base,320.5,58959,55252,0,3707,,gold+bulk,False,0.1,0.07,50.0,0.6868556701030928,0.663659793814433,0.6528350515463918,0.6503865979381444,0.2825401241011694,0.2951968828011483,0.1982490122318267,1.864088322745476,0.8461818695068359,17.390512187465255,,,1.435,0.1077034284571027,0.0409007180021057,0.2531680630409548,0.1151094701182156,0.4279383576230769,0.4082548943589082,0.1469501178557034
lodo.Tech.xlmr_film_supcon.s13,xlmr_film_supcon,lodo,Tech,13,,0.6964721188855839,0.716636197440585,0.6086956521739131,0.7640845070422535,776,xlm-roberta-base,511.0,58959,55252,0,3707,,gold+bulk,False,0.1,0.07,54.0,0.6791237113402062,0.6644329896907216,0.6640463917525773,0.6593427835051546,0.2863169210528141,0.3172364332582749,0.2204592525959015,1.7807490587738208,0.8137305974960327,17.17492147858269,,,1.7400000000000002,0.1600505386122636,0.0719165644331607,0.3837602390075962,0.2319367450834914,0.4563129045942493,0.4110724360307477,0.1774769325490624
lodo.Tech.xlmr_film_supcon.s42,xlmr_film_supcon,lodo,Tech,42,,0.6942812676647673,0.7377326565143824,0.6019417475728155,0.7431693989071039,776,xlm-roberta-base,317.7,58959,55252,0,3707,,gold+bulk,False,0.1,0.07,55.0,0.6649484536082474,0.6688144329896907,0.655798969072165,0.6532216494845361,0.2820957397161602,0.3270970547098881,0.2256291210651397,1.849271890271523,0.869638979434967,16.64298640554134,,,1.3499999999999996,0.111642066235896,0.0692365045032969,0.2203487022643625,0.1400532751773408,0.4244462332052116,0.4060172580169335,0.142490499581446
lodo.Tech.xlmr_ft.s100,xlmr_ft,lodo,Tech,100,,0.7169006555362655,0.7390542907180385,0.631578947368421,0.7800687285223368,776,xlm-roberta-base,465.4,58959,55252,0,3707,,gold+bulk,False,,,51.0,0.6713917525773195,0.6829896907216495,0.6713917525773195,0.6654639175257732,0.2918857797045987,0.2851703913857851,0.180803894996643,2.2503707425866897,0.4140956103801727,16.63031447727065,,,1.485,0.1010534780067535,0.0415573949225353,0.2002402493259856,0.1364643347715617,0.3958584585699128,0.3787205928631649,0.1351689077764412
lodo.Tech.xlmr_ft.s13,xlmr_ft,lodo,Tech,13,,0.713317755347158,0.7406143344709898,0.616580310880829,0.7827586206896552,776,xlm-roberta-base,400.6,58959,55252,0,3707,,gold+bulk,False,,,54.0,0.6623711340206185,0.6724226804123712,0.6664948453608247,0.6652061855670103,0.2817268643465792,0.2970782603356658,0.1598949581384658,2.3253512350772323,0.3813237249851227,15.452479436333768,,,1.3549999999999995,0.0873211097910367,0.0555132869654318,0.1945390077747739,0.1288521091145971,0.3806237235994834,0.3689164055232967,0.1142806893643791
lodo.Tech.xlmr_ft.s21,xlmr_ft,lodo,Tech,21,,0.7152455020780994,0.7326007326007326,0.624113475177305,0.7890222984562607,776,xlm-roberta-base,469.4,58959,55252,0,3707,,gold+bulk,False,,,55.0,0.6971649484536082,0.686340206185567,0.6768041237113402,0.674548969072165,0.2883101256822299,0.2702756266786555,0.1696335673332214,2.273454608570588,0.3480601906776428,15.352343422750268,,,1.4449999999999998,0.095274320032637,0.0376519891381202,0.250783163125855,0.1283177525068507,0.3960421415410084,0.3801198394506465,0.141475891730486
lodo.Tech.xlmr_ft.s42,xlmr_ft,lodo,Tech,42,,0.7050789143280413,0.7278797996661102,0.6172839506172839,0.7700729927007299,776,xlm-roberta-base,237.3,58959,55252,0,3707,,gold+bulk,False,,,50.0,0.6469072164948454,0.6502577319587629,0.65,0.6411082474226805,0.2064033532076397,0.182345592018057,0.1501810401678085,2.3504179046706857,0.3774346113204956,15.108826701665311,,,1.1499999999999997,0.0541209826903318,0.0464179839806866,0.1164705150707526,0.1047928379919976,0.4028501206597558,0.3989196948705752,0.123164486767332
lodo.Tech.xlmr_ft.s87,xlmr_ft,lodo,Tech,87,,0.7056924952265887,0.7282229965156795,0.6274509803921569,0.7614035087719299,776,xlm-roberta-base,372.9,58959,55252,0,3707,,gold+bulk,False,,,55.0,0.6984536082474226,0.6860824742268041,0.6814432989690722,0.6722938144329897,0.2677411499115758,0.2404802100150013,0.1624691784381866,2.287606249153786,0.429005354642868,16.023033687075678,,,1.3099999999999994,0.1061195415870181,0.0626084379732972,0.2780325765858641,0.2103951240572567,0.3935058184065675,0.3811781131811585,0.12272016874621
lodo.Tech.xlmr_supcon.s100,xlmr_supcon,lodo,Tech,100,,0.7026140540902573,0.7145359019264448,0.616504854368932,0.7768014059753954,776,xlm-roberta-base,481.5,58959,55252,0,3707,,gold+bulk,False,0.1,0.07,54.0,0.6894329896907216,0.6768041237113402,0.6748711340206186,0.6726804123711341,0.28537268325489,0.3237176078931391,0.2343694120645523,1.742455456385146,0.8119635581970215,19.03455185165068,,,1.695,0.1506933545871654,0.0580174958594647,0.3748971107959742,0.2226050070968582,0.439913023121605,0.3998652988621484,0.1467942448327305
lodo.Tech.xlmr_supcon.s13,xlmr_supcon,lodo,Tech,13,,0.7018683161299775,0.7192982456140351,0.6255924170616114,0.7607142857142857,776,xlm-roberta-base,475.4,58959,55252,0,3707,,gold+bulk,False,0.1,0.07,52.0,0.6404639175257731,0.6600515463917526,0.6599226804123711,0.657860824742268,0.2949604668590184,0.3266537889017097,0.2360294163227081,1.7214729609962338,0.8237152099609375,18.98919665686777,,,1.695,0.1352201940732841,0.0502185666231358,0.2845485990364125,0.1072255491810847,0.4260377592705243,0.3919223689712613,0.1506515419294801
lodo.Tech.xlmr_supcon.s21,xlmr_supcon,lodo,Tech,21,,0.7050263006810767,0.734982332155477,0.6125290023201856,0.7675675675675676,776,xlm-roberta-base,479.9,58959,55252,0,3707,,gold+bulk,False,0.1,0.07,54.0,0.6817010309278351,0.6755154639175258,0.6759020618556701,0.6755154639175258,0.3153571833250254,0.3532744485374398,0.2444687634706497,1.6809610255676233,0.826440155506134,17.429106198510205,,,1.6249999999999991,0.1405532435553144,0.0627700642967847,0.3721845515845562,0.1562161406418116,0.4154435487867804,0.3845834422008467,0.1441984840643267
lodo.Tech.xlmr_supcon.s42,xlmr_supcon,lodo,Tech,42,,0.7054736880532567,0.7243816254416962,0.62004662004662,0.7719928186714542,776,xlm-roberta-base,477.8,58959,55252,0,3707,,gold+bulk,False,0.1,0.07,58.0,0.6752577319587629,0.6726804123711341,0.6743556701030928,0.6711340206185566,0.3195438265102303,0.3549437136683748,0.2294155359268188,1.7491610742084382,0.8261481523513794,17.16948349872684,,,1.6699999999999997,0.1347590468444868,0.0539247781409924,0.28643368299051,0.1685277884498237,0.4293837212809862,0.3974979040731167,0.1607085992863034
lodo.Tech.xlmr_supcon.s87,xlmr_supcon,lodo,Tech,87,,0.6953405017921147,0.7142857142857143,0.6190476190476191,0.7526881720430108,776,xlm-roberta-base,426.9,58959,55252,0,3707,,gold+bulk,False,0.1,0.07,51.0,0.6533505154639175,0.665721649484536,0.6581185567010309,0.6593427835051546,0.2811701482510136,0.3087284573882207,0.2210523635149002,1.7917552174282374,0.8489668965339661,17.836960909928703,,,1.4449999999999998,0.1182516163267437,0.0724729967543597,0.2280994470073173,0.1486159115249523,0.4099460742155439,0.3882725515365835,0.1356846184584516
pooled.all.full.s100,full,pooled,all,100,,0.7488455138304905,0.7543352601156069,0.7069252077562327,0.7852760736196319,3000,xlm-roberta-base,319.7,87589,82589,0,5000,,gold+bulk,False,0.1,0.07,54.0,,,,,,,,,,,,,,,,,,,,
pooled.all.full.s13,full,pooled,all,13,,0.7406480103790093,0.7392839132627332,0.6955193482688391,0.7871407696054554,3000,xlm-roberta-base,504.3,87589,82589,0,5000,,gold+bulk,False,0.1,0.07,54.0,,,,,,,,,,,,,,,,,,,,
pooled.all.full.s21,full,pooled,all,21,,0.7479755509185754,0.7614410905550146,0.7049345417925479,0.7775510204081633,3000,xlm-roberta-base,443.4,87589,82589,0,5000,,gold+bulk,False,0.1,0.07,54.0,,,,,,,,,,,,,,,,,,,,
pooled.all.full.s42,full,pooled,all,42,,0.7403873436082553,0.7509259259259259,0.6993603411513859,0.7708757637474541,3000,xlm-roberta-base,244.7,87589,82589,0,5000,,gold+bulk,False,0.1,0.07,55.0,,,,,,,,,,,,,,,,,,,,
pooled.all.full.s42.trstage,full,pooled,all,42,trstage,0.7598564187776345,0.7696030977734754,0.7112831858407079,0.7986829727187206,3000,/workspace/azsent_v4/runs/transfer/t3_tr_intermediate/encoder,478.0,87589,82589,0,5000,,gold+bulk,False,0.1,0.07,53.0,0.7096666666666667,0.7098,0.7085666666666667,0.7059,0.3610532326514274,0.4182390449455521,0.2821176648139953,1.665906786198456,0.8555729389190674,18.827965168144704,0.9936434706052144,0.9147457520167032,1.28,0.0559413489252719,0.0212607664967057,0.1356943580611856,0.0758268734129695,0.3436485494383168,0.3375734811918865,0.0415133197268517
pooled.all.full.s87,full,pooled,all,87,,0.7333421139503496,0.7255909558067831,0.6994106090373281,0.7750247770069376,3000,xlm-roberta-base,307.8,87589,82589,0,5000,,gold+bulk,False,0.1,0.07,54.0,,,,,,,,,,,,,,,,,,,,
pooled.all.mdeberta_ft.s100,mdeberta_ft,pooled,all,100,,0.7480573424592164,0.7493721747865394,0.7061224489795919,0.7886774036115178,3000,microsoft/mdeberta-v3-base,429.9,87589,82589,0,5000,,gold+bulk,False,,,61.0,,,,,,,,,,,,,,,,,,,,
pooled.all.mdeberta_ft.s13,mdeberta_ft,pooled,all,13,,0.7717514220518785,0.7798076923076923,0.7231270358306189,0.8123195380173244,3000,microsoft/mdeberta-v3-base,568.5,87589,82589,0,5000,,gold+bulk,False,,,61.0,,,,,,,,,,,,,,,,,,,,
pooled.all.mdeberta_ft.s21,mdeberta_ft,pooled,all,21,,0.7549145746611224,0.7636363636363637,0.7062600321027287,0.7948473282442748,3000,microsoft/mdeberta-v3-base,429.3,87589,82589,0,5000,,gold+bulk,False,,,62.0,,,,,,,,,,,,,,,,,,,,
pooled.all.mdeberta_ft.s42,mdeberta_ft,pooled,all,42,,0.7679488306766635,0.7821547223540579,0.7105700055340343,0.8111217641418984,3000,microsoft/mdeberta-v3-base,560.5,87589,82589,0,5000,,gold+bulk,False,,,63.0,,,,,,,,,,,,,,,,,,,,
pooled.all.mdeberta_ft.s87,mdeberta_ft,pooled,all,87,,0.756126909265601,0.7814748201438849,0.6889168765743073,0.7979890310786106,3000,microsoft/mdeberta-v3-base,484.5,87589,82589,0,5000,,gold+bulk,False,,,63.0,,,,,,,,,,,,,,,,,,,,
pooled.all.xlmr_ft.s100,xlmr_ft,pooled,all,100,,0.7397327094735863,0.7385685884691849,0.6949152542372882,0.7857142857142857,3000,xlm-roberta-base,351.3,87589,82589,0,5000,,gold+bulk,False,,,55.0,,,,,,,,,,,,,,,,,,,,
pooled.all.xlmr_ft.s13,xlmr_ft,pooled,all,13,,0.7377345240436824,0.7514177693761814,0.684979544126242,0.7768062586286241,3000,xlm-roberta-base,296.8,87589,82589,0,5000,,gold+bulk,False,,,52.0,,,,,,,,,,,,,,,,,,,,
pooled.all.xlmr_ft.s21,xlmr_ft,pooled,all,21,,0.7488497466129083,0.7527200791295747,0.702928870292887,0.7909002904162633,3000,xlm-roberta-base,474.3,87589,82589,0,5000,,gold+bulk,False,,,53.0,,,,,,,,,,,,,,,,,,,,
pooled.all.xlmr_ft.s42,xlmr_ft,pooled,all,42,,0.7577629522088936,0.7623666343355965,0.7181913774973712,0.7927308447937131,3000,xlm-roberta-base,467.8,87589,82589,0,5000,,gold+bulk,False,,,54.0,,,,,,,,,,,,,,,,,,,,
pooled.all.xlmr_ft.s87,xlmr_ft,pooled,all,87,,0.746014163369188,0.7492625368731564,0.7022739291380222,0.7865060240963856,3000,xlm-roberta-base,471.1,87589,82589,0,5000,,gold+bulk,False,,,54.0,,,,,,,,,,,,,,,,,,,,
